3,0,372.96,407.79,79.87,241.39,0.7819,-1,-1,-1
3,1,104.57,546.09,73.57,246.84,0.7315,-1,-1,-1
3,2,1104.72,980.87,73.03,99.13,0.6963,-1,-1,-1
3,3,1731.10,452.96,73.77,219.88,0.6000,-1,-1,-1
3,4,1356.70,570.02,80.66,216.76,0.5666,-1,-1,-1
3,5,-0.78,877.51,41.69,201.55,0.3544,-1,-1,-1
3,6,1095.10,213.65,56.46,177.26,0.5645,-1,-1,-1
3,7,545.03,147.48,57.94,183.61,0.4875,-1,-1,-1
3,8,224.21,396.71,65.58,202.02,0.4723,-1,-1,-1
3,9,789.19,145.17,64.27,178.59,0.4541,-1,-1,-1
3,10,1046.52,132.78,62.16,179.57,0.4988,-1,-1,-1
3,11,264.66,367.19,56.57,225.33,0.3911,-1,-1,-1
3,12,504.28,133.80,49.31,169.74,0.3938,-1,-1,-1
4,0,372.71,407.26,79.88,241.03,0.7959,-1,-1,-1
4,1,103.98,545.75,73.54,247.20,0.7230,-1,-1,-1
4,2,1107.49,978.84,73.96,101.16,0.6950,-1,-1,-1
4,3,1729.98,452.59,73.04,216.95,0.6199,-1,-1,-1
4,4,1356.96,570.22,81.16,217.24,0.5754,-1,-1,-1
4,5,0.82,876.21,42.28,203.24,0.5373,-1,-1,-1
4,6,1090.08,211.20,58.34,180.12,0.5528,-1,-1,-1
4,7,545.46,145.46,57.74,183.72,0.4674,-1,-1,-1
4,8,223.35,396.76,66.20,202.45,0.4799,-1,-1,-1
4,9,789.47,144.68,64.11,178.17,0.4697,-1,-1,-1
4,10,1045.85,133.56,62.25,179.56,0.4595,-1,-1,-1
4,11,266.59,381.16,53.80,212.76,0.4012,-1,-1,-1
4,12,501.95,135.40,50.66,173.40,0.4398,-1,-1,-1
5,0,374.37,406.77,79.49,241.20,0.7978,-1,-1,-1
5,1,103.81,545.89,73.18,246.99,0.7243,-1,-1,-1
5,2,1111.28,975.98,75.02,104.01,0.6964,-1,-1,-1
5,3,1728.86,452.18,73.70,218.53,0.6542,-1,-1,-1
5,4,1356.82,570.09,80.45,213.99,0.6076,-1,-1,-1
5,5,1.38,874.24,43.08,204.84,0.5592,-1,-1,-1
5,6,1081.67,210.47,61.25,178.75,0.5394,-1,-1,-1
5,7,544.92,145.03,58.25,186.43,0.5050,-1,-1,-1
5,8,223.70,396.81,66.27,200.71,0.3747,-1,-1,-1
5,9,789.66,145.74,63.82,176.76,0.4967,-1,-1,-1
5,10,1047.82,134.09,57.82,164.03,0.3774,-1,-1,-1
5,11,266.84,380.67,52.72,209.27,0.3873,-1,-1,-1
5,12,502.16,135.47,49.43,168.36,0.4855,-1,-1,-1
5,14,1799.21,204.53,56.05,186.06,0.2247,-1,-1,-1
5,15,1628.19,260.30,65.88,181.15,0.2422,-1,-1,-1
6,0,375.08,405.95,79.18,239.93,0.7852,-1,-1,-1
6,1,104.20,546.12,72.95,246.66,0.7309,-1,-1,-1
6,2,1113.60,975.76,74.60,104.24,0.6912,-1,-1,-1
6,3,1727.71,454.80,73.39,215.88,0.6514,-1,-1,-1
6,4,1357.30,570.13,80.45,213.37,0.6186,-1,-1,-1
6,5,1.34,871.94,44.16,207.45,0.6048,-1,-1,-1
6,6,1073.92,209.11,66.97,179.65,0.5797,-1,-1,-1
6,7,544.17,147.67,57.75,186.27,0.5159,-1,-1,-1
6,8,222.67,393.26,67.88,203.43,0.3017,-1,-1,-1
6,9,788.30,145.32,64.38,177.97,0.5056,-1,-1,-1
6,10,1048.12,135.06,55.57,155.06,0.3077,-1,-1,-1
6,11,266.07,379.94,52.04,208.56,0.3933,-1,-1,-1
6,12,502.38,136.80,49.10,167.15,0.5138,-1,-1,-1
6,14,1799.78,204.74,56.21,186.28,0.2467,-1,-1,-1
7,0,376.14,404.70,79.67,239.99,0.7800,-1,-1,-1
7,1,104.11,546.00,72.70,245.87,0.7311,-1,-1,-1
7,2,1114.91,973.99,74.43,106.01,0.7056,-1,-1,-1
7,3,1727.34,454.43,72.81,212.60,0.6315,-1,-1,-1
7,4,1357.06,570.35,80.71,212.85,0.6334,-1,-1,-1
7,5,1.41,870.92,44.96,208.52,0.5963,-1,-1,-1
7,6,1067.04,208.11,73.22,181.15,0.5515,-1,-1,-1
7,7,542.84,148.64,57.25,186.95,0.5409,-1,-1,-1
7,8,218.33,396.25,66.62,200.02,0.2902,-1,-1,-1
7,9,788.83,145.43,64.57,177.91,0.5154,-1,-1,-1
7,10,1046.73,136.60,56.35,155.12,0.2917,-1,-1,-1
7,11,265.95,380.37,49.71,199.40,0.3576,-1,-1,-1
7,12,501.97,139.05,48.66,165.58,0.4799,-1,-1,-1
7,14,1801.08,205.55,56.83,187.35,0.2926,-1,-1,-1
8,0,376.97,402.12,79.54,238.86,0.7696,-1,-1,-1
8,1,104.84,546.15,72.92,246.64,0.7358,-1,-1,-1
8,2,1117.46,973.40,73.51,106.60,0.7071,-1,-1,-1
8,3,1725.78,454.79,72.59,208.81,0.6454,-1,-1,-1
8,4,1356.64,569.97,81.37,214.61,0.6125,-1,-1,-1
8,5,1.03,871.50,45.03,207.16,0.5826,-1,-1,-1
8,6,1064.61,211.30,77.09,177.63,0.5409,-1,-1,-1
8,7,542.72,146.89,56.85,188.75,0.5501,-1,-1,-1
8,9,788.60,145.97,64.44,176.86,0.5034,-1,-1,-1
8,11,265.56,381.15,47.63,189.94,0.3175,-1,-1,-1
8,12,500.23,141.32,51.10,173.11,0.4575,-1,-1,-1
8,14,1800.92,206.40,57.06,186.83,0.3113,-1,-1,-1
9,0,377.67,401.72,79.82,237.15,0.7678,-1,-1,-1
9,1,104.90,546.07,73.23,246.84,0.7443,-1,-1,-1
9,2,1122.27,973.64,71.95,106.35,0.6692,-1,-1,-1
9,3,1724.60,454.38,73.60,210.25,0.6349,-1,-1,-1
9,4,1356.69,570.42,81.22,214.25,0.6143,-1,-1,-1
9,5,0.72,869.72,45.68,209.30,0.5596,-1,-1,-1
9,6,1061.34,210.81,81.03,175.43,0.5086,-1,-1,-1
9,7,542.55,147.71,56.23,189.59,0.4971,-1,-1,-1
9,9,788.51,145.76,64.26,175.76,0.4782,-1,-1,-1
9,10,1044.39,137.01,60.91,164.32,0.2150,-1,-1,-1
9,11,265.76,380.69,45.55,180.99,0.2723,-1,-1,-1
9,12,499.96,141.91,51.06,173.86,0.4449,-1,-1,-1
9,14,1801.55,207.87,57.59,186.73,0.3266,-1,-1,-1
9,16,891.27,129.36,58.45,176.03,0.2452,-1,-1,-1
10,0,377.98,400.30,80.07,236.07,0.7579,-1,-1,-1
10,1,105.11,545.88,73.44,246.65,0.7400,-1,-1,-1
10,2,1126.03,973.33,70.78,106.68,0.6880,-1,-1,-1
10,3,1724.56,454.67,73.68,209.98,0.6104,-1,-1,-1
10,4,1356.37,569.48,82.03,216.12,0.6147,-1,-1,-1
10,5,0.42,864.89,46.68,213.71,0.5661,-1,-1,-1
10,6,1057.79,211.56,84.09,173.04,0.4661,-1,-1,-1
10,7,541.52,148.67,56.11,191.79,0.4782,-1,-1,-1
10,9,788.28,145.82,64.77,177.03,0.4860,-1,-1,-1
10,10,1043.72,138.03,61.10,162.45,0.2764,-1,-1,-1
10,11,266.06,383.78,43.76,172.67,0.3154,-1,-1,-1
10,12,498.79,142.31,51.45,174.79,0.4337,-1,-1,-1
10,14,1802.40,211.29,58.64,187.43,0.3421,-1,-1,-1
10,16,888.66,129.79,59.75,178.03,0.2500,-1,-1,-1
11,0,379.09,397.98,79.78,233.87,0.7550,-1,-1,-1
11,1,104.74,546.19,73.66,246.76,0.7417,-1,-1,-1
11,2,1129.35,973.90,69.76,106.10,0.6688,-1,-1,-1
11,3,1724.81,459.15,72.86,205.84,0.6067,-1,-1,-1
11,4,1356.47,569.70,82.09,216.01,0.6406,-1,-1,-1
11,5,-0.12,862.16,47.00,216.22,0.5584,-1,-1,-1
11,6,1052.58,209.95,87.26,174.18,0.4522,-1,-1,-1
11,7,540.54,148.72,55.80,192.92,0.4813,-1,-1,-1
11,9,788.26,145.69,64.98,177.29,0.4864,-1,-1,-1
11,10,1041.17,138.50,64.85,169.33,0.2852,-1,-1,-1
11,11,261.99,384.96,48.13,189.80,0.3796,-1,-1,-1
11,12,498.26,142.77,51.62,175.71,0.4252,-1,-1,-1
11,14,1804.98,217.13,57.04,179.40,0.3489,-1,-1,-1
11,15,1623.21,256.81,63.98,176.97,0.2064,-1,-1,-1
11,16,892.28,129.79,61.74,178.09,0.2939,-1,-1,-1
12,0,378.80,396.64,80.41,233.89,0.7530,-1,-1,-1
12,1,104.68,546.13,74.19,247.12,0.7371,-1,-1,-1
12,2,1132.84,973.45,69.35,106.55,0.6720,-1,-1,-1
12,3,1724.48,459.65,73.28,205.36,0.6362,-1,-1,-1
12,4,1356.53,569.60,81.49,215.33,0.6329,-1,-1,-1
12,5,-0.01,855.87,47.90,221.66,0.5764,-1,-1,-1
12,6,1049.08,207.86,89.04,176.20,0.3598,-1,-1,-1
12,7,540.77,149.26,55.08,191.82,0.5006,-1,-1,-1
12,8,212.20,382.07,67.16,200.70,0.2667,-1,-1,-1
12,9,788.14,145.83,65.14,177.70,0.4828,-1,-1,-1
12,11,261.01,386.43,47.69,187.48,0.2878,-1,-1,-1
12,12,497.78,144.07,51.54,174.59,0.4129,-1,-1,-1
12,14,1805.91,219.57,56.98,175.73,0.3372,-1,-1,-1
12,16,892.25,130.26,63.71,177.79,0.2871,-1,-1,-1
13,0,379.08,395.29,80.52,232.10,0.7610,-1,-1,-1
13,1,104.67,545.92,74.84,247.89,0.7420,-1,-1,-1
13,2,1134.69,973.00,68.92,107.01,0.6339,-1,-1,-1
13,3,1724.29,457.99,73.91,207.40,0.6621,-1,-1,-1
13,4,1356.76,570.13,80.90,213.48,0.6359,-1,-1,-1
13,5,-0.75,851.05,48.24,226.20,0.5896,-1,-1,-1
13,6,1041.68,202.10,91.34,183.08,0.2678,-1,-1,-1
13,7,539.90,149.63,55.24,191.96,0.5203,-1,-1,-1
13,8,212.43,391.42,62.20,184.05,0.3489,-1,-1,-1
13,9,788.33,146.36,65.08,177.45,0.5103,-1,-1,-1
13,10,1035.06,140.69,67.22,175.35,0.2423,-1,-1,-1
13,11,260.85,383.65,47.38,186.56,0.2271,-1,-1,-1
13,12,497.23,144.92,51.80,174.94,0.3769,-1,-1,-1
13,14,1806.50,221.67,58.96,177.26,0.3713,-1,-1,-1
13,16,891.48,129.95,66.60,178.67,0.3484,-1,-1,-1
14,0,379.53,394.77,80.54,231.23,0.7606,-1,-1,-1
14,1,104.36,545.90,75.32,248.47,0.7475,-1,-1,-1
14,2,1137.31,972.71,68.01,107.28,0.6305,-1,-1,-1
14,3,1723.91,459.56,74.38,206.74,0.6575,-1,-1,-1
14,4,1356.96,569.94,81.05,214.38,0.6135,-1,-1,-1
14,5,-0.52,849.11,48.30,228.58,0.6077,-1,-1,-1
14,7,538.73,150.88,55.24,191.50,0.5044,-1,-1,-1
14,8,211.15,395.89,61.20,178.97,0.3795,-1,-1,-1
14,9,788.27,146.16,64.90,177.50,0.5246,-1,-1,-1
14,10,1032.15,141.74,67.45,176.73,0.2074,-1,-1,-1
14,11,259.74,383.94,47.13,185.85,0.2425,-1,-1,-1
14,12,495.54,144.17,52.54,176.27,0.4112,-1,-1,-1
14,14,1806.41,222.66,59.99,176.94,0.3743,-1,-1,-1
14,16,889.82,130.06,69.50,178.12,0.4139,-1,-1,-1
15,0,380.03,393.57,80.87,231.67,0.7611,-1,-1,-1
15,1,104.54,546.02,75.35,248.03,0.7549,-1,-1,-1
15,2,1139.49,973.23,66.78,106.25,0.5995,-1,-1,-1
15,3,1723.65,455.17,75.52,211.24,0.6507,-1,-1,-1
15,4,1356.82,570.55,80.51,212.90,0.6056,-1,-1,-1
15,5,-0.26,848.99,48.29,229.67,0.5862,-1,-1,-1
15,6,1037.00,202.97,85.71,178.01,0.2946,-1,-1,-1
15,7,537.45,151.95,55.33,191.52,0.5038,-1,-1,-1
15,8,209.03,391.66,62.43,182.65,0.3146,-1,-1,-1
15,9,788.37,146.91,64.53,175.73,0.5364,-1,-1,-1
15,10,1030.88,142.93,66.76,175.98,0.2592,-1,-1,-1
15,11,259.07,383.23,46.86,185.42,0.2243,-1,-1,-1
15,12,494.56,143.65,53.06,177.63,0.3866,-1,-1,-1
15,14,1806.22,223.53,62.93,183.69,0.3943,-1,-1,-1
15,16,887.68,130.51,71.73,177.79,0.3794,-1,-1,-1
16,0,380.09,393.02,80.99,232.47,0.7659,-1,-1,-1
16,1,104.59,546.32,75.10,246.91,0.7503,-1,-1,-1
16,2,1143.38,972.93,65.96,106.06,0.5672,-1,-1,-1
16,3,1724.23,455.05,74.70,210.60,0.6556,-1,-1,-1
16,4,1356.55,570.22,80.66,213.68,0.6194,-1,-1,-1
16,5,0.29,849.09,48.35,229.55,0.5054,-1,-1,-1
16,6,1031.16,199.66,84.19,181.72,0.2300,-1,-1,-1
16,7,535.45,153.72,55.08,188.60,0.5244,-1,-1,-1
16,8,205.69,384.13,64.18,191.31,0.3669,-1,-1,-1
16,9,788.79,147.01,64.40,175.49,0.5039,-1,-1,-1
16,10,1031.16,144.28,65.57,174.15,0.2971,-1,-1,-1
16,11,254.20,385.68,47.92,184.17,0.3551,-1,-1,-1
16,12,493.90,143.36,53.46,178.45,0.3327,-1,-1,-1
16,14,1806.59,224.48,65.03,187.86,0.3867,-1,-1,-1
16,16,886.47,131.58,73.90,178.95,0.3332,-1,-1,-1
17,0,380.52,391.66,81.64,234.69,0.7511,-1,-1,-1
17,1,104.72,546.91,75.44,245.86,0.7453,-1,-1,-1
17,2,1146.10,973.06,65.26,106.78,0.5345,-1,-1,-1
17,3,1723.84,458.33,74.66,208.91,0.6399,-1,-1,-1
17,4,1356.80,569.97,81.28,214.96,0.6041,-1,-1,-1
17,5,0.98,848.35,49.18,231.48,0.5548,-1,-1,-1
17,7,534.47,156.20,55.72,187.43,0.6085,-1,-1,-1
17,8,204.27,380.63,64.63,195.92,0.3340,-1,-1,-1
17,9,788.83,147.13,64.16,174.67,0.4923,-1,-1,-1
17,10,1031.75,144.94,65.25,176.55,0.2802,-1,-1,-1
17,11,251.07,382.51,50.24,188.23,0.3619,-1,-1,-1
17,12,493.72,144.79,53.30,177.41,0.3616,-1,-1,-1
17,14,1806.77,225.79,66.12,190.80,0.3620,-1,-1,-1
17,16,886.07,132.20,74.83,177.73,0.3201,-1,-1,-1
18,0,380.39,389.86,82.34,237.40,0.7520,-1,-1,-1
18,1,104.54,546.54,75.73,245.84,0.7479,-1,-1,-1
18,2,1148.86,973.22,63.89,106.75,0.5305,-1,-1,-1
18,3,1723.95,458.06,74.91,208.49,0.6457,-1,-1,-1
18,4,1356.59,569.90,81.04,214.54,0.6182,-1,-1,-1
18,5,1.37,847.64,49.83,232.25,0.5066,-1,-1,-1
18,7,532.53,156.14,56.03,186.70,0.6042,-1,-1,-1
18,8,204.23,382.19,62.64,193.43,0.3618,-1,-1,-1
18,9,789.13,147.25,64.03,174.39,0.5330,-1,-1,-1
18,10,1029.11,144.37,66.19,182.08,0.3230,-1,-1,-1
18,11,249.43,383.49,51.20,187.50,0.4081,-1,-1,-1
18,12,493.12,143.65,53.71,178.85,0.3680,-1,-1,-1
18,14,1807.52,226.53,66.75,191.43,0.3825,-1,-1,-1
18,16,884.97,132.71,76.31,178.17,0.3421,-1,-1,-1
19,0,380.76,388.53,82.78,238.71,0.7551,-1,-1,-1
19,1,104.49,546.57,75.90,246.17,0.7459,-1,-1,-1
19,2,1151.42,972.79,63.03,107.21,0.5198,-1,-1,-1
19,3,1723.39,455.20,75.61,211.16,0.6467,-1,-1,-1
19,4,1356.63,569.98,80.93,214.94,0.6405,-1,-1,-1
19,5,1.20,845.82,50.65,234.09,0.5326,-1,-1,-1
19,7,531.35,159.18,55.63,183.38,0.5466,-1,-1,-1
19,8,203.65,381.90,62.14,195.35,0.4001,-1,-1,-1
19,9,788.97,146.94,64.00,174.46,0.4808,-1,-1,-1
19,10,1027.95,144.05,66.10,185.11,0.4152,-1,-1,-1
19,11,247.68,380.67,52.63,190.73,0.4172,-1,-1,-1
19,12,493.20,145.12,53.33,177.60,0.2955,-1,-1,-1
19,14,1809.59,227.29,66.92,190.80,0.3604,-1,-1,-1
19,16,884.91,134.00,75.87,175.48,0.2548,-1,-1,-1
20,0,380.51,387.10,83.13,240.21,0.7480,-1,-1,-1
20,1,104.33,546.58,75.85,245.95,0.7456,-1,-1,-1
20,2,1154.19,972.89,61.72,107.12,0.5105,-1,-1,-1
20,3,1724.18,458.54,74.66,207.42,0.6295,-1,-1,-1
20,4,1356.86,570.62,80.47,214.07,0.6494,-1,-1,-1
20,5,1.04,845.65,50.99,234.35,0.4771,-1,-1,-1
20,7,530.30,158.83,55.67,183.88,0.5439,-1,-1,-1
20,8,203.97,388.00,59.42,187.26,0.4155,-1,-1,-1
20,9,789.24,147.75,63.88,173.97,0.4956,-1,-1,-1
20,10,1020.81,144.54,76.93,224.73,0.4028,-1,-1,-1
20,11,245.66,376.56,53.32,192.86,0.3149,-1,-1,-1
20,12,492.65,147.26,52.63,175.20,0.2661,-1,-1,-1
20,14,1811.14,227.68,67.07,189.88,0.3427,-1,-1,-1
20,15,1609.01,246.34,63.99,175.97,0.2006,-1,-1,-1
21,0,380.52,386.32,83.23,240.32,0.7588,-1,-1,-1
21,1,104.25,546.42,75.95,246.42,0.7433,-1,-1,-1
21,2,1155.96,973.41,60.70,106.58,0.5021,-1,-1,-1
21,3,1723.81,458.19,75.16,208.29,0.6341,-1,-1,-1
21,4,1356.91,570.43,80.75,216.03,0.6137,-1,-1,-1
21,5,1.01,839.69,52.17,238.31,0.5228,-1,-1,-1
21,7,530.12,158.88,55.31,183.75,0.5888,-1,-1,-1
21,8,201.82,378.59,61.31,195.67,0.4005,-1,-1,-1
21,9,788.98,147.67,64.14,174.32,0.4867,-1,-1,-1
21,10,1026.79,145.05,65.53,191.50,0.2857,-1,-1,-1
21,11,244.77,375.79,52.45,190.12,0.3460,-1,-1,-1
21,12,491.53,148.37,52.69,174.83,0.2709,-1,-1,-1
21,14,1815.23,225.30,68.31,190.79,0.2926,-1,-1,-1
21,15,1606.28,245.48,64.77,178.37,0.2539,-1,-1,-1
22,0,380.86,386.34,82.96,239.45,0.7578,-1,-1,-1
22,1,104.28,546.86,75.83,245.50,0.7385,-1,-1,-1
22,2,1156.23,974.63,59.81,105.38,0.5591,-1,-1,-1
22,3,1724.01,458.49,74.76,207.46,0.6682,-1,-1,-1
22,4,1357.11,570.14,80.18,215.04,0.6385,-1,-1,-1
22,5,0.82,841.65,52.39,238.07,0.5434,-1,-1,-1
22,7,528.26,156.14,55.94,187.00,0.5037,-1,-1,-1
22,8,202.51,372.42,62.74,200.96,0.3304,-1,-1,-1
22,9,789.22,147.76,64.41,175.11,0.4618,-1,-1,-1
22,10,1009.56,144.94,78.70,226.66,0.3479,-1,-1,-1
22,11,242.64,375.73,52.00,191.16,0.2692,-1,-1,-1
22,12,490.03,146.97,53.53,176.78,0.2732,-1,-1,-1
22,14,1818.61,225.00,68.46,189.38,0.2841,-1,-1,-1
22,15,1603.81,245.03,65.40,179.79,0.2861,-1,-1,-1
23,0,381.44,385.49,82.29,238.41,0.7569,-1,-1,-1
23,1,104.28,546.50,75.88,245.61,0.7394,-1,-1,-1
23,2,1158.70,973.94,60.40,106.07,0.5504,-1,-1,-1
23,3,1724.19,457.50,74.68,207.77,0.6392,-1,-1,-1
23,4,1356.99,569.94,80.34,215.18,0.6141,-1,-1,-1
23,5,0.81,842.60,52.31,236.30,0.5669,-1,-1,-1
23,7,526.37,157.39,55.34,187.02,0.4697,-1,-1,-1
23,8,202.19,370.96,61.27,198.03,0.2670,-1,-1,-1
23,9,789.29,148.49,63.70,174.32,0.4303,-1,-1,-1
23,10,1021.62,146.01,66.84,191.47,0.3871,-1,-1,-1
23,12,490.63,149.35,53.16,176.05,0.2548,-1,-1,-1
23,14,1818.89,227.96,68.78,189.78,0.2933,-1,-1,-1
23,15,1601.67,244.10,64.48,178.56,0.2605,-1,-1,-1
24,0,381.42,385.14,81.87,237.58,0.7574,-1,-1,-1
24,1,104.40,546.55,76.03,245.72,0.7382,-1,-1,-1
24,2,1159.97,974.83,60.22,105.17,0.5497,-1,-1,-1
24,3,1723.43,455.36,75.44,210.99,0.6434,-1,-1,-1
24,4,1356.51,569.71,81.14,217.50,0.5891,-1,-1,-1
24,5,1.12,839.93,52.72,236.20,0.5361,-1,-1,-1
24,7,524.61,157.28,55.49,187.68,0.4250,-1,-1,-1
24,8,201.78,357.45,65.99,213.64,0.3055,-1,-1,-1
24,9,789.79,148.37,63.65,173.71,0.4291,-1,-1,-1
24,10,1023.46,147.20,64.05,181.95,0.3215,-1,-1,-1
24,14,1820.86,230.21,68.68,189.63,0.3512,-1,-1,-1
24,15,1599.76,243.50,65.78,182.40,0.2676,-1,-1,-1
25,0,381.33,384.19,81.29,236.87,0.7571,-1,-1,-1
25,1,104.11,546.89,76.31,246.01,0.7384,-1,-1,-1
25,2,1160.71,974.83,60.62,105.18,0.5631,-1,-1,-1
25,3,1722.92,457.96,75.12,209.01,0.6544,-1,-1,-1
25,4,1357.01,570.31,79.45,213.11,0.6125,-1,-1,-1
25,5,1.03,835.81,53.54,238.57,0.5031,-1,-1,-1
25,7,524.52,159.01,54.67,184.96,0.4365,-1,-1,-1
25,8,201.54,351.03,67.84,219.43,0.2652,-1,-1,-1
25,9,789.53,147.61,64.23,175.03,0.4319,-1,-1,-1
25,10,1020.44,148.05,66.04,186.84,0.2729,-1,-1,-1
25,14,1821.85,232.98,69.57,192.90,0.3875,-1,-1,-1
25,15,1597.64,243.56,66.49,185.46,0.2550,-1,-1,-1
26,0,381.79,382.93,80.79,237.20,0.7684,-1,-1,-1
26,1,103.61,546.16,76.94,247.39,0.7375,-1,-1,-1
26,2,1161.91,975.12,60.81,104.89,0.5967,-1,-1,-1
26,3,1722.15,453.71,76.14,213.93,0.6365,-1,-1,-1
26,4,1357.18,570.60,79.70,213.13,0.6084,-1,-1,-1
26,5,1.67,833.71,53.01,232.40,0.5684,-1,-1,-1
26,6,978.96,151.15,105.88,225.91,0.2656,-1,-1,-1
26,7,524.76,160.75,54.04,183.54,0.4214,-1,-1,-1
26,8,200.60,349.47,68.56,221.59,0.2891,-1,-1,-1
26,9,789.47,147.89,64.64,175.29,0.4471,-1,-1,-1
26,14,1824.73,236.09,69.01,192.69,0.3700,-1,-1,-1
26,15,1596.45,244.55,64.90,182.31,0.2620,-1,-1,-1
26,16,869.97,142.26,70.19,174.42,0.2534,-1,-1,-1
27,0,381.64,381.23,80.93,237.45,0.7790,-1,-1,-1
27,1,103.38,546.10,76.88,247.24,0.7377,-1,-1,-1
27,2,1163.62,975.07,61.25,104.93,0.6073,-1,-1,-1
27,3,1723.05,458.86,74.14,207.46,0.6521,-1,-1,-1
27,4,1356.65,570.07,80.27,214.62,0.5868,-1,-1,-1
27,5,1.53,830.15,54.34,234.80,0.6075,-1,-1,-1
27,6,983.72,195.74,92.81,181.32,0.4321,-1,-1,-1
27,7,524.78,160.94,54.12,184.96,0.3655,-1,-1,-1
27,8,200.30,347.85,69.66,223.23,0.3685,-1,-1,-1
27,9,789.74,147.92,64.55,174.86,0.4484,-1,-1,-1
27,10,1012.28,148.28,73.31,205.67,0.2695,-1,-1,-1
27,14,1826.61,238.03,68.21,191.68,0.3461,-1,-1,-1
27,15,1594.29,243.27,65.01,183.90,0.2850,-1,-1,-1
27,16,869.77,142.19,67.60,175.64,0.2288,-1,-1,-1
28,0,382.14,379.31,81.58,238.08,0.7725,-1,-1,-1
28,1,103.25,546.81,76.73,246.01,0.7386,-1,-1,-1
28,2,1165.37,975.80,61.42,104.21,0.6165,-1,-1,-1
28,3,1722.57,455.75,75.03,211.21,0.6400,-1,-1,-1
28,4,1356.71,569.45,80.85,216.22,0.5881,-1,-1,-1
28,5,1.83,827.67,55.22,232.79,0.6340,-1,-1,-1
28,6,979.92,199.65,91.51,178.49,0.2163,-1,-1,-1
28,7,523.76,161.02,54.63,187.02,0.2950,-1,-1,-1
28,8,198.91,350.34,70.07,223.26,0.3995,-1,-1,-1
28,9,789.26,148.63,63.45,173.69,0.4501,-1,-1,-1
28,10,1021.60,150.16,63.83,178.43,0.2487,-1,-1,-1
28,14,1827.94,239.00,68.47,193.16,0.2817,-1,-1,-1
28,15,1593.49,242.11,64.72,183.68,0.3111,-1,-1,-1
28,16,869.66,142.26,65.50,176.39,0.2117,-1,-1,-1
28,17,920.13,152.45,46.68,164.36,0.2002,-1,-1,-1
29,0,382.88,377.74,81.69,238.08,0.7810,-1,-1,-1
29,1,103.02,546.33,77.11,246.50,0.7455,-1,-1,-1
29,2,1166.62,975.89,62.38,104.12,0.6355,-1,-1,-1
29,3,1723.13,457.37,74.20,208.74,0.6502,-1,-1,-1
29,4,1356.91,569.81,80.73,215.33,0.6246,-1,-1,-1
29,5,1.98,826.19,56.02,228.41,0.6978,-1,-1,-1
29,7,521.88,161.71,55.23,188.80,0.2798,-1,-1,-1
29,8,198.20,352.94,69.10,219.17,0.3247,-1,-1,-1
29,9,789.35,148.65,62.92,174.21,0.4573,-1,-1,-1
29,10,1024.89,151.30,61.25,171.25,0.3194,-1,-1,-1
29,14,1829.03,241.18,68.56,193.92,0.2548,-1,-1,-1
29,15,1592.95,241.53,64.29,182.46,0.3305,-1,-1,-1
29,16,870.20,142.38,63.74,177.27,0.2450,-1,-1,-1
29,17,919.74,152.90,46.94,164.97,0.2211,-1,-1,-1
30,0,383.76,376.31,82.20,236.81,0.7847,-1,-1,-1
30,1,103.32,547.20,76.97,245.35,0.7384,-1,-1,-1
30,2,1168.44,976.95,62.54,103.01,0.6211,-1,-1,-1
30,3,1723.42,457.51,74.39,208.50,0.6633,-1,-1,-1
30,4,1356.49,569.89,80.62,215.71,0.6171,-1,-1,-1
30,5,1.52,823.01,57.13,228.25,0.6767,-1,-1,-1
30,7,522.37,163.38,54.74,187.68,0.3043,-1,-1,-1
30,8,197.03,355.49,67.95,214.79,0.3162,-1,-1,-1
30,9,789.28,148.38,62.37,174.32,0.4582,-1,-1,-1
30,10,1023.83,152.69,63.44,176.26,0.2708,-1,-1,-1
30,14,1832.58,241.64,68.89,194.03,0.2140,-1,-1,-1
30,15,1592.42,240.42,64.07,183.29,0.3559,-1,-1,-1
30,16,869.67,142.18,62.22,178.03,0.2602,-1,-1,-1
31,0,385.83,374.75,82.86,233.12,0.7516,-1,-1,-1
31,1,102.95,546.85,77.12,246.37,0.7404,-1,-1,-1
31,2,1169.72,977.35,63.16,102.64,0.6157,-1,-1,-1
31,3,1722.49,455.23,75.06,212.08,0.6545,-1,-1,-1
31,4,1356.81,569.74,80.08,214.01,0.5914,-1,-1,-1
31,5,0.42,817.50,59.51,237.94,0.6491,-1,-1,-1
31,7,509.79,158.48,60.46,195.44,0.2942,-1,-1,-1
31,8,195.83,356.92,67.03,210.81,0.3465,-1,-1,-1
31,9,789.37,148.14,62.34,175.36,0.4282,-1,-1,-1
31,10,1022.82,154.61,65.91,182.27,0.3513,-1,-1,-1
31,14,1834.45,242.96,69.19,194.30,0.2147,-1,-1,-1
31,15,1589.72,238.74,63.39,181.87,0.3096,-1,-1,-1
31,16,869.57,143.27,60.58,177.48,0.2451,-1,-1,-1
32,0,386.65,373.19,85.26,232.27,0.7457,-1,-1,-1
32,1,102.85,546.68,76.90,246.50,0.7472,-1,-1,-1
32,2,1170.58,978.19,63.84,101.81,0.6746,-1,-1,-1
32,3,1723.09,457.27,74.42,209.33,0.6534,-1,-1,-1
32,4,1356.47,569.78,80.15,214.28,0.6039,-1,-1,-1
32,5,0.05,815.16,60.61,243.28,0.6162,-1,-1,-1
32,7,505.00,159.48,63.29,196.12,0.2685,-1,-1,-1
32,8,193.83,350.09,68.50,214.51,0.3971,-1,-1,-1
32,9,790.23,148.76,61.63,174.88,0.4570,-1,-1,-1
32,10,1022.02,154.83,63.94,175.47,0.2065,-1,-1,-1
32,14,1837.67,247.76,69.13,191.63,0.2273,-1,-1,-1
32,15,1587.67,236.73,63.20,183.03,0.3030,-1,-1,-1
32,16,868.50,143.51,59.56,177.90,0.2424,-1,-1,-1
32,17,918.98,155.43,46.86,163.74,0.2184,-1,-1,-1
33,0,386.73,370.84,87.91,232.78,0.7501,-1,-1,-1
33,1,103.11,546.73,77.31,246.58,0.7486,-1,-1,-1
33,2,1172.18,979.12,64.30,100.86,0.6781,-1,-1,-1
33,3,1722.53,457.34,74.83,210.24,0.6571,-1,-1,-1
33,4,1356.11,569.38,81.29,217.41,0.6021,-1,-1,-1
33,5,-0.03,813.41,61.64,248.44,0.6217,-1,-1,-1
33,7,501.49,159.46,66.86,196.62,0.3918,-1,-1,-1
33,8,190.98,348.63,69.51,217.01,0.4230,-1,-1,-1
33,9,790.09,149.03,61.11,174.20,0.4375,-1,-1,-1
33,10,1019.96,156.76,66.48,182.30,0.3643,-1,-1,-1
33,14,1836.70,249.99,69.40,191.37,0.3130,-1,-1,-1
33,15,1586.61,236.19,61.84,180.34,0.2837,-1,-1,-1
33,16,868.26,142.49,58.90,177.99,0.2422,-1,-1,-1
33,17,918.55,154.49,48.01,164.68,0.2386,-1,-1,-1
34,0,386.62,370.43,89.07,231.61,0.7515,-1,-1,-1
34,1,102.89,546.83,77.43,246.55,0.7391,-1,-1,-1
34,2,1175.04,981.12,63.99,98.88,0.6763,-1,-1,-1
34,3,1722.78,458.21,74.09,208.06,0.6499,-1,-1,-1
34,4,1356.78,569.29,81.03,216.73,0.5996,-1,-1,-1
34,5,0.19,811.53,61.72,249.31,0.6135,-1,-1,-1
34,7,499.29,160.42,68.97,195.52,0.3893,-1,-1,-1
34,8,189.67,352.35,67.80,210.39,0.4157,-1,-1,-1
34,9,789.63,148.67,61.06,175.10,0.4324,-1,-1,-1
34,10,1018.92,155.46,66.88,186.88,0.4152,-1,-1,-1
34,14,1836.26,250.83,68.97,190.38,0.3188,-1,-1,-1
34,15,1587.60,234.27,60.63,177.98,0.2080,-1,-1,-1
34,16,867.50,142.67,58.53,178.81,0.2092,-1,-1,-1
35,0,386.06,369.49,90.67,232.91,0.7410,-1,-1,-1
35,1,102.81,546.87,77.89,247.07,0.7346,-1,-1,-1
35,2,1178.04,982.47,63.39,97.53,0.6624,-1,-1,-1
35,3,1722.38,457.55,74.18,208.59,0.6606,-1,-1,-1
35,4,1356.34,569.41,80.91,215.71,0.6011,-1,-1,-1
35,5,0.65,810.81,62.76,253.03,0.5751,-1,-1,-1
35,6,950.67,201.02,81.60,173.50,0.3348,-1,-1,-1
35,7,498.37,160.78,70.59,194.98,0.3989,-1,-1,-1
35,8,185.90,345.27,67.81,212.49,0.4548,-1,-1,-1
35,9,790.16,148.57,60.74,175.15,0.4427,-1,-1,-1
35,10,1019.77,156.21,65.09,184.87,0.4622,-1,-1,-1
35,14,1837.56,251.49,68.26,188.23,0.3249,-1,-1,-1
35,16,866.96,142.86,57.98,178.77,0.2910,-1,-1,-1
36,0,385.76,368.98,91.07,233.14,0.7009,-1,-1,-1
36,1,102.77,547.11,77.56,246.37,0.7385,-1,-1,-1
36,2,1180.63,984.24,62.74,95.76,0.6412,-1,-1,-1
36,3,1722.97,458.69,73.95,207.78,0.6161,-1,-1,-1
36,4,1356.31,569.43,81.46,216.66,0.5767,-1,-1,-1
36,5,1.11,810.09,62.11,249.30,0.5426,-1,-1,-1
36,6,947.70,200.93,77.93,173.81,0.3265,-1,-1,-1
36,7,497.47,160.87,71.42,194.08,0.4165,-1,-1,-1
36,8,187.93,362.39,62.61,196.18,0.3995,-1,-1,-1
36,9,790.40,149.09,60.17,174.12,0.4402,-1,-1,-1
36,10,1020.80,156.84,63.66,182.20,0.5125,-1,-1,-1
36,14,1839.16,250.13,68.23,188.88,0.3537,-1,-1,-1
36,16,866.64,143.67,58.03,179.84,0.2680,-1,-1,-1
36,18,384.16,995.13,91.38,84.86,0.4535,-1,-1,-1
37,0,385.31,367.83,90.76,233.98,0.6902,-1,-1,-1
37,1,102.79,547.27,77.11,245.61,0.7344,-1,-1,-1
37,2,1183.28,984.52,63.19,95.47,0.6850,-1,-1,-1
37,3,1722.87,457.48,74.37,209.37,0.6401,-1,-1,-1
37,4,1356.16,569.09,82.25,218.94,0.5677,-1,-1,-1
37,5,1.81,809.03,62.83,248.49,0.6285,-1,-1,-1
37,6,943.23,200.86,75.53,173.38,0.4378,-1,-1,-1
37,7,496.72,162.13,71.84,193.02,0.4226,-1,-1,-1
37,8,187.17,362.20,62.21,194.89,0.4086,-1,-1,-1
37,9,790.12,148.79,60.33,174.83,0.4360,-1,-1,-1
37,10,1020.84,158.04,63.57,183.57,0.5344,-1,-1,-1
37,14,1839.13,252.21,66.33,184.98,0.3773,-1,-1,-1
37,16,866.79,144.26,58.07,180.75,0.2156,-1,-1,-1
37,18,384.09,993.92,92.63,86.07,0.5152,-1,-1,-1
38,0,385.32,366.65,89.62,235.31,0.6937,-1,-1,-1
38,1,102.57,546.91,76.85,245.41,0.7328,-1,-1,-1
38,2,1185.43,984.31,64.37,95.69,0.6922,-1,-1,-1
38,3,1722.97,458.38,73.93,207.48,0.6428,-1,-1,-1
38,4,1356.39,569.41,80.83,214.24,0.6049,-1,-1,-1
38,5,2.02,808.71,63.17,245.65,0.6404,-1,-1,-1
38,6,936.49,201.90,75.36,172.74,0.3836,-1,-1,-1
38,7,495.81,162.71,72.40,192.74,0.4184,-1,-1,-1
38,8,186.05,364.55,61.25,191.63,0.4321,-1,-1,-1
38,9,790.40,149.08,60.20,175.15,0.4243,-1,-1,-1
38,10,1022.16,158.66,63.04,184.27,0.5451,-1,-1,-1
38,14,1839.41,252.67,65.94,185.19,0.3217,-1,-1,-1
38,18,384.27,992.80,93.78,87.21,0.5469,-1,-1,-1
39,0,385.44,365.38,88.70,237.02,0.6891,-1,-1,-1
39,1,102.64,547.24,76.96,244.87,0.7308,-1,-1,-1
39,2,1188.23,983.62,65.85,96.39,0.6789,-1,-1,-1
39,3,1722.13,456.89,74.43,209.75,0.6227,-1,-1,-1
39,4,1356.63,568.05,81.77,217.36,0.5814,-1,-1,-1
39,5,1.67,807.51,63.68,244.47,0.6523,-1,-1,-1
39,6,928.31,201.18,78.18,172.61,0.5013,-1,-1,-1
39,7,495.47,163.34,72.44,191.68,0.4237,-1,-1,-1
39,8,183.83,362.30,62.42,194.61,0.4939,-1,-1,-1
39,9,790.35,148.86,60.00,175.14,0.4153,-1,-1,-1
39,10,1021.90,158.94,62.55,183.10,0.5211,-1,-1,-1
39,14,1839.94,253.05,65.55,184.72,0.3539,-1,-1,-1
39,18,383.70,991.56,94.74,88.45,0.5276,-1,-1,-1
40,0,387.32,366.85,87.62,235.14,0.6972,-1,-1,-1
40,1,102.39,547.00,77.13,244.87,0.7335,-1,-1,-1
40,2,1191.98,983.68,66.63,96.31,0.6545,-1,-1,-1
40,3,1722.18,456.24,74.55,210.99,0.6273,-1,-1,-1
40,4,1357.57,569.54,80.03,212.58,0.6151,-1,-1,-1
40,5,1.73,806.45,63.64,242.15,0.6072,-1,-1,-1
40,6,921.19,197.68,83.52,175.93,0.5105,-1,-1,-1
40,7,494.47,166.88,72.48,191.56,0.4405,-1,-1,-1
40,8,181.67,363.28,61.97,192.70,0.4306,-1,-1,-1
40,9,790.24,148.93,59.96,176.00,0.4046,-1,-1,-1
40,10,1021.80,159.15,62.41,182.55,0.5093,-1,-1,-1
40,14,1839.06,253.01,66.52,186.86,0.3340,-1,-1,-1
40,16,866.93,150.44,55.98,174.64,0.2468,-1,-1,-1
40,18,383.65,989.89,95.84,90.08,0.5279,-1,-1,-1
41,0,388.60,366.15,87.03,235.36,0.6909,-1,-1,-1
41,1,102.40,546.69,77.49,245.73,0.7313,-1,-1,-1
41,2,1193.89,984.93,66.26,95.07,0.6802,-1,-1,-1
41,3,1722.22,455.86,74.41,211.11,0.6395,-1,-1,-1
41,4,1356.81,568.73,81.09,215.54,0.6073,-1,-1,-1
41,5,1.55,805.37,64.40,242.90,0.6001,-1,-1,-1
41,6,918.31,202.63,85.63,170.57,0.5440,-1,-1,-1
41,7,496.29,166.14,72.67,190.99,0.3632,-1,-1,-1
41,8,179.54,361.31,62.53,194.66,0.3636,-1,-1,-1
41,9,790.41,149.17,59.31,175.17,0.4079,-1,-1,-1
41,10,1021.72,159.21,62.07,181.14,0.4771,-1,-1,-1
41,14,1837.70,254.12,68.08,191.80,0.2881,-1,-1,-1
41,16,866.57,151.36,56.25,175.98,0.2469,-1,-1,-1
41,18,383.86,989.15,96.16,90.86,0.4924,-1,-1,-1
42,0,389.65,364.60,86.43,235.50,0.7104,-1,-1,-1
42,1,102.53,546.70,77.79,245.76,0.7402,-1,-1,-1
42,2,1196.59,984.82,67.12,95.18,0.6923,-1,-1,-1
42,3,1721.79,454.99,74.43,211.49,0.6461,-1,-1,-1
42,4,1356.81,569.35,80.58,214.37,0.6145,-1,-1,-1
42,5,1.17,802.72,64.98,242.96,0.6312,-1,-1,-1
42,6,914.10,200.41,90.45,173.15,0.5451,-1,-1,-1
42,7,496.08,167.16,73.31,191.90,0.3718,-1,-1,-1
42,8,179.17,368.74,60.45,188.50,0.3295,-1,-1,-1
42,9,790.09,148.82,59.52,176.99,0.4202,-1,-1,-1
42,10,1021.29,159.52,62.44,182.05,0.4734,-1,-1,-1
42,14,1838.19,256.73,67.38,189.52,0.2992,-1,-1,-1
42,16,865.17,150.81,57.16,180.67,0.2550,-1,-1,-1
42,18,383.10,987.76,97.05,92.24,0.5331,-1,-1,-1
43,0,391.07,365.07,85.45,233.26,0.7374,-1,-1,-1
43,1,102.04,546.83,78.02,245.90,0.7338,-1,-1,-1
43,2,1199.81,985.08,67.88,94.92,0.6623,-1,-1,-1
43,3,1721.91,454.67,74.43,212.19,0.6162,-1,-1,-1
43,4,1356.73,569.16,80.60,214.48,0.6090,-1,-1,-1
43,5,1.89,798.21,63.58,232.67,0.6608,-1,-1,-1
43,6,909.25,196.53,94.48,176.51,0.4978,-1,-1,-1
43,7,494.99,167.93,74.67,194.53,0.3847,-1,-1,-1
43,8,176.89,370.81,59.59,185.81,0.2795,-1,-1,-1
43,9,790.24,149.30,59.22,176.19,0.4042,-1,-1,-1
43,10,1021.12,159.83,62.75,183.35,0.4672,-1,-1,-1
43,14,1837.86,254.78,68.66,191.69,0.2835,-1,-1,-1
43,16,865.61,152.16,54.94,174.29,0.2134,-1,-1,-1
43,18,382.58,987.63,96.87,92.39,0.5402,-1,-1,-1
44,0,391.93,364.73,85.18,231.51,0.7343,-1,-1,-1
44,1,101.99,547.19,77.85,245.37,0.7334,-1,-1,-1
44,2,1200.59,985.40,68.70,94.61,0.6688,-1,-1,-1
44,3,1721.72,457.52,73.89,209.25,0.6474,-1,-1,-1
44,4,1356.67,568.93,81.35,216.70,0.6236,-1,-1,-1
44,5,1.86,794.79,63.98,229.34,0.6726,-1,-1,-1
44,6,904.66,193.85,96.53,179.46,0.3167,-1,-1,-1
44,7,494.62,169.06,75.26,195.65,0.3771,-1,-1,-1
44,8,174.23,366.00,60.49,189.95,0.3525,-1,-1,-1
44,9,790.45,149.18,59.03,176.15,0.4005,-1,-1,-1
44,10,1020.82,160.26,62.85,184.44,0.4379,-1,-1,-1
44,14,1842.95,255.33,70.91,194.61,0.3252,-1,-1,-1
44,16,865.28,152.53,56.12,178.57,0.2698,-1,-1,-1
44,18,381.43,985.40,98.43,94.63,0.5968,-1,-1,-1
45,0,392.98,361.88,85.33,232.28,0.7371,-1,-1,-1
45,1,101.59,546.76,77.82,245.81,0.7425,-1,-1,-1
45,2,1201.79,985.73,69.53,94.27,0.6709,-1,-1,-1
45,3,1722.01,458.73,73.58,207.68,0.6321,-1,-1,-1
45,4,1356.32,568.83,81.17,216.34,0.6345,-1,-1,-1
45,5,1.61,792.61,64.82,228.98,0.6685,-1,-1,-1
45,6,899.64,187.06,100.09,186.91,0.2922,-1,-1,-1
45,7,495.11,172.31,74.61,194.10,0.3115,-1,-1,-1
45,8,171.19,359.35,61.19,195.24,0.3643,-1,-1,-1
45,9,790.48,149.20,58.88,175.70,0.4243,-1,-1,-1
45,10,1020.85,161.69,62.72,182.64,0.3991,-1,-1,-1
45,14,1842.91,256.65,71.98,197.10,0.3492,-1,-1,-1
45,16,865.24,154.99,56.45,180.91,0.2492,-1,-1,-1
45,18,380.06,984.78,98.29,95.23,0.5952,-1,-1,-1
46,0,394.33,360.64,84.34,231.87,0.7422,-1,-1,-1
46,1,101.65,546.36,77.93,246.26,0.7447,-1,-1,-1
46,2,1201.68,986.21,69.90,93.79,0.6854,-1,-1,-1
46,3,1721.53,459.22,73.60,206.57,0.6155,-1,-1,-1
46,4,1356.53,569.35,81.61,216.92,0.6039,-1,-1,-1
46,5,1.62,790.46,65.85,229.60,0.6718,-1,-1,-1
46,6,894.62,180.20,101.60,193.29,0.2937,-1,-1,-1
46,7,493.79,173.93,75.00,193.74,0.3314,-1,-1,-1
46,8,168.96,353.76,61.61,200.35,0.3621,-1,-1,-1
46,9,790.51,149.30,58.62,175.12,0.3893,-1,-1,-1
46,10,1020.44,162.03,63.05,182.29,0.4088,-1,-1,-1
46,14,1843.60,257.14,73.47,200.86,0.3300,-1,-1,-1
46,18,377.03,978.61,102.77,101.39,0.6033,-1,-1,-1
47,0,395.18,358.38,84.11,232.16,0.7461,-1,-1,-1
47,1,101.48,546.31,77.95,246.24,0.7292,-1,-1,-1
47,2,1202.67,986.23,70.70,93.78,0.6670,-1,-1,-1
47,3,1721.56,458.93,74.27,208.05,0.6306,-1,-1,-1
47,4,1356.72,569.54,81.24,215.79,0.5933,-1,-1,-1
47,5,1.61,789.19,67.05,232.09,0.6183,-1,-1,-1
47,6,890.80,173.21,101.48,200.11,0.3144,-1,-1,-1
47,7,500.23,179.84,70.26,186.61,0.3161,-1,-1,-1
47,8,167.28,345.13,63.35,208.81,0.3911,-1,-1,-1
47,9,790.66,149.40,58.82,174.81,0.4296,-1,-1,-1
47,10,1019.27,162.80,63.54,183.65,0.3951,-1,-1,-1
47,14,1844.43,258.96,73.93,202.31,0.3460,-1,-1,-1
47,16,863.29,154.88,56.23,181.20,0.2643,-1,-1,-1
47,18,375.36,972.51,106.41,107.50,0.5909,-1,-1,-1
48,0,396.46,356.95,83.39,229.73,0.7647,-1,-1,-1
48,1,101.53,546.07,78.07,246.97,0.7353,-1,-1,-1
48,2,1204.93,984.63,72.91,95.32,0.6326,-1,-1,-1
48,3,1721.78,459.61,73.76,206.10,0.6357,-1,-1,-1
48,4,1356.93,569.06,81.96,216.93,0.6132,-1,-1,-1
48,5,1.97,788.67,68.22,234.44,0.5857,-1,-1,-1
48,6,888.32,173.95,96.89,197.54,0.2555,-1,-1,-1
48,7,502.03,183.13,67.26,182.93,0.3326,-1,-1,-1
48,8,165.93,344.34,63.14,211.18,0.3360,-1,-1,-1
48,9,790.83,149.48,59.21,175.62,0.4552,-1,-1,-1
48,10,1018.71,163.20,63.32,183.06,0.3309,-1,-1,-1
48,14,1845.37,262.75,72.31,200.57,0.3696,-1,-1,-1
48,16,863.29,154.00,55.88,180.14,0.2691,-1,-1,-1
48,18,373.29,965.34,110.12,114.66,0.6089,-1,-1,-1
49,0,397.01,356.41,83.04,226.57,0.7608,-1,-1,-1
49,1,101.48,546.08,78.00,246.97,0.7393,-1,-1,-1
49,2,1204.98,983.49,74.75,96.51,0.6518,-1,-1,-1
49,3,1721.13,458.75,74.36,207.40,0.6575,-1,-1,-1
49,4,1356.59,569.47,82.40,218.03,0.6018,-1,-1,-1
49,5,1.10,785.18,71.82,246.34,0.6188,-1,-1,-1
49,6,885.09,177.11,91.24,194.13,0.2450,-1,-1,-1
49,7,495.96,180.23,70.30,188.50,0.3703,-1,-1,-1
49,8,165.95,352.06,60.61,203.71,0.3555,-1,-1,-1
49,9,790.82,149.20,59.53,176.06,0.4317,-1,-1,-1
49,10,1017.50,164.63,63.58,182.97,0.3711,-1,-1,-1
49,14,1846.37,264.40,71.30,200.77,0.3337,-1,-1,-1
49,16,863.11,153.36,54.63,175.66,0.3164,-1,-1,-1
49,18,373.67,963.62,109.23,116.38,0.5888,-1,-1,-1
50,0,396.87,355.02,83.80,225.95,0.7546,-1,-1,-1
50,1,101.63,546.12,77.87,246.51,0.7482,-1,-1,-1
50,2,1204.92,982.76,76.00,97.22,0.6281,-1,-1,-1
50,3,1721.13,459.10,74.16,206.71,0.6391,-1,-1,-1
50,4,1357.09,569.86,81.46,215.54,0.6122,-1,-1,-1
50,5,1.57,784.96,72.91,249.02,0.6055,-1,-1,-1
50,7,494.43,179.36,72.22,191.41,0.3775,-1,-1,-1
50,9,790.37,148.98,59.82,177.05,0.4070,-1,-1,-1
50,10,1017.24,164.96,61.58,177.06,0.3841,-1,-1,-1
50,14,1849.96,266.17,70.24,200.03,0.3915,-1,-1,-1
50,16,863.24,154.28,52.13,167.63,0.2734,-1,-1,-1
50,18,375.71,961.38,107.62,117.50,0.5867,-1,-1,-1
51,0,397.21,354.35,84.06,223.20,0.7538,-1,-1,-1
51,1,101.65,545.51,77.94,247.36,0.7505,-1,-1,-1
51,2,1205.21,981.62,77.32,98.38,0.6111,-1,-1,-1
51,3,1721.00,460.14,73.86,205.20,0.6227,-1,-1,-1
51,4,1357.15,569.28,81.20,214.75,0.6198,-1,-1,-1
51,5,1.74,783.32,72.78,247.35,0.6422,-1,-1,-1
51,7,494.71,180.13,72.86,191.62,0.3679,-1,-1,-1
51,9,790.37,148.67,60.00,177.73,0.4134,-1,-1,-1
51,10,1017.18,166.71,60.85,174.38,0.4440,-1,-1,-1
51,14,1851.72,267.30,68.06,196.39,0.3626,-1,-1,-1
51,16,861.67,154.41,52.42,169.98,0.2816,-1,-1,-1
51,18,375.01,956.91,109.76,122.85,0.5503,-1,-1,-1
52,0,397.63,353.11,85.19,224.12,0.7677,-1,-1,-1
52,1,101.86,545.43,77.51,247.02,0.7519,-1,-1,-1
52,2,1204.79,981.68,77.73,98.32,0.6304,-1,-1,-1
52,3,1721.14,456.15,75.10,210.38,0.6266,-1,-1,-1
52,4,1356.86,569.13,81.42,215.43,0.6233,-1,-1,-1
52,5,3.15,782.33,72.65,244.84,0.6113,-1,-1,-1
52,7,493.07,180.08,74.00,191.26,0.3819,-1,-1,-1
52,9,790.00,149.06,60.23,178.15,0.3952,-1,-1,-1
52,10,1016.30,168.03,62.71,179.46,0.4711,-1,-1,-1
52,14,1854.10,264.28,68.15,199.60,0.2984,-1,-1,-1
52,18,375.69,952.69,110.87,127.27,0.5450,-1,-1,-1
53,0,398.27,351.40,85.64,226.09,0.7697,-1,-1,-1
53,1,101.87,545.16,77.01,247.50,0.7453,-1,-1,-1
53,2,1204.04,980.06,79.03,99.94,0.6525,-1,-1,-1
53,3,1721.62,456.00,74.45,209.43,0.6261,-1,-1,-1
53,4,1357.45,569.56,80.98,213.61,0.6401,-1,-1,-1
53,5,3.81,781.10,71.97,241.84,0.6510,-1,-1,-1
53,7,492.33,180.42,75.31,190.80,0.4034,-1,-1,-1
53,9,789.77,148.50,60.35,177.86,0.4121,-1,-1,-1
53,10,1015.54,168.94,63.34,181.72,0.4505,-1,-1,-1
53,14,1856.31,264.82,66.66,198.38,0.3205,-1,-1,-1
53,18,378.08,949.99,108.95,129.60,0.6933,-1,-1,-1
53,21,1478.56,216.88,60.34,193.20,0.2310,-1,-1,-1
54,0,398.43,350.89,85.76,226.67,0.7711,-1,-1,-1
54,1,102.01,544.87,76.72,248.16,0.7479,-1,-1,-1
54,2,1203.49,979.77,79.58,100.22,0.6571,-1,-1,-1
54,3,1721.59,455.99,74.37,209.94,0.6240,-1,-1,-1
54,4,1357.32,569.13,81.39,214.05,0.6411,-1,-1,-1
54,5,6.31,778.49,70.52,237.17,0.6455,-1,-1,-1
54,6,863.71,209.61,76.11,161.87,0.2342,-1,-1,-1
54,7,491.92,180.37,76.64,190.67,0.3868,-1,-1,-1
54,9,790.16,148.80,60.28,176.96,0.3981,-1,-1,-1
54,10,1013.72,171.09,63.19,181.80,0.4274,-1,-1,-1
54,14,1857.19,262.71,67.02,203.81,0.3113,-1,-1,-1
54,18,381.12,948.83,106.99,129.41,0.7180,-1,-1,-1
54,21,1476.70,216.49,60.55,193.09,0.2278,-1,-1,-1
55,0,398.99,349.67,85.84,228.61,0.7785,-1,-1,-1
55,1,102.13,545.14,76.52,248.59,0.7363,-1,-1,-1
55,2,1203.45,979.01,80.31,100.98,0.6651,-1,-1,-1
55,3,1721.99,456.81,74.54,210.75,0.6376,-1,-1,-1
55,4,1357.23,568.97,81.70,215.46,0.6082,-1,-1,-1
55,5,7.85,774.40,70.27,237.40,0.6805,-1,-1,-1
55,6,855.26,205.42,80.09,167.02,0.2742,-1,-1,-1
55,7,491.34,180.02,78.12,191.39,0.4235,-1,-1,-1
55,9,790.32,148.99,60.34,176.78,0.4251,-1,-1,-1
55,10,1012.33,173.37,63.10,181.64,0.4561,-1,-1,-1
55,14,1858.82,262.02,66.36,207.51,0.3406,-1,-1,-1
55,18,382.16,947.13,108.17,131.64,0.6929,-1,-1,-1
55,21,1476.47,216.29,60.99,192.83,0.2755,-1,-1,-1
55,22,280.50,105.90,55.35,185.29,0.2470,-1,-1,-1
56,0,399.44,349.32,85.50,229.82,0.7878,-1,-1,-1
56,1,102.26,544.41,76.50,249.31,0.7376,-1,-1,-1
56,2,1202.72,977.36,81.42,102.63,0.6744,-1,-1,-1
56,3,1721.61,455.89,74.25,210.64,0.6445,-1,-1,-1
56,4,1356.63,569.16,81.74,216.34,0.6102,-1,-1,-1
56,5,8.37,772.04,69.79,235.13,0.6943,-1,-1,-1
56,6,846.35,195.16,86.39,177.25,0.2577,-1,-1,-1
56,7,490.21,180.04,78.85,191.43,0.4782,-1,-1,-1
56,9,790.35,148.74,60.80,177.76,0.4100,-1,-1,-1
56,10,1012.91,175.04,62.17,180.25,0.4680,-1,-1,-1
56,14,1860.66,261.83,64.71,207.26,0.2820,-1,-1,-1
56,18,382.82,946.61,108.35,132.97,0.6985,-1,-1,-1
56,21,1474.95,216.22,61.13,191.67,0.3182,-1,-1,-1
56,22,280.70,106.90,55.35,185.44,0.2272,-1,-1,-1
57,0,399.39,348.13,85.06,230.86,0.7938,-1,-1,-1
57,1,102.18,544.89,76.41,249.50,0.7329,-1,-1,-1
57,2,1201.95,976.20,82.17,103.81,0.6850,-1,-1,-1
57,3,1721.93,458.60,73.13,207.17,0.6509,-1,-1,-1
57,4,1357.21,569.23,80.88,213.46,0.6174,-1,-1,-1
57,5,6.91,771.06,69.62,230.67,0.7197,-1,-1,-1
57,6,835.84,169.92,98.81,201.45,0.3014,-1,-1,-1
57,7,489.22,180.92,79.10,190.85,0.4590,-1,-1,-1
57,9,790.23,148.66,61.28,178.76,0.4009,-1,-1,-1
57,10,1011.19,176.47,61.83,179.72,0.4636,-1,-1,-1
57,18,384.54,945.89,107.74,133.44,0.7176,-1,-1,-1
57,21,1472.94,215.86,61.12,190.16,0.3341,-1,-1,-1
57,22,281.23,106.21,55.42,185.98,0.2203,-1,-1,-1
58,0,399.54,347.20,85.03,231.52,0.7873,-1,-1,-1
58,1,102.44,545.30,76.02,249.09,0.7288,-1,-1,-1
58,2,1201.70,976.24,82.41,103.77,0.6688,-1,-1,-1
58,3,1721.74,455.75,73.74,209.73,0.6400,-1,-1,-1
58,4,1357.04,569.41,81.34,214.87,0.6247,-1,-1,-1
58,5,8.77,767.46,70.64,229.07,0.7118,-1,-1,-1
58,7,488.78,181.50,79.34,191.06,0.4484,-1,-1,-1
58,9,790.38,149.00,61.26,178.54,0.3946,-1,-1,-1
58,10,1010.45,179.21,61.30,179.05,0.4566,-1,-1,-1
58,18,385.50,944.78,107.85,135.11,0.6723,-1,-1,-1
58,21,1471.20,214.72,61.12,188.89,0.3099,-1,-1,-1
58,22,281.47,107.38,55.26,185.63,0.2183,-1,-1,-1
59,0,400.61,345.60,84.88,233.26,0.7851,-1,-1,-1
59,1,102.41,545.13,75.87,249.46,0.7327,-1,-1,-1
59,2,1200.34,975.72,83.44,104.28,0.6719,-1,-1,-1
59,3,1722.47,455.91,73.86,210.90,0.6377,-1,-1,-1
59,4,1357.28,568.77,80.88,213.15,0.6413,-1,-1,-1
59,5,8.66,765.33,71.40,224.98,0.7217,-1,-1,-1
59,7,489.07,181.93,79.87,191.52,0.4378,-1,-1,-1
59,9,789.56,148.87,61.18,178.51,0.3894,-1,-1,-1
59,10,1009.79,180.42,61.03,178.37,0.3744,-1,-1,-1
59,18,386.34,943.54,106.94,136.09,0.7142,-1,-1,-1
59,21,1468.62,213.58,62.09,190.86,0.2877,-1,-1,-1
59,22,282.05,106.85,55.22,185.74,0.2894,-1,-1,-1
60,0,401.43,345.99,83.45,231.55,0.7925,-1,-1,-1
60,1,102.06,545.17,76.09,250.53,0.7259,-1,-1,-1
60,2,1199.43,974.75,84.47,105.26,0.6700,-1,-1,-1
60,3,1722.41,458.65,72.89,207.49,0.6275,-1,-1,-1
60,4,1356.70,568.92,81.59,215.29,0.6262,-1,-1,-1
60,5,8.93,760.39,71.08,225.27,0.7345,-1,-1,-1
60,7,489.04,183.13,79.80,191.14,0.4531,-1,-1,-1
60,9,788.99,148.49,62.83,184.16,0.4231,-1,-1,-1
60,10,1007.99,181.38,61.19,178.00,0.3406,-1,-1,-1
60,18,386.46,940.42,107.91,138.64,0.7101,-1,-1,-1
60,21,1467.25,212.08,62.76,192.34,0.3100,-1,-1,-1
60,22,281.85,106.15,55.34,186.56,0.2549,-1,-1,-1
61,0,401.49,344.38,82.93,230.94,0.7977,-1,-1,-1
61,1,102.65,546.35,74.89,247.68,0.7279,-1,-1,-1
61,2,1196.55,972.19,86.42,107.80,0.6306,-1,-1,-1
61,3,1722.39,457.78,72.73,207.57,0.6112,-1,-1,-1
61,4,1357.18,569.30,81.08,214.12,0.6299,-1,-1,-1
61,5,9.19,758.03,70.52,225.79,0.7307,-1,-1,-1
61,7,490.98,189.32,77.02,187.03,0.4803,-1,-1,-1
61,9,788.39,148.41,63.81,187.45,0.3661,-1,-1,-1
61,10,1007.55,182.08,60.90,176.79,0.3029,-1,-1,-1
61,18,386.30,938.87,109.10,140.57,0.6141,-1,-1,-1
61,21,1464.89,211.12,62.87,192.52,0.2516,-1,-1,-1
61,22,282.11,107.96,54.73,184.44,0.2255,-1,-1,-1
62,0,401.77,343.06,82.47,230.90,0.7907,-1,-1,-1
62,1,102.84,546.83,74.64,247.44,0.7287,-1,-1,-1
62,2,1195.95,972.33,86.36,107.67,0.6220,-1,-1,-1
62,3,1722.43,456.53,73.30,209.22,0.6000,-1,-1,-1
62,4,1357.33,569.24,81.11,214.71,0.6174,-1,-1,-1
62,5,10.47,756.33,70.03,225.89,0.7302,-1,-1,-1
62,7,490.92,190.19,76.84,188.86,0.4967,-1,-1,-1
62,9,788.97,148.25,63.31,186.94,0.3199,-1,-1,-1
62,10,1008.04,184.01,60.37,175.11,0.3032,-1,-1,-1
62,18,385.07,936.68,109.93,142.01,0.5694,-1,-1,-1
62,21,1462.84,211.08,62.12,189.91,0.2288,-1,-1,-1
62,22,281.94,106.51,55.39,186.77,0.2210,-1,-1,-1
63,0,401.85,341.03,82.66,232.16,0.7965,-1,-1,-1
63,1,102.96,546.71,74.39,247.38,0.7298,-1,-1,-1
63,2,1194.57,971.91,86.91,108.09,0.6573,-1,-1,-1
63,3,1722.20,458.49,73.05,207.52,0.5906,-1,-1,-1
63,4,1357.17,568.96,80.79,213.58,0.6020,-1,-1,-1
63,5,10.48,755.28,71.23,229.62,0.7189,-1,-1,-1
63,7,489.38,188.47,78.49,195.56,0.5326,-1,-1,-1
63,9,788.84,148.17,62.85,186.71,0.2991,-1,-1,-1
63,10,1006.87,185.15,59.62,172.16,0.2522,-1,-1,-1
63,18,384.19,934.62,110.43,144.29,0.6604,-1,-1,-1
63,21,1461.99,208.92,62.92,192.62,0.2831,-1,-1,-1
63,22,282.02,107.64,54.85,184.79,0.2173,-1,-1,-1
64,0,402.22,338.48,82.57,232.17,0.7907,-1,-1,-1
64,1,102.45,546.41,74.78,248.67,0.7195,-1,-1,-1
64,2,1193.36,973.30,86.13,106.70,0.6856,-1,-1,-1
64,3,1721.95,456.51,73.76,209.56,0.6059,-1,-1,-1
64,4,1356.15,569.37,81.64,215.86,0.5977,-1,-1,-1
64,5,10.88,753.67,71.16,229.80,0.7204,-1,-1,-1
64,7,490.86,191.43,77.03,194.34,0.4907,-1,-1,-1
64,9,789.32,148.40,61.64,184.23,0.2948,-1,-1,-1
64,10,1005.33,186.47,59.69,171.03,0.3625,-1,-1,-1
64,17,898.96,180.64,50.07,161.84,0.2004,-1,-1,-1
64,18,383.29,930.65,112.47,148.71,0.6716,-1,-1,-1
64,21,1461.24,207.51,62.39,192.43,0.2230,-1,-1,-1
64,22,282.16,108.06,54.96,185.16,0.2492,-1,-1,-1
65,0,402.08,336.82,82.65,232.19,0.7933,-1,-1,-1
65,1,102.87,547.11,74.35,246.89,0.7280,-1,-1,-1
65,2,1191.98,973.40,85.79,106.61,0.6846,-1,-1,-1
65,3,1721.57,459.52,73.37,206.71,0.6133,-1,-1,-1
65,4,1356.72,569.23,81.52,214.29,0.6283,-1,-1,-1
65,5,10.28,752.64,71.82,233.02,0.7136,-1,-1,-1
65,7,491.83,191.84,76.27,194.90,0.5081,-1,-1,-1
65,9,791.18,148.74,58.23,174.73,0.2352,-1,-1,-1
65,10,1004.61,187.24,60.18,171.49,0.3134,-1,-1,-1
65,17,899.34,181.80,51.28,162.57,0.2049,-1,-1,-1
65,18,381.22,923.82,116.10,155.92,0.5634,-1,-1,-1
65,21,1460.67,206.59,61.75,191.66,0.2632,-1,-1,-1
65,22,282.73,108.97,54.45,183.96,0.2510,-1,-1,-1
66,0,402.43,334.92,82.82,231.95,0.7929,-1,-1,-1
66,1,103.10,546.33,74.96,247.94,0.7208,-1,-1,-1
66,2,1189.35,971.73,86.41,108.26,0.7063,-1,-1,-1
66,3,1720.59,459.31,74.24,207.75,0.6260,-1,-1,-1
66,4,1356.24,568.53,82.51,216.26,0.6046,-1,-1,-1
66,5,10.27,751.27,71.97,234.33,0.7134,-1,-1,-1
66,7,493.01,190.87,75.15,196.06,0.5281,-1,-1,-1
66,10,1003.66,187.81,61.03,174.44,0.3622,-1,-1,-1
66,17,896.96,179.66,51.95,166.39,0.2114,-1,-1,-1
66,18,380.38,917.54,117.88,162.40,0.5605,-1,-1,-1
66,21,1460.32,205.42,61.41,191.39,0.2912,-1,-1,-1
66,22,283.21,111.48,53.99,182.21,0.2691,-1,-1,-1
67,0,402.98,333.97,82.90,228.98,0.7944,-1,-1,-1
67,1,103.12,546.78,75.13,247.51,0.7250,-1,-1,-1
67,2,1188.60,971.75,86.42,108.24,0.6942,-1,-1,-1
67,3,1720.94,459.03,74.12,206.83,0.5965,-1,-1,-1
67,4,1356.80,569.11,81.71,214.28,0.5982,-1,-1,-1
67,5,9.63,749.13,72.54,237.24,0.7028,-1,-1,-1
67,7,492.82,190.90,75.02,199.60,0.5657,-1,-1,-1
67,10,1001.94,187.68,61.02,175.32,0.4069,-1,-1,-1
67,18,380.57,913.54,115.85,164.91,0.6553,-1,-1,-1
67,21,1458.98,205.01,61.36,191.18,0.2678,-1,-1,-1
67,22,283.37,112.08,53.91,181.97,0.2647,-1,-1,-1
68,0,403.64,333.58,82.88,226.76,0.7902,-1,-1,-1
68,1,102.89,546.63,75.45,247.84,0.7294,-1,-1,-1
68,2,1184.68,969.86,87.41,110.14,0.6957,-1,-1,-1
68,3,1721.43,459.44,74.15,206.97,0.6081,-1,-1,-1
68,4,1356.47,568.15,82.36,216.10,0.5953,-1,-1,-1
68,5,9.51,746.67,73.22,241.13,0.7077,-1,-1,-1
68,6,801.38,209.93,77.01,160.35,0.2684,-1,-1,-1
68,7,493.33,192.46,73.07,197.36,0.5750,-1,-1,-1
68,10,1000.95,188.10,61.46,176.69,0.4874,-1,-1,-1
68,18,381.49,911.90,113.34,166.06,0.7051,-1,-1,-1
68,21,1458.19,204.31,60.97,189.38,0.2391,-1,-1,-1
68,22,283.76,114.73,53.21,179.47,0.2268,-1,-1,-1
69,0,403.58,332.31,83.60,225.71,0.7834,-1,-1,-1
69,1,102.68,546.62,75.46,248.24,0.7309,-1,-1,-1
69,2,1183.25,969.64,87.17,110.32,0.6797,-1,-1,-1
69,3,1721.92,457.12,75.70,212.26,0.5947,-1,-1,-1
69,4,1356.40,568.63,82.58,217.24,0.5962,-1,-1,-1
69,5,9.85,744.82,73.03,241.93,0.7102,-1,-1,-1
69,7,493.31,193.45,73.01,195.59,0.5869,-1,-1,-1
69,10,1000.77,187.90,61.76,177.24,0.5338,-1,-1,-1
69,17,894.47,186.97,52.05,163.05,0.2397,-1,-1,-1
69,18,381.74,910.44,112.64,168.24,0.6853,-1,-1,-1
69,21,1455.98,204.65,61.57,189.55,0.2554,-1,-1,-1
69,22,284.00,115.70,53.10,178.69,0.2052,-1,-1,-1
70,0,403.63,331.47,84.14,223.98,0.7903,-1,-1,-1
70,1,102.88,546.29,75.25,248.44,0.7319,-1,-1,-1
70,2,1181.72,969.19,87.10,110.80,0.6649,-1,-1,-1
70,3,1722.37,455.47,75.45,212.52,0.6157,-1,-1,-1
70,4,1356.41,568.40,82.85,217.69,0.6087,-1,-1,-1
70,5,10.88,743.31,71.78,237.70,0.7152,-1,-1,-1
70,7,492.69,195.39,73.62,193.59,0.5919,-1,-1,-1
70,10,1000.11,187.75,61.88,178.05,0.5581,-1,-1,-1
70,16,846.77,167.07,52.21,171.34,0.2350,-1,-1,-1
70,17,893.36,183.54,53.23,167.27,0.2199,-1,-1,-1
70,18,381.18,907.38,113.10,172.16,0.6793,-1,-1,-1
70,21,1452.53,203.19,62.99,191.46,0.2577,-1,-1,-1
70,22,284.70,118.92,52.64,176.00,0.2240,-1,-1,-1
71,0,403.52,329.96,84.58,223.72,0.7909,-1,-1,-1
71,1,102.30,545.12,75.93,250.44,0.7292,-1,-1,-1
71,2,1180.58,968.24,87.38,111.76,0.6676,-1,-1,-1
71,3,1722.32,456.52,74.93,211.11,0.6225,-1,-1,-1
71,4,1356.54,568.78,82.99,218.65,0.5627,-1,-1,-1
71,5,12.34,741.62,70.55,230.97,0.7212,-1,-1,-1
71,7,493.34,193.39,75.24,195.86,0.6135,-1,-1,-1
71,10,998.04,188.11,61.53,178.21,0.5614,-1,-1,-1
71,16,845.93,168.03,52.18,173.97,0.3337,-1,-1,-1
71,17,892.89,184.06,53.86,169.11,0.2811,-1,-1,-1
71,18,379.31,905.15,113.71,174.83,0.7093,-1,-1,-1
71,21,1448.85,202.37,64.01,191.63,0.2581,-1,-1,-1
72,0,403.47,328.36,85.41,225.67,0.7885,-1,-1,-1
72,1,102.14,544.52,76.03,250.75,0.7259,-1,-1,-1
72,2,1178.61,965.98,88.39,114.03,0.5933,-1,-1,-1
72,3,1722.36,457.06,74.61,210.33,0.6192,-1,-1,-1
72,4,1356.97,569.14,82.67,218.17,0.6062,-1,-1,-1
72,5,12.02,737.80,70.99,228.41,0.7274,-1,-1,-1
72,7,490.91,193.38,77.37,196.33,0.5970,-1,-1,-1
72,10,996.98,188.48,60.98,178.92,0.5725,-1,-1,-1
72,16,844.15,169.36,52.75,175.78,0.3494,-1,-1,-1
72,17,892.27,187.73,53.46,167.61,0.2707,-1,-1,-1
72,18,378.71,903.71,113.59,176.30,0.7213,-1,-1,-1
72,21,1446.85,202.29,64.73,190.62,0.2805,-1,-1,-1
72,23,786.36,147.37,72.97,222.58,0.3792,-1,-1,-1
73,0,404.11,327.79,85.56,227.23,0.7872,-1,-1,-1
73,1,102.04,545.16,75.97,250.02,0.7321,-1,-1,-1
73,2,1178.07,965.12,88.44,114.88,0.6094,-1,-1,-1
73,3,1722.41,456.15,75.33,213.08,0.6133,-1,-1,-1
73,4,1357.31,569.48,82.18,216.05,0.6160,-1,-1,-1
73,5,11.63,734.35,72.25,229.14,0.7478,-1,-1,-1
73,7,489.17,193.12,79.80,196.80,0.5927,-1,-1,-1
73,10,995.54,189.52,60.25,178.94,0.5500,-1,-1,-1
73,16,844.35,170.40,52.93,177.69,0.3473,-1,-1,-1
73,17,892.19,190.34,53.04,166.46,0.2397,-1,-1,-1
73,18,377.95,902.79,113.67,177.21,0.7151,-1,-1,-1
73,21,1444.50,202.45,66.49,192.49,0.2646,-1,-1,-1
73,23,783.81,148.51,73.39,220.31,0.3039,-1,-1,-1
74,0,404.92,327.75,84.81,226.37,0.7842,-1,-1,-1
74,1,102.26,545.60,75.50,248.69,0.7220,-1,-1,-1
74,2,1177.65,965.00,88.29,115.01,0.6237,-1,-1,-1
74,3,1722.42,459.87,73.53,207.24,0.5958,-1,-1,-1
74,4,1356.96,569.61,82.05,214.99,0.6195,-1,-1,-1
74,5,12.01,732.19,72.38,225.49,0.7514,-1,-1,-1
74,7,488.64,194.90,80.96,195.00,0.5599,-1,-1,-1
74,10,995.52,190.06,59.63,181.04,0.5586,-1,-1,-1
74,16,844.50,171.28,53.44,179.51,0.3055,-1,-1,-1
74,17,892.81,192.32,52.78,165.31,0.2736,-1,-1,-1
74,18,377.69,900.75,114.18,179.27,0.6885,-1,-1,-1
74,21,1443.53,202.58,67.63,193.96,0.2803,-1,-1,-1
74,23,781.06,147.83,75.45,222.09,0.2793,-1,-1,-1
75,0,404.91,326.93,84.78,226.95,0.7785,-1,-1,-1
75,1,101.70,545.11,75.65,249.52,0.7284,-1,-1,-1
75,2,1176.87,964.55,88.62,115.46,0.6363,-1,-1,-1
75,3,1721.90,457.24,74.94,211.81,0.6187,-1,-1,-1
75,4,1357.37,570.04,81.32,211.93,0.6548,-1,-1,-1
75,5,11.13,731.17,73.55,227.47,0.7486,-1,-1,-1
75,7,486.63,196.53,82.27,193.67,0.5708,-1,-1,-1
75,10,993.56,189.11,59.86,183.93,0.6141,-1,-1,-1
75,16,843.00,171.97,54.93,184.69,0.3013,-1,-1,-1
75,17,892.06,192.80,52.99,166.32,0.2099,-1,-1,-1
75,18,377.62,898.33,114.48,181.69,0.6778,-1,-1,-1
75,21,1441.57,203.09,67.26,191.65,0.2888,-1,-1,-1
76,0,406.01,326.60,84.32,227.63,0.7724,-1,-1,-1
76,1,101.61,544.16,75.60,250.50,0.7220,-1,-1,-1
76,2,1176.59,963.94,88.95,116.05,0.6886,-1,-1,-1
76,3,1721.76,459.51,73.56,206.74,0.6303,-1,-1,-1
76,4,1356.81,570.54,81.93,212.42,0.6477,-1,-1,-1
76,5,10.63,729.37,74.48,230.96,0.7470,-1,-1,-1
76,7,488.29,200.02,82.28,191.24,0.5540,-1,-1,-1
76,10,993.34,189.09,58.98,182.23,0.5748,-1,-1,-1
76,16,841.85,172.60,55.05,185.30,0.2411,-1,-1,-1
76,18,378.01,895.20,114.17,184.80,0.6904,-1,-1,-1
76,21,1436.99,205.09,66.86,191.12,0.3226,-1,-1,-1
77,0,406.51,325.23,84.47,229.51,0.7668,-1,-1,-1
77,1,101.59,544.26,75.05,250.36,0.7224,-1,-1,-1
77,2,1176.41,963.91,88.76,116.09,0.6972,-1,-1,-1
77,3,1721.68,458.88,73.68,206.23,0.6226,-1,-1,-1
77,4,1356.54,569.85,83.33,214.89,0.6321,-1,-1,-1
77,5,10.84,728.01,74.41,231.25,0.7515,-1,-1,-1
77,7,492.47,201.75,80.43,188.66,0.5687,-1,-1,-1
77,10,993.23,190.13,58.44,180.59,0.5922,-1,-1,-1
77,16,842.16,173.73,54.80,184.35,0.2409,-1,-1,-1
77,18,379.72,893.21,112.04,186.80,0.7466,-1,-1,-1
77,21,1435.55,205.52,66.04,189.41,0.3562,-1,-1,-1
78,0,406.50,324.77,84.13,229.48,0.7694,-1,-1,-1
78,1,101.38,544.24,74.56,249.91,0.7233,-1,-1,-1
78,2,1175.96,963.11,89.03,116.90,0.7207,-1,-1,-1
78,3,1721.56,459.82,73.95,205.66,0.6372,-1,-1,-1
78,4,1356.20,571.43,83.70,214.54,0.6380,-1,-1,-1
78,5,10.94,726.91,75.49,233.96,0.7458,-1,-1,-1
78,7,490.54,205.09,79.21,186.37,0.6007,-1,-1,-1
78,10,993.33,188.99,58.18,181.17,0.5644,-1,-1,-1
78,18,380.16,890.82,110.45,189.19,0.7540,-1,-1,-1
78,21,1433.75,205.23,66.04,189.91,0.3353,-1,-1,-1
79,0,407.38,324.57,83.64,230.45,0.7798,-1,-1,-1
79,1,101.82,545.30,73.89,248.33,0.7258,-1,-1,-1
79,2,1175.92,963.16,88.69,116.84,0.7240,-1,-1,-1
79,3,1721.09,458.61,74.44,206.77,0.6468,-1,-1,-1
79,4,1356.01,572.44,83.73,213.53,0.6071,-1,-1,-1
79,5,12.03,726.65,75.39,233.01,0.7472,-1,-1,-1
79,7,489.37,202.76,81.45,192.09,0.5841,-1,-1,-1
79,10,992.56,190.44,57.58,178.62,0.5754,-1,-1,-1
79,16,843.20,177.21,53.66,182.15,0.2234,-1,-1,-1
79,18,382.42,887.17,108.56,192.83,0.7680,-1,-1,-1
79,21,1431.37,203.37,66.60,192.29,0.2621,-1,-1,-1
80,0,408.85,324.39,82.37,229.39,0.7780,-1,-1,-1
80,1,101.93,545.63,73.58,248.20,0.7273,-1,-1,-1
80,2,1175.03,962.42,88.94,117.57,0.7371,-1,-1,-1
80,3,1721.38,459.88,74.41,206.08,0.6344,-1,-1,-1
80,4,1356.58,572.20,85.10,216.70,0.5754,-1,-1,-1
80,5,12.98,725.43,76.05,234.00,0.7277,-1,-1,-1
80,7,490.28,203.43,81.79,194.38,0.5726,-1,-1,-1
80,9,797.18,149.98,52.24,158.38,0.2060,-1,-1,-1
80,10,990.57,190.44,59.07,183.92,0.6078,-1,-1,-1
80,16,842.96,177.75,53.36,183.07,0.2172,-1,-1,-1
80,18,383.73,882.05,106.97,197.95,0.7885,-1,-1,-1
80,21,1428.19,203.91,65.27,189.62,0.2627,-1,-1,-1
81,0,409.66,323.79,81.24,227.39,0.7615,-1,-1,-1
81,1,102.14,544.86,73.18,248.53,0.7278,-1,-1,-1
81,2,1175.70,961.92,88.33,118.09,0.7442,-1,-1,-1
81,3,1721.64,459.27,74.60,206.46,0.6201,-1,-1,-1
81,4,1355.88,571.78,85.56,217.67,0.5507,-1,-1,-1
81,5,12.93,724.87,75.76,233.68,0.7207,-1,-1,-1
81,7,490.46,204.20,81.92,196.57,0.5468,-1,-1,-1
81,9,797.14,147.09,52.48,160.60,0.2224,-1,-1,-1
81,10,989.71,191.25,58.67,182.91,0.6100,-1,-1,-1
81,18,385.12,878.93,105.28,201.08,0.7855,-1,-1,-1
81,21,1425.68,202.71,64.09,187.95,0.3166,-1,-1,-1
82,0,412.05,323.60,80.50,226.38,0.7528,-1,-1,-1
82,1,102.24,545.91,72.55,246.77,0.7279,-1,-1,-1
82,2,1175.11,961.41,87.69,118.58,0.7317,-1,-1,-1
82,3,1721.43,459.35,74.64,206.71,0.6201,-1,-1,-1
82,4,1355.95,571.93,85.58,217.63,0.5451,-1,-1,-1
82,5,13.82,721.88,76.84,236.49,0.7266,-1,-1,-1
82,7,492.68,207.07,80.33,194.95,0.5545,-1,-1,-1
82,9,796.46,147.45,53.10,162.73,0.2487,-1,-1,-1
82,10,988.29,191.02,58.50,183.25,0.6095,-1,-1,-1
82,16,841.25,179.55,53.18,182.92,0.2114,-1,-1,-1
82,18,385.17,875.43,105.17,204.57,0.7833,-1,-1,-1
82,21,1424.23,200.14,63.82,188.67,0.3005,-1,-1,-1
83,0,412.29,321.87,80.81,226.16,0.7641,-1,-1,-1
83,1,101.71,545.83,72.65,247.44,0.7278,-1,-1,-1
83,2,1174.57,961.85,86.65,118.15,0.7057,-1,-1,-1
83,3,1721.99,459.66,73.93,204.96,0.6159,-1,-1,-1
83,4,1356.04,571.31,86.02,218.95,0.5500,-1,-1,-1
83,5,14.48,720.46,76.79,237.81,0.7177,-1,-1,-1
83,7,493.60,207.24,79.97,194.92,0.5793,-1,-1,-1
83,9,795.04,148.18,54.44,166.58,0.2912,-1,-1,-1
83,10,986.88,191.54,58.14,182.48,0.5994,-1,-1,-1
83,16,841.95,180.52,53.26,182.17,0.2132,-1,-1,-1
83,18,386.57,873.39,104.57,206.62,0.7796,-1,-1,-1
83,21,1423.06,201.09,62.97,187.22,0.3057,-1,-1,-1
84,0,413.35,320.04,80.44,225.95,0.7627,-1,-1,-1
84,1,102.10,545.95,72.60,247.45,0.7183,-1,-1,-1
84,2,1173.98,961.53,86.15,118.46,0.7224,-1,-1,-1
84,3,1721.70,459.51,74.31,205.87,0.5940,-1,-1,-1
84,4,1356.37,572.00,85.20,216.75,0.5437,-1,-1,-1
84,5,13.77,718.64,76.81,239.76,0.7199,-1,-1,-1
84,7,494.63,208.35,79.81,196.55,0.5983,-1,-1,-1
84,9,794.05,148.99,55.48,170.05,0.3684,-1,-1,-1
84,10,985.72,191.86,57.93,182.23,0.6085,-1,-1,-1
84,16,840.60,180.76,53.72,182.95,0.2314,-1,-1,-1
84,18,387.18,871.12,104.63,208.88,0.7700,-1,-1,-1
84,21,1421.32,199.56,63.16,188.30,0.2841,-1,-1,-1
85,0,414.11,318.47,80.59,224.47,0.7575,-1,-1,-1
85,1,101.76,544.97,73.12,249.26,0.7187,-1,-1,-1
85,2,1173.79,961.54,85.50,118.47,0.7154,-1,-1,-1
85,3,1721.41,460.49,74.46,205.76,0.5994,-1,-1,-1
85,4,1356.23,572.78,86.81,221.32,0.4904,-1,-1,-1
85,5,16.04,717.81,76.87,240.32,0.7212,-1,-1,-1
85,7,495.38,209.28,78.84,195.07,0.5914,-1,-1,-1
85,9,793.22,149.28,55.60,170.82,0.3151,-1,-1,-1
85,10,983.49,190.63,58.91,184.88,0.5486,-1,-1,-1
85,16,839.25,181.10,54.41,184.44,0.2692,-1,-1,-1
85,18,387.85,869.25,104.55,210.75,0.7789,-1,-1,-1
85,21,1420.19,198.50,63.27,189.83,0.2872,-1,-1,-1
85,26,751.75,184.97,51.65,179.31,0.2880,-1,-1,-1
86,0,415.20,317.39,80.22,221.39,0.7630,-1,-1,-1
86,1,102.32,546.06,72.82,247.34,0.7209,-1,-1,-1
86,2,1172.47,961.16,85.68,118.84,0.7081,-1,-1,-1
86,3,1721.63,457.59,75.66,209.67,0.6081,-1,-1,-1
86,4,1357.70,573.89,84.31,214.35,0.5336,-1,-1,-1
86,5,17.70,716.06,75.40,235.08,0.7461,-1,-1,-1
86,7,495.60,209.02,79.56,197.76,0.6102,-1,-1,-1
86,9,792.94,149.38,56.17,172.55,0.3062,-1,-1,-1
86,10,981.45,191.31,59.24,185.07,0.4825,-1,-1,-1
86,16,837.92,180.72,55.39,186.10,0.2954,-1,-1,-1
86,18,388.53,866.55,104.71,213.45,0.7884,-1,-1,-1
86,21,1418.38,198.08,63.00,190.18,0.3150,-1,-1,-1
86,26,748.60,186.39,51.37,178.37,0.3357,-1,-1,-1
86,27,432.08,13.61,53.13,158.78,0.2185,-1,-1,-1
87,0,415.34,316.69,81.43,220.32,0.7753,-1,-1,-1
87,1,102.29,545.69,73.04,247.18,0.7339,-1,-1,-1
87,2,1172.41,960.70,85.25,119.31,0.7056,-1,-1,-1
87,3,1721.23,460.16,74.59,206.71,0.6337,-1,-1,-1
87,4,1356.99,573.75,84.46,215.01,0.5166,-1,-1,-1
87,5,19.70,713.79,72.93,225.23,0.7605,-1,-1,-1
87,7,496.35,209.93,79.23,195.86,0.6204,-1,-1,-1
87,9,792.36,149.20,56.62,173.60,0.3228,-1,-1,-1
87,10,980.50,191.86,58.74,181.47,0.4578,-1,-1,-1
87,16,837.20,179.88,56.97,188.68,0.3396,-1,-1,-1
87,18,389.22,864.74,104.97,215.26,0.7884,-1,-1,-1
87,21,1417.62,198.13,62.05,188.55,0.2817,-1,-1,-1
87,26,747.57,186.86,51.39,178.16,0.4062,-1,-1,-1
87,27,433.06,13.43,52.39,156.57,0.2331,-1,-1,-1
88,0,414.88,315.42,82.77,220.08,0.7855,-1,-1,-1
88,1,102.27,546.28,73.02,246.31,0.7177,-1,-1,-1
88,2,1170.49,960.27,85.10,119.72,0.7422,-1,-1,-1
88,3,1720.88,460.20,74.56,206.30,0.6468,-1,-1,-1
88,4,1356.99,572.85,84.70,216.01,0.5495,-1,-1,-1
88,5,19.03,710.21,73.71,225.90,0.7287,-1,-1,-1
88,7,497.58,209.43,80.33,197.81,0.6166,-1,-1,-1
88,9,792.32,150.22,55.96,170.99,0.3240,-1,-1,-1
88,10,978.08,191.15,60.62,186.02,0.4209,-1,-1,-1
88,16,836.97,179.65,57.77,189.06,0.2770,-1,-1,-1
88,18,390.00,862.29,105.96,217.71,0.8054,-1,-1,-1
88,21,1416.38,197.26,61.21,187.18,0.2227,-1,-1,-1
88,26,744.87,187.11,51.63,177.14,0.3602,-1,-1,-1
89,0,414.61,313.80,83.47,220.12,0.7766,-1,-1,-1
89,1,102.20,546.36,73.03,245.55,0.7233,-1,-1,-1
89,2,1169.97,959.80,83.97,120.11,0.7522,-1,-1,-1
89,3,1720.13,459.04,74.96,207.42,0.6361,-1,-1,-1
89,4,1356.76,573.68,85.24,217.89,0.5392,-1,-1,-1
89,5,18.75,705.52,75.10,227.70,0.7358,-1,-1,-1
89,7,498.23,208.22,81.50,199.48,0.6147,-1,-1,-1
89,9,790.98,150.27,56.38,172.70,0.2970,-1,-1,-1
89,10,977.00,193.31,60.98,185.08,0.4931,-1,-1,-1
89,16,834.02,173.98,57.92,190.50,0.2415,-1,-1,-1
89,18,390.89,861.69,105.21,218.31,0.8131,-1,-1,-1
89,26,741.69,188.51,52.29,176.25,0.2844,-1,-1,-1
90,0,415.19,312.45,83.78,220.49,0.7463,-1,-1,-1
90,1,102.05,546.68,73.18,245.18,0.7134,-1,-1,-1
90,2,1169.35,958.55,83.45,121.44,0.7640,-1,-1,-1
90,3,1720.30,459.40,74.65,206.74,0.6227,-1,-1,-1
90,4,1356.23,573.16,84.39,216.58,0.5371,-1,-1,-1
90,5,20.11,703.88,74.88,227.94,0.7339,-1,-1,-1
90,7,500.06,207.40,81.93,198.99,0.5991,-1,-1,-1
90,9,790.55,150.47,56.96,174.89,0.2614,-1,-1,-1
90,10,975.92,195.15,61.44,184.72,0.4124,-1,-1,-1
90,16,832.11,173.83,57.22,189.47,0.2754,-1,-1,-1
90,18,391.70,860.22,104.57,219.78,0.8173,-1,-1,-1
90,26,738.46,189.85,53.31,174.39,0.2119,-1,-1,-1
91,0,415.46,311.03,83.92,223.07,0.7441,-1,-1,-1
91,1,102.36,546.94,73.19,244.70,0.7042,-1,-1,-1
91,2,1168.25,957.30,83.02,122.71,0.7737,-1,-1,-1
91,3,1720.20,460.24,74.60,206.59,0.6289,-1,-1,-1
91,4,1356.04,572.08,85.26,219.72,0.5257,-1,-1,-1
91,5,21.06,700.83,74.34,226.94,0.7229,-1,-1,-1
91,7,500.70,208.45,81.38,199.18,0.5637,-1,-1,-1
91,9,789.10,149.77,60.06,187.00,0.2685,-1,-1,-1
91,10,974.86,193.80,61.45,184.04,0.3692,-1,-1,-1
91,16,832.02,173.75,57.39,190.18,0.2232,-1,-1,-1
91,18,391.52,857.83,105.18,222.18,0.8023,-1,-1,-1
92,0,416.12,310.88,83.71,223.95,0.7394,-1,-1,-1
92,1,102.23,546.69,73.32,245.07,0.7011,-1,-1,-1
92,2,1167.68,956.92,81.84,123.09,0.7608,-1,-1,-1
92,3,1720.68,460.01,74.64,206.84,0.6310,-1,-1,-1
92,4,1356.82,572.29,83.79,216.34,0.5328,-1,-1,-1
92,5,21.32,696.75,74.28,229.55,0.7176,-1,-1,-1
92,7,500.22,212.06,79.87,195.55,0.5911,-1,-1,-1
92,9,788.54,147.96,61.20,194.06,0.2663,-1,-1,-1
92,10,973.30,195.58,61.41,183.10,0.3984,-1,-1,-1
92,18,391.41,854.24,105.25,225.76,0.7953,-1,-1,-1
92,21,1409.07,194.36,61.69,191.11,0.2128,-1,-1,-1
93,0,416.56,309.79,83.60,225.00,0.7306,-1,-1,-1
93,1,102.11,547.03,73.14,244.78,0.6920,-1,-1,-1
93,2,1167.00,956.71,80.62,123.29,0.7792,-1,-1,-1
93,3,1720.80,460.00,74.55,206.42,0.6208,-1,-1,-1
93,4,1356.53,571.95,83.63,216.44,0.5182,-1,-1,-1
93,5,22.90,698.10,72.50,225.55,0.7093,-1,-1,-1
93,7,500.72,209.50,80.57,198.32,0.5532,-1,-1,-1
93,9,788.84,147.80,60.29,193.92,0.2299,-1,-1,-1
93,10,972.58,195.44,62.27,185.94,0.3527,-1,-1,-1
93,18,392.58,850.93,105.19,229.07,0.8024,-1,-1,-1
94,0,416.73,309.19,83.25,225.02,0.7310,-1,-1,-1
94,1,102.35,547.15,73.24,244.60,0.6883,-1,-1,-1
94,2,1165.92,955.53,79.57,124.48,0.7913,-1,-1,-1
94,3,1721.42,460.19,74.67,207.03,0.6233,-1,-1,-1
94,4,1356.70,572.36,83.85,217.17,0.4741,-1,-1,-1
94,5,23.13,697.31,71.81,224.69,0.7143,-1,-1,-1
94,7,500.20,210.92,80.31,199.09,0.5256,-1,-1,-1
94,9,789.08,148.46,59.14,191.91,0.2225,-1,-1,-1
94,10,971.76,196.93,62.29,186.14,0.3334,-1,-1,-1
94,18,393.21,849.00,104.83,231.01,0.7916,-1,-1,-1
94,29,1196.69,153.41,65.27,177.14,0.2800,-1,-1,-1
95,0,416.12,307.96,83.59,226.86,0.7427,-1,-1,-1
95,1,102.14,547.13,73.32,244.34,0.6853,-1,-1,-1
95,2,1164.59,953.69,79.59,126.31,0.7874,-1,-1,-1
95,3,1721.28,460.04,74.35,206.97,0.6117,-1,-1,-1
95,4,1356.77,573.55,83.52,216.35,0.4456,-1,-1,-1
95,5,24.27,696.32,71.31,226.24,0.7151,-1,-1,-1
95,7,501.63,213.05,79.69,199.30,0.4969,-1,-1,-1
95,10,970.46,197.37,62.77,188.13,0.3203,-1,-1,-1
95,18,393.35,843.72,104.78,236.28,0.7974,-1,-1,-1
95,29,1190.33,154.77,63.70,169.47,0.3037,-1,-1,-1
96,0,417.79,307.28,83.80,227.09,0.7600,-1,-1,-1
96,1,101.94,546.90,73.31,243.93,0.6778,-1,-1,-1
96,2,1163.66,953.16,78.35,126.84,0.7955,-1,-1,-1
96,3,1721.30,459.06,74.23,207.09,0.6219,-1,-1,-1
96,4,1356.57,573.38,85.11,220.86,0.4978,-1,-1,-1
96,5,24.75,694.07,71.09,229.37,0.7193,-1,-1,-1
96,7,506.06,211.94,80.89,203.85,0.5504,-1,-1,-1
96,10,967.85,199.39,63.00,189.97,0.4080,-1,-1,-1
96,16,823.66,184.84,56.14,184.94,0.2341,-1,-1,-1
96,17,870.24,218.33,49.11,153.88,0.2108,-1,-1,-1
96,18,393.70,841.36,103.66,238.63,0.8076,-1,-1,-1
96,29,1182.87,155.91,65.03,167.11,0.3009,-1,-1,-1
97,0,417.33,306.78,83.68,227.40,0.7582,-1,-1,-1
97,1,101.90,546.98,73.55,244.91,0.6833,-1,-1,-1
97,2,1161.90,951.51,77.77,128.49,0.7830,-1,-1,-1
97,3,1721.63,459.43,74.37,207.75,0.6386,-1,-1,-1
97,4,1355.99,572.54,85.03,221.47,0.5215,-1,-1,-1
97,5,24.81,693.18,70.40,228.85,0.7185,-1,-1,-1
97,7,507.42,213.37,79.96,204.49,0.5288,-1,-1,-1
97,10,965.73,199.51,62.98,190.88,0.3787,-1,-1,-1
97,18,393.82,841.24,101.57,238.77,0.8020,-1,-1,-1
97,29,1179.48,155.86,67.85,167.59,0.2784,-1,-1,-1
98,0,417.78,305.13,83.74,229.19,0.7627,-1,-1,-1
98,1,101.75,546.76,73.50,244.77,0.6731,-1,-1,-1
98,2,1160.07,949.28,78.11,130.71,0.7766,-1,-1,-1
98,3,1721.31,455.90,75.24,211.46,0.6372,-1,-1,-1
98,4,1356.34,573.10,83.51,218.49,0.5183,-1,-1,-1
98,5,25.30,692.74,70.09,229.29,0.7197,-1,-1,-1
98,7,508.50,214.28,78.58,204.64,0.5613,-1,-1,-1
98,10,964.29,199.77,62.70,190.36,0.4792,-1,-1,-1
98,18,393.50,839.08,100.38,240.92,0.8025,-1,-1,-1
98,21,1398.14,191.58,61.80,193.42,0.2016,-1,-1,-1
98,30,479.58,125.59,56.71,209.08,0.3053,-1,-1,-1
99,0,418.53,305.07,83.51,228.78,0.7623,-1,-1,-1
99,1,101.66,546.44,73.61,245.21,0.6740,-1,-1,-1
99,2,1158.59,946.41,78.80,133.59,0.7661,-1,-1,-1
99,3,1721.97,459.09,74.05,208.44,0.6248,-1,-1,-1
99,4,1357.18,573.56,81.74,213.58,0.5439,-1,-1,-1
99,5,26.26,692.07,69.74,229.00,0.7220,-1,-1,-1
99,7,509.68,214.57,77.13,204.54,0.5247,-1,-1,-1
99,10,962.48,200.41,62.39,189.84,0.4278,-1,-1,-1
99,18,393.12,834.02,100.32,245.98,0.8040,-1,-1,-1
99,29,1175.15,159.60,69.32,163.64,0.3311,-1,-1,-1
99,30,480.06,129.20,54.15,198.69,0.2786,-1,-1,-1
100,0,419.51,303.24,83.48,229.35,0.7518,-1,-1,-1
100,1,101.36,545.17,74.16,248.43,0.6635,-1,-1,-1
100,2,1157.46,946.09,77.64,133.91,0.7549,-1,-1,-1
100,3,1721.83,459.47,73.85,207.93,0.6092,-1,-1,-1
100,4,1356.99,574.12,82.02,214.17,0.5219,-1,-1,-1
100,5,26.72,690.08,70.14,229.96,0.7321,-1,-1,-1
100,7,508.56,213.96,76.89,206.73,0.4418,-1,-1,-1
100,10,960.95,201.49,61.70,188.46,0.4511,-1,-1,-1
100,18,392.33,831.83,99.70,248.17,0.7951,-1,-1,-1
100,29,1174.72,161.38,71.52,161.81,0.3744,-1,-1,-1
100,30,480.10,131.70,53.63,195.62,0.2430,-1,-1,-1
101,0,419.90,302.24,83.54,229.52,0.7660,-1,-1,-1
101,1,101.72,545.03,73.95,248.64,0.6691,-1,-1,-1
101,2,1156.20,945.52,76.62,133.81,0.7602,-1,-1,-1
101,3,1721.86,459.74,73.92,207.87,0.6193,-1,-1,-1
101,4,1356.96,574.48,82.22,214.56,0.5131,-1,-1,-1
101,5,28.49,687.77,69.26,226.31,0.7360,-1,-1,-1
101,7,509.63,216.65,76.18,207.47,0.5113,-1,-1,-1
101,10,960.21,202.08,60.34,184.22,0.4394,-1,-1,-1
101,18,391.01,830.36,99.45,249.64,0.7904,-1,-1,-1
101,29,1173.05,163.14,72.64,160.23,0.3462,-1,-1,-1
101,30,479.28,133.42,54.68,198.34,0.3147,-1,-1,-1
102,0,420.38,299.97,83.23,229.74,0.7644,-1,-1,-1
102,1,102.13,544.68,73.79,248.73,0.6745,-1,-1,-1
102,2,1154.76,944.06,75.83,134.61,0.7409,-1,-1,-1
102,3,1721.89,460.09,73.58,207.09,0.6224,-1,-1,-1
102,4,1356.67,574.34,83.04,217.03,0.5021,-1,-1,-1
102,5,28.78,685.12,69.07,223.72,0.7533,-1,-1,-1
102,7,510.62,217.45,75.47,207.45,0.5148,-1,-1,-1
102,10,957.72,203.39,60.23,183.48,0.4930,-1,-1,-1
102,18,389.84,827.16,100.19,252.84,0.7981,-1,-1,-1
102,29,1169.21,158.01,75.33,165.82,0.2630,-1,-1,-1
102,30,479.67,135.81,54.32,194.96,0.3717,-1,-1,-1
102,32,683.85,185.78,74.97,171.43,0.2850,-1,-1,-1
103,0,420.47,299.07,82.58,227.82,0.7478,-1,-1,-1
103,1,102.09,544.71,73.72,249.25,0.6718,-1,-1,-1
103,2,1152.73,941.12,75.78,137.52,0.7410,-1,-1,-1
103,3,1721.51,459.93,73.65,206.57,0.6110,-1,-1,-1
103,4,1357.06,573.88,83.41,218.28,0.4881,-1,-1,-1
103,5,31.23,684.29,68.19,219.37,0.7641,-1,-1,-1
103,7,510.43,216.75,76.01,210.01,0.5130,-1,-1,-1
103,10,954.63,200.92,60.78,184.94,0.4965,-1,-1,-1
103,18,388.49,825.69,100.92,254.31,0.7944,-1,-1,-1
103,29,1166.79,155.74,75.67,167.48,0.2512,-1,-1,-1
103,30,479.31,137.87,54.16,192.83,0.2950,-1,-1,-1
103,32,683.06,185.32,75.37,173.40,0.2525,-1,-1,-1
104,0,421.13,299.28,81.32,224.29,0.7410,-1,-1,-1
104,1,102.34,543.99,73.74,250.18,0.6567,-1,-1,-1
104,2,1150.44,941.57,74.24,137.16,0.7273,-1,-1,-1
104,3,1721.42,459.18,73.57,206.81,0.6162,-1,-1,-1
104,4,1357.08,574.25,83.61,219.01,0.4486,-1,-1,-1
104,5,32.58,682.04,68.27,219.91,0.7643,-1,-1,-1
104,7,512.68,216.58,76.16,209.88,0.5278,-1,-1,-1
104,10,952.77,201.42,60.79,184.93,0.4648,-1,-1,-1
104,18,386.94,822.76,102.12,257.24,0.8052,-1,-1,-1
104,29,1164.37,154.56,74.54,166.87,0.2354,-1,-1,-1
104,30,478.88,141.42,53.46,187.85,0.2958,-1,-1,-1
104,32,683.11,185.40,74.04,171.11,0.2127,-1,-1,-1
105,0,421.61,298.26,80.39,218.98,0.7366,-1,-1,-1
105,1,102.61,544.41,73.49,249.67,0.6829,-1,-1,-1
105,2,1149.19,940.65,72.97,137.47,0.7222,-1,-1,-1
105,3,1721.49,458.79,73.89,207.03,0.6148,-1,-1,-1
105,4,1356.69,574.23,85.90,225.40,0.4627,-1,-1,-1
105,5,35.01,681.10,68.56,222.19,0.7763,-1,-1,-1
105,7,514.12,221.03,74.30,205.09,0.5061,-1,-1,-1
105,10,950.33,200.98,61.30,187.10,0.4982,-1,-1,-1
105,18,386.50,821.40,102.46,258.60,0.8103,-1,-1,-1
105,29,1162.26,154.20,74.18,167.77,0.2125,-1,-1,-1
105,30,478.98,143.29,53.18,185.17,0.3206,-1,-1,-1
105,32,682.19,183.98,75.41,175.86,0.2450,-1,-1,-1
106,0,422.23,296.97,79.91,215.54,0.7385,-1,-1,-1
106,1,103.01,545.85,73.15,248.43,0.6617,-1,-1,-1
106,2,1148.08,939.85,72.32,138.84,0.7098,-1,-1,-1
106,3,1721.37,459.75,73.80,206.74,0.6220,-1,-1,-1
106,4,1356.71,574.41,83.48,219.59,0.4964,-1,-1,-1
106,5,36.53,679.87,69.65,222.89,0.7827,-1,-1,-1
106,7,513.75,220.00,74.28,205.47,0.4992,-1,-1,-1
106,10,948.56,201.35,60.80,186.37,0.5160,-1,-1,-1
106,18,385.24,819.27,103.00,260.73,0.8043,-1,-1,-1
106,29,1160.75,153.15,73.34,168.69,0.2378,-1,-1,-1
106,30,479.29,146.42,51.53,177.39,0.2267,-1,-1,-1
106,32,682.20,182.38,75.43,177.66,0.2733,-1,-1,-1
107,0,421.46,295.65,80.52,215.61,0.7489,-1,-1,-1
107,1,103.19,546.23,73.29,248.94,0.6631,-1,-1,-1
107,2,1146.63,938.29,72.44,140.52,0.7247,-1,-1,-1
107,3,1721.16,459.62,73.98,206.80,0.6308,-1,-1,-1
107,4,1356.78,574.34,84.81,223.07,0.4665,-1,-1,-1
107,5,38.20,679.15,72.31,222.49,0.7871,-1,-1,-1
107,7,513.94,223.58,72.91,201.96,0.5120,-1,-1,-1
107,10,948.23,204.34,60.37,186.56,0.5247,-1,-1,-1
107,16,806.68,205.83,53.98,173.88,0.2426,-1,-1,-1
107,18,384.89,818.06,102.48,261.93,0.8076,-1,-1,-1
107,29,1159.33,153.61,70.75,166.69,0.2947,-1,-1,-1
107,30,479.24,145.47,50.75,172.83,0.2331,-1,-1,-1
108,0,421.18,294.27,81.22,216.59,0.7383,-1,-1,-1
108,1,103.05,545.91,73.80,250.57,0.6416,-1,-1,-1
108,2,1145.15,938.04,71.95,140.29,0.7298,-1,-1,-1
108,3,1720.96,459.10,74.16,207.16,0.6401,-1,-1,-1
108,4,1357.26,575.10,84.51,221.67,0.4991,-1,-1,-1
108,5,39.24,676.89,76.58,225.15,0.8082,-1,-1,-1
108,7,513.55,223.95,72.11,202.01,0.4524,-1,-1,-1
108,10,945.87,205.49,61.08,189.30,0.5481,-1,-1,-1
108,16,807.55,206.83,53.19,173.29,0.2274,-1,-1,-1
108,18,384.98,816.37,102.04,263.62,0.8065,-1,-1,-1
108,29,1156.77,153.17,69.08,168.95,0.3970,-1,-1,-1
108,30,478.62,146.28,52.09,175.76,0.2523,-1,-1,-1
109,0,420.34,293.96,82.06,216.48,0.7413,-1,-1,-1
109,1,102.73,545.49,73.94,251.72,0.6548,-1,-1,-1
109,2,1143.10,937.10,72.33,142.11,0.7533,-1,-1,-1
109,3,1721.45,458.67,73.64,206.37,0.6151,-1,-1,-1
109,4,1356.77,575.58,82.74,216.81,0.5245,-1,-1,-1
109,5,38.73,676.26,77.55,225.63,0.8145,-1,-1,-1
109,7,513.96,225.26,71.02,200.84,0.4467,-1,-1,-1
109,10,944.92,204.72,60.35,188.29,0.6071,-1,-1,-1
109,16,806.75,205.16,54.34,176.48,0.2184,-1,-1,-1
109,18,384.45,811.07,102.23,268.93,0.8131,-1,-1,-1
109,29,1155.86,153.16,66.70,167.60,0.3705,-1,-1,-1
109,30,479.14,146.13,51.07,169.33,0.2474,-1,-1,-1
110,0,419.88,291.41,83.56,218.97,0.7467,-1,-1,-1
110,1,102.54,544.91,74.51,254.72,0.6552,-1,-1,-1
110,2,1140.60,936.87,72.72,142.86,0.7566,-1,-1,-1
110,3,1721.27,459.39,74.05,207.83,0.6224,-1,-1,-1
110,4,1357.10,576.19,83.36,217.88,0.5024,-1,-1,-1
110,5,42.31,673.51,82.08,226.42,0.7994,-1,-1,-1
110,7,512.10,227.41,69.26,198.34,0.4354,-1,-1,-1
110,10,943.92,205.95,59.24,186.73,0.6181,-1,-1,-1
110,18,384.62,805.53,101.70,274.47,0.8169,-1,-1,-1
110,29,1153.63,150.43,67.09,172.75,0.3678,-1,-1,-1
110,30,478.97,145.46,51.51,167.88,0.2776,-1,-1,-1
111,0,419.98,288.87,84.87,222.41,0.7341,-1,-1,-1
111,1,102.25,544.72,74.37,255.38,0.6583,-1,-1,-1
111,2,1138.30,936.03,73.27,143.96,0.7606,-1,-1,-1
111,3,1721.32,456.42,74.65,210.46,0.5936,-1,-1,-1
111,4,1356.95,575.91,81.69,213.40,0.5081,-1,-1,-1
111,5,44.29,671.46,84.84,226.22,0.7702,-1,-1,-1
111,7,517.15,227.70,70.38,199.19,0.5173,-1,-1,-1
111,10,942.61,207.00,59.31,186.98,0.6484,-1,-1,-1
111,18,386.17,801.38,100.66,278.62,0.8207,-1,-1,-1
111,29,1150.34,149.81,64.93,170.71,0.3393,-1,-1,-1
111,30,478.11,147.19,53.13,170.97,0.2843,-1,-1,-1
112,0,419.17,287.83,85.07,223.11,0.7348,-1,-1,-1
112,1,102.51,544.73,73.86,254.96,0.6414,-1,-1,-1
112,2,1137.56,934.74,73.41,145.27,0.7561,-1,-1,-1
112,3,1721.59,456.44,74.53,210.73,0.6127,-1,-1,-1
112,4,1357.33,575.11,81.10,211.81,0.5605,-1,-1,-1
112,5,45.76,670.35,86.04,225.97,0.7174,-1,-1,-1
112,7,518.87,230.97,70.87,198.09,0.5553,-1,-1,-1
112,10,941.00,209.49,58.95,185.22,0.6367,-1,-1,-1
112,18,387.59,799.84,98.23,276.06,0.8148,-1,-1,-1
112,29,1149.08,149.66,63.44,169.01,0.4271,-1,-1,-1
112,30,477.99,150.17,53.69,170.50,0.2619,-1,-1,-1
113,0,420.07,287.15,85.34,224.12,0.7437,-1,-1,-1
113,1,103.35,545.59,72.72,251.87,0.6696,-1,-1,-1
113,2,1135.11,934.41,73.68,145.60,0.7561,-1,-1,-1
113,3,1722.08,460.02,73.08,205.79,0.6321,-1,-1,-1
113,4,1356.96,575.36,82.90,216.17,0.5355,-1,-1,-1
113,5,44.14,670.26,84.44,225.06,0.6615,-1,-1,-1
113,7,519.09,233.34,71.43,198.22,0.5480,-1,-1,-1
113,10,939.97,210.16,58.68,185.22,0.6518,-1,-1,-1
113,16,802.41,211.02,53.80,176.94,0.2125,-1,-1,-1
113,18,388.21,797.66,96.39,271.66,0.8059,-1,-1,-1
113,29,1146.68,150.39,62.90,167.15,0.4302,-1,-1,-1
113,30,477.23,152.42,54.80,172.11,0.2806,-1,-1,-1
114,0,420.38,286.19,85.71,223.25,0.7351,-1,-1,-1
114,1,103.49,545.48,72.43,251.26,0.6596,-1,-1,-1
114,2,1132.86,933.47,73.86,146.53,0.7547,-1,-1,-1
114,3,1721.40,456.64,74.42,210.34,0.6197,-1,-1,-1
114,4,1356.77,575.29,82.48,215.38,0.5363,-1,-1,-1
114,5,47.24,668.05,84.22,226.14,0.6566,-1,-1,-1
114,7,520.24,235.18,72.82,201.00,0.5681,-1,-1,-1
114,10,937.14,209.62,58.78,185.62,0.6028,-1,-1,-1
114,18,389.07,794.13,95.95,270.59,0.8079,-1,-1,-1
114,29,1139.64,149.88,64.48,167.26,0.3072,-1,-1,-1
114,30,477.09,154.38,56.72,176.62,0.3257,-1,-1,-1
115,0,420.63,286.80,85.94,222.44,0.7587,-1,-1,-1
115,1,103.33,545.36,72.57,253.05,0.6313,-1,-1,-1
115,2,1129.69,933.91,74.41,146.10,0.7633,-1,-1,-1
115,3,1721.50,456.76,74.58,210.82,0.6517,-1,-1,-1
115,4,1357.29,574.93,82.20,214.13,0.5490,-1,-1,-1
115,5,52.19,665.89,83.80,227.33,0.6841,-1,-1,-1
115,7,522.17,236.44,73.49,201.49,0.6077,-1,-1,-1
115,10,936.74,210.51,57.99,183.94,0.6124,-1,-1,-1
115,18,389.99,790.69,96.61,269.62,0.8049,-1,-1,-1
115,29,1130.73,148.73,67.57,169.37,0.2876,-1,-1,-1
115,30,477.24,155.14,56.77,175.65,0.3448,-1,-1,-1
116,0,419.70,285.67,86.67,223.67,0.7554,-1,-1,-1
116,1,103.31,546.36,71.05,247.78,0.5932,-1,-1,-1
116,2,1126.99,934.33,74.53,145.61,0.7660,-1,-1,-1
116,3,1721.93,460.31,73.32,206.72,0.6297,-1,-1,-1
116,4,1356.60,574.93,83.62,217.73,0.5442,-1,-1,-1
116,5,57.48,664.79,80.06,221.18,0.6925,-1,-1,-1
116,7,520.49,235.52,74.14,203.03,0.5904,-1,-1,-1
116,10,935.36,211.07,57.74,182.49,0.5616,-1,-1,-1
116,18,390.98,788.29,98.09,272.49,0.8108,-1,-1,-1
116,29,1124.92,149.54,70.09,169.27,0.3418,-1,-1,-1
116,30,476.45,153.97,57.85,177.38,0.3677,-1,-1,-1
117,0,419.83,285.27,86.79,223.92,0.7546,-1,-1,-1
117,1,103.48,545.95,70.40,245.12,0.5549,-1,-1,-1
117,2,1124.83,934.28,74.86,145.10,0.7593,-1,-1,-1
117,3,1721.63,459.70,73.52,206.63,0.6431,-1,-1,-1
117,4,1356.00,575.86,84.92,221.24,0.5567,-1,-1,-1
117,5,65.91,664.80,76.84,216.48,0.7182,-1,-1,-1
117,7,520.30,236.13,74.30,203.60,0.5523,-1,-1,-1
117,10,934.04,210.92,57.02,180.70,0.5329,-1,-1,-1
117,18,390.84,787.12,98.82,272.14,0.8087,-1,-1,-1
117,29,1117.42,147.16,74.23,172.83,0.3494,-1,-1,-1
117,30,476.77,155.99,57.85,176.60,0.2546,-1,-1,-1
117,34,625.50,751.50,57.26,167.35,0.2144,-1,-1,-1
117,35,562.87,229.44,40.40,202.44,0.2321,-1,-1,-1
118,0,420.40,284.93,86.33,223.78,0.7446,-1,-1,-1
118,1,100.97,545.17,71.56,246.50,0.5335,-1,-1,-1
118,2,1121.90,934.17,76.14,145.60,0.7776,-1,-1,-1
118,3,1721.66,459.88,73.57,206.48,0.6523,-1,-1,-1
118,4,1357.03,576.08,82.77,214.93,0.5140,-1,-1,-1
118,5,70.39,666.42,74.31,211.61,0.6107,-1,-1,-1
118,7,519.61,235.35,75.32,207.15,0.5837,-1,-1,-1
118,10,930.76,211.31,58.13,183.37,0.5609,-1,-1,-1
118,18,390.61,785.31,100.72,275.99,0.7998,-1,-1,-1
118,29,1113.70,146.78,76.77,173.30,0.3865,-1,-1,-1
118,34,625.21,749.48,57.97,169.76,0.2224,-1,-1,-1
118,35,563.58,231.07,40.59,203.19,0.2496,-1,-1,-1
119,0,420.38,284.64,85.97,223.69,0.7466,-1,-1,-1
119,1,99.68,546.20,74.13,254.74,0.5138,-1,-1,-1
119,2,1118.39,934.22,77.07,145.77,0.7949,-1,-1,-1
119,3,1721.21,459.59,74.07,206.86,0.6540,-1,-1,-1
119,4,1356.72,575.79,83.60,217.35,0.4828,-1,-1,-1
119,5,76.31,668.98,73.12,208.61,0.5400,-1,-1,-1
119,7,519.16,237.13,74.71,207.32,0.6031,-1,-1,-1
119,10,929.59,210.62,58.34,185.82,0.5357,-1,-1,-1
119,16,791.02,212.38,56.36,176.24,0.2078,-1,-1,-1
119,18,392.47,784.11,100.27,274.58,0.8012,-1,-1,-1
119,29,1110.03,145.87,79.94,174.95,0.4330,-1,-1,-1
119,30,478.36,160.56,56.15,171.35,0.3114,-1,-1,-1
119,34,625.52,750.62,57.91,169.70,0.2528,-1,-1,-1
119,35,564.41,231.73,40.15,201.03,0.2122,-1,-1,-1
120,0,420.50,284.00,85.83,224.53,0.7468,-1,-1,-1
120,1,99.28,545.54,74.83,257.01,0.5082,-1,-1,-1
120,2,1114.57,933.55,77.99,146.45,0.7978,-1,-1,-1
120,3,1721.22,459.88,74.33,206.95,0.6276,-1,-1,-1
120,4,1357.01,577.28,82.03,212.53,0.4812,-1,-1,-1
120,5,80.30,666.50,71.97,207.55,0.5924,-1,-1,-1
120,7,520.27,240.49,72.71,202.77,0.5786,-1,-1,-1
120,10,928.45,211.11,58.25,186.59,0.5363,-1,-1,-1
120,16,788.69,212.81,59.08,179.09,0.2372,-1,-1,-1
120,18,392.74,782.90,100.45,274.84,0.8033,-1,-1,-1
120,29,1107.60,146.10,81.94,174.39,0.4382,-1,-1,-1
120,30,478.88,162.25,54.02,163.77,0.2519,-1,-1,-1
120,34,625.38,750.62,57.71,169.40,0.3274,-1,-1,-1
120,35,563.39,235.55,41.04,204.49,0.2245,-1,-1,-1
121,0,420.44,281.90,85.38,225.25,0.7512,-1,-1,-1
121,1,101.07,544.73,72.40,247.01,0.4923,-1,-1,-1
121,2,1110.81,932.76,78.97,147.24,0.7761,-1,-1,-1
121,3,1721.05,456.02,75.32,211.10,0.6353,-1,-1,-1
121,4,1356.72,576.09,82.25,212.82,0.5522,-1,-1,-1
121,5,80.86,663.94,73.21,211.64,0.6927,-1,-1,-1
121,7,520.47,242.85,70.74,199.59,0.5770,-1,-1,-1
121,10,926.57,211.34,58.24,186.93,0.4909,-1,-1,-1
121,16,788.17,213.60,60.59,182.59,0.2119,-1,-1,-1
121,18,392.81,780.34,101.11,276.72,0.8022,-1,-1,-1
121,29,1105.86,145.83,82.27,173.68,0.4002,-1,-1,-1
121,30,479.29,165.59,53.84,162.99,0.3195,-1,-1,-1
121,34,625.03,750.24,57.93,170.38,0.3399,-1,-1,-1
121,35,564.41,236.20,41.23,205.00,0.2268,-1,-1,-1
122,0,421.12,281.18,84.49,223.37,0.7521,-1,-1,-1
122,1,105.50,546.27,64.38,214.44,0.4591,-1,-1,-1
122,2,1106.84,932.38,79.69,147.61,0.7837,-1,-1,-1
122,3,1720.95,459.43,74.43,207.28,0.6479,-1,-1,-1
122,4,1356.82,576.06,83.64,216.28,0.4780,-1,-1,-1
122,5,84.66,661.12,74.70,214.03,0.6641,-1,-1,-1
122,7,519.51,242.50,69.74,199.53,0.5996,-1,-1,-1
122,10,925.08,211.31,57.96,187.11,0.4256,-1,-1,-1
122,16,788.18,212.98,61.83,181.49,0.2662,-1,-1,-1
122,18,392.71,779.91,101.50,276.81,0.7995,-1,-1,-1
122,29,1105.24,145.31,82.04,173.01,0.3583,-1,-1,-1
122,30,478.97,165.82,53.55,161.23,0.2968,-1,-1,-1
122,34,625.67,750.95,57.44,168.92,0.3503,-1,-1,-1
122,35,565.18,237.44,41.81,204.96,0.3063,-1,-1,-1
123,0,422.06,280.28,83.28,220.67,0.7330,-1,-1,-1
123,1,106.06,546.28,63.70,207.55,0.4804,-1,-1,-1
123,2,1104.47,931.51,79.75,148.04,0.7825,-1,-1,-1
123,3,1721.21,458.99,74.85,207.79,0.6469,-1,-1,-1
123,4,1357.17,576.46,82.73,212.89,0.5540,-1,-1,-1
123,5,85.29,658.97,75.52,214.94,0.6610,-1,-1,-1
123,7,520.58,244.57,68.29,196.73,0.5734,-1,-1,-1
123,10,924.43,209.91,58.08,188.83,0.4608,-1,-1,-1
123,16,786.73,215.20,62.68,184.77,0.3021,-1,-1,-1
123,18,392.44,778.46,101.74,276.83,0.7933,-1,-1,-1
123,29,1104.13,144.78,81.10,172.81,0.3435,-1,-1,-1
123,30,477.99,164.38,54.63,164.05,0.2990,-1,-1,-1
123,34,625.55,752.05,57.06,167.76,0.3276,-1,-1,-1
123,35,566.25,238.38,41.94,203.22,0.2597,-1,-1,-1
124,0,422.43,279.02,82.21,217.47,0.7284,-1,-1,-1
124,1,104.77,545.26,65.79,212.39,0.3543,-1,-1,-1
124,2,1100.76,929.90,80.17,149.51,0.7832,-1,-1,-1
124,3,1721.09,459.57,74.69,206.83,0.6137,-1,-1,-1
124,4,1356.91,576.35,83.35,214.43,0.5143,-1,-1,-1
124,5,89.53,656.83,75.47,217.03,0.5096,-1,-1,-1
124,7,522.59,244.84,68.69,197.57,0.5242,-1,-1,-1
124,10,922.38,209.99,57.89,188.66,0.4639,-1,-1,-1
124,16,785.93,217.21,62.54,184.49,0.2947,-1,-1,-1
124,18,393.99,778.11,101.44,273.68,0.7934,-1,-1,-1
124,29,1101.75,143.47,79.78,172.17,0.3047,-1,-1,-1
124,30,477.83,165.62,54.83,164.52,0.2217,-1,-1,-1
124,34,625.75,752.59,56.95,167.19,0.2634,-1,-1,-1
125,0,423.15,278.33,81.01,213.53,0.7079,-1,-1,-1
125,1,104.81,545.22,65.74,210.13,0.3387,-1,-1,-1
125,2,1097.18,929.73,80.39,150.11,0.7885,-1,-1,-1
125,3,1720.70,458.12,75.19,208.73,0.6329,-1,-1,-1
125,4,1356.89,575.90,83.44,214.93,0.4869,-1,-1,-1
125,5,92.25,653.62,75.26,220.27,0.4099,-1,-1,-1
125,7,523.16,247.36,66.73,191.39,0.5251,-1,-1,-1
125,10,920.36,210.48,57.62,188.79,0.4718,-1,-1,-1
125,16,785.91,218.05,62.34,184.87,0.2718,-1,-1,-1
125,18,393.13,775.06,102.16,276.24,0.7895,-1,-1,-1
125,29,1100.73,141.80,78.81,173.40,0.3247,-1,-1,-1
125,34,625.77,752.52,57.11,167.65,0.2412,-1,-1,-1
126,0,422.28,277.41,81.41,213.56,0.7058,-1,-1,-1
126,1,109.42,543.88,56.50,173.29,0.3044,-1,-1,-1
126,2,1093.89,929.10,80.73,150.44,0.8040,-1,-1,-1
126,3,1720.33,458.49,75.18,208.87,0.6346,-1,-1,-1
126,4,1357.37,575.94,82.50,212.72,0.5259,-1,-1,-1
126,5,95.27,653.53,74.03,219.13,0.2811,-1,-1,-1
126,7,523.50,248.66,67.07,191.88,0.5492,-1,-1,-1
126,10,918.32,211.02,56.97,189.13,0.4829,-1,-1,-1
126,18,392.19,770.12,101.46,279.07,0.8007,-1,-1,-1
126,29,1098.55,140.88,76.10,172.49,0.3627,-1,-1,-1
126,34,626.05,751.70,57.05,167.53,0.2782,-1,-1,-1
127,0,422.46,276.97,81.15,213.48,0.6877,-1,-1,-1
127,1,111.18,543.72,53.65,158.05,0.2618,-1,-1,-1
127,2,1091.01,929.07,81.63,150.91,0.8076,-1,-1,-1
127,3,1720.98,459.03,74.73,207.55,0.6575,-1,-1,-1
127,4,1357.48,576.61,82.77,213.51,0.5202,-1,-1,-1
127,5,90.06,569.48,97.16,297.45,0.3014,-1,-1,-1
127,7,524.34,251.80,66.24,188.80,0.5626,-1,-1,-1
127,10,917.10,210.92,56.48,189.17,0.4226,-1,-1,-1
127,18,392.90,765.54,98.93,276.60,0.7937,-1,-1,-1
127,29,1097.28,140.87,73.41,172.73,0.3619,-1,-1,-1
127,34,625.73,751.91,57.09,167.14,0.2337,-1,-1,-1
128,0,422.16,276.42,80.78,213.15,0.6688,-1,-1,-1
128,1,110.33,543.60,55.23,154.48,0.3952,-1,-1,-1
128,2,1087.56,928.12,81.71,151.51,0.7922,-1,-1,-1
128,3,1721.25,459.23,74.75,207.05,0.6282,-1,-1,-1
128,4,1357.15,576.72,83.19,214.74,0.5055,-1,-1,-1
128,5,103.03,628.93,79.19,242.89,0.2230,-1,-1,-1
128,7,524.60,254.33,65.98,188.43,0.5367,-1,-1,-1
128,10,914.15,212.19,56.41,189.64,0.4353,-1,-1,-1
128,18,393.18,760.96,98.44,276.15,0.7918,-1,-1,-1
128,29,1095.04,140.65,71.03,172.38,0.3974,-1,-1,-1
128,34,625.29,751.31,57.01,167.00,0.2329,-1,-1,-1
129,0,418.89,275.70,81.76,216.49,0.6899,-1,-1,-1
129,2,1085.50,927.66,81.50,151.77,0.7887,-1,-1,-1
129,3,1720.95,458.39,74.64,206.49,0.6354,-1,-1,-1
129,4,1361.16,575.89,84.10,220.39,0.4777,-1,-1,-1
129,5,100.15,556.32,79.96,248.84,0.3534,-1,-1,-1
129,7,524.33,255.23,66.43,191.90,0.5923,-1,-1,-1
129,10,911.97,213.13,55.97,187.62,0.4731,-1,-1,-1
129,18,395.22,756.35,95.95,270.90,0.7937,-1,-1,-1
129,29,1092.43,138.73,69.49,171.81,0.2980,-1,-1,-1
129,34,625.30,752.14,56.91,166.95,0.2956,-1,-1,-1
129,35,577.23,232.37,41.46,189.98,0.2358,-1,-1,-1
130,0,418.41,273.97,82.12,218.51,0.7042,-1,-1,-1
130,2,1082.13,926.89,81.85,152.24,0.7803,-1,-1,-1
130,3,1721.13,458.37,74.94,207.74,0.6125,-1,-1,-1
130,4,1359.31,575.57,83.28,218.15,0.4890,-1,-1,-1
130,5,100.55,544.18,77.21,245.79,0.5555,-1,-1,-1
130,7,525.14,257.52,65.73,193.08,0.5550,-1,-1,-1
130,10,907.71,214.34,57.07,186.67,0.4832,-1,-1,-1
130,16,778.75,226.63,61.17,179.92,0.2189,-1,-1,-1
130,18,396.87,754.28,93.66,264.85,0.7504,-1,-1,-1
130,29,1089.75,138.27,69.17,173.98,0.2545,-1,-1,-1
130,34,625.22,752.10,56.71,166.06,0.3088,-1,-1,-1
130,35,577.70,234.31,43.46,191.35,0.2463,-1,-1,-1
131,0,419.30,272.89,81.71,219.11,0.6626,-1,-1,-1
131,2,1080.54,926.88,81.05,151.24,0.7587,-1,-1,-1
131,3,1721.15,459.05,74.60,207.09,0.6176,-1,-1,-1
131,4,1360.34,576.67,81.91,214.80,0.5041,-1,-1,-1
131,5,101.46,542.45,75.23,244.68,0.6451,-1,-1,-1
131,7,525.21,257.52,66.64,199.31,0.5050,-1,-1,-1
131,10,904.03,214.27,58.42,186.44,0.4995,-1,-1,-1
131,16,779.26,233.31,60.31,177.99,0.2186,-1,-1,-1
131,18,396.10,752.36,93.13,263.27,0.7422,-1,-1,-1
131,29,1086.75,138.00,68.14,174.15,0.2677,-1,-1,-1
131,34,625.59,753.82,56.20,164.26,0.2823,-1,-1,-1
131,35,577.92,235.60,44.79,190.00,0.2521,-1,-1,-1
132,0,418.98,273.00,81.64,219.39,0.6495,-1,-1,-1
132,2,1079.78,927.57,80.78,150.73,0.7711,-1,-1,-1
132,3,1721.23,459.28,74.50,207.02,0.6174,-1,-1,-1
132,4,1359.39,576.25,81.94,215.10,0.5141,-1,-1,-1
132,5,101.96,542.98,75.23,246.22,0.5842,-1,-1,-1
132,7,526.85,253.28,67.46,204.93,0.5009,-1,-1,-1
132,10,903.18,213.20,60.27,187.64,0.4835,-1,-1,-1
132,18,393.72,750.10,94.11,265.77,0.7529,-1,-1,-1
132,29,1086.27,139.44,65.23,170.27,0.3921,-1,-1,-1
132,34,625.21,752.89,57.09,166.23,0.2317,-1,-1,-1
132,35,579.84,245.14,44.20,180.11,0.3107,-1,-1,-1
133,0,418.44,272.01,81.72,219.81,0.6420,-1,-1,-1
133,2,1078.10,927.65,80.84,150.90,0.7793,-1,-1,-1
133,3,1720.99,458.81,74.45,206.67,0.6036,-1,-1,-1
133,4,1358.73,576.72,81.96,214.03,0.4921,-1,-1,-1
133,5,102.28,543.18,75.10,246.09,0.5375,-1,-1,-1
133,7,527.70,252.96,66.74,207.14,0.5161,-1,-1,-1
133,10,902.23,210.94,62.48,191.40,0.4768,-1,-1,-1
133,18,391.43,748.97,95.41,265.52,0.7542,-1,-1,-1
133,29,1081.06,139.87,64.16,169.65,0.3848,-1,-1,-1
133,34,624.62,752.73,57.69,167.59,0.2527,-1,-1,-1
133,35,579.38,247.54,46.20,181.13,0.3166,-1,-1,-1
134,0,418.18,272.86,81.32,218.64,0.6426,-1,-1,-1
134,2,1075.65,927.15,80.00,150.71,0.7850,-1,-1,-1
134,3,1720.94,459.56,74.44,206.93,0.5937,-1,-1,-1
134,4,1358.77,575.81,83.02,216.57,0.4819,-1,-1,-1
134,5,104.07,543.76,72.90,236.12,0.5149,-1,-1,-1
134,7,528.27,255.21,64.17,203.85,0.5157,-1,-1,-1
134,10,900.70,211.73,62.86,190.35,0.4615,-1,-1,-1
134,18,389.88,748.07,96.78,265.97,0.7698,-1,-1,-1
134,29,1075.85,139.45,65.47,171.44,0.4332,-1,-1,-1
134,34,624.68,753.07,57.75,167.46,0.2438,-1,-1,-1
134,35,578.45,246.64,48.26,183.42,0.4136,-1,-1,-1
134,36,825.31,247.53,61.92,166.69,0.2413,-1,-1,-1
135,0,416.61,271.24,82.05,219.30,0.6417,-1,-1,-1
135,2,1074.38,926.39,80.01,151.73,0.7817,-1,-1,-1
135,3,1720.41,458.50,74.82,207.72,0.5994,-1,-1,-1
135,4,1358.55,575.88,83.48,217.25,0.5092,-1,-1,-1
135,5,102.77,542.02,75.37,241.47,0.6190,-1,-1,-1
135,7,528.15,258.73,62.64,202.98,0.5556,-1,-1,-1
135,10,899.91,210.95,63.66,191.42,0.4350,-1,-1,-1
135,18,389.18,745.71,97.93,268.55,0.7788,-1,-1,-1
135,29,1065.41,140.23,68.99,172.43,0.4568,-1,-1,-1
135,34,624.97,753.30,57.47,166.56,0.2430,-1,-1,-1
135,35,578.34,247.16,49.59,184.40,0.4340,-1,-1,-1
135,36,824.29,247.18,62.31,167.64,0.2324,-1,-1,-1
136,0,417.14,270.77,81.68,218.56,0.6724,-1,-1,-1
136,2,1072.62,926.84,78.47,150.60,0.7888,-1,-1,-1
136,3,1720.93,458.77,74.84,208.18,0.6121,-1,-1,-1
136,4,1360.92,576.81,84.43,220.57,0.4843,-1,-1,-1
136,5,102.15,543.16,74.79,239.07,0.6223,-1,-1,-1
136,7,528.11,258.84,61.45,202.70,0.5589,-1,-1,-1
136,10,897.99,211.96,63.08,189.59,0.4134,-1,-1,-1
136,16,773.71,238.20,59.26,177.56,0.2102,-1,-1,-1
136,18,386.62,745.26,99.56,268.41,0.7918,-1,-1,-1
136,29,1054.87,140.58,74.35,170.83,0.5634,-1,-1,-1
136,35,577.61,249.81,50.54,185.34,0.5027,-1,-1,-1
136,36,822.12,247.40,60.90,164.12,0.2851,-1,-1,-1
137,0,416.16,268.90,82.05,219.19,0.6636,-1,-1,-1
137,2,1071.18,927.32,77.72,149.83,0.7951,-1,-1,-1
137,3,1721.03,457.48,75.06,208.98,0.6079,-1,-1,-1
137,4,1363.38,577.59,83.08,219.12,0.4571,-1,-1,-1
137,5,100.56,544.15,73.55,236.93,0.5724,-1,-1,-1
137,7,529.38,255.93,60.73,205.08,0.5878,-1,-1,-1
137,10,895.63,211.09,63.26,191.26,0.4159,-1,-1,-1
137,16,772.56,240.15,58.52,177.55,0.2320,-1,-1,-1
137,18,385.00,744.87,100.72,268.36,0.7897,-1,-1,-1
137,29,1049.56,138.99,78.99,171.50,0.5818,-1,-1,-1
137,30,476.73,184.45,55.37,165.47,0.2071,-1,-1,-1
137,35,576.79,250.73,51.38,185.31,0.4581,-1,-1,-1
137,36,819.01,249.18,61.30,165.26,0.3117,-1,-1,-1
138,0,416.02,267.67,82.08,219.48,0.6922,-1,-1,-1
138,2,1069.73,927.64,77.17,149.64,0.7898,-1,-1,-1
138,3,1720.93,457.72,75.07,209.13,0.6051,-1,-1,-1
138,4,1363.27,577.16,83.36,221.70,0.4475,-1,-1,-1
138,5,99.66,544.72,72.07,236.64,0.5974,-1,-1,-1
138,7,530.45,255.91,58.86,203.05,0.5918,-1,-1,-1
138,10,892.95,212.11,58.88,180.93,0.4602,-1,-1,-1
138,16,773.67,244.47,56.29,173.66,0.2516,-1,-1,-1
138,18,383.96,744.77,101.51,267.77,0.7893,-1,-1,-1
138,29,1045.59,140.43,82.42,170.03,0.6013,-1,-1,-1
138,35,576.54,251.15,51.93,184.56,0.4441,-1,-1,-1
138,36,818.93,249.11,60.25,162.76,0.2929,-1,-1,-1
139,0,415.23,266.05,82.28,220.85,0.6406,-1,-1,-1
139,2,1068.42,927.36,76.53,149.20,0.7876,-1,-1,-1
139,3,1720.76,457.74,75.15,209.17,0.6233,-1,-1,-1
139,4,1361.97,576.39,84.20,223.99,0.4683,-1,-1,-1
139,5,99.74,544.93,71.23,238.19,0.6166,-1,-1,-1
139,7,531.07,258.81,57.46,200.51,0.5747,-1,-1,-1
139,10,892.14,210.21,61.28,189.70,0.5239,-1,-1,-1
139,18,383.21,744.51,101.74,267.00,0.7959,-1,-1,-1
139,29,1043.99,140.60,84.98,170.88,0.5912,-1,-1,-1
139,34,624.45,752.67,58.26,168.13,0.2276,-1,-1,-1
139,35,576.24,251.09,52.47,183.82,0.4394,-1,-1,-1
139,36,817.66,248.49,61.61,168.18,0.2952,-1,-1,-1
139,37,145.48,636.37,75.63,207.87,0.4477,-1,-1,-1
140,0,416.76,267.35,80.63,217.26,0.6140,-1,-1,-1
140,2,1066.74,926.36,76.61,149.70,0.7917,-1,-1,-1
140,3,1720.89,458.33,75.03,208.70,0.6352,-1,-1,-1
140,4,1360.36,576.95,81.53,214.40,0.5493,-1,-1,-1
140,5,99.91,544.83,70.15,239.35,0.6185,-1,-1,-1
140,7,531.16,258.17,57.64,202.72,0.6024,-1,-1,-1
140,10,887.43,210.10,58.19,183.45,0.4706,-1,-1,-1
140,16,772.19,242.56,56.14,174.23,0.2024,-1,-1,-1
140,18,383.91,741.61,101.82,267.32,0.7963,-1,-1,-1
140,29,1042.10,140.75,86.47,171.17,0.5768,-1,-1,-1
140,34,624.64,751.98,58.21,167.83,0.2752,-1,-1,-1
140,35,578.81,251.96,51.96,180.56,0.4521,-1,-1,-1
140,36,817.20,249.13,61.39,168.41,0.3097,-1,-1,-1
140,37,150.15,633.93,76.54,206.50,0.4220,-1,-1,-1
141,0,416.43,265.19,80.33,216.88,0.6318,-1,-1,-1
141,2,1064.36,924.98,76.94,151.60,0.7871,-1,-1,-1
141,3,1721.13,458.32,74.83,207.99,0.6219,-1,-1,-1
141,4,1359.27,575.73,82.94,216.28,0.4985,-1,-1,-1
141,5,100.96,545.50,69.37,240.51,0.6445,-1,-1,-1
141,7,531.21,258.01,57.10,202.02,0.6032,-1,-1,-1
141,10,884.54,209.57,58.39,187.19,0.5441,-1,-1,-1
141,16,772.87,245.78,55.01,172.83,0.2441,-1,-1,-1
141,18,384.26,739.43,101.11,267.41,0.7963,-1,-1,-1
141,29,1041.76,140.36,86.03,170.31,0.5570,-1,-1,-1
141,30,477.83,184.17,57.44,172.07,0.2175,-1,-1,-1
141,34,624.54,752.15,58.15,167.92,0.2593,-1,-1,-1
141,35,579.34,249.72,52.58,183.71,0.4784,-1,-1,-1
141,36,816.51,248.59,61.13,169.23,0.3833,-1,-1,-1
141,37,150.02,629.30,79.39,207.84,0.5908,-1,-1,-1
142,0,416.40,264.24,79.82,216.58,0.6327,-1,-1,-1
142,2,1063.44,924.63,75.94,152.82,0.7774,-1,-1,-1
142,3,1721.57,459.10,74.58,206.99,0.6235,-1,-1,-1
142,4,1358.65,575.80,84.11,217.84,0.4819,-1,-1,-1
142,5,102.34,545.67,68.86,241.73,0.6580,-1,-1,-1
142,7,531.18,257.18,57.07,203.10,0.5994,-1,-1,-1
142,10,881.66,208.49,57.72,187.37,0.5159,-1,-1,-1
142,16,772.92,246.44,54.03,172.46,0.2225,-1,-1,-1
142,18,385.66,737.19,99.60,268.29,0.7917,-1,-1,-1
142,29,1040.20,140.55,85.69,169.09,0.5949,-1,-1,-1
142,30,479.77,187.83,56.67,167.92,0.2162,-1,-1,-1
142,34,624.28,752.04,58.43,168.45,0.3324,-1,-1,-1
142,35,580.97,250.03,52.27,182.54,0.4965,-1,-1,-1
142,36,816.54,250.77,60.00,168.06,0.2921,-1,-1,-1
142,37,151.44,628.74,79.28,205.05,0.5432,-1,-1,-1
143,0,414.06,259.26,80.92,221.50,0.6328,-1,-1,-1
143,2,1062.09,923.49,74.83,153.14,0.7622,-1,-1,-1
143,3,1721.40,459.16,74.64,206.96,0.6333,-1,-1,-1
143,4,1358.58,575.79,84.42,217.81,0.4816,-1,-1,-1
143,5,103.13,545.20,68.25,241.17,0.6746,-1,-1,-1
143,7,530.56,257.43,56.87,203.00,0.5946,-1,-1,-1
143,10,879.51,206.91,57.43,188.97,0.4785,-1,-1,-1
143,18,387.37,734.35,97.05,265.63,0.8025,-1,-1,-1
143,29,1039.67,138.00,85.87,171.54,0.5702,-1,-1,-1
143,30,479.53,189.23,57.41,168.95,0.2482,-1,-1,-1
143,34,624.79,752.44,58.49,168.47,0.2841,-1,-1,-1
143,35,581.44,247.85,53.39,186.43,0.4530,-1,-1,-1
143,37,151.38,629.35,82.01,208.09,0.6519,-1,-1,-1
144,0,414.76,259.29,79.72,217.74,0.6323,-1,-1,-1
144,2,1060.73,923.05,73.55,153.59,0.7572,-1,-1,-1
144,3,1721.58,459.70,74.64,207.01,0.6214,-1,-1,-1
144,4,1358.98,575.94,84.46,217.20,0.4981,-1,-1,-1
144,5,103.38,545.58,68.19,241.00,0.6866,-1,-1,-1
144,7,530.69,259.56,57.01,202.79,0.6042,-1,-1,-1
144,10,877.51,206.75,57.37,188.78,0.4732,-1,-1,-1
144,16,770.77,245.52,55.38,178.93,0.2004,-1,-1,-1
144,18,388.79,731.01,94.85,261.86,0.7948,-1,-1,-1
144,29,1038.14,136.71,85.03,171.90,0.4549,-1,-1,-1
144,30,479.03,185.60,59.04,175.02,0.3204,-1,-1,-1
144,34,624.76,753.35,58.59,168.64,0.2193,-1,-1,-1
144,35,583.19,252.06,53.18,183.46,0.4934,-1,-1,-1
144,37,153.44,630.62,81.66,207.23,0.6813,-1,-1,-1
145,0,416.55,259.67,77.48,211.25,0.6204,-1,-1,-1
145,2,1059.04,922.82,71.77,153.82,0.7582,-1,-1,-1
145,3,1721.48,459.32,74.43,206.63,0.6099,-1,-1,-1
145,4,1358.68,576.04,83.63,214.30,0.5396,-1,-1,-1
145,5,103.95,545.61,68.80,242.68,0.7088,-1,-1,-1
145,7,529.61,259.36,56.92,202.60,0.5953,-1,-1,-1
145,10,874.41,207.24,57.73,186.13,0.5442,-1,-1,-1
145,16,769.67,246.78,55.38,179.84,0.2080,-1,-1,-1
145,18,392.15,729.51,92.02,256.13,0.7985,-1,-1,-1
145,29,1034.99,136.34,82.94,171.87,0.4216,-1,-1,-1
145,30,479.02,188.21,59.14,176.12,0.2126,-1,-1,-1
145,34,624.51,754.22,58.28,167.65,0.2221,-1,-1,-1
145,35,583.88,252.53,53.65,183.89,0.5289,-1,-1,-1
145,37,155.38,627.50,81.31,211.98,0.7007,-1,-1,-1
146,0,413.60,253.33,79.23,218.40,0.6393,-1,-1,-1
146,2,1056.30,921.70,71.08,156.81,0.7412,-1,-1,-1
146,3,1721.64,459.52,74.62,207.53,0.6137,-1,-1,-1
146,4,1357.86,575.40,85.01,217.82,0.5126,-1,-1,-1
146,5,104.01,545.88,69.02,242.47,0.7156,-1,-1,-1
146,7,530.23,259.24,57.52,204.75,0.5935,-1,-1,-1
146,10,873.21,206.49,57.93,185.51,0.4901,-1,-1,-1
146,18,393.73,726.36,90.64,251.63,0.7770,-1,-1,-1
146,29,1033.57,136.31,79.44,171.17,0.4843,-1,-1,-1
146,34,624.21,754.20,58.55,168.13,0.2747,-1,-1,-1
146,35,584.46,254.07,54.19,186.65,0.5108,-1,-1,-1
146,37,157.00,624.44,80.39,214.38,0.7110,-1,-1,-1
147,0,413.69,253.01,79.07,219.31,0.6465,-1,-1,-1
147,2,1054.18,921.09,69.02,157.60,0.7264,-1,-1,-1
147,3,1721.61,458.89,74.65,207.35,0.6268,-1,-1,-1
147,4,1358.22,574.51,84.84,217.60,0.5407,-1,-1,-1
147,5,104.40,546.10,68.93,241.04,0.7131,-1,-1,-1
147,7,529.89,260.11,57.67,206.36,0.6095,-1,-1,-1
147,10,871.22,205.77,58.54,185.19,0.4783,-1,-1,-1
147,16,765.47,247.36,56.12,179.75,0.2195,-1,-1,-1
147,18,394.05,718.88,91.89,256.07,0.7796,-1,-1,-1
147,29,1032.69,135.33,76.33,171.13,0.4764,-1,-1,-1
147,30,480.05,193.34,57.83,172.53,0.2089,-1,-1,-1
147,34,624.58,753.40,58.36,167.42,0.2703,-1,-1,-1
147,35,584.78,254.89,54.60,188.34,0.5380,-1,-1,-1
147,37,158.74,620.12,79.53,216.23,0.6894,-1,-1,-1
148,0,413.62,252.72,78.89,219.28,0.6339,-1,-1,-1
148,2,1052.99,919.48,67.06,157.33,0.7273,-1,-1,-1
148,3,1721.37,458.38,75.06,208.72,0.6466,-1,-1,-1
148,4,1357.68,575.31,84.19,216.24,0.5588,-1,-1,-1
148,5,104.22,545.43,69.56,241.78,0.7135,-1,-1,-1
148,7,530.75,261.48,58.17,206.99,0.5946,-1,-1,-1
148,10,868.00,204.67,60.99,191.81,0.4446,-1,-1,-1
148,16,763.76,248.70,57.04,180.67,0.2033,-1,-1,-1
148,18,394.75,716.97,91.94,255.53,0.7777,-1,-1,-1
148,29,1030.25,134.85,73.32,171.29,0.4424,-1,-1,-1
148,34,624.44,753.25,58.04,166.70,0.2794,-1,-1,-1
148,35,585.47,255.57,54.66,188.89,0.4954,-1,-1,-1
148,37,162.52,616.66,78.13,215.34,0.7078,-1,-1,-1
149,0,416.11,256.88,76.93,213.61,0.6248,-1,-1,-1
149,2,1052.34,918.14,66.15,158.97,0.7264,-1,-1,-1
149,3,1721.01,458.92,74.58,207.52,0.6218,-1,-1,-1
149,4,1358.18,575.39,84.04,215.38,0.5452,-1,-1,-1
149,5,104.22,545.67,69.70,241.34,0.7151,-1,-1,-1
149,7,531.57,263.28,58.26,206.07,0.6301,-1,-1,-1
149,10,866.08,204.39,61.39,192.81,0.4432,-1,-1,-1
149,16,763.48,249.40,57.53,181.65,0.2087,-1,-1,-1
149,18,396.03,712.56,93.53,260.33,0.7879,-1,-1,-1
149,29,1028.90,135.46,70.20,169.30,0.3608,-1,-1,-1
149,34,624.58,751.85,58.30,167.04,0.3254,-1,-1,-1
149,35,586.26,256.25,54.93,189.91,0.4500,-1,-1,-1
149,37,166.43,614.69,76.36,214.59,0.6958,-1,-1,-1
150,0,416.49,256.80,76.82,213.22,0.6198,-1,-1,-1
150,2,1050.20,916.27,65.39,161.70,0.7368,-1,-1,-1
150,3,1721.11,458.52,74.77,208.19,0.6385,-1,-1,-1
150,4,1357.34,574.90,84.91,217.19,0.5402,-1,-1,-1
150,5,103.75,545.52,70.32,242.91,0.7131,-1,-1,-1
150,7,531.02,265.26,58.42,207.58,0.6155,-1,-1,-1
150,10,866.14,205.34,61.62,192.71,0.4056,-1,-1,-1
150,16,764.26,251.08,58.06,183.64,0.2438,-1,-1,-1
150,18,395.39,710.71,95.48,263.22,0.7855,-1,-1,-1
150,29,1027.35,134.37,68.53,172.11,0.4901,-1,-1,-1
150,34,624.96,751.69,58.03,166.93,0.3234,-1,-1,-1
150,35,587.03,256.94,55.18,190.63,0.4352,-1,-1,-1
150,37,171.72,613.74,73.48,213.47,0.6570,-1,-1,-1
151,0,416.38,255.87,76.81,214.41,0.6157,-1,-1,-1
151,2,1049.50,913.48,64.60,164.01,0.7371,-1,-1,-1
151,3,1721.52,458.35,74.18,207.52,0.6249,-1,-1,-1
151,4,1361.54,574.08,85.49,223.70,0.4863,-1,-1,-1
151,5,103.63,546.68,70.74,243.34,0.7216,-1,-1,-1
151,7,530.42,266.21,58.31,209.38,0.6117,-1,-1,-1
151,10,865.06,205.19,61.41,191.15,0.4592,-1,-1,-1
151,18,396.31,710.38,95.64,263.37,0.7809,-1,-1,-1
151,29,1025.24,132.39,66.90,173.58,0.4879,-1,-1,-1
151,34,625.01,751.24,57.95,167.12,0.3577,-1,-1,-1
151,35,587.89,259.73,55.18,190.71,0.4180,-1,-1,-1
151,37,178.78,611.75,72.69,215.03,0.6707,-1,-1,-1
152,0,416.74,255.11,76.74,215.30,0.6061,-1,-1,-1
152,2,1048.06,913.40,63.39,164.60,0.7421,-1,-1,-1
152,3,1721.51,458.06,74.33,208.49,0.6152,-1,-1,-1
152,4,1360.53,576.59,81.98,214.34,0.5299,-1,-1,-1
152,5,103.35,546.93,71.14,242.72,0.7175,-1,-1,-1
152,7,530.82,271.81,56.63,205.63,0.5926,-1,-1,-1
152,10,864.10,205.80,61.44,190.22,0.5191,-1,-1,-1
152,18,397.14,708.17,96.69,264.77,0.7669,-1,-1,-1
152,29,1022.21,130.36,65.61,172.61,0.4077,-1,-1,-1
152,34,624.39,751.69,57.51,166.43,0.4327,-1,-1,-1
152,35,588.66,260.85,55.34,191.13,0.4119,-1,-1,-1
152,37,180.75,610.31,71.52,216.38,0.6899,-1,-1,-1
152,41,791.29,147.66,58.74,146.99,0.2314,-1,-1,-1
153,0,416.48,254.20,76.38,215.72,0.5831,-1,-1,-1
153,2,1046.32,912.19,63.05,166.69,0.7304,-1,-1,-1
153,3,1721.32,457.48,74.40,209.04,0.6099,-1,-1,-1
153,4,1359.81,575.56,82.07,215.46,0.5163,-1,-1,-1
153,5,103.43,547.90,71.65,245.19,0.7265,-1,-1,-1
153,7,531.33,275.27,55.43,201.90,0.5870,-1,-1,-1
153,10,862.70,204.84,62.15,191.46,0.4964,-1,-1,-1
153,18,397.45,709.05,97.47,264.17,0.7589,-1,-1,-1
153,29,1020.59,131.71,64.31,170.99,0.4118,-1,-1,-1
153,34,624.62,751.26,57.11,166.79,0.4101,-1,-1,-1
153,35,591.30,266.87,53.35,184.16,0.3229,-1,-1,-1
153,37,184.22,610.61,70.59,215.29,0.7364,-1,-1,-1
154,0,414.79,253.09,76.53,216.83,0.6003,-1,-1,-1
154,2,1045.37,911.66,62.25,167.57,0.7146,-1,-1,-1
154,3,1721.63,459.68,73.53,206.44,0.5869,-1,-1,-1
154,4,1359.80,576.44,82.02,215.44,0.5207,-1,-1,-1
154,5,103.71,547.11,71.69,246.05,0.7199,-1,-1,-1
154,7,532.41,277.20,54.85,200.09,0.5632,-1,-1,-1
154,10,861.08,205.24,62.54,191.32,0.5085,-1,-1,-1
154,18,397.94,709.07,98.31,263.20,0.7634,-1,-1,-1
154,29,1016.22,131.64,64.37,171.69,0.3510,-1,-1,-1
154,34,624.95,751.80,57.37,167.34,0.3307,-1,-1,-1
154,35,593.38,270.44,53.32,183.21,0.2580,-1,-1,-1
154,37,187.38,610.92,69.64,213.66,0.7530,-1,-1,-1
155,0,414.85,251.67,76.48,218.49,0.6029,-1,-1,-1
155,2,1043.98,911.17,61.50,167.75,0.7279,-1,-1,-1
155,3,1722.23,459.20,73.41,206.70,0.5962,-1,-1,-1
155,4,1359.97,576.36,81.51,213.17,0.5691,-1,-1,-1
155,5,102.79,545.67,72.01,247.69,0.6968,-1,-1,-1
155,7,533.17,278.88,54.55,198.07,0.5144,-1,-1,-1
155,10,859.13,205.22,62.77,189.39,0.5120,-1,-1,-1
155,18,398.70,706.03,100.22,265.97,0.7629,-1,-1,-1
155,29,1006.20,132.67,66.47,172.65,0.3938,-1,-1,-1
155,34,625.19,751.50,56.91,166.64,0.3380,-1,-1,-1
155,35,594.22,271.46,53.54,183.68,0.2243,-1,-1,-1
155,37,192.02,610.90,68.58,213.08,0.7611,-1,-1,-1
156,0,416.52,251.52,75.12,214.77,0.6179,-1,-1,-1
156,2,1042.26,910.57,61.59,169.37,0.7072,-1,-1,-1
156,3,1722.37,459.64,73.11,205.78,0.5857,-1,-1,-1
156,4,1358.33,578.62,81.27,211.79,0.5199,-1,-1,-1
156,5,102.64,545.40,71.96,247.30,0.6976,-1,-1,-1
156,7,533.17,275.21,55.55,200.96,0.4659,-1,-1,-1
156,10,857.73,204.28,63.34,187.85,0.5456,-1,-1,-1
156,16,762.75,254.74,59.22,183.94,0.2324,-1,-1,-1
156,18,398.52,702.59,100.61,266.98,0.7607,-1,-1,-1
156,29,998.72,133.66,68.57,171.72,0.4380,-1,-1,-1
156,34,625.27,749.94,57.72,169.22,0.2774,-1,-1,-1
156,37,194.41,608.99,68.38,213.96,0.7525,-1,-1,-1
156,45,1263.50,173.34,101.99,151.19,0.3092,-1,-1,-1
157,0,416.55,251.76,74.47,213.03,0.6182,-1,-1,-1
157,2,1041.11,910.06,61.09,169.43,0.7011,-1,-1,-1
157,3,1722.58,460.07,72.93,205.55,0.5926,-1,-1,-1
157,4,1357.93,578.79,81.28,210.59,0.5215,-1,-1,-1
157,5,102.87,545.71,71.97,247.00,0.6958,-1,-1,-1
157,7,533.37,274.36,55.43,199.45,0.4364,-1,-1,-1
157,10,857.50,203.15,63.34,184.87,0.5671,-1,-1,-1
157,16,761.28,252.99,59.30,181.46,0.2975,-1,-1,-1
157,18,399.72,704.89,99.72,264.10,0.7720,-1,-1,-1
157,29,993.46,133.84,71.09,171.54,0.4656,-1,-1,-1
157,34,624.61,748.08,58.05,170.78,0.3370,-1,-1,-1
157,37,196.69,608.36,67.95,214.64,0.7420,-1,-1,-1
158,0,417.26,249.35,75.53,215.43,0.6446,-1,-1,-1
158,2,1039.43,909.70,61.72,170.28,0.7158,-1,-1,-1
158,3,1722.24,459.92,73.37,206.55,0.6106,-1,-1,-1
158,4,1357.80,577.49,81.68,210.62,0.5366,-1,-1,-1
158,5,102.66,546.27,71.87,246.19,0.6986,-1,-1,-1
158,7,532.33,272.52,56.45,200.23,0.4534,-1,-1,-1
158,10,855.38,201.38,64.30,184.43,0.5558,-1,-1,-1
158,18,398.83,704.61,98.65,261.68,0.7844,-1,-1,-1
158,29,991.59,132.67,72.82,172.18,0.3917,-1,-1,-1
158,34,625.05,749.24,57.82,170.43,0.2823,-1,-1,-1
158,35,596.32,270.69,53.99,184.75,0.2017,-1,-1,-1
158,37,197.63,606.90,66.90,212.86,0.7153,-1,-1,-1
159,0,418.42,249.97,74.75,212.26,0.6106,-1,-1,-1
159,2,1037.55,908.68,61.79,170.55,0.6983,-1,-1,-1
159,3,1722.58,461.50,72.91,204.72,0.6000,-1,-1,-1
159,4,1357.42,578.37,82.76,212.37,0.5145,-1,-1,-1
159,5,102.66,546.28,71.98,246.52,0.6950,-1,-1,-1
159,7,531.17,279.39,56.34,194.84,0.4321,-1,-1,-1
159,10,852.83,200.30,66.64,188.93,0.5482,-1,-1,-1
159,16,757.68,251.55,61.10,187.18,0.2071,-1,-1,-1
159,18,400.19,703.23,95.79,260.12,0.7611,-1,-1,-1
159,29,988.78,133.14,74.07,171.41,0.4133,-1,-1,-1
159,34,625.33,749.99,56.47,167.25,0.2666,-1,-1,-1
159,35,598.80,271.60,54.36,183.10,0.2183,-1,-1,-1
159,37,199.29,604.42,66.57,212.69,0.6951,-1,-1,-1
160,0,418.28,247.77,75.16,214.23,0.6440,-1,-1,-1
160,2,1036.72,908.87,61.69,171.10,0.6799,-1,-1,-1
160,3,1721.85,461.36,73.08,204.74,0.5705,-1,-1,-1
160,4,1357.64,579.31,84.89,217.36,0.4776,-1,-1,-1
160,5,102.48,546.84,71.87,246.23,0.6985,-1,-1,-1
160,7,530.62,285.54,56.77,190.22,0.4709,-1,-1,-1
160,10,851.80,198.78,67.94,192.17,0.5134,-1,-1,-1
160,16,755.65,250.37,62.30,190.94,0.2295,-1,-1,-1
160,18,401.07,697.73,93.78,256.82,0.7656,-1,-1,-1
160,29,985.58,132.59,75.46,170.09,0.4722,-1,-1,-1
160,34,625.63,749.90,56.00,166.59,0.2948,-1,-1,-1
160,35,599.43,272.20,54.86,181.77,0.2070,-1,-1,-1
160,37,200.48,602.39,66.90,215.52,0.7002,-1,-1,-1
161,0,418.64,246.87,74.88,211.78,0.6232,-1,-1,-1
161,2,1034.07,908.19,62.26,171.81,0.6929,-1,-1,-1
161,3,1721.86,460.92,73.45,205.83,0.5775,-1,-1,-1
161,4,1357.38,579.82,84.63,216.55,0.5265,-1,-1,-1
161,5,102.31,546.65,72.12,247.22,0.6866,-1,-1,-1
161,7,530.57,287.42,58.55,190.48,0.4184,-1,-1,-1
161,10,851.14,196.53,68.00,191.38,0.4850,-1,-1,-1
161,16,753.30,250.87,63.31,193.99,0.2513,-1,-1,-1
161,18,402.08,692.00,91.86,252.76,0.7744,-1,-1,-1
161,29,984.39,132.51,76.82,170.38,0.4897,-1,-1,-1
161,34,625.92,747.74,56.83,170.00,0.2811,-1,-1,-1
161,35,601.07,274.45,54.49,179.34,0.2009,-1,-1,-1
161,36,801.98,270.72,59.73,178.78,0.2143,-1,-1,-1
161,37,204.75,598.97,64.87,213.35,0.6675,-1,-1,-1
162,0,419.43,246.18,74.72,210.24,0.6233,-1,-1,-1
162,2,1032.82,907.33,62.33,172.68,0.7115,-1,-1,-1
162,3,1721.96,461.67,73.38,205.62,0.5775,-1,-1,-1
162,4,1360.53,577.66,86.10,223.33,0.4897,-1,-1,-1
162,5,101.87,546.28,72.16,247.86,0.6726,-1,-1,-1
162,7,511.90,232.60,77.31,249.09,0.2183,-1,-1,-1
162,10,850.25,195.77,68.09,190.98,0.4876,-1,-1,-1
162,16,754.47,254.69,63.01,191.29,0.2608,-1,-1,-1
162,18,402.91,687.63,91.90,253.63,0.7652,-1,-1,-1
162,29,983.01,133.57,76.97,169.79,0.3936,-1,-1,-1
162,34,625.55,749.82,56.31,169.02,0.2603,-1,-1,-1
162,37,210.41,598.21,62.68,207.35,0.6741,-1,-1,-1
163,0,419.83,244.81,75.23,209.58,0.6178,-1,-1,-1
163,2,1031.37,906.37,62.65,173.64,0.6839,-1,-1,-1
163,3,1721.68,460.76,73.77,206.76,0.5791,-1,-1,-1
163,4,1358.19,579.54,87.13,225.04,0.5055,-1,-1,-1
163,5,102.30,546.37,72.15,247.74,0.6631,-1,-1,-1
163,7,520.86,275.61,66.44,208.77,0.3767,-1,-1,-1
163,10,850.70,194.44,67.37,188.24,0.4677,-1,-1,-1
163,16,755.19,256.43,62.67,190.36,0.2928,-1,-1,-1
163,18,402.69,683.82,91.89,255.77,0.7710,-1,-1,-1
163,29,981.33,130.64,78.02,173.07,0.3591,-1,-1,-1
163,35,602.03,273.11,56.33,180.42,0.3019,-1,-1,-1
163,37,212.65,595.61,62.66,207.51,0.6715,-1,-1,-1
164,0,419.49,244.33,75.70,208.31,0.6263,-1,-1,-1
164,2,1029.86,907.36,61.66,172.08,0.7307,-1,-1,-1
164,3,1721.70,460.59,73.82,206.77,0.5990,-1,-1,-1
164,4,1357.94,579.96,86.64,222.95,0.4790,-1,-1,-1
164,5,102.06,546.56,71.88,246.86,0.6805,-1,-1,-1
164,7,522.93,287.16,64.52,198.52,0.3107,-1,-1,-1
164,10,851.92,192.17,69.31,194.13,0.4605,-1,-1,-1
164,16,754.53,256.53,62.24,190.41,0.2860,-1,-1,-1
164,18,402.47,682.21,91.64,254.79,0.7738,-1,-1,-1
164,29,980.06,128.90,76.89,172.74,0.3058,-1,-1,-1
164,34,625.29,749.29,56.61,170.10,0.2119,-1,-1,-1
164,35,601.86,274.11,56.95,179.00,0.2900,-1,-1,-1
164,37,214.99,593.93,63.23,209.39,0.7065,-1,-1,-1
165,0,419.49,242.38,76.97,210.13,0.6170,-1,-1,-1
165,2,1028.39,907.94,61.32,171.54,0.7265,-1,-1,-1
165,3,1721.92,460.29,73.86,206.50,0.5945,-1,-1,-1
165,4,1358.15,580.95,85.23,218.70,0.5013,-1,-1,-1
165,5,102.12,546.34,71.75,246.61,0.6766,-1,-1,-1
165,10,852.87,191.47,69.28,194.63,0.4859,-1,-1,-1
165,16,754.27,258.60,62.54,191.81,0.2707,-1,-1,-1
165,18,401.03,680.52,93.04,256.79,0.7917,-1,-1,-1
165,29,978.75,127.21,75.02,171.32,0.2755,-1,-1,-1
165,34,624.86,747.19,56.73,171.01,0.2773,-1,-1,-1
165,35,601.51,274.90,57.71,178.87,0.2502,-1,-1,-1
165,37,213.62,592.10,64.06,209.67,0.7327,-1,-1,-1
166,0,418.68,241.54,76.92,210.58,0.5914,-1,-1,-1
166,2,1026.67,907.54,61.54,171.91,0.6855,-1,-1,-1
166,3,1721.86,460.72,73.85,207.10,0.6247,-1,-1,-1
166,4,1357.65,580.21,83.95,215.08,0.5031,-1,-1,-1
166,5,101.92,546.16,71.70,246.77,0.6849,-1,-1,-1
166,10,853.34,191.06,68.43,191.62,0.4911,-1,-1,-1
166,16,754.21,261.25,61.16,189.04,0.2188,-1,-1,-1
166,18,399.66,678.99,94.23,259.50,0.7914,-1,-1,-1
166,29,977.02,126.23,72.88,170.73,0.2759,-1,-1,-1
166,34,625.22,749.15,56.41,169.94,0.2779,-1,-1,-1
166,35,600.93,274.92,57.92,180.70,0.3005,-1,-1,-1
166,37,217.08,590.50,66.50,211.86,0.7025,-1,-1,-1
167,0,418.10,240.47,77.29,212.40,0.5753,-1,-1,-1
167,2,1024.41,906.65,62.61,173.05,0.6849,-1,-1,-1
167,3,1721.92,460.43,73.58,207.09,0.6082,-1,-1,-1
167,4,1356.72,579.53,84.90,217.65,0.4910,-1,-1,-1
167,5,101.85,546.34,71.90,247.26,0.6872,-1,-1,-1
167,10,854.06,190.82,67.73,188.50,0.4849,-1,-1,-1
167,16,754.05,262.04,60.75,189.26,0.2952,-1,-1,-1
167,18,399.45,675.50,94.28,261.26,0.7967,-1,-1,-1
167,29,974.78,124.64,70.60,170.54,0.2751,-1,-1,-1
167,35,602.09,276.53,57.43,179.37,0.3135,-1,-1,-1
167,36,800.35,279.71,55.91,176.27,0.2359,-1,-1,-1
167,37,217.42,589.58,69.52,214.45,0.7071,-1,-1,-1
168,0,417.41,239.46,77.56,213.58,0.5939,-1,-1,-1
168,2,1022.01,907.18,63.10,172.03,0.7042,-1,-1,-1
168,3,1721.41,458.80,74.22,209.36,0.6115,-1,-1,-1
168,4,1356.57,578.76,84.35,217.35,0.4972,-1,-1,-1
168,5,101.97,546.60,71.93,246.87,0.6861,-1,-1,-1
168,7,526.46,282.89,67.31,206.90,0.2169,-1,-1,-1
168,10,854.01,190.99,68.65,190.21,0.5117,-1,-1,-1
168,16,753.37,261.56,60.67,190.13,0.2401,-1,-1,-1
168,18,398.62,675.76,94.38,261.15,0.7840,-1,-1,-1
168,29,972.79,123.32,68.58,170.18,0.3000,-1,-1,-1
168,35,602.84,276.78,57.38,178.11,0.3066,-1,-1,-1
168,37,221.18,589.62,71.93,212.23,0.7157,-1,-1,-1
169,0,418.32,238.66,77.89,214.15,0.6112,-1,-1,-1
169,2,1021.27,908.43,63.28,170.59,0.7078,-1,-1,-1
169,3,1721.60,459.92,73.79,208.02,0.6104,-1,-1,-1
169,4,1357.43,578.80,84.76,218.00,0.4622,-1,-1,-1
169,5,101.74,545.63,72.64,248.68,0.6516,-1,-1,-1
169,7,524.44,288.83,66.55,203.60,0.2620,-1,-1,-1
169,10,853.85,190.70,68.79,188.89,0.5304,-1,-1,-1
169,16,752.22,261.48,60.41,190.18,0.2647,-1,-1,-1
169,18,399.27,674.78,94.40,260.78,0.7770,-1,-1,-1
169,34,625.85,750.80,55.49,167.84,0.2262,-1,-1,-1
169,35,603.39,277.30,57.62,177.27,0.3113,-1,-1,-1
169,37,222.66,589.09,73.75,213.43,0.6902,-1,-1,-1
170,0,418.06,237.88,78.38,215.40,0.6154,-1,-1,-1
170,2,1018.46,908.77,63.16,170.99,0.7220,-1,-1,-1
170,3,1721.37,460.73,73.79,207.37,0.6201,-1,-1,-1
170,4,1362.82,577.54,84.13,221.03,0.4458,-1,-1,-1
170,5,102.10,546.54,72.45,246.54,0.6539,-1,-1,-1
170,7,523.87,290.22,66.49,203.59,0.3580,-1,-1,-1
170,10,855.68,189.81,68.40,188.29,0.5096,-1,-1,-1
170,16,751.88,260.55,60.86,192.04,0.3276,-1,-1,-1
170,18,399.62,673.67,93.80,260.87,0.7748,-1,-1,-1
170,35,603.37,277.15,58.25,177.89,0.2392,-1,-1,-1
170,36,798.91,282.08,53.68,172.87,0.2453,-1,-1,-1
170,37,221.55,588.77,74.14,213.81,0.6627,-1,-1,-1
170,41,790.74,151.05,59.50,151.65,0.2033,-1,-1,-1
171,0,417.76,238.07,78.40,215.17,0.6221,-1,-1,-1
171,2,1017.32,909.24,62.53,170.75,0.7228,-1,-1,-1
171,3,1721.59,459.86,74.08,208.23,0.6031,-1,-1,-1
171,4,1362.73,577.08,83.29,222.35,0.4551,-1,-1,-1
171,5,102.02,546.45,73.24,247.35,0.6602,-1,-1,-1
171,7,524.97,295.36,64.27,198.61,0.4481,-1,-1,-1
171,10,857.93,192.06,66.07,183.62,0.4111,-1,-1,-1
171,16,751.75,260.38,60.61,192.67,0.3134,-1,-1,-1
171,18,399.79,672.79,93.08,259.88,0.7746,-1,-1,-1
171,36,798.67,282.86,53.32,174.11,0.2443,-1,-1,-1
171,37,220.46,588.62,74.51,212.86,0.6914,-1,-1,-1
172,0,417.41,237.79,78.84,216.83,0.6276,-1,-1,-1
172,2,1015.75,910.04,61.83,169.46,0.7436,-1,-1,-1
172,3,1721.87,460.37,73.79,207.37,0.5985,-1,-1,-1
172,4,1359.34,578.39,81.66,216.40,0.4744,-1,-1,-1
172,5,101.04,546.69,73.22,246.01,0.6623,-1,-1,-1
172,7,524.54,292.01,64.61,202.13,0.4288,-1,-1,-1
172,10,859.61,190.23,66.47,185.33,0.5030,-1,-1,-1
172,16,751.01,261.66,60.48,193.69,0.2974,-1,-1,-1
172,18,400.17,670.72,92.52,259.72,0.7812,-1,-1,-1
172,29,961.63,121.05,67.63,171.79,0.2369,-1,-1,-1
172,35,605.37,283.82,56.32,171.12,0.2050,-1,-1,-1
172,36,798.83,284.46,53.34,174.86,0.2888,-1,-1,-1
172,37,219.84,586.96,75.44,213.78,0.6431,-1,-1,-1
172,41,790.07,150.34,59.72,153.51,0.2256,-1,-1,-1
173,0,417.54,237.26,78.63,216.61,0.6146,-1,-1,-1
173,2,1012.92,910.21,62.10,169.42,0.7341,-1,-1,-1
173,3,1721.50,460.93,73.68,206.38,0.5928,-1,-1,-1
173,4,1358.42,578.74,81.33,214.33,0.5034,-1,-1,-1
173,5,101.07,546.18,73.61,247.06,0.6574,-1,-1,-1
173,7,522.70,295.20,64.14,199.37,0.3301,-1,-1,-1
173,10,860.25,188.82,66.90,186.93,0.4489,-1,-1,-1
173,16,751.40,260.54,59.95,194.10,0.3908,-1,-1,-1
173,18,401.94,668.64,90.84,259.03,0.7742,-1,-1,-1
173,29,959.51,120.88,66.21,170.76,0.2053,-1,-1,-1
173,34,625.80,750.35,56.07,168.99,0.2079,-1,-1,-1
173,36,796.84,284.60,53.53,175.01,0.2753,-1,-1,-1
173,37,219.35,583.57,76.17,215.68,0.6587,-1,-1,-1
174,0,417.02,236.61,78.52,217.31,0.6205,-1,-1,-1
174,2,1010.61,911.80,62.27,168.17,0.7399,-1,-1,-1
174,3,1721.23,459.56,74.26,208.00,0.5966,-1,-1,-1
174,4,1358.36,579.12,80.78,211.57,0.4983,-1,-1,-1
174,5,100.61,546.83,73.63,246.56,0.6518,-1,-1,-1
174,7,523.27,294.02,64.99,200.88,0.4238,-1,-1,-1
174,10,861.02,186.32,66.59,186.74,0.4383,-1,-1,-1
174,16,751.23,261.68,58.91,192.52,0.3572,-1,-1,-1
174,18,404.15,666.62,89.06,259.84,0.7818,-1,-1,-1
174,29,955.51,121.67,66.53,172.76,0.2128,-1,-1,-1
174,34,625.89,752.16,56.10,168.76,0.2131,-1,-1,-1
174,35,605.79,277.19,58.92,178.73,0.2245,-1,-1,-1
174,36,796.58,288.30,52.68,171.45,0.2900,-1,-1,-1
174,37,222.49,583.07,75.35,213.52,0.6752,-1,-1,-1
174,41,790.07,150.79,59.75,154.94,0.2070,-1,-1,-1
174,47,3.25,603.82,51.75,233.51,0.2017,-1,-1,-1
175,0,416.49,235.70,77.94,216.49,0.6517,-1,-1,-1
175,2,1007.52,913.31,62.42,166.69,0.7263,-1,-1,-1
175,3,1721.46,459.88,74.08,207.99,0.5931,-1,-1,-1
175,4,1358.85,578.84,80.47,208.82,0.5184,-1,-1,-1
175,5,100.19,546.63,73.62,246.25,0.6572,-1,-1,-1
175,7,522.59,293.46,65.26,200.86,0.3845,-1,-1,-1
175,10,863.22,185.78,65.38,182.96,0.4610,-1,-1,-1
175,16,751.31,261.21,59.21,195.03,0.4064,-1,-1,-1
175,18,405.21,663.48,87.86,261.41,0.8043,-1,-1,-1
175,29,948.87,122.79,68.03,174.07,0.3177,-1,-1,-1
175,34,625.90,753.41,55.48,165.93,0.2665,-1,-1,-1
175,36,797.44,286.70,53.27,173.73,0.2374,-1,-1,-1
175,37,223.80,579.00,74.10,214.39,0.6874,-1,-1,-1
175,47,11.77,609.29,53.00,229.90,0.3002,-1,-1,-1
176,0,416.12,232.82,77.80,218.03,0.6333,-1,-1,-1
176,2,1006.04,913.24,62.40,166.77,0.7290,-1,-1,-1
176,3,1721.16,459.59,74.02,208.32,0.5885,-1,-1,-1
176,4,1358.52,578.91,80.31,207.12,0.5145,-1,-1,-1
176,5,100.06,546.84,73.52,246.43,0.6576,-1,-1,-1
176,7,511.75,245.88,80.51,249.49,0.3236,-1,-1,-1
176,10,863.18,184.19,66.25,185.46,0.5037,-1,-1,-1
176,16,751.50,261.95,58.91,196.19,0.4104,-1,-1,-1
176,18,406.15,658.48,85.74,259.00,0.7913,-1,-1,-1
176,29,943.27,122.97,70.12,175.04,0.3969,-1,-1,-1
176,34,626.39,754.82,55.09,163.87,0.2429,-1,-1,-1
176,36,797.50,284.91,54.80,178.63,0.2975,-1,-1,-1
176,37,225.26,576.71,72.23,213.18,0.6685,-1,-1,-1
176,41,789.82,150.95,59.39,154.44,0.2128,-1,-1,-1
176,47,1.67,614.46,51.58,225.20,0.2449,-1,-1,-1
177,0,415.82,232.82,77.07,217.88,0.6375,-1,-1,-1
177,2,1005.34,913.07,62.14,164.77,0.7308,-1,-1,-1
177,3,1721.15,459.72,73.99,208.07,0.5823,-1,-1,-1
177,4,1357.92,578.96,81.62,209.80,0.4843,-1,-1,-1
177,5,100.10,546.91,73.31,245.94,0.6565,-1,-1,-1
177,7,513.99,248.51,78.54,246.21,0.3778,-1,-1,-1
177,10,864.32,181.90,66.32,185.25,0.5223,-1,-1,-1
177,16,751.12,261.47,59.16,198.46,0.3569,-1,-1,-1
177,18,407.82,653.57,83.32,253.08,0.7858,-1,-1,-1
177,29,940.30,123.77,70.86,173.24,0.3620,-1,-1,-1
177,35,607.56,275.10,58.64,177.34,0.2049,-1,-1,-1
177,36,797.93,283.05,55.95,182.47,0.2498,-1,-1,-1
177,37,226.01,575.11,70.62,211.18,0.6766,-1,-1,-1
177,41,790.01,150.30,59.09,154.72,0.2073,-1,-1,-1
177,47,18.92,621.01,58.06,221.94,0.4409,-1,-1,-1
178,0,415.76,230.81,75.75,215.06,0.6172,-1,-1,-1
178,2,1004.25,913.26,62.07,164.60,0.7206,-1,-1,-1
178,3,1721.36,460.24,73.81,207.59,0.5631,-1,-1,-1
178,4,1357.21,577.79,82.69,212.29,0.4804,-1,-1,-1
178,5,99.80,547.07,72.64,244.69,0.6539,-1,-1,-1
178,7,521.13,283.25,67.51,211.37,0.4454,-1,-1,-1
178,10,865.24,180.81,66.29,184.77,0.4978,-1,-1,-1
178,16,751.45,266.88,58.13,195.45,0.4084,-1,-1,-1
178,18,407.33,650.17,83.38,250.47,0.7857,-1,-1,-1
178,29,938.17,126.50,70.17,169.55,0.2855,-1,-1,-1
178,35,606.20,273.87,60.60,185.29,0.2612,-1,-1,-1
178,36,796.16,288.64,55.88,181.23,0.2727,-1,-1,-1
178,37,227.11,573.37,68.87,206.87,0.6069,-1,-1,-1
178,47,14.19,616.16,63.21,228.37,0.3779,-1,-1,-1
179,0,414.71,228.01,75.46,215.80,0.5930,-1,-1,-1
179,2,1002.26,913.53,61.50,164.81,0.7161,-1,-1,-1
179,3,1721.26,460.63,73.55,207.05,0.5469,-1,-1,-1
179,4,1356.63,577.48,84.91,218.77,0.5050,-1,-1,-1
179,5,100.01,545.84,72.59,246.92,0.6507,-1,-1,-1
179,7,522.93,294.59,63.84,199.24,0.4350,-1,-1,-1
179,10,866.47,180.43,66.17,183.91,0.4839,-1,-1,-1
179,16,751.24,270.76,57.86,193.87,0.4042,-1,-1,-1
179,18,408.20,648.73,83.87,249.48,0.7860,-1,-1,-1
179,29,937.27,126.05,70.34,168.89,0.3145,-1,-1,-1
179,35,605.43,277.54,61.55,190.82,0.3478,-1,-1,-1
179,36,795.88,287.42,57.90,186.06,0.2534,-1,-1,-1
179,37,227.08,571.35,68.92,207.29,0.6183,-1,-1,-1
179,47,13.35,618.53,70.31,229.86,0.5217,-1,-1,-1
180,0,414.68,227.46,74.41,212.28,0.6236,-1,-1,-1
180,2,1000.25,913.12,61.17,165.56,0.7209,-1,-1,-1
180,3,1721.54,460.13,73.78,208.13,0.5274,-1,-1,-1
180,4,1357.49,577.06,82.15,211.74,0.5125,-1,-1,-1
180,5,100.01,545.88,71.77,246.29,0.6557,-1,-1,-1
180,7,524.36,294.93,63.80,201.98,0.5224,-1,-1,-1
180,10,867.67,181.20,66.61,184.43,0.5042,-1,-1,-1
180,16,751.16,272.96,57.82,192.71,0.4176,-1,-1,-1
180,18,410.03,648.40,84.56,248.64,0.7905,-1,-1,-1
180,29,938.21,123.92,69.78,169.80,0.2858,-1,-1,-1
180,35,605.25,278.21,61.63,193.86,0.3532,-1,-1,-1
180,36,796.60,291.40,58.38,187.06,0.2829,-1,-1,-1
180,37,228.63,570.04,68.70,207.09,0.5864,-1,-1,-1
180,47,7.62,618.27,70.60,222.39,0.5042,-1,-1,-1
181,0,414.91,227.28,73.65,209.78,0.5963,-1,-1,-1
181,2,998.13,914.56,60.50,164.62,0.7208,-1,-1,-1
181,3,1721.56,458.87,74.30,209.80,0.5129,-1,-1,-1
181,4,1357.46,577.42,83.59,215.35,0.4994,-1,-1,-1
181,5,99.93,545.25,71.72,248.36,0.6546,-1,-1,-1
181,7,526.00,300.50,62.05,199.34,0.5467,-1,-1,-1
181,10,869.09,178.99,66.61,184.14,0.5017,-1,-1,-1
181,16,750.97,273.68,57.74,192.79,0.4249,-1,-1,-1
181,18,410.71,646.75,86.08,249.39,0.7886,-1,-1,-1
181,29,936.60,123.29,70.39,172.06,0.2349,-1,-1,-1
181,35,604.74,278.85,63.11,201.19,0.3080,-1,-1,-1
181,36,797.46,292.10,58.25,185.87,0.2967,-1,-1,-1
181,37,229.88,569.19,68.33,205.62,0.5737,-1,-1,-1
181,41,790.67,149.42,62.11,163.66,0.2135,-1,-1,-1
181,47,4.90,617.80,72.49,224.17,0.4732,-1,-1,-1
182,0,415.52,226.81,73.24,207.92,0.5808,-1,-1,-1
182,2,996.37,916.20,59.19,162.49,0.7356,-1,-1,-1
182,3,1721.76,459.20,73.82,209.18,0.5284,-1,-1,-1
182,4,1356.26,576.51,86.56,224.50,0.4785,-1,-1,-1
182,5,100.44,545.80,70.86,247.10,0.6712,-1,-1,-1
182,7,525.36,296.98,62.17,200.56,0.4856,-1,-1,-1
182,10,869.24,177.53,68.55,186.32,0.5388,-1,-1,-1
182,16,751.07,275.04,57.89,193.55,0.3596,-1,-1,-1
182,18,409.83,645.63,88.12,250.88,0.7844,-1,-1,-1
182,29,938.59,122.50,70.67,175.41,0.2432,-1,-1,-1
182,35,605.27,279.11,63.89,205.11,0.2998,-1,-1,-1
182,36,796.84,296.79,56.48,182.05,0.2313,-1,-1,-1
182,37,230.37,567.69,66.93,203.47,0.5869,-1,-1,-1
182,41,791.12,149.64,62.40,164.87,0.2292,-1,-1,-1
182,47,10.68,618.95,84.36,238.18,0.6071,-1,-1,-1
183,0,416.69,228.76,72.54,205.99,0.5794,-1,-1,-1
183,2,995.51,916.21,58.76,162.01,0.7283,-1,-1,-1
183,3,1721.97,459.45,73.42,208.58,0.5237,-1,-1,-1
183,4,1356.75,576.93,85.99,223.62,0.4897,-1,-1,-1
183,5,100.58,545.87,70.57,247.88,0.6819,-1,-1,-1
183,7,523.76,295.28,64.20,206.59,0.4062,-1,-1,-1
183,10,869.39,176.73,69.74,187.38,0.5564,-1,-1,-1
183,16,750.72,276.47,58.55,194.36,0.3655,-1,-1,-1
183,18,409.48,643.83,90.51,252.35,0.7979,-1,-1,-1
183,35,604.56,279.98,64.55,210.55,0.3247,-1,-1,-1
183,36,799.56,295.28,57.78,183.51,0.2342,-1,-1,-1
183,37,230.22,566.18,67.32,205.31,0.5514,-1,-1,-1
183,41,790.81,149.79,63.25,166.81,0.2253,-1,-1,-1
183,47,10.26,622.03,89.88,237.96,0.6555,-1,-1,-1
184,0,417.12,227.80,73.00,207.05,0.5791,-1,-1,-1
184,2,994.68,918.11,58.32,161.38,0.7233,-1,-1,-1
184,3,1721.22,459.24,73.50,208.97,0.5334,-1,-1,-1
184,4,1356.90,576.52,86.17,224.79,0.4653,-1,-1,-1
184,5,100.07,545.86,70.18,248.12,0.6704,-1,-1,-1
184,7,515.31,243.56,79.17,262.02,0.3986,-1,-1,-1
184,10,869.13,176.81,70.32,187.40,0.5430,-1,-1,-1
184,16,751.17,278.54,58.41,192.76,0.3489,-1,-1,-1
184,18,409.88,642.54,91.77,253.20,0.7735,-1,-1,-1
184,35,605.55,279.32,64.55,212.61,0.3337,-1,-1,-1
184,36,802.72,293.82,58.96,184.94,0.2137,-1,-1,-1
184,37,230.56,565.51,67.97,209.26,0.5351,-1,-1,-1
184,47,10.98,622.59,90.36,233.98,0.6215,-1,-1,-1
184,48,1199.64,151.68,57.26,172.86,0.2460,-1,-1,-1
185,0,416.20,227.32,73.36,207.46,0.5878,-1,-1,-1
185,2,993.61,918.39,57.99,159.65,0.7175,-1,-1,-1
185,3,1721.43,459.44,73.23,208.45,0.5027,-1,-1,-1
185,4,1357.65,575.85,84.25,219.83,0.4800,-1,-1,-1
185,5,99.66,546.21,69.59,247.01,0.6464,-1,-1,-1
185,7,520.40,281.70,68.06,224.47,0.4305,-1,-1,-1
185,10,869.16,177.98,71.79,188.73,0.5879,-1,-1,-1
185,16,752.26,280.27,58.70,191.77,0.3298,-1,-1,-1
185,18,409.49,643.26,92.95,252.52,0.7859,-1,-1,-1
185,35,605.91,286.82,62.51,207.33,0.3305,-1,-1,-1
185,36,804.54,294.44,59.21,183.93,0.2123,-1,-1,-1
185,37,231.12,565.38,67.85,210.08,0.5680,-1,-1,-1
185,41,790.92,151.00,61.26,160.79,0.2070,-1,-1,-1
185,47,14.89,621.83,90.59,233.40,0.6221,-1,-1,-1
185,48,1196.35,151.04,58.48,176.97,0.3090,-1,-1,-1
186,0,415.95,226.72,73.61,207.54,0.5963,-1,-1,-1
186,2,992.04,918.32,58.14,160.50,0.7341,-1,-1,-1
186,3,1721.57,459.10,73.20,208.75,0.5033,-1,-1,-1
186,4,1356.55,574.53,85.69,224.62,0.4939,-1,-1,-1
186,5,99.47,546.60,69.35,246.20,0.6452,-1,-1,-1
186,7,523.38,299.08,61.97,204.45,0.4266,-1,-1,-1
186,10,868.28,176.08,72.97,191.07,0.5612,-1,-1,-1
186,16,754.34,281.52,58.79,191.51,0.2401,-1,-1,-1
186,18,408.87,641.12,94.11,255.20,0.7943,-1,-1,-1
186,35,606.41,285.14,62.01,207.26,0.3588,-1,-1,-1
186,36,804.16,295.01,59.47,182.69,0.2058,-1,-1,-1
186,37,230.00,565.17,67.24,208.23,0.5833,-1,-1,-1
186,41,790.89,150.15,61.43,160.89,0.2129,-1,-1,-1
186,47,17.35,619.23,92.18,235.94,0.6575,-1,-1,-1
186,48,1193.46,150.36,59.23,180.17,0.3235,-1,-1,-1
187,0,415.96,225.09,74.39,209.89,0.6014,-1,-1,-1
187,2,990.33,918.89,58.63,159.52,0.7347,-1,-1,-1
187,3,1721.65,459.66,72.87,207.99,0.4952,-1,-1,-1
187,4,1356.87,573.44,85.46,224.91,0.5044,-1,-1,-1
187,5,98.77,546.55,69.17,243.29,0.6377,-1,-1,-1
187,7,524.70,301.49,61.59,205.41,0.5400,-1,-1,-1
187,10,868.04,176.42,73.52,191.54,0.5617,-1,-1,-1
187,16,754.82,280.84,59.71,192.44,0.2527,-1,-1,-1
187,18,408.57,639.15,94.52,256.34,0.7812,-1,-1,-1
187,35,607.11,287.32,60.56,202.36,0.3475,-1,-1,-1
187,36,806.03,295.15,59.54,182.56,0.2027,-1,-1,-1
187,37,228.97,564.13,67.63,209.60,0.6350,-1,-1,-1
187,41,789.74,150.22,61.36,161.97,0.2037,-1,-1,-1
187,47,23.76,619.90,94.74,239.90,0.6872,-1,-1,-1
187,48,1191.62,149.50,59.51,181.58,0.3554,-1,-1,-1
188,0,416.40,226.02,73.79,207.46,0.5946,-1,-1,-1
188,2,989.54,919.22,59.14,159.33,0.7218,-1,-1,-1
188,3,1721.64,460.26,72.79,207.28,0.5075,-1,-1,-1
188,4,1356.97,572.53,85.57,226.02,0.4594,-1,-1,-1
188,5,97.96,546.23,69.32,241.69,0.5923,-1,-1,-1
188,7,523.92,300.40,62.26,207.43,0.5397,-1,-1,-1
188,10,869.53,177.39,71.92,186.14,0.4322,-1,-1,-1
188,16,753.76,281.00,59.94,192.11,0.3160,-1,-1,-1
188,18,409.80,637.48,93.74,256.37,0.7685,-1,-1,-1
188,35,606.35,289.10,60.01,200.54,0.3350,-1,-1,-1
188,36,804.30,304.84,55.84,173.25,0.2240,-1,-1,-1
188,37,228.14,561.81,68.34,211.53,0.6183,-1,-1,-1
188,41,789.60,150.70,61.24,162.63,0.2193,-1,-1,-1
188,47,26.28,618.65,98.21,240.65,0.7143,-1,-1,-1
188,48,1189.29,148.90,59.70,182.32,0.2941,-1,-1,-1
189,0,416.18,224.57,73.96,207.72,0.5819,-1,-1,-1
189,2,987.89,919.83,59.17,158.93,0.7122,-1,-1,-1
189,3,1721.31,460.72,72.97,207.32,0.4816,-1,-1,-1
189,4,1357.54,572.72,82.90,219.33,0.4582,-1,-1,-1
189,5,96.14,546.59,68.71,238.14,0.5354,-1,-1,-1
189,7,523.56,304.42,62.28,206.61,0.5648,-1,-1,-1
189,10,869.78,177.30,73.03,186.10,0.4621,-1,-1,-1
189,16,754.86,281.31,59.93,190.50,0.2513,-1,-1,-1
189,18,408.98,633.78,93.67,258.93,0.7985,-1,-1,-1
189,35,606.42,298.72,57.83,191.92,0.3508,-1,-1,-1
189,36,804.30,308.40,54.37,169.44,0.2700,-1,-1,-1
189,37,228.33,557.74,67.16,209.45,0.5553,-1,-1,-1
189,41,790.58,149.76,61.96,163.99,0.2305,-1,-1,-1
189,47,27.93,619.76,101.92,242.00,0.6902,-1,-1,-1
189,48,1185.80,147.57,60.14,182.35,0.2862,-1,-1,-1
189,49,1075.30,146.17,58.14,159.50,0.2739,-1,-1,-1
190,0,416.85,224.38,73.83,207.52,0.5687,-1,-1,-1
190,2,986.82,920.88,58.83,157.36,0.7264,-1,-1,-1
190,3,1721.36,458.95,73.48,208.92,0.4643,-1,-1,-1
190,4,1357.45,572.29,82.36,218.22,0.4494,-1,-1,-1
190,5,95.67,546.50,67.55,231.46,0.4935,-1,-1,-1
190,7,522.97,303.04,63.76,209.74,0.5938,-1,-1,-1
190,10,870.98,178.87,74.28,184.58,0.5122,-1,-1,-1
190,16,753.90,281.29,60.05,190.63,0.2649,-1,-1,-1
190,18,410.48,633.94,90.79,255.91,0.7853,-1,-1,-1
190,34,625.38,752.92,55.84,164.85,0.2414,-1,-1,-1
190,35,605.75,297.42,58.85,194.74,0.3469,-1,-1,-1
190,36,805.96,308.17,54.31,169.86,0.2610,-1,-1,-1
190,37,228.77,554.97,66.04,207.25,0.5731,-1,-1,-1
190,41,790.66,150.54,60.70,161.02,0.2217,-1,-1,-1
190,47,30.79,621.81,105.84,245.60,0.6737,-1,-1,-1
190,49,1071.07,144.11,58.48,160.30,0.2127,-1,-1,-1
191,0,417.49,223.01,73.86,207.71,0.5656,-1,-1,-1
191,2,985.84,921.99,58.46,155.30,0.7426,-1,-1,-1
191,3,1720.88,459.57,73.57,208.46,0.4924,-1,-1,-1
191,4,1357.65,571.57,86.72,230.04,0.4815,-1,-1,-1
191,5,100.85,545.66,58.31,189.11,0.5734,-1,-1,-1
191,7,522.95,303.12,64.53,210.72,0.5484,-1,-1,-1
191,10,871.64,175.14,75.25,185.53,0.4829,-1,-1,-1
191,16,752.90,282.32,59.89,190.67,0.2409,-1,-1,-1
191,18,410.60,630.40,88.96,255.18,0.7833,-1,-1,-1
191,34,625.49,753.31,56.37,165.52,0.2177,-1,-1,-1
191,35,605.73,303.28,57.85,189.91,0.3196,-1,-1,-1
191,36,806.65,309.50,53.73,168.48,0.2449,-1,-1,-1
191,37,228.56,551.58,65.05,205.77,0.5918,-1,-1,-1
191,41,790.50,150.18,61.37,164.00,0.2141,-1,-1,-1
191,47,34.63,622.66,110.27,249.87,0.6087,-1,-1,-1
192,0,418.43,222.92,73.85,207.81,0.5437,-1,-1,-1
192,2,984.82,922.69,58.21,154.53,0.7447,-1,-1,-1
192,3,1720.88,459.92,73.51,207.63,0.5382,-1,-1,-1
192,4,1357.84,570.96,84.91,224.55,0.4981,-1,-1,-1
192,5,100.41,545.03,59.25,182.90,0.5979,-1,-1,-1
192,7,523.39,304.97,64.51,208.67,0.5989,-1,-1,-1
192,10,872.79,172.79,75.66,185.86,0.5071,-1,-1,-1
192,16,752.74,282.92,59.95,191.46,0.2878,-1,-1,-1
192,18,411.40,625.03,86.80,251.82,0.7717,-1,-1,-1
192,35,605.01,306.01,57.48,186.89,0.3872,-1,-1,-1
192,36,806.68,309.25,54.32,169.64,0.3037,-1,-1,-1
192,37,228.35,550.30,64.90,204.50,0.6324,-1,-1,-1
192,41,790.95,150.78,60.71,162.90,0.2244,-1,-1,-1
192,47,37.02,625.73,112.93,251.51,0.5943,-1,-1,-1
192,48,1173.12,149.53,61.41,179.79,0.2365,-1,-1,-1
193,0,418.06,221.05,74.25,208.64,0.5236,-1,-1,-1
193,2,983.80,922.06,58.26,155.74,0.7164,-1,-1,-1
193,3,1720.90,459.46,73.55,207.52,0.5201,-1,-1,-1
193,4,1357.19,570.71,86.35,228.93,0.4933,-1,-1,-1
193,5,98.93,545.06,60.47,179.72,0.5867,-1,-1,-1
193,7,522.93,308.38,64.32,205.22,0.5524,-1,-1,-1
193,10,874.64,172.77,75.06,184.78,0.4296,-1,-1,-1
193,16,752.40,284.41,61.01,195.14,0.2213,-1,-1,-1
193,18,411.90,621.88,84.79,248.05,0.7896,-1,-1,-1
193,35,604.11,307.83,57.69,185.88,0.3524,-1,-1,-1
193,36,810.07,305.10,56.82,177.22,0.2180,-1,-1,-1
193,37,228.11,546.88,65.45,206.95,0.6395,-1,-1,-1
193,41,790.93,150.73,60.38,162.30,0.2501,-1,-1,-1
193,47,39.08,629.38,111.07,246.48,0.5098,-1,-1,-1
193,48,1170.22,149.07,63.03,179.90,0.2395,-1,-1,-1
194,0,418.72,221.76,73.95,206.74,0.5100,-1,-1,-1
194,2,982.26,921.64,59.13,156.66,0.7386,-1,-1,-1
194,3,1720.93,459.89,73.63,207.58,0.5017,-1,-1,-1
194,4,1356.25,570.52,86.76,230.77,0.4713,-1,-1,-1
194,5,97.36,544.77,62.05,176.13,0.6222,-1,-1,-1
194,7,521.47,308.95,65.28,205.23,0.5770,-1,-1,-1
194,10,875.83,172.89,74.09,182.22,0.3923,-1,-1,-1
194,16,752.10,289.18,59.82,191.99,0.2538,-1,-1,-1
194,18,411.90,618.71,82.95,247.85,0.7743,-1,-1,-1
194,35,602.87,308.29,58.19,186.46,0.3650,-1,-1,-1
194,36,810.00,307.28,57.15,179.08,0.2712,-1,-1,-1
194,37,228.04,545.76,64.99,205.68,0.6429,-1,-1,-1
194,41,791.01,150.51,60.49,163.07,0.2156,-1,-1,-1
194,47,42.13,632.00,109.43,241.64,0.5885,-1,-1,-1
194,48,1169.61,150.00,61.96,176.86,0.2112,-1,-1,-1
195,0,418.67,219.14,75.20,210.45,0.5585,-1,-1,-1
195,2,982.24,922.14,58.76,155.91,0.7299,-1,-1,-1
195,3,1721.00,459.45,73.84,208.30,0.5215,-1,-1,-1
195,4,1357.47,570.21,83.04,219.61,0.5590,-1,-1,-1
195,5,96.29,544.49,63.73,175.98,0.6015,-1,-1,-1
195,7,518.98,308.49,67.80,207.21,0.6708,-1,-1,-1
195,10,877.91,170.26,72.67,178.84,0.3666,-1,-1,-1
195,16,753.05,289.84,60.18,192.22,0.2799,-1,-1,-1
195,18,412.21,617.53,81.93,247.14,0.7846,-1,-1,-1
195,35,602.39,309.11,58.22,184.80,0.4301,-1,-1,-1
195,36,810.73,304.87,58.59,183.50,0.2243,-1,-1,-1
195,37,227.57,544.52,65.05,207.90,0.6471,-1,-1,-1
195,41,790.82,150.41,60.48,163.43,0.2552,-1,-1,-1
195,47,44.15,633.83,107.35,234.39,0.6656,-1,-1,-1
195,48,1167.17,148.28,61.86,178.01,0.2818,-1,-1,-1
196,0,419.25,217.66,74.66,209.92,0.5386,-1,-1,-1
196,2,980.91,921.56,59.88,156.97,0.7311,-1,-1,-1
196,3,1720.33,458.47,74.18,209.91,0.5037,-1,-1,-1
196,4,1357.09,571.69,83.16,219.21,0.5213,-1,-1,-1
196,5,95.46,544.23,64.77,176.59,0.5414,-1,-1,-1
196,7,519.23,310.67,68.56,207.19,0.6012,-1,-1,-1
196,10,879.87,169.25,71.05,176.39,0.4262,-1,-1,-1
196,16,753.83,291.28,60.30,191.05,0.3690,-1,-1,-1
196,18,409.33,613.96,83.25,248.81,0.7515,-1,-1,-1
196,35,602.79,311.08,58.10,182.58,0.4007,-1,-1,-1
196,36,810.82,302.00,60.04,189.57,0.2542,-1,-1,-1
196,37,226.48,544.37,64.61,207.30,0.6475,-1,-1,-1
196,41,790.96,150.55,60.51,163.62,0.2575,-1,-1,-1
196,47,45.01,636.31,110.10,243.28,0.6668,-1,-1,-1
196,48,1164.77,145.83,62.20,181.02,0.2509,-1,-1,-1
197,0,419.91,216.32,74.90,209.32,0.5739,-1,-1,-1
197,2,978.74,921.90,61.04,156.65,0.7374,-1,-1,-1
197,3,1721.05,458.76,73.93,209.52,0.5006,-1,-1,-1
197,4,1357.04,571.56,83.01,218.10,0.5401,-1,-1,-1
197,5,95.99,544.03,63.60,171.55,0.5280,-1,-1,-1
197,7,516.56,307.16,71.46,212.30,0.6745,-1,-1,-1
197,10,880.59,168.28,70.17,176.28,0.4546,-1,-1,-1
197,16,754.02,293.37,59.74,188.60,0.3260,-1,-1,-1
197,18,405.97,610.93,84.97,250.10,0.7413,-1,-1,-1
197,35,602.26,311.53,58.57,182.54,0.4319,-1,-1,-1
197,36,809.81,302.02,60.08,190.01,0.2078,-1,-1,-1
197,37,225.82,543.74,64.96,209.45,0.6860,-1,-1,-1
197,41,790.71,150.30,60.81,164.96,0.2772,-1,-1,-1
197,47,49.76,639.64,111.26,248.60,0.6736,-1,-1,-1
197,48,1161.48,144.09,61.68,181.56,0.3170,-1,-1,-1
198,0,421.00,215.30,74.84,208.48,0.5656,-1,-1,-1
198,2,976.59,921.15,61.55,157.70,0.7018,-1,-1,-1
198,3,1720.93,459.00,73.62,208.63,0.4964,-1,-1,-1
198,4,1357.10,571.87,83.71,219.09,0.5586,-1,-1,-1
198,5,96.57,543.93,63.41,170.62,0.5198,-1,-1,-1
198,7,516.40,312.34,71.36,210.54,0.6261,-1,-1,-1
198,10,881.47,160.08,71.73,184.36,0.4296,-1,-1,-1
198,16,755.41,294.68,60.47,189.56,0.3059,-1,-1,-1
198,18,402.36,611.33,87.18,251.54,0.7492,-1,-1,-1
198,35,601.73,312.52,58.88,182.43,0.4362,-1,-1,-1
198,37,225.85,542.77,65.07,210.00,0.6939,-1,-1,-1
198,41,790.74,151.26,60.54,164.44,0.2680,-1,-1,-1
198,47,53.86,642.27,109.77,247.58,0.6953,-1,-1,-1
198,48,1159.39,143.30,61.54,182.72,0.2950,-1,-1,-1
199,0,420.49,214.19,74.58,205.67,0.5663,-1,-1,-1
199,2,974.52,921.19,62.49,157.63,0.7289,-1,-1,-1
199,3,1720.58,458.74,73.65,209.10,0.5286,-1,-1,-1
199,4,1355.57,570.98,85.16,222.43,0.5205,-1,-1,-1
199,5,96.19,544.37,63.67,170.97,0.5182,-1,-1,-1
199,7,516.60,315.10,71.28,209.95,0.6018,-1,-1,-1
199,10,882.61,157.27,71.87,187.17,0.3958,-1,-1,-1
199,16,752.76,295.61,61.79,193.12,0.2806,-1,-1,-1
199,18,400.00,610.64,89.48,253.39,0.7422,-1,-1,-1
199,35,602.12,313.62,58.40,179.98,0.4473,-1,-1,-1
199,37,226.25,543.16,64.66,208.94,0.7028,-1,-1,-1
199,41,790.80,151.02,60.89,165.66,0.2495,-1,-1,-1
199,47,56.17,644.27,108.91,247.80,0.7226,-1,-1,-1
199,48,1158.04,142.12,61.07,182.89,0.3185,-1,-1,-1
199,50,522.34,142.80,65.51,157.70,0.3082,-1,-1,-1
200,0,420.21,212.25,75.17,205.45,0.5739,-1,-1,-1
200,2,972.89,920.15,62.86,157.83,0.7147,-1,-1,-1
200,3,1720.65,458.71,73.33,208.68,0.5340,-1,-1,-1
200,4,1355.68,571.34,83.04,217.42,0.5400,-1,-1,-1
200,5,96.60,543.74,62.55,166.75,0.5372,-1,-1,-1
200,7,516.99,318.59,70.40,209.17,0.5842,-1,-1,-1
200,10,883.35,159.09,71.43,187.17,0.4004,-1,-1,-1
200,16,752.15,295.90,62.45,194.78,0.3102,-1,-1,-1
200,18,398.67,610.07,90.10,252.21,0.7471,-1,-1,-1
200,35,602.46,315.16,58.25,178.54,0.4225,-1,-1,-1
200,37,225.62,542.26,64.13,208.42,0.7167,-1,-1,-1
200,41,791.10,151.15,60.55,164.83,0.2781,-1,-1,-1
200,47,58.76,648.96,105.61,243.37,0.7122,-1,-1,-1
200,48,1156.54,141.25,60.60,182.43,0.3478,-1,-1,-1
200,50,518.51,133.14,70.10,169.40,0.2780,-1,-1,-1
201,0,420.70,211.32,76.19,206.21,0.5669,-1,-1,-1
201,2,971.89,919.79,62.93,158.20,0.7218,-1,-1,-1
201,3,1720.64,458.20,73.30,209.11,0.5539,-1,-1,-1
201,4,1354.96,571.05,83.40,219.55,0.5451,-1,-1,-1
201,5,95.60,543.94,62.78,166.39,0.4987,-1,-1,-1
201,7,515.83,318.87,71.40,212.86,0.5941,-1,-1,-1
201,10,885.42,158.65,71.32,187.25,0.4226,-1,-1,-1
201,16,752.85,296.66,62.85,195.59,0.2938,-1,-1,-1
201,18,396.66,609.60,91.17,252.18,0.7428,-1,-1,-1
201,35,602.82,318.44,56.74,172.92,0.4311,-1,-1,-1
201,37,225.60,541.38,63.89,209.14,0.7041,-1,-1,-1
201,41,791.00,151.46,60.71,165.12,0.2680,-1,-1,-1
201,47,62.85,654.53,101.40,238.37,0.7342,-1,-1,-1
201,48,1155.27,139.96,60.11,182.13,0.3180,-1,-1,-1
201,50,516.80,131.62,69.74,168.88,0.2370,-1,-1,-1
202,0,421.10,210.18,76.74,205.50,0.5610,-1,-1,-1
202,2,970.75,919.23,62.82,159.05,0.7279,-1,-1,-1
202,3,1721.10,458.37,73.29,209.63,0.5819,-1,-1,-1
202,4,1354.88,571.09,81.94,216.00,0.5172,-1,-1,-1
202,5,98.41,542.92,59.36,155.69,0.4446,-1,-1,-1
202,7,516.11,317.80,72.33,215.70,0.6122,-1,-1,-1
202,10,887.94,157.94,70.75,185.62,0.4323,-1,-1,-1
202,16,753.74,298.19,62.48,196.31,0.2839,-1,-1,-1
202,18,397.08,608.85,90.97,250.25,0.7354,-1,-1,-1
202,35,603.02,322.53,55.55,167.99,0.4481,-1,-1,-1
202,36,810.09,308.74,59.79,189.86,0.2083,-1,-1,-1
202,37,225.07,539.95,64.26,210.79,0.7057,-1,-1,-1
202,41,790.98,151.36,60.67,165.18,0.2639,-1,-1,-1
202,47,65.06,656.27,98.77,236.40,0.7427,-1,-1,-1
202,48,1153.92,139.29,59.85,182.65,0.3837,-1,-1,-1
202,50,517.40,132.58,68.02,164.42,0.2043,-1,-1,-1
203,0,421.74,208.80,77.35,206.78,0.4910,-1,-1,-1
203,2,970.57,918.73,62.94,159.17,0.7357,-1,-1,-1
203,3,1720.83,458.36,73.26,209.63,0.5910,-1,-1,-1
203,4,1356.79,572.27,80.38,211.18,0.5458,-1,-1,-1
203,5,98.69,542.84,58.20,151.81,0.3301,-1,-1,-1
203,7,515.83,317.92,72.48,216.30,0.5676,-1,-1,-1
203,10,887.43,156.64,71.00,186.30,0.4726,-1,-1,-1
203,16,754.34,299.00,61.75,195.21,0.2681,-1,-1,-1
203,18,395.56,607.04,90.78,248.52,0.7339,-1,-1,-1
203,35,602.94,322.64,55.64,167.25,0.4457,-1,-1,-1
203,37,223.43,537.28,64.93,212.13,0.6996,-1,-1,-1
203,41,791.00,151.18,60.63,165.47,0.2234,-1,-1,-1
203,47,67.63,657.29,97.24,234.52,0.6964,-1,-1,-1
203,48,1152.19,138.29,59.51,183.69,0.3753,-1,-1,-1
203,50,516.17,132.87,66.95,161.71,0.2314,-1,-1,-1
204,0,423.31,208.54,77.28,206.85,0.4480,-1,-1,-1
204,2,967.89,915.89,63.72,161.91,0.7307,-1,-1,-1
204,3,1721.05,459.02,73.11,209.08,0.5781,-1,-1,-1
204,4,1357.30,571.55,81.72,213.92,0.5603,-1,-1,-1
204,5,98.85,543.19,57.62,149.26,0.3513,-1,-1,-1
204,7,513.21,317.77,73.48,218.49,0.5869,-1,-1,-1
204,10,887.63,156.90,71.13,186.10,0.5037,-1,-1,-1
204,16,754.66,299.19,61.58,196.11,0.2726,-1,-1,-1
204,18,396.32,602.36,90.68,250.31,0.7216,-1,-1,-1
204,35,603.17,324.53,55.75,167.06,0.3988,-1,-1,-1
204,37,222.90,535.07,64.61,211.06,0.6727,-1,-1,-1
204,41,790.40,150.66,61.44,168.01,0.2633,-1,-1,-1
204,47,69.56,658.20,96.36,232.92,0.6856,-1,-1,-1
204,48,1151.31,140.47,57.74,180.15,0.3813,-1,-1,-1
205,0,424.21,208.35,77.36,207.09,0.4663,-1,-1,-1
205,2,966.56,915.29,63.50,162.88,0.7310,-1,-1,-1
205,3,1720.55,458.77,73.57,209.95,0.5665,-1,-1,-1
205,4,1356.57,571.62,82.18,214.84,0.5317,-1,-1,-1
205,5,98.89,542.67,56.97,146.39,0.3398,-1,-1,-1
205,7,514.44,318.02,73.48,218.34,0.5049,-1,-1,-1
205,10,887.86,155.37,71.14,187.43,0.4669,-1,-1,-1
205,16,755.38,299.56,61.23,195.94,0.3386,-1,-1,-1
205,18,394.30,599.64,91.17,251.82,0.7193,-1,-1,-1
205,35,603.86,324.70,55.87,167.47,0.3882,-1,-1,-1
205,37,220.93,530.94,64.81,209.95,0.6652,-1,-1,-1
205,41,790.56,150.85,61.23,167.68,0.2699,-1,-1,-1
205,47,71.21,656.44,97.82,234.99,0.7375,-1,-1,-1
205,48,1150.19,139.14,57.66,181.36,0.3937,-1,-1,-1
205,51,6.30,599.22,53.17,240.80,0.3527,-1,-1,-1
206,0,423.60,205.48,78.11,208.38,0.5126,-1,-1,-1
206,2,965.10,914.83,63.38,163.06,0.7458,-1,-1,-1
206,3,1720.75,459.03,73.69,209.59,0.5679,-1,-1,-1
206,4,1355.36,571.37,82.42,215.71,0.5380,-1,-1,-1
206,5,99.09,542.87,57.54,146.20,0.3889,-1,-1,-1
206,7,513.57,319.54,73.62,217.83,0.5080,-1,-1,-1
206,10,889.91,156.03,69.69,184.40,0.5184,-1,-1,-1
206,16,756.95,299.41,60.68,195.85,0.3774,-1,-1,-1
206,18,394.88,597.73,90.34,252.37,0.7334,-1,-1,-1
206,35,604.17,324.85,55.73,167.00,0.4112,-1,-1,-1
206,36,813.88,317.25,55.61,178.50,0.2308,-1,-1,-1
206,37,221.56,528.82,62.87,202.79,0.6692,-1,-1,-1
206,41,790.79,151.85,60.19,164.73,0.2711,-1,-1,-1
206,47,75.55,656.39,97.94,234.81,0.7627,-1,-1,-1
206,48,1148.69,137.94,57.56,182.45,0.4033,-1,-1,-1
206,51,11.73,600.61,55.74,238.32,0.4629,-1,-1,-1
207,0,423.85,205.10,78.07,207.33,0.4888,-1,-1,-1
207,2,963.67,913.20,63.50,164.93,0.7476,-1,-1,-1
207,3,1720.85,458.92,73.46,208.78,0.5735,-1,-1,-1
207,4,1356.63,570.79,81.38,213.67,0.4978,-1,-1,-1
207,5,99.28,543.34,58.43,147.26,0.4421,-1,-1,-1
207,7,512.00,319.70,73.78,217.00,0.5340,-1,-1,-1
207,10,890.67,154.49,71.61,189.60,0.5108,-1,-1,-1
207,16,757.96,298.75,60.23,195.46,0.3295,-1,-1,-1
207,18,395.97,596.50,87.92,246.85,0.7456,-1,-1,-1
207,35,604.11,325.24,55.96,167.67,0.4119,-1,-1,-1
207,36,814.77,315.86,56.79,179.83,0.2740,-1,-1,-1
207,37,221.88,526.65,62.50,201.57,0.6494,-1,-1,-1
207,41,790.07,151.36,61.25,168.20,0.2854,-1,-1,-1
207,47,82.56,659.00,100.19,236.11,0.7234,-1,-1,-1
207,48,1146.17,137.41,57.50,183.39,0.3708,-1,-1,-1
207,51,14.04,606.76,56.64,232.62,0.2663,-1,-1,-1
208,0,424.28,206.04,78.15,207.76,0.4770,-1,-1,-1
208,2,961.44,912.61,63.84,165.90,0.7408,-1,-1,-1
208,3,1721.18,458.80,73.64,209.75,0.5807,-1,-1,-1
208,4,1356.77,570.45,81.26,214.14,0.5151,-1,-1,-1
208,5,99.43,543.52,58.93,147.52,0.3912,-1,-1,-1
208,7,510.15,323.23,73.03,212.66,0.5138,-1,-1,-1
208,10,891.38,152.78,71.60,191.39,0.4737,-1,-1,-1
208,16,757.90,298.64,60.16,195.81,0.3509,-1,-1,-1
208,18,397.54,593.32,86.15,244.36,0.7482,-1,-1,-1
208,29,857.60,108.06,62.78,176.60,0.2126,-1,-1,-1
208,35,603.62,324.40,56.04,167.32,0.4062,-1,-1,-1
208,36,815.93,316.86,56.89,180.98,0.2885,-1,-1,-1
208,37,220.78,524.73,63.15,202.48,0.6129,-1,-1,-1
208,41,790.31,151.45,61.11,168.80,0.2765,-1,-1,-1
208,47,86.83,660.19,104.36,241.26,0.7345,-1,-1,-1
208,48,1143.90,136.83,57.44,183.92,0.3935,-1,-1,-1
208,51,14.08,605.80,60.22,234.36,0.3637,-1,-1,-1
209,0,424.81,206.07,78.33,208.86,0.4398,-1,-1,-1
209,2,960.25,912.49,63.21,166.15,0.7305,-1,-1,-1
209,3,1721.20,457.65,73.70,210.54,0.5548,-1,-1,-1
209,4,1355.78,570.79,80.96,215.36,0.4956,-1,-1,-1
209,5,99.63,545.07,59.85,149.28,0.3752,-1,-1,-1
209,7,509.21,323.51,73.34,212.65,0.5572,-1,-1,-1
209,10,892.70,151.58,70.67,189.93,0.4535,-1,-1,-1
209,16,758.44,301.07,59.88,195.09,0.3531,-1,-1,-1
209,18,398.45,590.93,83.83,240.33,0.7519,-1,-1,-1
209,35,602.39,324.07,56.52,168.43,0.3730,-1,-1,-1
209,36,816.90,315.31,58.67,183.95,0.2682,-1,-1,-1
209,37,220.57,523.19,63.22,202.46,0.6256,-1,-1,-1
209,41,789.79,150.80,60.94,169.12,0.2384,-1,-1,-1
209,47,89.85,665.34,107.89,239.99,0.7617,-1,-1,-1
209,48,1142.15,137.58,56.98,182.31,0.3426,-1,-1,-1
209,51,10.34,606.07,66.16,236.23,0.5766,-1,-1,-1
209,52,1199.58,145.26,58.71,152.57,0.2149,-1,-1,-1
210,0,424.52,205.44,78.39,209.99,0.4219,-1,-1,-1
210,2,957.86,912.13,63.50,167.05,0.7292,-1,-1,-1
210,3,1721.04,458.18,73.59,210.42,0.5698,-1,-1,-1
210,4,1355.98,570.96,80.44,215.15,0.5190,-1,-1,-1
210,5,99.99,543.46,60.67,151.33,0.3845,-1,-1,-1
210,7,508.40,323.76,73.52,213.28,0.5971,-1,-1,-1
210,10,893.12,151.03,69.99,189.50,0.4767,-1,-1,-1
210,16,759.89,304.06,60.27,195.95,0.3198,-1,-1,-1
210,18,399.95,590.06,82.09,237.66,0.7551,-1,-1,-1
210,35,601.23,323.25,58.98,176.75,0.3335,-1,-1,-1
210,36,817.53,318.17,58.81,184.64,0.3465,-1,-1,-1
210,37,219.68,522.35,63.99,203.70,0.6205,-1,-1,-1
210,41,789.92,150.99,61.18,170.76,0.2424,-1,-1,-1
210,47,89.18,667.00,112.30,240.53,0.7543,-1,-1,-1
210,48,1140.84,137.62,56.74,181.75,0.3409,-1,-1,-1
210,51,9.46,607.02,70.51,234.22,0.5913,-1,-1,-1
211,0,425.89,204.99,77.94,209.71,0.4367,-1,-1,-1
211,2,956.07,912.37,63.60,166.25,0.7376,-1,-1,-1
211,3,1721.18,459.11,72.94,208.03,0.5500,-1,-1,-1
211,4,1354.84,570.32,81.27,219.24,0.5124,-1,-1,-1
211,5,100.68,543.57,61.48,152.79,0.3776,-1,-1,-1
211,7,508.25,323.91,72.89,211.59,0.5998,-1,-1,-1
211,10,894.96,150.41,68.85,186.05,0.4973,-1,-1,-1
211,16,760.09,305.67,61.32,197.77,0.3100,-1,-1,-1
211,18,400.20,587.03,81.48,238.44,0.7515,-1,-1,-1
211,35,600.63,324.86,60.06,180.19,0.2912,-1,-1,-1
211,36,817.57,319.94,58.84,185.21,0.2791,-1,-1,-1
211,37,218.21,520.94,64.68,205.00,0.5994,-1,-1,-1
211,41,790.73,150.64,60.65,169.62,0.2645,-1,-1,-1
211,47,92.55,668.89,113.02,241.37,0.7521,-1,-1,-1
211,48,1138.62,137.59,56.92,182.52,0.3332,-1,-1,-1
211,51,8.57,611.83,73.59,229.29,0.5870,-1,-1,-1
212,0,425.76,203.41,77.99,210.10,0.4024,-1,-1,-1
212,2,954.02,910.91,64.67,169.02,0.7329,-1,-1,-1
212,3,1720.87,459.48,73.63,209.59,0.5753,-1,-1,-1
212,4,1355.05,570.99,80.86,219.68,0.5009,-1,-1,-1
212,5,101.19,543.81,63.31,157.58,0.4590,-1,-1,-1
212,7,507.50,325.48,72.47,210.47,0.5918,-1,-1,-1
212,10,897.89,147.80,67.97,183.71,0.4892,-1,-1,-1
212,16,759.76,305.21,61.68,196.36,0.2972,-1,-1,-1
212,18,399.90,585.21,81.74,239.25,0.7133,-1,-1,-1
212,35,600.79,326.96,59.87,178.80,0.2731,-1,-1,-1
212,36,816.15,321.67,59.91,186.07,0.3805,-1,-1,-1
212,37,216.94,519.63,65.24,206.01,0.6211,-1,-1,-1
212,41,790.28,150.47,62.07,173.93,0.2682,-1,-1,-1
212,47,95.95,669.93,112.57,244.66,0.7423,-1,-1,-1
212,48,1137.39,137.66,56.95,182.49,0.2957,-1,-1,-1
212,51,19.43,609.93,76.65,233.99,0.5596,-1,-1,-1
213,0,425.56,201.95,77.92,210.19,0.4076,-1,-1,-1
213,2,951.75,909.91,65.09,170.10,0.7463,-1,-1,-1
213,3,1720.92,459.06,73.93,209.90,0.5666,-1,-1,-1
213,4,1354.82,570.58,80.88,221.25,0.5398,-1,-1,-1
213,5,99.73,544.01,67.60,171.14,0.4890,-1,-1,-1
213,7,507.05,325.96,72.29,211.41,0.6299,-1,-1,-1
213,10,898.97,145.10,67.82,183.70,0.5013,-1,-1,-1
213,16,760.74,309.58,61.96,194.68,0.2898,-1,-1,-1
213,18,399.91,582.74,82.66,242.44,0.7104,-1,-1,-1
213,35,599.83,327.80,61.79,185.42,0.3035,-1,-1,-1
213,36,813.74,321.48,62.22,187.93,0.3330,-1,-1,-1
213,37,216.18,519.22,64.97,204.49,0.6150,-1,-1,-1
213,41,790.20,149.41,62.41,175.22,0.2606,-1,-1,-1
213,47,97.83,669.08,112.12,249.85,0.7477,-1,-1,-1
213,48,1134.45,137.08,57.42,182.53,0.2762,-1,-1,-1
213,51,25.22,610.00,76.74,234.42,0.5290,-1,-1,-1
214,0,424.92,201.25,77.69,210.41,0.3946,-1,-1,-1
214,2,950.89,908.68,65.07,171.32,0.7357,-1,-1,-1
214,3,1721.68,459.47,73.17,207.41,0.5645,-1,-1,-1
214,4,1354.84,571.23,79.57,218.09,0.5271,-1,-1,-1
214,5,100.31,546.48,68.17,173.76,0.4908,-1,-1,-1
214,7,508.49,324.47,72.07,211.36,0.7047,-1,-1,-1
214,10,900.03,142.01,68.09,185.56,0.4662,-1,-1,-1
214,16,759.62,310.32,63.32,193.96,0.2895,-1,-1,-1
214,18,399.67,580.02,84.05,244.86,0.6935,-1,-1,-1
214,35,598.59,330.85,63.58,193.49,0.3601,-1,-1,-1
214,36,818.18,324.49,61.99,187.26,0.3310,-1,-1,-1
214,37,216.33,518.80,64.87,203.28,0.5915,-1,-1,-1
214,41,790.19,149.96,61.80,174.26,0.2628,-1,-1,-1
214,47,102.06,665.90,109.99,254.48,0.7556,-1,-1,-1
214,48,1131.87,135.99,57.27,181.41,0.2832,-1,-1,-1
214,51,31.85,613.37,74.35,232.79,0.5563,-1,-1,-1
215,0,425.90,200.61,77.00,209.47,0.3774,-1,-1,-1
215,2,949.33,909.09,64.31,170.92,0.7452,-1,-1,-1
215,3,1721.62,459.69,73.30,207.55,0.5782,-1,-1,-1
215,4,1356.17,571.68,78.50,215.10,0.5403,-1,-1,-1
215,5,102.07,547.91,67.60,171.69,0.4498,-1,-1,-1
215,7,508.35,325.16,72.37,214.03,0.6742,-1,-1,-1
215,10,900.93,141.90,67.86,185.70,0.4448,-1,-1,-1
215,16,761.89,312.30,63.97,192.05,0.3765,-1,-1,-1
215,18,399.53,578.89,85.32,245.69,0.7152,-1,-1,-1
215,35,598.89,332.79,64.73,198.93,0.3784,-1,-1,-1
215,36,815.93,323.82,63.50,187.65,0.3430,-1,-1,-1
215,37,216.14,517.79,65.04,203.76,0.5843,-1,-1,-1
215,41,791.54,150.47,61.67,173.76,0.2772,-1,-1,-1
215,47,106.49,664.57,105.89,257.47,0.7662,-1,-1,-1
215,48,1129.81,135.01,57.67,182.75,0.2962,-1,-1,-1
215,51,40.05,612.58,74.49,235.48,0.5209,-1,-1,-1
216,0,426.42,201.31,75.09,204.53,0.3520,-1,-1,-1
216,2,949.13,909.19,63.62,170.82,0.7376,-1,-1,-1
216,3,1721.40,458.89,73.60,208.90,0.5417,-1,-1,-1
216,4,1355.93,571.11,79.54,217.81,0.5404,-1,-1,-1
216,5,102.95,547.93,68.47,172.98,0.4643,-1,-1,-1
216,7,507.29,327.18,72.61,216.50,0.6221,-1,-1,-1
216,10,900.89,140.92,67.78,186.49,0.5114,-1,-1,-1
216,16,760.19,313.62,65.50,192.09,0.3829,-1,-1,-1
216,18,400.11,578.59,86.19,246.41,0.7187,-1,-1,-1
216,35,598.71,333.26,64.95,200.35,0.3830,-1,-1,-1
216,36,816.47,322.84,65.93,190.06,0.3305,-1,-1,-1
216,37,215.25,516.90,64.52,201.48,0.5842,-1,-1,-1
216,41,792.22,150.17,61.74,174.38,0.2978,-1,-1,-1
216,47,110.52,662.77,101.26,259.72,0.7806,-1,-1,-1
216,48,1128.05,132.98,58.06,184.73,0.3453,-1,-1,-1
216,51,43.48,610.93,74.82,240.46,0.6183,-1,-1,-1
217,0,426.31,199.54,74.39,203.23,0.3484,-1,-1,-1
217,2,948.76,908.84,62.84,171.17,0.7374,-1,-1,-1
217,3,1721.12,459.01,73.64,209.00,0.5315,-1,-1,-1
217,4,1355.79,571.63,80.21,218.47,0.5258,-1,-1,-1
217,5,102.28,548.93,68.01,171.75,0.3979,-1,-1,-1
217,7,507.64,329.46,72.35,217.86,0.5991,-1,-1,-1
217,10,901.34,140.83,67.46,185.36,0.4604,-1,-1,-1
217,16,760.70,315.28,66.54,190.35,0.3677,-1,-1,-1
217,18,399.90,577.09,87.19,246.86,0.7099,-1,-1,-1
217,35,598.50,336.50,63.99,200.44,0.3870,-1,-1,-1
217,36,816.58,322.56,67.66,190.57,0.2718,-1,-1,-1
217,37,216.49,515.87,64.26,204.01,0.5800,-1,-1,-1
217,41,793.62,149.85,62.75,176.16,0.3055,-1,-1,-1
217,47,112.13,662.74,98.44,259.52,0.7908,-1,-1,-1
217,48,1126.60,130.86,58.38,187.46,0.2889,-1,-1,-1
217,51,49.07,613.58,74.55,239.72,0.6280,-1,-1,-1
218,0,426.89,198.67,73.90,201.36,0.3752,-1,-1,-1
218,2,946.80,908.32,63.32,171.69,0.7344,-1,-1,-1
218,3,1721.19,459.31,73.68,209.53,0.5225,-1,-1,-1
218,4,1355.23,571.37,80.44,218.84,0.4938,-1,-1,-1
218,5,107.31,548.53,59.14,144.77,0.3216,-1,-1,-1
218,7,507.97,330.31,71.86,220.20,0.6173,-1,-1,-1
218,10,901.76,141.11,66.86,183.57,0.3776,-1,-1,-1
218,16,761.79,315.08,67.40,192.22,0.3127,-1,-1,-1
218,18,399.40,576.74,88.01,246.39,0.7189,-1,-1,-1
218,35,597.68,339.75,62.80,198.36,0.4311,-1,-1,-1
218,36,817.07,322.79,68.43,189.77,0.2108,-1,-1,-1
218,37,216.54,514.15,63.54,206.06,0.5482,-1,-1,-1
218,41,793.67,149.70,63.03,175.25,0.2813,-1,-1,-1
218,47,116.78,664.09,95.88,257.78,0.7803,-1,-1,-1
218,48,1124.98,129.45,58.37,188.28,0.2834,-1,-1,-1
218,51,56.63,617.51,75.38,237.24,0.4969,-1,-1,-1
219,0,427.91,197.00,73.14,199.16,0.3551,-1,-1,-1
219,2,943.80,907.39,64.74,172.61,0.7538,-1,-1,-1
219,3,1721.07,458.84,73.72,210.02,0.5485,-1,-1,-1
219,4,1355.59,571.89,80.10,217.07,0.5037,-1,-1,-1
219,5,107.84,549.13,57.45,134.42,0.3710,-1,-1,-1
219,7,508.71,331.92,70.57,220.13,0.6280,-1,-1,-1
219,10,900.80,140.63,68.48,187.18,0.4737,-1,-1,-1
219,16,761.25,315.68,67.70,190.93,0.2996,-1,-1,-1
219,18,399.83,575.43,87.76,245.40,0.6946,-1,-1,-1
219,35,596.66,341.64,62.32,199.09,0.4980,-1,-1,-1
219,37,215.29,511.73,61.90,203.06,0.5354,-1,-1,-1
219,41,792.61,148.62,63.25,175.68,0.2956,-1,-1,-1
219,47,120.16,662.66,94.13,257.73,0.7718,-1,-1,-1
219,48,1123.99,128.18,58.41,189.52,0.3216,-1,-1,-1
219,51,60.68,625.51,74.13,225.14,0.5830,-1,-1,-1
220,0,427.94,196.56,72.76,198.50,0.3742,-1,-1,-1
220,2,941.90,905.53,66.31,174.47,0.7481,-1,-1,-1
220,3,1721.32,459.04,73.48,209.25,0.5642,-1,-1,-1
220,4,1355.51,570.92,81.10,218.50,0.5130,-1,-1,-1
220,5,103.80,549.74,60.47,134.06,0.3996,-1,-1,-1
220,7,508.86,334.48,68.68,217.57,0.6369,-1,-1,-1
220,10,900.25,141.29,69.54,187.83,0.5145,-1,-1,-1
220,16,762.01,317.36,68.30,189.38,0.3103,-1,-1,-1
220,18,398.19,572.09,88.43,247.33,0.7156,-1,-1,-1
220,35,596.48,342.13,61.74,200.23,0.5147,-1,-1,-1
220,37,213.39,507.52,61.07,201.89,0.5506,-1,-1,-1
220,41,790.63,148.53,63.94,178.10,0.2908,-1,-1,-1
220,47,124.49,666.00,92.94,250.14,0.7425,-1,-1,-1
220,48,1123.00,126.86,58.00,188.97,0.2868,-1,-1,-1
220,51,63.29,630.85,76.21,221.23,0.6052,-1,-1,-1
221,0,428.35,195.23,72.83,199.36,0.3794,-1,-1,-1
221,2,938.73,904.81,67.49,175.20,0.7478,-1,-1,-1
221,3,1720.94,458.51,73.50,209.29,0.5864,-1,-1,-1
221,4,1355.29,571.46,81.31,218.07,0.5156,-1,-1,-1
221,5,99.09,550.71,66.13,137.10,0.4767,-1,-1,-1
221,7,509.59,336.62,68.56,218.51,0.6034,-1,-1,-1
221,10,901.16,141.49,69.71,188.20,0.5417,-1,-1,-1
221,16,762.61,315.07,69.35,191.78,0.3331,-1,-1,-1
221,18,398.50,569.18,87.96,248.45,0.6923,-1,-1,-1
221,35,596.36,344.14,60.77,200.09,0.5801,-1,-1,-1
221,37,212.47,504.23,60.84,201.32,0.5997,-1,-1,-1
221,41,789.52,148.20,64.00,179.04,0.2367,-1,-1,-1
221,47,128.26,667.70,94.77,251.47,0.7301,-1,-1,-1
221,48,1122.13,126.55,57.26,186.62,0.3121,-1,-1,-1
221,51,66.71,634.78,78.74,219.20,0.6305,-1,-1,-1
221,52,1184.06,136.70,61.04,162.03,0.2160,-1,-1,-1
222,0,428.76,193.91,72.83,200.03,0.3578,-1,-1,-1
222,2,937.25,905.08,69.03,174.93,0.7533,-1,-1,-1
222,3,1721.56,458.53,73.41,208.82,0.5638,-1,-1,-1
222,4,1355.41,571.63,82.32,219.89,0.4860,-1,-1,-1
222,5,96.56,551.02,74.48,153.13,0.3797,-1,-1,-1
222,7,510.22,336.71,67.96,218.88,0.5869,-1,-1,-1
222,10,901.44,140.82,69.09,186.99,0.4980,-1,-1,-1
222,16,767.24,316.15,68.47,191.84,0.2692,-1,-1,-1
222,18,397.92,565.25,87.49,250.65,0.7094,-1,-1,-1
222,35,596.00,345.48,60.22,199.28,0.5701,-1,-1,-1
222,36,830.19,327.58,64.61,180.92,0.2375,-1,-1,-1
222,37,210.51,503.42,61.69,200.70,0.5618,-1,-1,-1
222,41,789.52,148.25,63.51,178.18,0.2271,-1,-1,-1
222,47,134.78,669.21,98.63,251.44,0.7160,-1,-1,-1
222,48,1121.16,128.33,54.65,178.96,0.2885,-1,-1,-1
222,51,70.89,631.74,82.98,225.37,0.5137,-1,-1,-1
222,52,1183.62,132.40,61.52,166.38,0.2332,-1,-1,-1
223,0,429.95,193.72,72.90,201.65,0.3377,-1,-1,-1
223,2,936.08,904.75,70.15,175.25,0.7456,-1,-1,-1
223,3,1721.73,457.84,73.28,209.29,0.5424,-1,-1,-1
223,4,1355.50,571.68,83.11,221.25,0.4526,-1,-1,-1
223,5,98.99,552.06,71.44,142.37,0.4595,-1,-1,-1
223,7,510.69,337.24,67.59,218.43,0.5835,-1,-1,-1
223,10,900.73,140.70,68.63,185.53,0.4489,-1,-1,-1
223,16,769.29,315.64,68.83,194.00,0.3005,-1,-1,-1
223,18,398.45,564.11,85.06,245.31,0.7257,-1,-1,-1
223,35,595.25,346.28,59.85,198.49,0.5594,-1,-1,-1
223,36,831.52,327.24,64.77,185.26,0.2214,-1,-1,-1
223,37,210.15,502.52,62.33,200.22,0.5643,-1,-1,-1
223,47,136.32,670.76,104.20,257.47,0.6903,-1,-1,-1
223,48,1119.32,128.41,54.46,178.51,0.3350,-1,-1,-1
223,51,71.43,633.66,84.37,225.59,0.5791,-1,-1,-1
223,52,1183.20,130.19,61.59,167.43,0.2630,-1,-1,-1
224,0,431.12,193.43,72.69,202.33,0.3577,-1,-1,-1
224,2,935.51,904.44,70.50,175.56,0.7161,-1,-1,-1
224,3,1721.62,458.94,73.21,208.90,0.5487,-1,-1,-1
224,4,1355.73,571.60,86.01,227.94,0.4353,-1,-1,-1
224,5,99.22,552.57,72.50,142.60,0.3632,-1,-1,-1
224,7,511.64,338.04,67.61,218.14,0.5859,-1,-1,-1
224,10,902.89,137.74,69.21,186.35,0.4197,-1,-1,-1
224,16,770.74,316.29,68.31,193.44,0.2948,-1,-1,-1
224,18,398.30,560.51,82.81,239.41,0.7171,-1,-1,-1
224,35,594.66,346.62,59.75,198.11,0.5603,-1,-1,-1
224,36,833.00,328.12,64.00,185.55,0.2874,-1,-1,-1
224,37,210.85,500.87,61.90,201.85,0.5535,-1,-1,-1
224,47,138.48,675.76,109.44,259.68,0.7254,-1,-1,-1
224,48,1117.55,127.92,54.47,179.01,0.3189,-1,-1,-1
224,51,73.43,635.02,83.38,222.80,0.5422,-1,-1,-1
224,52,1183.10,128.14,61.34,167.91,0.2735,-1,-1,-1
225,0,430.09,192.02,73.17,204.28,0.3693,-1,-1,-1
225,2,935.00,903.26,71.04,176.66,0.7277,-1,-1,-1
225,3,1721.35,458.78,73.61,209.59,0.5840,-1,-1,-1
225,4,1355.77,572.19,87.61,231.46,0.4103,-1,-1,-1
225,5,98.31,553.15,75.50,148.22,0.3705,-1,-1,-1
225,7,512.63,338.61,67.87,217.49,0.5865,-1,-1,-1
225,10,904.63,137.15,69.32,185.60,0.3902,-1,-1,-1
225,16,773.02,316.76,69.44,195.28,0.3959,-1,-1,-1
225,18,397.23,557.64,81.48,236.59,0.7170,-1,-1,-1
225,35,594.18,347.98,59.17,195.98,0.5705,-1,-1,-1
225,36,834.84,327.37,63.68,186.80,0.2443,-1,-1,-1
225,37,211.17,499.58,61.05,200.94,0.6084,-1,-1,-1
225,47,138.17,678.24,114.07,264.31,0.7732,-1,-1,-1
225,48,1115.55,127.29,54.69,179.25,0.3688,-1,-1,-1
225,51,77.03,638.68,83.03,226.83,0.5941,-1,-1,-1
225,52,1182.56,124.47,61.94,170.48,0.2576,-1,-1,-1
226,0,430.57,190.40,73.29,205.32,0.3925,-1,-1,-1
226,2,933.26,902.10,72.24,177.90,0.7226,-1,-1,-1
226,3,1721.40,458.12,74.03,210.58,0.5769,-1,-1,-1
226,4,1357.18,573.76,86.59,225.97,0.4488,-1,-1,-1
226,5,98.87,554.31,77.99,153.20,0.4247,-1,-1,-1
226,7,511.22,339.50,69.08,217.05,0.6155,-1,-1,-1
226,10,905.61,135.47,68.63,184.76,0.3656,-1,-1,-1
226,16,775.11,316.35,69.78,197.57,0.3801,-1,-1,-1
226,18,393.89,555.41,83.20,238.19,0.7250,-1,-1,-1
226,29,793.23,107.54,79.08,217.92,0.2356,-1,-1,-1
226,35,592.72,347.60,59.60,196.25,0.5807,-1,-1,-1
226,36,838.68,327.62,62.24,186.28,0.3173,-1,-1,-1
226,37,208.38,499.52,62.68,201.77,0.6060,-1,-1,-1
226,47,139.36,680.79,115.11,265.09,0.7539,-1,-1,-1
226,48,1114.20,126.79,54.04,176.14,0.3614,-1,-1,-1
226,51,82.44,640.19,81.97,227.58,0.6079,-1,-1,-1
226,52,1182.03,121.34,61.94,171.14,0.2635,-1,-1,-1
227,0,431.19,188.55,73.80,207.76,0.4145,-1,-1,-1
227,2,932.77,902.02,72.39,177.97,0.7081,-1,-1,-1
227,3,1721.37,458.23,73.73,209.95,0.5957,-1,-1,-1
227,4,1356.44,574.02,87.04,225.63,0.4627,-1,-1,-1
227,5,99.87,554.53,79.44,156.45,0.4687,-1,-1,-1
227,7,511.38,343.02,69.09,212.63,0.6181,-1,-1,-1
227,10,906.60,133.78,68.57,186.91,0.3490,-1,-1,-1
227,16,778.61,317.67,71.50,200.51,0.3027,-1,-1,-1
227,18,391.75,553.09,84.34,239.41,0.7344,-1,-1,-1
227,35,591.00,347.47,60.65,197.46,0.5905,-1,-1,-1
227,36,839.94,331.05,61.38,186.12,0.2923,-1,-1,-1
227,37,208.49,498.25,63.94,203.91,0.6048,-1,-1,-1
227,47,142.44,683.06,115.65,269.13,0.7643,-1,-1,-1
227,48,1112.55,125.49,54.72,178.08,0.3726,-1,-1,-1
227,51,89.62,638.67,80.82,228.56,0.5921,-1,-1,-1
227,52,1181.95,119.34,61.78,171.06,0.2814,-1,-1,-1
228,0,432.16,188.28,73.47,207.73,0.4362,-1,-1,-1
228,2,932.60,901.05,72.65,178.93,0.6954,-1,-1,-1
228,3,1721.76,459.50,73.26,208.13,0.5956,-1,-1,-1
228,4,1357.15,575.55,89.77,229.77,0.4474,-1,-1,-1
228,5,102.86,554.98,75.72,147.23,0.4599,-1,-1,-1
228,7,510.19,341.57,69.92,213.80,0.6387,-1,-1,-1
228,10,909.55,132.78,66.63,181.58,0.3559,-1,-1,-1
228,16,778.51,318.81,73.06,204.33,0.3923,-1,-1,-1
228,18,388.37,552.21,86.26,239.99,0.7352,-1,-1,-1
228,29,789.71,110.32,77.19,215.96,0.2427,-1,-1,-1
228,35,590.11,348.95,60.74,195.51,0.5721,-1,-1,-1
228,36,839.78,330.74,62.12,190.48,0.2650,-1,-1,-1
228,37,208.88,497.05,64.49,203.94,0.6215,-1,-1,-1
228,47,144.78,687.61,111.14,265.83,0.7345,-1,-1,-1
228,48,1109.88,125.23,55.47,179.56,0.3302,-1,-1,-1
228,51,94.57,639.58,80.99,231.59,0.6010,-1,-1,-1
228,52,1181.43,119.45,61.43,170.52,0.2626,-1,-1,-1
229,0,432.66,187.92,73.24,208.76,0.4224,-1,-1,-1
229,2,931.89,900.27,72.98,179.72,0.7155,-1,-1,-1
229,3,1721.03,459.38,73.72,208.90,0.6028,-1,-1,-1
229,4,1356.71,576.11,87.84,222.03,0.4909,-1,-1,-1
229,5,105.22,556.02,74.10,141.25,0.4673,-1,-1,-1
229,7,510.40,343.82,70.27,212.07,0.6495,-1,-1,-1
229,10,912.93,131.98,65.34,177.64,0.3882,-1,-1,-1
229,16,775.85,318.11,74.37,209.54,0.3436,-1,-1,-1
229,18,385.70,549.62,88.80,242.88,0.7255,-1,-1,-1
229,29,789.07,109.28,76.65,217.67,0.3255,-1,-1,-1
229,35,589.52,349.67,61.01,194.62,0.5615,-1,-1,-1
229,36,840.62,331.58,62.40,193.31,0.2488,-1,-1,-1
229,37,207.72,495.95,65.35,205.32,0.5912,-1,-1,-1
229,47,145.55,690.35,107.79,264.83,0.7290,-1,-1,-1
229,48,1106.52,124.93,56.47,180.28,0.3414,-1,-1,-1
229,51,101.92,643.00,78.01,225.05,0.5913,-1,-1,-1
229,52,1178.71,123.26,60.12,168.19,0.2773,-1,-1,-1
230,0,434.42,187.57,71.93,206.14,0.4565,-1,-1,-1
230,2,932.18,899.68,72.92,180.33,0.7126,-1,-1,-1
230,3,1721.19,459.62,73.67,208.39,0.5841,-1,-1,-1
230,4,1356.81,575.23,91.24,228.17,0.4598,-1,-1,-1
230,5,108.08,556.49,71.22,130.77,0.4543,-1,-1,-1
230,7,510.40,344.34,71.15,213.57,0.6390,-1,-1,-1
230,10,916.39,130.53,64.42,174.62,0.3404,-1,-1,-1
230,16,778.39,318.95,74.85,211.64,0.3199,-1,-1,-1
230,18,383.40,546.36,91.63,247.69,0.7325,-1,-1,-1
230,29,788.67,110.07,74.99,217.36,0.3006,-1,-1,-1
230,35,589.02,351.27,61.32,193.56,0.5281,-1,-1,-1
230,36,840.42,333.00,62.28,193.89,0.2464,-1,-1,-1
230,37,206.88,494.66,65.83,204.69,0.5886,-1,-1,-1
230,47,147.34,693.60,107.36,263.73,0.7489,-1,-1,-1
230,48,1101.07,125.84,58.23,179.31,0.3479,-1,-1,-1
230,51,107.69,645.26,74.68,216.20,0.5594,-1,-1,-1
230,52,1177.87,124.43,58.72,164.67,0.2937,-1,-1,-1
231,0,435.77,187.01,71.21,204.22,0.4376,-1,-1,-1
231,2,931.66,899.40,73.08,180.54,0.7279,-1,-1,-1
231,3,1721.26,458.55,74.14,209.89,0.6109,-1,-1,-1
231,4,1357.44,577.69,90.62,223.76,0.4701,-1,-1,-1
231,5,107.65,556.75,72.00,127.78,0.4820,-1,-1,-1
231,7,509.15,345.40,71.74,213.09,0.6584,-1,-1,-1
231,10,918.34,129.56,65.68,177.47,0.3072,-1,-1,-1
231,16,776.28,326.95,70.03,202.92,0.3281,-1,-1,-1
231,18,381.24,545.44,93.06,248.60,0.7377,-1,-1,-1
231,29,788.77,111.01,73.18,215.86,0.2646,-1,-1,-1
231,35,588.23,350.20,62.27,193.51,0.5485,-1,-1,-1
231,36,842.61,334.84,61.00,192.20,0.3368,-1,-1,-1
231,37,210.27,493.36,65.42,204.35,0.5610,-1,-1,-1
231,47,151.42,695.47,104.74,262.21,0.7687,-1,-1,-1
231,48,1098.34,126.18,59.71,178.58,0.3567,-1,-1,-1
231,51,119.60,644.14,57.88,158.47,0.4767,-1,-1,-1
231,52,1177.37,123.88,58.65,164.59,0.3107,-1,-1,-1
232,0,436.79,186.57,71.31,205.35,0.4461,-1,-1,-1
232,2,931.79,899.50,73.11,180.50,0.7215,-1,-1,-1
232,3,1721.47,457.78,74.07,210.50,0.6170,-1,-1,-1
232,4,1357.52,578.53,93.28,228.92,0.4679,-1,-1,-1
232,5,106.88,557.11,74.05,128.94,0.4507,-1,-1,-1
232,7,507.86,345.74,72.30,215.98,0.6662,-1,-1,-1
232,10,919.55,126.96,66.89,180.26,0.3077,-1,-1,-1
232,16,778.05,324.16,70.85,206.32,0.2932,-1,-1,-1
232,18,378.31,545.26,94.38,248.38,0.7132,-1,-1,-1
232,29,788.02,111.76,72.19,215.66,0.2298,-1,-1,-1
232,35,588.62,351.98,61.87,190.76,0.5231,-1,-1,-1
232,36,843.99,335.58,60.55,191.15,0.3275,-1,-1,-1
232,37,214.06,492.29,64.11,203.16,0.5231,-1,-1,-1
232,47,159.42,697.74,99.97,258.99,0.7634,-1,-1,-1
232,48,1097.28,125.83,60.65,178.22,0.4092,-1,-1,-1
232,51,112.64,647.57,78.10,222.07,0.5335,-1,-1,-1
232,52,1176.86,125.28,58.06,162.30,0.3465,-1,-1,-1
233,0,437.84,184.57,71.61,207.50,0.4114,-1,-1,-1
233,2,932.31,899.09,72.77,180.90,0.7089,-1,-1,-1
233,3,1721.68,458.42,73.66,209.30,0.5951,-1,-1,-1
233,4,1356.99,577.55,96.17,234.89,0.4534,-1,-1,-1
233,5,106.57,557.85,76.91,132.65,0.4187,-1,-1,-1
233,7,507.08,346.79,72.93,219.51,0.6781,-1,-1,-1
233,10,920.74,126.12,66.47,178.91,0.2876,-1,-1,-1
233,16,780.11,331.54,68.02,200.78,0.2977,-1,-1,-1
233,18,376.71,544.92,94.73,246.47,0.6917,-1,-1,-1
233,29,788.41,118.38,69.23,208.33,0.2513,-1,-1,-1
233,35,588.23,353.71,62.24,190.87,0.5164,-1,-1,-1
233,36,845.29,337.38,60.65,189.88,0.3757,-1,-1,-1
233,37,212.79,490.59,64.64,203.58,0.5892,-1,-1,-1
233,47,164.22,699.88,96.31,256.74,0.7783,-1,-1,-1
233,48,1096.17,125.94,60.89,176.15,0.4655,-1,-1,-1
233,51,113.20,648.33,77.32,226.86,0.5440,-1,-1,-1
233,52,1174.73,124.00,58.44,162.67,0.3516,-1,-1,-1
234,0,439.31,183.49,71.65,208.62,0.4265,-1,-1,-1
234,2,933.94,900.38,71.14,179.63,0.6985,-1,-1,-1
234,3,1722.10,458.24,73.72,209.71,0.6140,-1,-1,-1
234,4,1356.25,575.70,98.75,239.42,0.5107,-1,-1,-1
234,5,88.09,558.84,115.21,211.82,0.3856,-1,-1,-1
234,7,506.13,347.76,72.61,221.17,0.6880,-1,-1,-1
234,10,921.56,123.86,67.39,181.07,0.3618,-1,-1,-1
234,16,779.84,335.00,67.23,200.40,0.2864,-1,-1,-1
234,18,375.46,542.95,95.17,244.24,0.7133,-1,-1,-1
234,29,787.87,118.16,69.13,209.38,0.2551,-1,-1,-1
234,35,587.52,354.47,63.31,193.85,0.5440,-1,-1,-1
234,36,845.83,339.19,60.64,188.75,0.3161,-1,-1,-1
234,37,215.10,488.46,63.27,199.24,0.5975,-1,-1,-1
234,47,166.48,700.88,94.58,256.70,0.7941,-1,-1,-1
234,48,1094.54,126.84,61.84,176.76,0.4582,-1,-1,-1
234,51,113.91,650.48,76.15,225.60,0.4359,-1,-1,-1
234,52,1173.12,123.86,58.41,161.19,0.3480,-1,-1,-1
235,0,441.35,182.31,70.84,207.44,0.4530,-1,-1,-1
235,2,933.79,900.78,69.99,179.22,0.6793,-1,-1,-1
235,3,1722.05,458.87,73.37,209.20,0.5925,-1,-1,-1
235,4,1358.16,576.33,99.09,238.37,0.4402,-1,-1,-1
235,5,103.70,559.38,85.43,154.61,0.4372,-1,-1,-1
235,7,505.69,350.61,71.89,220.93,0.6852,-1,-1,-1
235,10,921.79,123.10,68.62,185.51,0.3726,-1,-1,-1
235,16,780.54,338.08,66.54,199.23,0.3723,-1,-1,-1
235,18,373.75,541.81,95.75,245.23,0.7200,-1,-1,-1
235,29,787.57,123.55,67.11,204.06,0.2112,-1,-1,-1
235,35,588.10,356.74,62.89,192.60,0.5304,-1,-1,-1
235,36,843.76,344.48,59.06,185.84,0.3318,-1,-1,-1
235,37,216.16,485.82,62.52,197.81,0.5967,-1,-1,-1
235,47,170.59,702.29,91.13,253.37,0.7767,-1,-1,-1
235,48,1093.47,126.68,61.99,176.24,0.4523,-1,-1,-1
235,51,116.67,653.19,73.78,221.22,0.5006,-1,-1,-1
235,52,1171.36,122.96,59.18,162.14,0.3524,-1,-1,-1
236,0,443.35,182.55,69.17,203.12,0.4484,-1,-1,-1
236,2,934.48,900.52,69.09,179.48,0.6705,-1,-1,-1
236,3,1721.96,459.27,73.08,208.94,0.6041,-1,-1,-1
236,4,1359.64,576.58,99.78,238.50,0.4502,-1,-1,-1
236,5,107.55,560.19,80.63,144.22,0.5192,-1,-1,-1
236,7,505.53,353.41,70.39,218.11,0.6844,-1,-1,-1
236,10,922.79,122.08,69.04,186.98,0.3631,-1,-1,-1
236,16,781.15,339.58,65.34,197.56,0.4095,-1,-1,-1
236,18,373.48,541.22,95.12,243.76,0.7202,-1,-1,-1
236,35,587.75,358.86,61.35,187.82,0.5084,-1,-1,-1
236,36,843.44,347.79,58.49,184.18,0.3304,-1,-1,-1
236,37,216.83,483.70,62.38,196.65,0.5818,-1,-1,-1
236,41,786.59,149.16,64.61,175.94,0.2101,-1,-1,-1
236,47,174.19,702.47,89.23,253.82,0.7783,-1,-1,-1
236,48,1092.71,125.92,62.53,176.47,0.4149,-1,-1,-1
236,51,120.92,657.30,72.44,219.57,0.5671,-1,-1,-1
236,52,1169.18,122.90,59.26,161.02,0.3315,-1,-1,-1
237,0,443.96,181.55,68.60,200.78,0.3803,-1,-1,-1
237,2,935.03,900.49,67.97,179.51,0.6756,-1,-1,-1
237,3,1721.66,458.32,73.28,209.68,0.5917,-1,-1,-1
237,4,1362.30,577.57,100.13,238.57,0.4263,-1,-1,-1
237,5,108.06,560.22,80.78,143.79,0.5160,-1,-1,-1
237,7,504.15,356.00,69.97,216.52,0.6776,-1,-1,-1
237,10,924.45,122.82,68.60,186.80,0.3100,-1,-1,-1
237,16,782.22,338.80,65.19,198.56,0.4106,-1,-1,-1
237,18,373.69,537.58,94.74,245.09,0.7035,-1,-1,-1
237,35,587.46,361.04,61.61,188.74,0.5128,-1,-1,-1
237,36,849.25,343.76,58.82,181.78,0.2492,-1,-1,-1
237,37,218.08,482.45,62.35,196.34,0.5577,-1,-1,-1
237,47,177.47,703.23,87.29,250.97,0.7906,-1,-1,-1
237,48,1091.21,124.64,63.01,177.75,0.3747,-1,-1,-1
237,51,125.21,654.40,72.28,222.36,0.6008,-1,-1,-1
237,52,1167.28,123.15,59.40,160.51,0.2172,-1,-1,-1
238,0,444.06,180.43,68.77,200.36,0.3879,-1,-1,-1
238,2,934.76,900.47,66.83,179.53,0.6801,-1,-1,-1
238,3,1721.60,459.86,72.78,207.92,0.6043,-1,-1,-1
238,4,1365.69,578.81,100.83,239.57,0.4166,-1,-1,-1
238,5,94.25,560.96,114.06,216.54,0.4703,-1,-1,-1
238,7,502.90,357.05,70.49,218.32,0.6982,-1,-1,-1
238,10,925.46,120.45,68.92,188.19,0.3607,-1,-1,-1
238,16,783.61,339.66,64.88,198.31,0.4495,-1,-1,-1
238,18,375.46,535.31,92.95,243.45,0.7075,-1,-1,-1
238,35,587.58,362.15,61.50,188.00,0.5444,-1,-1,-1
238,36,851.78,343.09,58.15,175.72,0.2895,-1,-1,-1
238,37,217.74,480.19,62.75,197.33,0.5441,-1,-1,-1
238,41,787.00,150.84,65.31,173.37,0.2017,-1,-1,-1
238,47,181.48,703.25,87.26,253.23,0.7751,-1,-1,-1
238,48,1088.41,124.36,63.13,181.02,0.4178,-1,-1,-1
238,51,132.93,658.38,69.37,215.92,0.4653,-1,-1,-1
238,52,1165.33,122.31,60.38,162.77,0.2763,-1,-1,-1
239,0,444.88,179.01,69.20,200.38,0.4008,-1,-1,-1
239,2,935.00,900.16,65.58,179.83,0.7089,-1,-1,-1
239,3,1721.86,458.62,73.20,209.43,0.6240,-1,-1,-1
239,4,1362.54,576.92,103.09,240.51,0.4685,-1,-1,-1
239,5,93.28,561.67,117.16,237.05,0.4800,-1,-1,-1
239,7,501.81,357.82,70.09,216.07,0.6809,-1,-1,-1
239,10,926.19,120.47,67.26,183.36,0.4367,-1,-1,-1
239,16,783.32,339.87,64.89,198.48,0.4084,-1,-1,-1
239,18,379.19,530.62,89.10,239.36,0.7622,-1,-1,-1
239,35,588.23,362.34,61.76,187.76,0.5599,-1,-1,-1
239,37,218.31,479.80,62.92,197.85,0.5839,-1,-1,-1
239,41,783.30,144.12,68.77,179.01,0.2209,-1,-1,-1
239,47,185.24,705.60,86.47,251.14,0.7562,-1,-1,-1
239,48,1087.16,122.56,62.64,182.46,0.4246,-1,-1,-1
239,51,136.92,657.14,69.61,218.95,0.5325,-1,-1,-1
239,52,1161.57,120.68,61.58,165.33,0.3050,-1,-1,-1
240,0,445.14,177.46,70.14,201.40,0.3619,-1,-1,-1
240,2,935.64,900.41,64.18,179.03,0.7054,-1,-1,-1
240,3,1721.66,459.17,73.36,208.94,0.5960,-1,-1,-1
240,4,1361.93,576.34,104.70,240.09,0.4574,-1,-1,-1
240,5,109.56,562.24,84.42,165.52,0.4946,-1,-1,-1
240,7,499.93,358.36,71.48,218.38,0.6509,-1,-1,-1
240,10,924.69,118.93,67.60,185.03,0.4095,-1,-1,-1
240,16,784.20,340.27,64.79,197.56,0.4282,-1,-1,-1
240,18,383.12,528.20,85.31,235.28,0.7467,-1,-1,-1
240,35,588.23,363.94,60.26,184.99,0.5469,-1,-1,-1
240,36,852.17,346.96,60.43,183.35,0.2931,-1,-1,-1
240,37,218.00,478.39,63.51,199.79,0.5943,-1,-1,-1
240,41,782.99,146.39,69.26,176.57,0.3152,-1,-1,-1
240,47,189.08,707.02,90.25,255.17,0.7576,-1,-1,-1
240,48,1086.20,122.16,61.36,180.75,0.3917,-1,-1,-1
240,51,142.14,654.65,70.33,221.88,0.5604,-1,-1,-1
240,52,1160.07,120.70,62.37,165.58,0.2527,-1,-1,-1
241,0,446.28,178.25,70.55,200.75,0.3664,-1,-1,-1
241,2,935.34,900.31,63.41,179.64,0.7162,-1,-1,-1
241,3,1721.72,458.65,73.19,208.88,0.6290,-1,-1,-1
241,4,1362.02,572.61,108.51,242.11,0.5078,-1,-1,-1
241,5,112.57,562.83,79.17,152.42,0.5324,-1,-1,-1
241,7,498.07,358.77,72.25,219.19,0.6603,-1,-1,-1
241,10,924.47,118.35,66.98,183.04,0.4465,-1,-1,-1
241,16,785.82,340.50,65.44,197.26,0.4428,-1,-1,-1
241,18,385.76,525.82,82.80,233.60,0.7304,-1,-1,-1
241,35,588.82,365.71,59.36,182.38,0.5622,-1,-1,-1
241,36,855.24,346.42,58.64,174.20,0.2506,-1,-1,-1
241,37,217.66,476.66,64.20,202.42,0.6210,-1,-1,-1
241,41,784.17,146.79,69.60,176.60,0.3238,-1,-1,-1
241,47,191.88,709.72,94.59,257.52,0.7769,-1,-1,-1
241,48,1084.97,121.42,60.02,178.03,0.4318,-1,-1,-1
241,51,156.00,652.35,53.23,157.87,0.4031,-1,-1,-1
241,52,1157.10,119.89,61.99,163.76,0.2881,-1,-1,-1
242,0,446.75,177.19,71.48,203.10,0.3642,-1,-1,-1
242,2,935.91,900.84,62.87,179.16,0.7259,-1,-1,-1
242,3,1721.50,459.40,72.92,208.36,0.6144,-1,-1,-1
242,4,1361.32,570.18,111.82,243.80,0.5357,-1,-1,-1
242,5,107.84,563.08,90.06,175.97,0.4398,-1,-1,-1
242,7,496.46,360.94,72.32,217.56,0.6504,-1,-1,-1
242,10,928.28,120.89,65.18,180.58,0.4581,-1,-1,-1
242,16,786.50,342.31,65.70,196.64,0.4306,-1,-1,-1
242,18,386.18,522.77,82.05,233.91,0.6991,-1,-1,-1
242,35,587.58,365.22,61.22,188.19,0.5493,-1,-1,-1
242,36,854.03,347.75,62.22,184.87,0.3627,-1,-1,-1
242,37,217.84,475.16,64.03,202.02,0.5969,-1,-1,-1
242,41,784.75,150.55,68.69,172.15,0.3251,-1,-1,-1
242,47,195.73,712.20,95.47,256.59,0.7483,-1,-1,-1
242,48,1083.40,118.89,60.17,178.85,0.4118,-1,-1,-1
242,51,158.52,650.15,58.24,168.01,0.4305,-1,-1,-1
242,52,1156.41,119.37,61.08,160.71,0.3191,-1,-1,-1
243,0,447.54,176.33,71.75,204.50,0.3479,-1,-1,-1
243,2,935.21,900.42,62.54,179.58,0.7104,-1,-1,-1
243,3,1721.62,458.86,72.91,207.51,0.6317,-1,-1,-1
243,4,1359.54,568.11,114.24,246.38,0.5380,-1,-1,-1
243,5,99.77,560.72,108.14,226.18,0.5381,-1,-1,-1
243,7,494.31,360.65,72.79,218.45,0.6476,-1,-1,-1
243,10,930.12,120.00,63.90,179.13,0.5040,-1,-1,-1
243,16,786.94,341.54,66.39,197.94,0.4228,-1,-1,-1
243,18,387.16,519.96,81.53,236.18,0.6883,-1,-1,-1
243,35,586.75,365.28,62.95,194.30,0.5771,-1,-1,-1
243,36,855.63,348.38,62.64,185.89,0.2693,-1,-1,-1
243,37,217.69,474.60,64.32,202.61,0.6049,-1,-1,-1
243,41,786.74,151.86,67.23,169.41,0.3728,-1,-1,-1
243,47,199.38,717.59,96.27,255.65,0.6950,-1,-1,-1
243,48,1081.86,118.10,60.28,179.64,0.4664,-1,-1,-1
243,51,162.70,650.91,59.63,163.40,0.4760,-1,-1,-1
243,52,1156.48,118.33,60.82,158.74,0.3099,-1,-1,-1
244,0,448.35,175.86,72.31,204.51,0.3518,-1,-1,-1
244,2,935.52,901.34,62.38,178.67,0.7835,-1,-1,-1
244,3,1721.18,458.86,73.07,207.75,0.6061,-1,-1,-1
244,4,1358.95,569.92,114.07,244.12,0.5077,-1,-1,-1
244,5,100.59,562.16,109.41,244.92,0.5662,-1,-1,-1
244,7,492.62,361.57,72.07,215.46,0.6436,-1,-1,-1
244,10,931.28,118.24,63.24,179.04,0.4405,-1,-1,-1
244,16,788.41,342.51,65.56,196.76,0.3871,-1,-1,-1
244,18,387.89,518.05,81.02,237.53,0.6919,-1,-1,-1
244,35,584.81,366.88,63.42,197.97,0.5805,-1,-1,-1
244,36,855.17,352.36,62.60,182.98,0.3908,-1,-1,-1
244,37,217.49,472.67,63.47,199.27,0.5755,-1,-1,-1
244,41,787.31,152.15,67.76,170.09,0.3411,-1,-1,-1
244,47,201.45,728.33,95.15,248.86,0.7041,-1,-1,-1
244,48,1080.58,118.00,60.32,179.77,0.4479,-1,-1,-1
244,51,168.40,653.56,63.80,158.52,0.5560,-1,-1,-1
244,52,1153.90,114.82,60.51,159.37,0.3156,-1,-1,-1
245,0,448.59,175.80,72.35,203.84,0.3196,-1,-1,-1
245,2,935.46,902.84,62.60,177.16,0.7905,-1,-1,-1
245,3,1720.89,459.01,73.27,208.05,0.5892,-1,-1,-1
245,4,1360.44,570.08,114.26,244.26,0.4324,-1,-1,-1
245,5,105.90,565.89,102.76,247.21,0.6233,-1,-1,-1
245,7,491.47,361.73,73.09,219.26,0.6682,-1,-1,-1
245,10,932.75,116.32,62.46,178.92,0.4541,-1,-1,-1
245,16,789.40,343.48,65.30,196.67,0.3798,-1,-1,-1
245,18,388.27,518.41,80.80,237.99,0.6787,-1,-1,-1
245,35,584.47,369.40,62.98,199.47,0.5897,-1,-1,-1
245,36,856.32,353.21,63.87,185.26,0.3902,-1,-1,-1
245,37,217.00,471.36,64.06,201.06,0.5674,-1,-1,-1
245,41,787.57,152.54,67.88,169.86,0.3184,-1,-1,-1
245,47,199.13,729.65,96.93,250.59,0.7023,-1,-1,-1
245,48,1079.62,117.45,59.86,179.29,0.4497,-1,-1,-1
245,51,170.68,655.31,65.47,151.84,0.5935,-1,-1,-1
245,52,1153.04,112.79,60.15,159.97,0.2880,-1,-1,-1
246,0,448.85,176.28,72.77,204.25,0.3246,-1,-1,-1
246,2,935.93,903.65,62.99,176.35,0.7800,-1,-1,-1
246,3,1720.90,458.35,73.95,209.93,0.6068,-1,-1,-1
246,4,1365.70,571.83,111.93,242.16,0.4674,-1,-1,-1
246,5,110.47,564.30,97.45,249.06,0.6373,-1,-1,-1
246,7,489.46,363.49,72.30,214.68,0.6925,-1,-1,-1
246,10,933.95,115.72,61.82,179.54,0.4114,-1,-1,-1
246,16,790.50,344.99,64.79,195.88,0.3963,-1,-1,-1
246,18,388.66,517.79,81.20,239.69,0.6971,-1,-1,-1
246,35,583.99,370.97,62.72,200.53,0.6292,-1,-1,-1
246,36,860.07,352.40,64.38,187.34,0.3856,-1,-1,-1
246,37,218.79,470.44,64.51,204.39,0.5838,-1,-1,-1
246,41,786.36,152.74,68.59,170.05,0.3275,-1,-1,-1
246,47,200.93,730.90,98.03,256.45,0.6849,-1,-1,-1
246,48,1079.22,117.72,59.52,178.52,0.4121,-1,-1,-1
246,51,175.28,655.19,67.96,152.33,0.6018,-1,-1,-1
246,52,1151.61,111.61,60.38,161.78,0.2676,-1,-1,-1
247,0,449.45,175.63,73.48,204.76,0.3373,-1,-1,-1
247,2,936.15,903.90,63.14,176.10,0.7677,-1,-1,-1
247,3,1720.45,458.41,73.84,208.83,0.6209,-1,-1,-1
247,4,1367.71,567.94,112.64,248.40,0.5719,-1,-1,-1
247,5,114.10,563.37,95.39,252.52,0.6223,-1,-1,-1
247,7,487.97,364.41,72.93,214.82,0.7434,-1,-1,-1
247,10,935.12,114.36,60.53,177.41,0.4336,-1,-1,-1
247,16,789.54,345.42,64.89,195.77,0.4094,-1,-1,-1
247,18,389.08,517.54,81.42,240.84,0.7037,-1,-1,-1
247,35,583.60,372.47,63.31,204.35,0.6803,-1,-1,-1
247,36,861.04,352.57,63.74,188.25,0.3747,-1,-1,-1
247,37,218.36,468.98,64.45,205.96,0.5815,-1,-1,-1
247,41,787.67,152.91,68.22,168.91,0.3060,-1,-1,-1
247,47,203.29,732.98,97.56,256.80,0.6711,-1,-1,-1
247,48,1077.38,116.48,59.48,179.28,0.4382,-1,-1,-1
247,51,182.02,656.51,67.28,145.91,0.4376,-1,-1,-1
247,52,1149.16,112.46,60.08,162.65,0.3185,-1,-1,-1
248,0,449.21,173.68,75.44,209.55,0.3513,-1,-1,-1
248,2,936.84,905.24,63.30,174.65,0.7521,-1,-1,-1
248,3,1719.79,459.50,74.13,208.30,0.6282,-1,-1,-1
248,4,1371.54,569.75,109.70,245.92,0.5477,-1,-1,-1
248,5,119.34,563.37,90.79,249.16,0.6796,-1,-1,-1
248,7,487.12,366.01,72.66,214.92,0.7417,-1,-1,-1
248,10,937.04,113.58,59.49,175.89,0.4607,-1,-1,-1
248,16,790.85,345.65,65.99,199.66,0.4234,-1,-1,-1
248,18,389.24,517.09,81.31,240.73,0.6928,-1,-1,-1
248,35,582.98,374.72,63.07,206.65,0.6461,-1,-1,-1
248,36,862.70,353.21,64.38,190.07,0.4156,-1,-1,-1
248,37,219.32,467.64,62.88,203.37,0.5748,-1,-1,-1
248,41,789.48,153.66,67.03,167.97,0.2696,-1,-1,-1
248,47,202.13,734.69,97.32,257.86,0.5897,-1,-1,-1
248,48,1076.07,116.36,59.46,180.89,0.4956,-1,-1,-1
248,51,185.81,662.26,68.79,145.73,0.3692,-1,-1,-1
248,52,1148.01,113.10,60.07,164.27,0.3311,-1,-1,-1
249,0,449.77,171.91,76.06,210.75,0.3885,-1,-1,-1
249,2,937.12,905.38,64.05,174.62,0.7497,-1,-1,-1
249,3,1720.27,459.64,73.81,207.59,0.5910,-1,-1,-1
249,4,1375.11,570.23,107.00,247.34,0.5262,-1,-1,-1
249,5,121.76,564.11,88.53,250.98,0.6679,-1,-1,-1
249,7,486.44,367.33,72.76,216.07,0.7132,-1,-1,-1
249,10,938.35,111.10,60.09,179.04,0.5151,-1,-1,-1
249,16,790.92,346.13,64.48,195.08,0.3833,-1,-1,-1
249,18,389.10,516.16,81.80,240.28,0.6853,-1,-1,-1
249,35,582.58,378.58,61.97,204.80,0.6023,-1,-1,-1
249,36,862.97,353.11,65.10,190.34,0.3774,-1,-1,-1
249,37,220.39,466.98,60.21,195.14,0.5555,-1,-1,-1
249,41,789.97,154.29,66.10,167.33,0.2723,-1,-1,-1
249,47,203.49,741.22,94.25,251.80,0.4883,-1,-1,-1
249,48,1074.71,116.09,59.58,182.76,0.4615,-1,-1,-1
249,51,173.68,666.00,102.72,226.55,0.4981,-1,-1,-1
249,52,1146.89,111.48,60.12,166.18,0.3423,-1,-1,-1
250,0,449.81,170.26,76.33,211.45,0.3735,-1,-1,-1
250,2,937.49,905.77,64.78,174.23,0.7302,-1,-1,-1
250,3,1720.73,458.29,74.14,209.01,0.5973,-1,-1,-1
250,4,1379.34,569.75,102.26,246.39,0.5921,-1,-1,-1
250,5,126.07,566.13,85.56,247.07,0.6766,-1,-1,-1
250,7,486.17,369.15,73.28,218.77,0.6858,-1,-1,-1
250,10,937.57,109.66,60.62,180.61,0.4961,-1,-1,-1
250,16,792.68,348.15,64.58,194.62,0.3414,-1,-1,-1
250,18,389.63,516.06,82.16,238.87,0.6793,-1,-1,-1
250,35,582.00,381.34,61.12,202.50,0.6331,-1,-1,-1
250,36,858.69,355.42,66.48,191.06,0.3943,-1,-1,-1
250,37,221.74,464.94,60.05,195.21,0.5543,-1,-1,-1
250,41,790.93,153.49,65.84,167.50,0.2471,-1,-1,-1
250,47,209.89,746.33,91.40,244.62,0.4586,-1,-1,-1
250,48,1073.13,115.34,59.49,183.38,0.4139,-1,-1,-1
250,51,188.53,669.49,79.61,166.08,0.4681,-1,-1,-1
250,52,1146.06,110.76,59.67,166.19,0.3421,-1,-1,-1
251,0,449.62,168.38,76.01,211.49,0.3775,-1,-1,-1
251,2,938.89,907.65,64.79,172.36,0.7400,-1,-1,-1
251,3,1720.49,459.22,74.13,207.85,0.6042,-1,-1,-1
251,4,1382.70,568.70,99.00,247.18,0.6259,-1,-1,-1
251,5,129.82,565.24,84.84,249.90,0.7000,-1,-1,-1
251,7,487.41,369.13,73.99,226.01,0.6535,-1,-1,-1
251,10,937.27,110.11,61.46,180.90,0.4688,-1,-1,-1
251,16,792.88,351.01,64.03,191.92,0.3647,-1,-1,-1
251,18,389.26,512.69,83.15,239.76,0.6654,-1,-1,-1
251,35,581.33,383.20,61.03,203.10,0.6521,-1,-1,-1
251,36,861.02,355.80,67.26,193.12,0.3471,-1,-1,-1
251,37,221.77,461.37,60.37,197.05,0.5620,-1,-1,-1
251,41,792.26,154.87,64.77,165.08,0.2354,-1,-1,-1
251,47,210.05,744.58,91.88,247.88,0.5578,-1,-1,-1
251,48,1072.16,114.94,59.37,183.83,0.3954,-1,-1,-1
251,51,194.19,673.91,73.52,143.36,0.5093,-1,-1,-1
251,52,1145.68,109.38,59.93,167.37,0.2882,-1,-1,-1
252,0,449.93,167.31,74.90,208.57,0.3792,-1,-1,-1
252,2,939.31,908.10,65.25,171.90,0.7127,-1,-1,-1
252,3,1720.64,459.65,73.94,207.23,0.5840,-1,-1,-1
252,4,1383.85,569.85,95.70,243.22,0.5677,-1,-1,-1
252,5,133.42,566.14,83.82,247.64,0.7027,-1,-1,-1
252,7,487.61,372.31,73.02,227.34,0.6547,-1,-1,-1
252,10,937.42,107.17,62.47,182.55,0.4819,-1,-1,-1
252,16,794.00,351.17,64.48,192.84,0.2974,-1,-1,-1
252,18,389.74,509.84,83.50,241.03,0.6639,-1,-1,-1
252,35,580.60,383.67,61.59,205.08,0.6667,-1,-1,-1
252,36,861.79,359.28,65.43,189.97,0.3575,-1,-1,-1
252,37,220.50,456.15,61.34,201.86,0.5736,-1,-1,-1
252,41,792.27,155.42,63.88,164.50,0.2344,-1,-1,-1
252,47,211.21,741.21,94.22,250.21,0.6631,-1,-1,-1
252,48,1071.33,114.32,59.26,184.16,0.3638,-1,-1,-1
252,51,194.40,676.15,75.41,140.80,0.4683,-1,-1,-1
252,52,1144.16,108.77,60.69,171.12,0.3290,-1,-1,-1
253,0,450.79,166.67,74.14,207.92,0.3854,-1,-1,-1
253,2,939.71,908.18,66.23,171.82,0.7335,-1,-1,-1
253,3,1720.86,458.12,74.40,209.13,0.5705,-1,-1,-1
253,4,1385.06,570.54,94.80,246.50,0.6154,-1,-1,-1
253,5,136.46,565.90,83.66,246.01,0.6960,-1,-1,-1
253,7,488.00,374.50,71.84,225.95,0.6621,-1,-1,-1
253,10,936.84,108.80,63.00,181.59,0.4965,-1,-1,-1
253,16,795.41,351.73,65.29,195.43,0.2706,-1,-1,-1
253,18,389.38,507.15,83.18,239.84,0.6689,-1,-1,-1
253,35,578.74,383.52,62.36,207.96,0.6810,-1,-1,-1
253,36,864.74,361.93,64.24,189.55,0.2887,-1,-1,-1
253,37,221.69,456.88,60.81,198.76,0.6017,-1,-1,-1
253,41,794.05,154.33,63.84,166.00,0.2511,-1,-1,-1
253,47,216.10,737.76,93.54,251.79,0.7348,-1,-1,-1
253,48,1069.83,114.47,58.90,182.80,0.3580,-1,-1,-1
253,51,197.71,677.37,74.31,136.49,0.4555,-1,-1,-1
253,52,1143.18,108.21,59.97,171.06,0.3577,-1,-1,-1
254,0,451.65,166.03,72.73,204.83,0.3664,-1,-1,-1
254,2,940.62,909.57,66.50,170.43,0.7320,-1,-1,-1
254,3,1720.49,458.73,74.13,208.73,0.5815,-1,-1,-1
254,4,1386.94,570.10,92.85,245.78,0.6186,-1,-1,-1
254,5,138.27,565.72,83.67,244.18,0.6677,-1,-1,-1
254,7,487.34,373.79,72.21,230.36,0.6529,-1,-1,-1
254,10,937.09,109.03,64.02,181.71,0.4886,-1,-1,-1
254,16,796.57,350.95,65.37,194.00,0.3483,-1,-1,-1
254,18,389.63,504.60,82.10,238.25,0.6362,-1,-1,-1
254,35,577.79,385.84,62.34,207.29,0.6923,-1,-1,-1
254,36,864.88,361.98,63.75,190.20,0.3532,-1,-1,-1
254,37,221.52,456.10,61.11,198.70,0.5801,-1,-1,-1
254,41,795.06,153.95,63.55,166.95,0.2555,-1,-1,-1
254,47,220.20,736.65,91.62,254.38,0.7766,-1,-1,-1
254,48,1068.28,114.13,58.63,183.16,0.3857,-1,-1,-1
254,51,197.70,678.12,75.95,137.11,0.4664,-1,-1,-1
254,52,1142.22,108.00,58.83,169.76,0.3485,-1,-1,-1
255,0,452.85,165.40,70.65,201.49,0.3485,-1,-1,-1
255,2,940.78,909.62,67.49,169.56,0.7317,-1,-1,-1
255,3,1720.83,459.28,73.47,207.50,0.6054,-1,-1,-1
255,4,1388.05,569.44,92.16,248.94,0.6545,-1,-1,-1
255,5,140.08,563.78,83.96,244.05,0.6900,-1,-1,-1
255,7,487.35,374.67,71.60,230.61,0.6682,-1,-1,-1
255,10,936.65,108.79,64.78,180.37,0.4828,-1,-1,-1
255,16,798.34,351.17,67.53,199.75,0.3302,-1,-1,-1
255,18,391.57,502.09,80.31,232.66,0.6715,-1,-1,-1
255,35,576.64,385.82,62.50,207.86,0.7296,-1,-1,-1
255,36,867.38,360.40,65.72,193.51,0.3658,-1,-1,-1
255,37,221.59,455.67,61.43,197.83,0.6188,-1,-1,-1
255,41,794.69,152.11,63.66,168.91,0.2481,-1,-1,-1
255,47,220.53,735.33,93.58,261.66,0.7280,-1,-1,-1
255,48,1066.42,113.31,58.45,183.44,0.4076,-1,-1,-1
255,51,200.84,680.11,76.81,136.74,0.4729,-1,-1,-1
255,52,1140.56,106.98,58.83,171.37,0.3294,-1,-1,-1
256,0,453.63,164.53,69.51,199.08,0.3199,-1,-1,-1
256,2,940.53,909.84,69.01,170.11,0.7425,-1,-1,-1
256,3,1720.26,459.06,73.94,208.59,0.5660,-1,-1,-1
256,4,1390.86,568.64,90.39,246.20,0.6370,-1,-1,-1
256,5,141.41,564.55,84.12,243.15,0.6533,-1,-1,-1
256,7,488.55,375.42,70.43,229.88,0.6657,-1,-1,-1
256,10,936.71,107.82,65.73,180.53,0.4858,-1,-1,-1
256,16,798.67,351.01,68.66,201.78,0.2878,-1,-1,-1
256,18,391.66,498.45,79.62,230.89,0.6527,-1,-1,-1
256,35,576.04,386.82,62.36,207.21,0.7454,-1,-1,-1
256,36,869.48,362.32,65.25,192.46,0.3302,-1,-1,-1
256,37,221.67,454.99,61.42,196.45,0.5989,-1,-1,-1
256,41,795.19,152.15,62.46,167.76,0.2968,-1,-1,-1
256,47,225.11,736.31,93.40,267.52,0.7174,-1,-1,-1
256,48,1065.38,113.14,58.06,183.18,0.3978,-1,-1,-1
256,51,204.96,678.04,83.74,146.76,0.5373,-1,-1,-1
256,52,1139.06,106.14,58.52,171.60,0.3385,-1,-1,-1
257,0,454.63,163.30,68.53,196.83,0.3063,-1,-1,-1
257,2,940.72,911.16,70.21,168.56,0.7509,-1,-1,-1
257,3,1720.14,459.91,73.55,207.29,0.5789,-1,-1,-1
257,4,1393.05,567.47,89.09,244.59,0.6262,-1,-1,-1
257,5,142.79,564.45,85.36,243.37,0.6210,-1,-1,-1
257,7,488.14,378.64,69.75,227.22,0.6771,-1,-1,-1
257,10,936.45,106.92,66.48,181.30,0.4313,-1,-1,-1
257,16,801.29,350.99,69.46,201.65,0.3213,-1,-1,-1
257,18,392.14,494.29,80.10,232.31,0.6817,-1,-1,-1
257,35,575.25,387.09,62.10,205.85,0.7588,-1,-1,-1
257,36,868.37,363.72,62.42,186.99,0.3794,-1,-1,-1
257,37,221.50,454.22,62.44,197.78,0.5734,-1,-1,-1
257,41,795.50,152.45,61.72,166.49,0.2423,-1,-1,-1
257,47,231.37,745.73,90.76,267.40,0.7338,-1,-1,-1
257,48,1063.46,112.57,58.19,184.15,0.3663,-1,-1,-1
257,51,204.53,678.38,87.54,153.05,0.5771,-1,-1,-1
257,52,1138.26,105.81,58.14,170.48,0.3210,-1,-1,-1
258,0,455.65,163.11,68.24,196.07,0.3235,-1,-1,-1
258,2,940.47,912.81,70.81,165.90,0.7498,-1,-1,-1
258,3,1720.51,459.45,73.69,207.61,0.5669,-1,-1,-1
258,4,1394.93,566.60,87.34,240.75,0.6219,-1,-1,-1
258,5,144.37,564.41,87.28,246.41,0.5900,-1,-1,-1
258,7,488.71,377.01,69.66,228.76,0.6611,-1,-1,-1
258,10,938.15,105.61,66.30,179.86,0.4246,-1,-1,-1
258,16,803.71,352.23,70.41,202.44,0.3331,-1,-1,-1
258,18,390.40,492.56,80.64,233.76,0.6806,-1,-1,-1
258,35,575.33,387.78,61.57,204.32,0.7465,-1,-1,-1
258,36,869.20,363.42,60.99,185.49,0.3488,-1,-1,-1
258,37,222.22,453.11,62.72,197.61,0.5340,-1,-1,-1
258,41,795.70,155.13,60.80,164.13,0.2256,-1,-1,-1
258,47,231.95,749.00,89.80,269.97,0.7663,-1,-1,-1
258,48,1064.32,112.77,57.76,182.32,0.3173,-1,-1,-1
258,51,208.94,679.70,87.96,156.55,0.5357,-1,-1,-1
258,52,1137.25,104.19,58.33,170.78,0.2797,-1,-1,-1
259,0,458.22,162.44,68.49,197.29,0.3507,-1,-1,-1
259,2,940.80,914.20,72.03,164.39,0.7305,-1,-1,-1
259,3,1720.23,459.34,74.20,208.53,0.5631,-1,-1,-1
259,4,1398.81,566.56,85.17,237.18,0.5865,-1,-1,-1
259,5,146.69,565.80,88.21,244.46,0.6283,-1,-1,-1
259,7,487.69,381.55,68.73,223.87,0.6670,-1,-1,-1
259,10,939.12,103.52,65.86,179.20,0.4182,-1,-1,-1
259,16,804.17,353.03,70.63,202.55,0.4110,-1,-1,-1
259,18,388.95,491.79,81.26,233.89,0.6567,-1,-1,-1
259,35,574.91,389.67,61.56,202.01,0.7487,-1,-1,-1
259,36,869.34,367.31,58.44,180.95,0.3343,-1,-1,-1
259,37,222.84,452.35,62.38,196.57,0.5074,-1,-1,-1
259,41,793.36,156.08,60.37,163.57,0.2357,-1,-1,-1
259,47,234.11,754.69,87.63,263.79,0.7464,-1,-1,-1
259,48,1063.04,112.18,57.65,181.61,0.3247,-1,-1,-1
259,51,216.92,681.65,76.69,131.48,0.4737,-1,-1,-1
259,52,1137.04,103.11,57.76,168.11,0.2670,-1,-1,-1
260,0,458.23,162.35,68.79,197.84,0.3750,-1,-1,-1
260,2,942.09,914.88,73.29,162.33,0.7217,-1,-1,-1
260,3,1719.80,459.34,74.28,208.55,0.5879,-1,-1,-1
260,4,1400.61,565.82,84.71,239.54,0.5573,-1,-1,-1
260,5,151.04,564.82,88.45,245.81,0.6318,-1,-1,-1
260,7,489.39,380.27,68.93,225.96,0.6626,-1,-1,-1
260,10,940.05,101.27,64.52,174.91,0.4327,-1,-1,-1
260,16,805.18,354.82,69.24,200.17,0.3902,-1,-1,-1
260,18,385.52,490.60,83.29,235.50,0.6631,-1,-1,-1
260,35,574.12,390.90,61.25,199.48,0.7529,-1,-1,-1
260,36,870.98,366.67,59.81,183.24,0.2995,-1,-1,-1
260,37,222.95,451.49,62.03,194.79,0.5083,-1,-1,-1
260,41,792.60,153.65,61.65,166.07,0.2443,-1,-1,-1
260,47,236.13,757.74,87.68,266.75,0.7298,-1,-1,-1
260,48,1060.44,110.84,58.01,183.82,0.3457,-1,-1,-1
260,51,221.16,682.56,75.44,124.52,0.5331,-1,-1,-1
260,52,1134.13,102.67,58.21,169.40,0.2824,-1,-1,-1
261,0,455.39,161.03,71.20,201.60,0.3851,-1,-1,-1
261,2,941.78,915.01,75.90,163.52,0.7260,-1,-1,-1
261,3,1720.38,459.59,74.19,208.82,0.5983,-1,-1,-1
261,4,1405.00,565.73,82.85,239.90,0.5527,-1,-1,-1
261,5,155.93,564.98,86.77,247.73,0.6509,-1,-1,-1
261,7,487.99,384.03,68.09,220.85,0.6898,-1,-1,-1
261,10,939.72,99.05,64.32,173.70,0.4453,-1,-1,-1
261,16,804.98,354.28,70.22,202.22,0.3709,-1,-1,-1
261,18,381.10,488.36,86.15,237.89,0.6510,-1,-1,-1
261,35,574.09,392.80,60.80,196.85,0.7489,-1,-1,-1
261,36,869.96,369.90,58.35,182.08,0.2624,-1,-1,-1
261,37,222.83,450.20,61.94,193.87,0.4815,-1,-1,-1
261,41,791.52,155.41,61.05,164.68,0.2315,-1,-1,-1
261,47,239.08,763.66,84.22,257.24,0.6983,-1,-1,-1
261,48,1059.87,109.50,57.86,183.50,0.2969,-1,-1,-1
261,51,221.21,684.46,79.26,126.55,0.6275,-1,-1,-1
261,52,1132.35,100.63,57.67,167.63,0.2487,-1,-1,-1
262,0,457.95,161.87,70.14,199.12,0.3845,-1,-1,-1
262,2,940.64,917.38,76.84,159.70,0.7269,-1,-1,-1
262,3,1720.39,460.00,74.07,208.28,0.5945,-1,-1,-1
262,4,1407.96,563.82,81.96,240.33,0.5657,-1,-1,-1
262,5,160.64,565.40,86.52,250.39,0.6473,-1,-1,-1
262,7,488.26,384.77,68.11,220.17,0.7157,-1,-1,-1
262,10,939.01,98.07,64.09,171.40,0.4972,-1,-1,-1
262,16,805.60,355.30,69.71,201.83,0.4087,-1,-1,-1
262,18,379.19,487.26,87.82,237.84,0.6311,-1,-1,-1
262,35,573.54,395.34,60.87,196.33,0.7372,-1,-1,-1
262,36,874.16,368.10,60.50,188.10,0.2307,-1,-1,-1
262,37,222.84,448.95,61.99,193.16,0.5126,-1,-1,-1
262,41,790.34,151.54,63.03,168.60,0.2331,-1,-1,-1
262,47,241.04,764.46,86.32,264.14,0.6922,-1,-1,-1
262,48,1058.10,108.17,57.90,184.06,0.3759,-1,-1,-1
262,51,223.87,687.27,79.38,125.79,0.5634,-1,-1,-1
262,52,1131.78,100.56,58.05,168.18,0.2919,-1,-1,-1
263,0,455.26,160.42,70.96,201.84,0.3654,-1,-1,-1
263,2,939.44,918.35,79.16,158.43,0.7392,-1,-1,-1
263,3,1720.21,460.04,74.21,208.12,0.5727,-1,-1,-1
263,4,1409.06,565.22,79.85,236.74,0.5933,-1,-1,-1
263,5,163.85,565.39,84.58,251.15,0.6833,-1,-1,-1
263,7,487.97,384.91,68.28,219.84,0.6995,-1,-1,-1
263,10,938.76,96.17,65.28,174.71,0.4814,-1,-1,-1
263,16,805.44,355.31,71.44,205.27,0.4034,-1,-1,-1
263,18,377.77,485.78,89.26,238.86,0.6100,-1,-1,-1
263,35,572.77,396.64,61.88,198.93,0.7084,-1,-1,-1
263,36,872.09,372.02,58.35,185.39,0.2607,-1,-1,-1
263,37,224.15,446.32,61.51,191.19,0.5247,-1,-1,-1
263,41,790.37,150.78,63.65,169.44,0.2070,-1,-1,-1
263,47,242.97,768.28,85.93,262.75,0.6713,-1,-1,-1
263,48,1056.73,106.94,58.03,184.49,0.3885,-1,-1,-1
263,51,226.67,688.81,79.41,124.63,0.4594,-1,-1,-1
263,52,1129.40,97.97,57.95,168.26,0.2718,-1,-1,-1
264,0,457.34,160.46,69.83,200.12,0.3312,-1,-1,-1
264,2,939.39,919.74,80.41,156.26,0.7567,-1,-1,-1
264,3,1720.68,459.75,74.30,208.58,0.5835,-1,-1,-1
264,4,1410.79,565.39,80.08,236.93,0.6156,-1,-1,-1
264,5,167.14,564.41,82.94,252.61,0.6903,-1,-1,-1
264,7,487.20,385.10,68.52,218.14,0.6892,-1,-1,-1
264,10,937.93,94.34,66.32,177.45,0.4408,-1,-1,-1
264,16,802.51,357.81,71.08,204.98,0.3898,-1,-1,-1
264,18,376.27,485.19,90.15,238.40,0.6064,-1,-1,-1
264,35,570.95,397.33,62.38,200.28,0.6841,-1,-1,-1
264,36,874.95,370.71,59.99,188.52,0.2863,-1,-1,-1
264,37,226.10,447.70,60.38,187.23,0.5598,-1,-1,-1
264,41,790.05,154.15,61.98,165.55,0.2293,-1,-1,-1
264,47,246.41,772.02,85.80,260.43,0.7472,-1,-1,-1
264,48,1055.44,106.91,56.40,178.40,0.3527,-1,-1,-1
264,51,233.10,692.13,76.16,119.97,0.6105,-1,-1,-1
264,52,1127.58,97.15,57.88,168.41,0.2776,-1,-1,-1
265,0,457.80,161.28,68.68,199.34,0.3728,-1,-1,-1
265,2,939.82,919.91,81.99,156.57,0.7554,-1,-1,-1
265,3,1720.60,460.06,74.13,208.28,0.6007,-1,-1,-1
265,4,1410.50,565.69,80.72,239.85,0.5871,-1,-1,-1
265,5,170.55,565.55,81.19,254.12,0.6907,-1,-1,-1
265,7,486.44,385.31,68.84,218.41,0.6718,-1,-1,-1
265,10,938.13,93.08,66.60,179.67,0.4708,-1,-1,-1
265,16,803.14,358.35,72.32,207.89,0.3663,-1,-1,-1
265,18,375.07,484.44,91.24,238.50,0.6553,-1,-1,-1
265,35,570.42,398.99,62.38,198.87,0.7247,-1,-1,-1
265,36,876.53,370.59,61.86,194.25,0.2466,-1,-1,-1
265,37,226.97,444.33,60.78,188.66,0.5294,-1,-1,-1
265,41,789.72,151.07,63.73,169.35,0.2232,-1,-1,-1
265,47,246.86,771.63,86.10,261.29,0.7680,-1,-1,-1
265,48,1054.49,106.11,55.77,176.07,0.3830,-1,-1,-1
265,51,236.83,695.18,74.94,120.11,0.5715,-1,-1,-1
265,52,1126.74,96.31,56.48,164.36,0.3309,-1,-1,-1
266,0,458.40,160.27,68.62,201.32,0.3284,-1,-1,-1
266,2,939.43,920.40,83.23,156.20,0.7624,-1,-1,-1
266,3,1720.41,460.41,74.08,208.08,0.5899,-1,-1,-1
266,4,1410.49,565.63,81.74,244.40,0.5707,-1,-1,-1
266,5,174.56,566.32,80.67,255.88,0.6934,-1,-1,-1
266,7,484.52,384.96,69.44,220.57,0.6286,-1,-1,-1
266,10,939.02,92.57,66.16,179.07,0.4589,-1,-1,-1
266,16,803.55,359.71,73.74,209.68,0.3991,-1,-1,-1
266,18,374.95,484.00,91.57,237.31,0.6407,-1,-1,-1
266,35,568.24,401.01,63.77,202.55,0.6708,-1,-1,-1
266,36,871.96,375.55,59.82,191.60,0.2023,-1,-1,-1
266,37,226.73,444.08,59.63,183.45,0.4924,-1,-1,-1
266,41,788.80,149.90,64.85,170.71,0.2566,-1,-1,-1
266,47,252.14,774.17,87.94,258.56,0.7715,-1,-1,-1
266,48,1053.51,105.04,56.35,178.00,0.4406,-1,-1,-1
266,51,243.08,698.65,72.01,117.93,0.5293,-1,-1,-1
266,52,1125.57,96.15,56.49,165.16,0.3526,-1,-1,-1
267,0,459.66,159.65,68.00,201.32,0.3720,-1,-1,-1
267,2,939.84,920.16,84.09,156.73,0.7636,-1,-1,-1
267,3,1720.58,460.00,74.33,208.19,0.5666,-1,-1,-1
267,4,1410.95,565.31,81.30,244.90,0.5651,-1,-1,-1
267,5,177.31,567.37,80.93,260.36,0.6873,-1,-1,-1
267,7,481.80,385.83,70.08,222.01,0.6257,-1,-1,-1
267,10,939.38,91.71,66.28,179.90,0.4571,-1,-1,-1
267,16,802.03,361.74,74.19,211.88,0.3821,-1,-1,-1
267,18,373.94,481.22,92.18,238.36,0.6064,-1,-1,-1
267,35,567.12,402.28,64.66,205.20,0.6510,-1,-1,-1
267,36,876.75,372.96,62.11,195.90,0.2134,-1,-1,-1
267,37,225.57,441.28,60.87,185.16,0.4865,-1,-1,-1
267,41,788.98,150.04,65.46,170.47,0.2777,-1,-1,-1
267,47,250.13,771.95,90.72,261.65,0.7581,-1,-1,-1
267,48,1051.76,104.24,57.03,179.12,0.4609,-1,-1,-1
267,51,247.73,701.77,69.45,114.51,0.5142,-1,-1,-1
267,52,1124.06,96.06,57.07,166.90,0.3902,-1,-1,-1
268,0,460.39,157.37,68.10,203.18,0.3731,-1,-1,-1
268,2,941.10,919.96,83.90,157.09,0.7583,-1,-1,-1
268,3,1720.28,460.01,74.21,208.14,0.5799,-1,-1,-1
268,4,1411.43,564.63,80.70,245.29,0.5938,-1,-1,-1
268,5,180.67,569.14,79.07,258.47,0.7073,-1,-1,-1
268,7,479.89,388.33,71.08,223.52,0.6267,-1,-1,-1
268,10,941.59,92.26,65.75,178.88,0.4517,-1,-1,-1
268,16,801.97,362.64,74.65,215.17,0.3771,-1,-1,-1
268,18,373.24,479.48,92.07,238.98,0.6349,-1,-1,-1
268,35,566.16,403.18,65.23,206.12,0.6221,-1,-1,-1
268,36,876.62,373.50,62.89,196.46,0.2453,-1,-1,-1
268,37,224.83,439.61,61.96,186.99,0.5369,-1,-1,-1
268,41,788.05,149.61,66.47,170.93,0.2642,-1,-1,-1
268,47,250.15,769.09,90.64,264.49,0.7429,-1,-1,-1
268,48,1050.78,104.94,57.13,178.04,0.4540,-1,-1,-1
268,51,252.61,704.26,67.79,112.64,0.5485,-1,-1,-1
268,52,1122.67,96.40,57.34,167.54,0.4121,-1,-1,-1
269,0,461.43,158.93,66.65,199.23,0.4035,-1,-1,-1
269,2,943.03,920.29,83.34,157.14,0.7533,-1,-1,-1
269,3,1720.74,460.64,73.79,206.89,0.5951,-1,-1,-1
269,4,1413.19,566.52,79.92,243.73,0.5817,-1,-1,-1
269,5,184.40,571.69,78.06,252.35,0.7132,-1,-1,-1
269,7,477.59,389.74,71.72,221.86,0.6336,-1,-1,-1
269,10,942.19,92.21,65.40,178.43,0.4962,-1,-1,-1
269,16,802.55,365.90,72.27,212.70,0.4108,-1,-1,-1
269,18,373.99,477.75,91.62,239.29,0.6510,-1,-1,-1
269,35,565.85,400.14,66.41,209.33,0.6021,-1,-1,-1
269,36,877.73,376.55,63.62,192.75,0.2836,-1,-1,-1
269,37,225.15,437.41,63.04,189.75,0.5009,-1,-1,-1
269,41,787.75,149.53,67.09,170.76,0.2426,-1,-1,-1
269,47,252.29,773.66,89.47,260.13,0.7193,-1,-1,-1
269,48,1049.72,104.72,56.94,175.99,0.4450,-1,-1,-1
269,51,256.31,705.73,67.95,113.33,0.5752,-1,-1,-1
269,52,1121.65,95.97,57.45,167.71,0.3738,-1,-1,-1
270,0,460.51,155.10,66.66,201.92,0.3787,-1,-1,-1
270,2,943.89,920.73,82.91,157.68,0.7538,-1,-1,-1
270,3,1720.75,461.11,73.71,206.51,0.5596,-1,-1,-1
270,4,1416.91,570.14,79.24,240.51,0.5699,-1,-1,-1
270,5,187.53,572.51,78.21,246.76,0.6871,-1,-1,-1
270,7,476.18,392.49,72.45,221.33,0.6353,-1,-1,-1
270,10,942.16,91.84,65.78,178.66,0.4809,-1,-1,-1
270,16,803.20,367.62,70.82,211.38,0.3770,-1,-1,-1
270,18,375.00,475.42,89.90,235.73,0.6327,-1,-1,-1
270,35,564.79,401.35,67.58,212.35,0.6105,-1,-1,-1
270,36,876.07,378.03,63.69,192.12,0.2699,-1,-1,-1
270,37,225.35,436.54,63.28,190.71,0.4791,-1,-1,-1
270,41,787.39,152.96,65.47,167.28,0.2435,-1,-1,-1
270,47,255.56,768.82,89.01,263.98,0.7716,-1,-1,-1
270,48,1047.76,104.23,57.50,176.84,0.4332,-1,-1,-1
270,51,260.96,706.35,66.28,108.86,0.5492,-1,-1,-1
270,52,1120.49,96.00,57.55,167.96,0.3589,-1,-1,-1
270,59,711.86,330.84,56.73,195.36,0.2463,-1,-1,-1
271,0,461.69,155.93,66.07,200.96,0.3588,-1,-1,-1
271,2,945.22,921.53,81.97,156.70,0.7319,-1,-1,-1
271,3,1720.05,460.25,74.51,208.34,0.5710,-1,-1,-1
271,4,1420.42,573.58,78.79,238.44,0.5320,-1,-1,-1
271,5,189.67,574.53,79.51,245.22,0.6547,-1,-1,-1
271,7,475.10,393.84,72.85,219.60,0.6234,-1,-1,-1
271,10,942.60,91.09,65.64,177.65,0.5078,-1,-1,-1
271,16,806.44,370.32,69.62,213.13,0.4078,-1,-1,-1
271,18,378.27,472.05,86.80,229.31,0.6257,-1,-1,-1
271,35,564.91,402.34,66.54,209.29,0.6058,-1,-1,-1
271,36,875.98,379.16,61.13,188.19,0.3121,-1,-1,-1
271,37,226.48,435.51,61.83,186.48,0.4749,-1,-1,-1
271,41,787.90,150.53,66.94,169.85,0.2630,-1,-1,-1
271,47,258.28,771.83,87.19,261.04,0.7423,-1,-1,-1
271,48,1045.75,103.81,58.28,178.37,0.4225,-1,-1,-1
271,51,263.11,707.77,69.54,113.58,0.4877,-1,-1,-1
271,52,1118.52,95.55,57.58,167.67,0.3163,-1,-1,-1
271,59,719.57,334.30,53.66,184.48,0.2647,-1,-1,-1
272,0,462.91,154.32,66.14,201.16,0.3685,-1,-1,-1
272,2,945.56,921.67,81.59,156.55,0.7196,-1,-1,-1
272,3,1720.14,460.20,74.15,207.18,0.5510,-1,-1,-1
272,4,1422.31,575.37,79.63,240.77,0.5202,-1,-1,-1
272,5,191.40,574.37,81.70,245.98,0.6721,-1,-1,-1
272,7,473.53,395.28,73.52,219.40,0.5954,-1,-1,-1
272,10,942.49,90.49,66.44,178.54,0.4844,-1,-1,-1
272,16,806.73,371.81,68.86,214.59,0.3818,-1,-1,-1
272,18,383.64,468.40,84.48,226.36,0.5986,-1,-1,-1
272,35,563.86,402.77,67.31,212.78,0.5543,-1,-1,-1
272,36,877.28,380.15,60.55,186.46,0.3475,-1,-1,-1
272,37,227.32,433.70,61.53,186.66,0.4508,-1,-1,-1
272,41,788.15,149.67,67.48,171.09,0.2521,-1,-1,-1
272,47,260.13,781.15,86.81,257.53,0.7314,-1,-1,-1
272,48,1043.31,103.58,58.80,178.89,0.3876,-1,-1,-1
272,51,267.60,707.96,72.38,118.54,0.5237,-1,-1,-1
272,52,1116.09,96.37,56.79,165.86,0.3192,-1,-1,-1
273,0,463.19,152.67,65.46,199.72,0.4018,-1,-1,-1
273,2,945.55,921.98,81.53,156.43,0.7230,-1,-1,-1
273,3,1719.92,460.53,74.14,207.34,0.5611,-1,-1,-1
273,4,1423.87,580.23,78.07,236.18,0.4939,-1,-1,-1
273,5,193.49,575.33,84.10,245.64,0.6831,-1,-1,-1
273,7,472.03,396.38,73.59,218.57,0.6026,-1,-1,-1
273,10,942.16,89.26,66.46,178.81,0.4868,-1,-1,-1
273,16,807.12,373.07,67.35,211.32,0.3547,-1,-1,-1
273,18,385.63,465.06,82.95,226.05,0.5863,-1,-1,-1
273,35,562.42,404.21,67.23,212.40,0.5500,-1,-1,-1
273,36,879.63,379.24,60.73,189.76,0.3398,-1,-1,-1
273,37,228.48,432.76,60.32,184.05,0.4703,-1,-1,-1
273,41,787.96,149.59,67.48,170.84,0.2530,-1,-1,-1
273,47,258.99,781.72,89.72,262.02,0.7240,-1,-1,-1
273,48,1041.51,102.62,59.19,178.16,0.3629,-1,-1,-1
273,51,271.75,708.07,76.52,126.78,0.5733,-1,-1,-1
273,52,1116.00,95.27,57.90,166.73,0.3025,-1,-1,-1
274,0,463.04,152.05,64.18,196.05,0.4003,-1,-1,-1
274,2,945.66,922.18,81.50,156.61,0.7052,-1,-1,-1
274,3,1720.28,460.30,74.07,207.60,0.5941,-1,-1,-1
274,4,1424.88,579.25,79.12,239.79,0.5281,-1,-1,-1
274,5,195.20,576.39,86.62,247.42,0.6954,-1,-1,-1
274,7,470.86,397.34,73.73,218.72,0.6236,-1,-1,-1
274,10,941.96,88.17,66.51,179.79,0.5138,-1,-1,-1
274,16,805.09,373.65,67.05,212.15,0.3452,-1,-1,-1
274,18,385.51,461.77,82.59,228.36,0.6227,-1,-1,-1
274,35,560.25,404.96,66.91,211.37,0.5339,-1,-1,-1
274,36,881.72,382.03,59.58,188.80,0.3506,-1,-1,-1
274,37,228.40,431.78,59.79,183.11,0.4639,-1,-1,-1
274,41,788.75,149.99,67.01,170.17,0.2472,-1,-1,-1
274,47,263.53,786.27,91.11,262.63,0.7130,-1,-1,-1
274,48,1038.83,102.17,60.65,178.52,0.3898,-1,-1,-1
274,51,272.95,708.30,82.29,141.19,0.6443,-1,-1,-1
274,52,1115.22,94.66,58.58,165.99,0.3419,-1,-1,-1
275,0,463.40,151.03,63.70,194.34,0.4032,-1,-1,-1
275,2,945.02,922.18,82.01,156.67,0.7234,-1,-1,-1
275,3,1720.28,460.05,73.96,207.60,0.5895,-1,-1,-1
275,4,1427.45,579.95,78.82,239.90,0.5103,-1,-1,-1
275,5,197.02,578.23,89.45,250.29,0.6725,-1,-1,-1
275,7,470.06,397.41,72.90,216.43,0.6620,-1,-1,-1
275,10,941.63,85.93,66.74,181.29,0.4998,-1,-1,-1
275,16,809.09,374.30,65.67,210.63,0.3944,-1,-1,-1
275,18,385.73,461.55,81.48,226.71,0.6139,-1,-1,-1
275,35,559.52,405.74,66.05,208.35,0.5952,-1,-1,-1
275,36,883.49,380.62,59.48,191.43,0.3567,-1,-1,-1
275,37,227.72,430.53,61.45,188.83,0.3371,-1,-1,-1
275,41,789.02,149.61,66.88,170.41,0.2368,-1,-1,-1
275,47,266.44,781.73,92.85,268.95,0.7037,-1,-1,-1
275,48,1036.01,102.48,62.02,179.09,0.3354,-1,-1,-1
275,51,276.91,711.37,82.99,142.07,0.4186,-1,-1,-1
275,52,1113.18,94.36,60.02,168.37,0.3063,-1,-1,-1
276,0,463.39,149.76,64.03,194.15,0.4030,-1,-1,-1
276,2,944.43,922.83,82.50,156.11,0.7484,-1,-1,-1
276,3,1719.87,460.50,73.89,206.79,0.5906,-1,-1,-1
276,4,1430.04,578.98,78.62,242.14,0.5310,-1,-1,-1
276,5,197.47,577.64,90.49,249.06,0.6740,-1,-1,-1
276,7,468.48,398.70,73.08,216.78,0.6650,-1,-1,-1
276,10,942.00,84.40,65.94,180.65,0.4536,-1,-1,-1
276,16,808.52,374.17,65.54,210.88,0.4044,-1,-1,-1
276,18,386.38,460.05,80.95,227.31,0.6325,-1,-1,-1
276,35,558.40,407.35,65.84,205.81,0.6338,-1,-1,-1
276,36,884.88,382.04,58.95,190.83,0.3094,-1,-1,-1
276,37,226.98,428.56,62.17,192.19,0.3359,-1,-1,-1
276,41,788.22,152.76,64.97,167.79,0.2724,-1,-1,-1
276,47,270.16,782.92,93.41,272.31,0.6299,-1,-1,-1
276,48,1034.18,102.64,63.06,179.82,0.3314,-1,-1,-1
276,51,280.69,714.86,83.50,142.39,0.3168,-1,-1,-1
276,52,1111.14,94.41,60.63,168.03,0.2939,-1,-1,-1
277,0,463.94,147.42,64.72,195.60,0.3743,-1,-1,-1
277,2,944.34,923.53,82.68,154.81,0.7527,-1,-1,-1
277,3,1719.28,459.74,74.64,208.57,0.5905,-1,-1,-1
277,4,1432.56,579.81,77.99,242.89,0.4950,-1,-1,-1
277,5,196.23,576.79,90.53,249.75,0.6507,-1,-1,-1
277,7,466.41,401.12,72.71,216.35,0.6852,-1,-1,-1
277,10,942.21,83.81,63.22,175.18,0.4626,-1,-1,-1
277,16,809.11,375.05,65.32,210.12,0.3811,-1,-1,-1
277,18,387.57,459.38,80.68,228.13,0.6088,-1,-1,-1
277,35,557.62,409.89,65.40,203.50,0.6591,-1,-1,-1
277,36,886.85,387.04,57.93,183.83,0.3402,-1,-1,-1
277,37,228.15,426.49,59.85,185.59,0.3895,-1,-1,-1
277,41,789.30,151.02,65.97,170.27,0.2579,-1,-1,-1
277,47,270.13,783.59,93.57,278.20,0.6519,-1,-1,-1
277,48,1032.80,102.81,63.76,179.68,0.3398,-1,-1,-1
277,51,284.47,718.70,85.11,142.77,0.5265,-1,-1,-1
277,52,1109.23,94.67,60.07,165.44,0.2775,-1,-1,-1
278,0,464.10,146.75,64.84,196.19,0.3478,-1,-1,-1
278,2,944.13,923.63,83.06,154.08,0.7646,-1,-1,-1
278,3,1719.47,459.40,74.97,209.29,0.5593,-1,-1,-1
278,4,1434.65,582.35,77.31,242.25,0.4393,-1,-1,-1
278,5,195.79,575.89,89.58,251.27,0.6512,-1,-1,-1
278,7,464.95,401.25,72.23,217.07,0.6676,-1,-1,-1
278,10,941.92,81.86,63.41,176.03,0.4516,-1,-1,-1
278,16,811.83,376.44,64.45,208.62,0.3481,-1,-1,-1
278,18,388.44,459.35,80.16,226.83,0.5992,-1,-1,-1
278,35,555.85,411.32,66.11,204.40,0.6520,-1,-1,-1
278,36,886.91,388.33,58.78,183.41,0.3889,-1,-1,-1
278,37,229.17,424.62,57.85,178.33,0.4276,-1,-1,-1
278,41,788.74,152.68,64.20,167.07,0.2426,-1,-1,-1
278,47,271.32,789.33,89.92,273.79,0.6252,-1,-1,-1
278,48,1031.93,101.98,63.16,178.16,0.3738,-1,-1,-1
278,51,287.69,721.70,89.85,144.23,0.6426,-1,-1,-1
278,52,1107.24,94.81,60.82,166.70,0.2809,-1,-1,-1
279,0,463.86,146.70,65.01,196.75,0.3521,-1,-1,-1
279,2,943.36,923.92,83.77,154.10,0.7570,-1,-1,-1
279,3,1720.17,459.35,74.66,209.45,0.5667,-1,-1,-1
279,4,1435.81,588.97,75.29,236.57,0.2920,-1,-1,-1
279,5,197.46,577.20,87.04,250.54,0.5896,-1,-1,-1
279,7,465.08,404.12,70.24,212.18,0.6848,-1,-1,-1
279,10,940.90,79.10,63.56,177.82,0.4324,-1,-1,-1
279,16,814.24,378.32,63.20,207.34,0.3967,-1,-1,-1
279,18,387.99,458.65,81.13,229.02,0.5898,-1,-1,-1
279,35,554.90,412.98,66.20,204.26,0.6604,-1,-1,-1
279,36,885.73,390.35,59.73,185.50,0.3319,-1,-1,-1
279,37,229.92,423.08,57.40,176.03,0.4414,-1,-1,-1
279,41,788.35,153.40,63.63,167.13,0.2626,-1,-1,-1
279,47,273.55,793.85,89.51,278.54,0.6414,-1,-1,-1
279,48,1030.93,101.57,62.64,176.92,0.3994,-1,-1,-1
279,51,291.64,726.05,93.30,142.13,0.6490,-1,-1,-1
279,52,1104.20,93.63,59.16,162.27,0.2997,-1,-1,-1
280,0,463.79,144.81,65.91,199.19,0.3234,-1,-1,-1
280,2,942.83,924.42,84.43,153.25,0.7599,-1,-1,-1
280,3,1720.12,459.03,74.32,209.51,0.5722,-1,-1,-1
280,4,1436.24,588.86,75.29,237.71,0.3337,-1,-1,-1
280,5,201.47,582.54,81.54,243.59,0.5344,-1,-1,-1
280,7,464.78,405.03,69.27,212.83,0.7120,-1,-1,-1
280,10,940.86,78.39,63.32,178.22,0.4328,-1,-1,-1
280,16,815.82,379.64,61.74,205.08,0.3634,-1,-1,-1
280,18,388.17,457.67,81.47,230.78,0.6086,-1,-1,-1
280,35,553.85,415.18,66.84,206.99,0.6500,-1,-1,-1
280,36,884.75,391.85,61.04,188.35,0.3277,-1,-1,-1
280,37,229.60,421.01,58.29,178.69,0.4718,-1,-1,-1
280,41,790.26,152.26,64.61,168.90,0.2386,-1,-1,-1
280,47,274.67,797.12,88.02,278.59,0.6422,-1,-1,-1
280,48,1030.02,100.23,64.73,180.04,0.4261,-1,-1,-1
280,51,294.19,726.71,97.80,143.07,0.6615,-1,-1,-1
280,52,1104.17,94.23,59.13,160.55,0.2875,-1,-1,-1
280,61,749.75,338.26,58.50,187.81,0.4455,-1,-1,-1
281,0,463.90,143.92,66.30,200.10,0.3407,-1,-1,-1
281,2,941.75,923.62,85.68,154.58,0.7632,-1,-1,-1
281,3,1719.87,459.76,74.18,208.90,0.5691,-1,-1,-1
281,4,1438.27,587.19,75.74,239.32,0.4650,-1,-1,-1
281,5,203.80,580.97,81.03,249.76,0.5730,-1,-1,-1
281,7,464.01,405.39,68.68,213.14,0.6512,-1,-1,-1
281,10,940.28,77.46,62.94,178.37,0.4340,-1,-1,-1
281,16,817.49,380.56,60.06,200.68,0.3211,-1,-1,-1
281,18,389.35,456.97,80.37,230.11,0.6385,-1,-1,-1
281,35,552.99,417.89,66.35,206.76,0.6400,-1,-1,-1
281,36,887.32,394.87,60.54,185.50,0.3181,-1,-1,-1
281,37,228.85,419.11,60.53,185.45,0.4025,-1,-1,-1
281,41,789.70,151.50,64.88,169.36,0.2435,-1,-1,-1
281,47,278.46,798.43,86.71,277.48,0.6532,-1,-1,-1
281,48,1027.97,100.55,63.14,176.17,0.4628,-1,-1,-1
281,51,297.02,730.05,99.14,141.26,0.6484,-1,-1,-1
281,52,1102.16,93.49,58.34,158.81,0.3382,-1,-1,-1
281,61,752.76,340.76,56.90,182.70,0.3421,-1,-1,-1
282,0,464.22,143.20,66.69,200.85,0.3178,-1,-1,-1
282,2,941.27,923.88,85.98,153.85,0.7612,-1,-1,-1
282,3,1719.58,460.45,74.09,209.05,0.6168,-1,-1,-1
282,4,1438.94,585.41,76.13,240.50,0.4946,-1,-1,-1
282,5,210.29,585.02,75.54,243.83,0.6071,-1,-1,-1
282,7,464.29,406.11,67.13,211.12,0.6620,-1,-1,-1
282,10,939.75,77.49,62.57,177.82,0.4612,-1,-1,-1
282,16,820.50,382.28,56.63,188.05,0.3030,-1,-1,-1
282,18,389.19,455.49,78.92,228.77,0.6571,-1,-1,-1
282,35,552.08,419.35,65.36,204.46,0.6606,-1,-1,-1
282,36,888.45,395.81,61.83,188.37,0.2262,-1,-1,-1
282,37,228.13,416.42,62.01,190.30,0.4559,-1,-1,-1
282,41,788.53,153.02,63.36,166.95,0.2604,-1,-1,-1
282,47,280.99,800.22,85.55,276.21,0.7255,-1,-1,-1
282,48,1025.95,99.73,62.70,174.98,0.4269,-1,-1,-1
282,51,300.32,733.71,102.90,144.95,0.6510,-1,-1,-1
282,52,1100.49,92.51,58.55,160.62,0.3526,-1,-1,-1
282,61,756.52,342.09,55.62,177.98,0.4132,-1,-1,-1
283,0,464.69,143.97,66.58,199.84,0.3090,-1,-1,-1
283,2,941.19,923.68,86.56,153.91,0.7738,-1,-1,-1
283,3,1720.29,459.53,74.04,209.47,0.6041,-1,-1,-1
283,4,1439.97,583.73,76.67,242.17,0.4685,-1,-1,-1
283,5,214.63,584.21,73.44,245.05,0.5963,-1,-1,-1
283,7,464.70,407.49,66.81,212.53,0.6540,-1,-1,-1
283,10,939.96,79.09,60.12,171.74,0.4838,-1,-1,-1
283,16,819.78,383.05,58.66,195.04,0.3062,-1,-1,-1
283,18,388.30,451.48,79.55,231.63,0.6525,-1,-1,-1
283,35,551.58,421.06,64.75,205.89,0.6496,-1,-1,-1
283,36,887.71,396.05,64.10,194.36,0.2473,-1,-1,-1
283,37,229.20,414.86,60.52,184.69,0.4088,-1,-1,-1
283,41,789.25,152.13,64.34,168.24,0.2486,-1,-1,-1
283,47,282.70,799.37,85.65,277.22,0.7057,-1,-1,-1
283,48,1023.64,98.61,62.83,175.23,0.4518,-1,-1,-1
283,51,305.88,736.57,99.71,138.49,0.5674,-1,-1,-1
283,52,1099.55,92.12,58.74,161.94,0.3741,-1,-1,-1
283,61,760.51,343.92,55.02,175.27,0.3830,-1,-1,-1
284,0,463.54,143.10,66.79,200.09,0.3430,-1,-1,-1
284,2,939.44,922.82,87.98,155.07,0.7676,-1,-1,-1
284,3,1720.29,460.13,73.90,208.89,0.5969,-1,-1,-1
284,4,1440.64,581.43,77.44,244.72,0.4534,-1,-1,-1
284,5,218.28,579.81,73.76,254.35,0.5659,-1,-1,-1
284,7,464.11,409.26,67.71,216.11,0.6215,-1,-1,-1
284,10,940.28,78.93,59.92,171.74,0.4619,-1,-1,-1
284,16,820.49,384.35,59.02,195.57,0.2612,-1,-1,-1
284,18,389.85,449.31,78.58,232.51,0.6483,-1,-1,-1
284,35,551.16,423.45,65.22,209.70,0.6629,-1,-1,-1
284,36,891.05,396.77,64.11,194.27,0.2396,-1,-1,-1
284,37,229.67,412.64,58.60,177.91,0.3737,-1,-1,-1
284,41,787.94,152.57,63.89,168.29,0.2855,-1,-1,-1
284,47,283.29,800.81,85.92,276.58,0.7167,-1,-1,-1
284,48,1021.06,97.14,63.53,177.47,0.4284,-1,-1,-1
284,51,309.07,738.67,99.59,137.48,0.5649,-1,-1,-1
284,52,1097.79,92.18,58.84,163.03,0.3392,-1,-1,-1
284,61,764.46,345.81,55.07,174.53,0.3533,-1,-1,-1
285,0,462.67,143.03,66.57,200.07,0.3239,-1,-1,-1
285,2,938.41,922.24,88.60,155.22,0.7723,-1,-1,-1
285,3,1720.69,460.36,73.78,208.20,0.5914,-1,-1,-1
285,4,1444.71,579.34,78.14,246.22,0.5650,-1,-1,-1
285,5,222.92,579.20,72.08,255.06,0.5491,-1,-1,-1
285,7,463.86,409.92,68.02,218.40,0.6051,-1,-1,-1
285,10,940.45,79.17,60.70,173.91,0.4665,-1,-1,-1
285,16,822.31,384.32,60.61,202.69,0.3094,-1,-1,-1
285,18,390.42,448.18,77.36,232.13,0.6452,-1,-1,-1
285,35,549.58,423.98,64.61,211.47,0.6517,-1,-1,-1
285,36,888.74,398.72,63.33,194.75,0.2579,-1,-1,-1
285,37,228.44,412.77,61.05,184.49,0.3838,-1,-1,-1
285,41,789.05,151.30,64.66,169.64,0.2787,-1,-1,-1
285,47,284.55,801.97,86.30,275.59,0.6994,-1,-1,-1
285,48,1020.78,97.07,63.82,176.55,0.4519,-1,-1,-1
285,51,309.18,740.81,100.61,137.77,0.5574,-1,-1,-1
285,52,1095.48,91.19,58.47,162.60,0.3303,-1,-1,-1
285,61,766.52,349.77,58.56,185.48,0.3533,-1,-1,-1
286,0,462.07,144.17,65.45,197.83,0.3005,-1,-1,-1
286,2,939.01,921.96,88.04,155.80,0.7622,-1,-1,-1
286,3,1720.65,460.00,73.64,208.51,0.6184,-1,-1,-1
286,4,1446.97,579.68,78.64,247.77,0.4795,-1,-1,-1
286,5,227.51,577.87,70.83,256.76,0.5470,-1,-1,-1
286,7,462.92,411.06,69.01,223.77,0.6053,-1,-1,-1
286,10,940.33,78.72,60.99,174.85,0.4634,-1,-1,-1
286,16,823.89,386.04,60.49,204.42,0.3702,-1,-1,-1
286,18,390.81,445.78,76.16,231.01,0.6347,-1,-1,-1
286,35,547.94,425.20,64.42,211.70,0.6244,-1,-1,-1
286,36,893.59,398.73,64.16,196.38,0.3613,-1,-1,-1
286,37,227.49,411.44,65.01,198.24,0.3329,-1,-1,-1
286,41,790.14,152.05,64.61,169.12,0.2592,-1,-1,-1
286,47,286.08,804.23,87.39,272.47,0.7233,-1,-1,-1
286,48,1016.84,97.18,63.42,178.37,0.4906,-1,-1,-1
286,51,309.04,742.69,101.03,137.52,0.5544,-1,-1,-1
286,52,1092.69,89.97,58.41,165.22,0.3440,-1,-1,-1
286,61,768.97,352.09,61.04,194.40,0.2716,-1,-1,-1
287,0,461.36,143.64,65.40,198.09,0.3315,-1,-1,-1
287,2,938.86,922.15,87.30,155.82,0.7800,-1,-1,-1
287,3,1720.29,459.67,73.71,209.09,0.6068,-1,-1,-1
287,4,1450.18,579.61,78.77,247.25,0.5470,-1,-1,-1
287,5,230.50,579.88,69.18,254.84,0.5447,-1,-1,-1
287,7,462.71,412.24,68.57,224.78,0.5960,-1,-1,-1
287,10,939.86,78.08,61.59,176.72,0.4507,-1,-1,-1
287,16,826.41,391.19,62.29,204.70,0.3712,-1,-1,-1
287,18,392.21,443.91,73.94,224.08,0.6042,-1,-1,-1
287,35,545.24,425.72,64.61,211.10,0.6319,-1,-1,-1
287,36,893.26,399.33,63.93,196.01,0.3728,-1,-1,-1
287,37,226.78,411.63,68.02,210.09,0.3092,-1,-1,-1
287,41,789.80,152.14,64.93,169.65,0.2798,-1,-1,-1
287,47,287.90,808.85,88.55,266.66,0.7517,-1,-1,-1
287,48,1016.42,96.87,62.70,178.13,0.4811,-1,-1,-1
287,51,309.62,741.98,102.22,139.36,0.5582,-1,-1,-1
287,52,1091.75,90.52,57.84,164.46,0.3661,-1,-1,-1
287,61,772.96,350.81,63.27,203.25,0.2330,-1,-1,-1
288,0,462.81,144.06,65.31,197.12,0.3234,-1,-1,-1
288,2,939.39,921.67,86.25,156.02,0.7600,-1,-1,-1
288,3,1720.39,460.07,73.39,208.47,0.6026,-1,-1,-1
288,4,1452.65,583.19,77.62,240.47,0.5275,-1,-1,-1
288,5,232.38,579.33,68.92,255.48,0.5792,-1,-1,-1
288,7,460.56,408.30,69.04,228.49,0.5782,-1,-1,-1
288,10,937.80,74.83,60.94,176.31,0.5023,-1,-1,-1
288,16,828.35,394.26,63.64,203.21,0.4151,-1,-1,-1
288,18,392.96,441.34,72.96,221.64,0.6231,-1,-1,-1
288,35,543.34,426.32,65.02,210.40,0.6145,-1,-1,-1
288,36,893.90,400.18,63.85,195.79,0.3706,-1,-1,-1
288,37,228.91,410.73,65.36,202.68,0.3249,-1,-1,-1
288,41,789.01,151.79,65.34,169.82,0.2952,-1,-1,-1
288,47,288.22,812.13,90.87,266.70,0.7661,-1,-1,-1
288,48,1016.47,95.92,61.68,176.61,0.5123,-1,-1,-1
288,51,308.31,742.78,100.65,138.69,0.5782,-1,-1,-1
288,52,1090.98,90.22,57.66,164.56,0.4101,-1,-1,-1
288,61,777.22,351.23,62.89,204.51,0.2579,-1,-1,-1
289,0,462.41,143.65,65.40,197.97,0.3106,-1,-1,-1
289,2,939.29,921.05,84.72,156.46,0.7492,-1,-1,-1
289,3,1719.86,459.07,74.19,210.69,0.5915,-1,-1,-1
289,4,1454.36,582.13,78.42,239.70,0.4919,-1,-1,-1
289,5,235.00,580.27,68.58,253.57,0.5509,-1,-1,-1
289,7,460.52,411.69,67.88,227.71,0.6396,-1,-1,-1
289,10,937.02,73.66,60.04,175.41,0.5159,-1,-1,-1
289,16,828.68,394.69,64.61,202.96,0.3776,-1,-1,-1
289,18,393.29,439.23,72.73,221.04,0.6236,-1,-1,-1
289,35,541.65,427.16,65.67,210.06,0.6193,-1,-1,-1
289,36,896.23,400.52,63.71,194.71,0.3241,-1,-1,-1
289,37,232.09,409.29,60.69,187.44,0.4105,-1,-1,-1
289,41,789.33,153.32,65.23,169.18,0.2868,-1,-1,-1
289,47,290.73,812.34,92.48,266.73,0.7543,-1,-1,-1
289,48,1016.17,94.87,62.06,177.53,0.4767,-1,-1,-1
289,51,307.38,743.04,102.42,143.08,0.5943,-1,-1,-1
289,52,1090.68,91.13,57.27,164.00,0.3941,-1,-1,-1
289,61,781.15,351.68,59.84,196.00,0.3081,-1,-1,-1
289,62,1666.98,25.23,57.30,157.81,0.2344,-1,-1,-1
290,0,462.13,141.29,64.85,198.04,0.2702,-1,-1,-1
290,2,939.65,920.13,82.75,156.80,0.7535,-1,-1,-1
290,3,1720.30,459.44,73.80,209.41,0.5992,-1,-1,-1
290,4,1457.05,588.73,76.92,230.07,0.4023,-1,-1,-1
290,5,236.16,581.76,68.23,252.85,0.5761,-1,-1,-1
290,7,459.30,411.67,68.18,231.14,0.6796,-1,-1,-1
290,10,936.57,72.30,59.29,175.60,0.5210,-1,-1,-1
290,16,829.55,395.12,66.64,203.58,0.4387,-1,-1,-1
290,18,390.34,437.35,74.55,224.68,0.6009,-1,-1,-1
290,35,540.32,427.19,66.21,209.78,0.6300,-1,-1,-1
290,36,897.29,401.98,63.45,194.02,0.3320,-1,-1,-1
290,37,233.97,408.82,59.18,182.56,0.4551,-1,-1,-1
290,41,789.61,152.33,65.32,169.35,0.2926,-1,-1,-1
290,47,292.68,816.04,93.11,263.98,0.7199,-1,-1,-1
290,48,1015.11,93.85,62.03,177.92,0.4978,-1,-1,-1
290,51,307.93,744.09,100.32,144.70,0.6312,-1,-1,-1
290,52,1088.89,90.51,57.55,164.68,0.4081,-1,-1,-1
290,61,784.89,353.11,57.53,191.05,0.3684,-1,-1,-1
291,0,458.61,140.09,63.74,196.40,0.2970,-1,-1,-1
291,2,940.23,919.73,81.06,157.01,0.7535,-1,-1,-1
291,3,1721.34,459.88,73.50,208.82,0.5849,-1,-1,-1
291,4,1458.99,593.76,75.93,221.89,0.3740,-1,-1,-1
291,5,238.35,580.95,68.43,254.09,0.5583,-1,-1,-1
291,7,459.73,412.70,67.71,230.91,0.6569,-1,-1,-1
291,10,936.35,70.90,59.39,178.30,0.5073,-1,-1,-1
291,16,830.84,398.19,66.61,203.31,0.3208,-1,-1,-1
291,18,387.31,435.41,76.67,227.21,0.5969,-1,-1,-1
291,35,537.79,427.93,66.78,209.30,0.6354,-1,-1,-1
291,36,896.88,402.49,63.15,193.08,0.3259,-1,-1,-1
291,37,233.95,408.26,59.31,181.89,0.4341,-1,-1,-1
291,41,789.08,152.17,65.72,169.72,0.2767,-1,-1,-1
291,47,294.59,820.54,92.64,259.55,0.7040,-1,-1,-1
291,48,1014.41,92.95,61.86,177.85,0.4531,-1,-1,-1
291,51,309.14,746.18,97.51,143.89,0.6181,-1,-1,-1
291,52,1086.82,89.22,57.74,165.57,0.3653,-1,-1,-1
291,61,789.17,353.59,58.16,194.37,0.4370,-1,-1,-1
292,0,457.03,139.64,63.12,195.32,0.3082,-1,-1,-1
292,2,940.31,919.71,79.60,157.52,0.7396,-1,-1,-1
292,3,1720.49,460.63,73.65,208.46,0.5782,-1,-1,-1
292,4,1464.48,599.13,76.55,222.52,0.4207,-1,-1,-1
292,5,242.52,581.26,69.17,253.05,0.5465,-1,-1,-1
292,7,460.02,414.30,67.26,230.16,0.5968,-1,-1,-1
292,10,937.04,69.85,58.15,175.51,0.5262,-1,-1,-1
292,16,830.85,398.43,66.96,206.38,0.4409,-1,-1,-1
292,18,385.67,435.25,77.78,227.89,0.5705,-1,-1,-1
292,35,538.35,429.83,66.76,207.37,0.6525,-1,-1,-1
292,36,897.38,407.69,60.90,186.57,0.3526,-1,-1,-1
292,37,232.93,407.57,60.00,183.68,0.4539,-1,-1,-1
292,41,789.88,151.39,65.77,170.26,0.3173,-1,-1,-1
292,47,299.24,827.46,91.82,251.23,0.6388,-1,-1,-1
292,48,1013.62,92.75,61.70,177.50,0.4208,-1,-1,-1
292,51,311.89,749.22,94.36,141.49,0.5284,-1,-1,-1
292,52,1085.56,88.82,57.48,164.58,0.3721,-1,-1,-1
292,61,789.84,351.83,60.11,202.22,0.3079,-1,-1,-1
293,0,456.16,138.52,62.67,194.25,0.2876,-1,-1,-1
293,2,939.50,918.48,77.66,159.32,0.7357,-1,-1,-1
293,3,1720.79,460.83,73.40,207.82,0.5612,-1,-1,-1
293,4,1466.14,598.45,78.77,225.71,0.4391,-1,-1,-1
293,5,247.10,581.96,71.98,253.64,0.5522,-1,-1,-1
293,7,460.53,415.14,66.73,227.27,0.5789,-1,-1,-1
293,10,937.66,68.65,57.06,172.64,0.4574,-1,-1,-1
293,16,831.56,398.73,66.49,205.93,0.3864,-1,-1,-1
293,18,383.64,433.31,79.02,228.80,0.5399,-1,-1,-1
293,35,536.47,432.53,67.17,206.31,0.6788,-1,-1,-1
293,36,897.83,412.13,60.07,182.73,0.3423,-1,-1,-1
293,37,232.34,406.13,60.25,183.86,0.5320,-1,-1,-1
293,41,790.45,151.38,65.41,170.00,0.2812,-1,-1,-1
293,47,297.59,832.20,90.50,245.45,0.6655,-1,-1,-1
293,48,1012.47,92.06,62.05,178.65,0.3502,-1,-1,-1
293,51,313.43,751.83,91.01,137.25,0.4064,-1,-1,-1
293,52,1084.20,88.14,57.41,164.72,0.3250,-1,-1,-1
293,61,794.96,352.81,55.40,183.70,0.2605,-1,-1,-1
294,0,457.05,137.69,62.00,192.39,0.3339,-1,-1,-1
294,2,939.07,917.80,74.56,160.39,0.7533,-1,-1,-1
294,3,1720.29,459.64,74.21,209.93,0.5845,-1,-1,-1
294,4,1461.96,594.37,83.35,230.27,0.5253,-1,-1,-1
294,5,248.72,582.71,75.83,253.38,0.6085,-1,-1,-1
294,7,460.06,415.54,67.17,226.60,0.6217,-1,-1,-1
294,10,937.74,67.40,56.18,170.98,0.4327,-1,-1,-1
294,16,832.92,400.71,65.62,204.51,0.3705,-1,-1,-1
294,18,381.27,433.05,80.46,230.11,0.5556,-1,-1,-1
294,35,535.84,434.54,68.36,209.20,0.6737,-1,-1,-1
294,36,898.00,413.66,60.09,181.60,0.3590,-1,-1,-1
294,37,232.82,404.77,59.62,180.77,0.5104,-1,-1,-1
294,41,789.67,150.78,65.61,170.53,0.2945,-1,-1,-1
294,47,298.99,836.84,89.83,241.40,0.7191,-1,-1,-1
294,48,1011.01,91.52,61.38,177.64,0.3570,-1,-1,-1
294,51,319.70,755.46,87.74,136.00,0.4974,-1,-1,-1
294,52,1083.10,87.82,57.41,164.48,0.4089,-1,-1,-1
294,61,794.67,355.36,62.40,208.05,0.3098,-1,-1,-1
295,0,457.60,137.73,61.49,191.35,0.3081,-1,-1,-1
295,2,938.36,916.52,72.57,162.18,0.7396,-1,-1,-1
295,3,1720.03,460.24,74.14,209.33,0.5886,-1,-1,-1
295,4,1462.27,595.44,84.77,228.62,0.4853,-1,-1,-1
295,5,249.06,582.95,80.22,252.27,0.6484,-1,-1,-1
295,7,460.16,416.06,66.99,224.65,0.6009,-1,-1,-1
295,10,936.77,66.98,56.39,172.67,0.4049,-1,-1,-1
295,16,833.08,401.72,65.08,203.33,0.3745,-1,-1,-1
295,18,379.01,433.39,81.98,230.75,0.5365,-1,-1,-1
295,35,534.17,436.35,68.75,210.50,0.6699,-1,-1,-1
295,36,897.18,412.06,61.29,184.90,0.3723,-1,-1,-1
295,37,231.73,401.80,60.49,183.49,0.4393,-1,-1,-1
295,41,788.40,150.79,66.06,170.85,0.3037,-1,-1,-1
295,47,300.90,840.04,89.24,239.32,0.7003,-1,-1,-1
295,48,1009.67,91.63,61.16,178.51,0.3921,-1,-1,-1
295,51,322.88,759.66,86.63,138.10,0.5066,-1,-1,-1
295,52,1081.18,86.79,57.67,165.84,0.4010,-1,-1,-1
295,61,797.78,357.45,63.07,210.12,0.2612,-1,-1,-1
295,63,326.57,757.52,87.23,254.58,0.4057,-1,-1,-1
296,0,457.61,135.31,61.83,194.38,0.2855,-1,-1,-1
296,2,938.22,915.67,69.55,162.71,0.7561,-1,-1,-1
296,3,1720.12,460.04,73.99,209.16,0.5955,-1,-1,-1
296,4,1464.58,598.34,86.31,226.87,0.4934,-1,-1,-1
296,5,247.67,583.44,83.25,251.54,0.6710,-1,-1,-1
296,7,459.83,418.95,67.66,223.00,0.6248,-1,-1,-1
296,10,936.65,65.97,55.89,172.24,0.4515,-1,-1,-1
296,16,832.32,401.77,64.89,203.67,0.4096,-1,-1,-1
296,18,377.71,431.30,83.18,232.59,0.5342,-1,-1,-1
296,35,535.05,438.93,67.27,205.77,0.6740,-1,-1,-1
296,36,896.32,411.96,63.07,190.76,0.4579,-1,-1,-1
296,37,232.58,400.62,60.43,181.75,0.5077,-1,-1,-1
296,41,788.07,151.46,66.52,171.07,0.3209,-1,-1,-1
296,47,302.94,842.80,89.09,236.37,0.7255,-1,-1,-1
296,48,1008.58,90.91,60.79,179.31,0.4056,-1,-1,-1
296,51,325.27,761.92,85.63,139.04,0.4921,-1,-1,-1
296,52,1079.95,86.47,57.38,165.37,0.4088,-1,-1,-1
296,63,325.08,759.99,89.89,263.94,0.2510,-1,-1,-1
297,0,457.77,134.61,61.75,194.80,0.2794,-1,-1,-1
297,2,938.68,914.97,67.56,164.23,0.7559,-1,-1,-1
297,3,1719.65,460.42,73.87,208.88,0.5756,-1,-1,-1
297,4,1466.15,596.55,90.23,229.73,0.5440,-1,-1,-1
297,5,248.02,585.24,85.01,250.37,0.6618,-1,-1,-1
297,7,458.25,419.61,67.70,221.70,0.6301,-1,-1,-1
297,10,935.99,64.86,56.09,173.81,0.4155,-1,-1,-1
297,16,832.03,401.04,65.56,207.44,0.3726,-1,-1,-1
297,18,377.27,430.02,83.66,233.45,0.5012,-1,-1,-1
297,35,534.26,441.15,66.62,205.43,0.6665,-1,-1,-1
297,36,895.14,412.80,64.50,195.27,0.4661,-1,-1,-1
297,37,233.40,400.00,60.89,183.04,0.5714,-1,-1,-1
297,41,789.24,151.15,66.57,170.94,0.3281,-1,-1,-1
297,47,304.02,842.88,90.00,236.80,0.7409,-1,-1,-1
297,48,1007.78,90.42,60.50,179.81,0.3721,-1,-1,-1
297,51,328.06,765.31,84.44,139.77,0.5168,-1,-1,-1
297,52,1078.93,87.00,56.95,164.17,0.3425,-1,-1,-1
297,62,1676.13,31.16,57.72,161.20,0.2150,-1,-1,-1
297,63,321.23,764.04,98.13,292.60,0.2211,-1,-1,-1
298,0,457.39,133.91,61.92,196.24,0.2907,-1,-1,-1
298,2,939.11,914.57,66.20,165.19,0.7687,-1,-1,-1
298,3,1720.90,460.96,73.49,208.05,0.5996,-1,-1,-1
298,4,1467.98,598.65,93.09,229.62,0.5540,-1,-1,-1
298,5,248.03,584.84,86.05,249.80,0.6280,-1,-1,-1
298,7,457.39,419.92,67.91,221.48,0.6303,-1,-1,-1
298,10,936.51,64.20,55.62,172.21,0.4242,-1,-1,-1
298,16,831.09,400.52,66.36,209.95,0.3240,-1,-1,-1
298,18,377.21,429.71,82.81,229.72,0.5243,-1,-1,-1
298,35,534.76,442.99,65.34,201.80,0.6479,-1,-1,-1
298,36,894.86,414.45,65.23,197.58,0.4875,-1,-1,-1
298,37,234.24,398.59,61.36,184.75,0.5572,-1,-1,-1
298,41,789.87,151.20,66.55,171.11,0.2977,-1,-1,-1
298,47,305.75,844.63,90.73,235.39,0.7523,-1,-1,-1
298,48,1009.38,92.03,58.70,174.82,0.3666,-1,-1,-1
298,51,330.75,767.56,85.12,144.09,0.5770,-1,-1,-1
298,52,1077.72,86.02,57.37,165.25,0.3685,-1,-1,-1
299,0,458.51,133.53,61.67,196.29,0.2942,-1,-1,-1
299,2,938.61,913.62,64.67,165.44,0.7748,-1,-1,-1
299,3,1720.61,461.57,73.32,207.49,0.5952,-1,-1,-1
299,4,1466.06,592.63,97.82,236.52,0.5895,-1,-1,-1
299,5,249.45,583.56,86.73,250.56,0.6829,-1,-1,-1
299,7,456.70,421.09,68.53,223.80,0.6464,-1,-1,-1
299,10,936.85,63.82,55.48,171.10,0.4305,-1,-1,-1
299,16,827.97,401.97,66.75,207.30,0.2279,-1,-1,-1
299,18,377.90,428.42,82.26,228.07,0.5592,-1,-1,-1
299,35,534.69,444.39,65.34,203.40,0.6516,-1,-1,-1
299,36,894.70,415.66,65.04,197.23,0.5023,-1,-1,-1
299,37,233.89,397.65,61.28,184.01,0.5951,-1,-1,-1
299,41,789.89,152.62,65.92,169.88,0.2773,-1,-1,-1
299,47,306.48,845.82,91.44,234.21,0.7641,-1,-1,-1
299,48,1007.78,88.81,60.49,182.40,0.3995,-1,-1,-1
299,51,336.39,770.69,83.38,144.69,0.6277,-1,-1,-1
299,52,1074.33,84.07,58.51,169.14,0.3209,-1,-1,-1
300,0,458.61,133.07,62.36,198.47,0.2971,-1,-1,-1
300,2,938.94,914.13,63.03,164.87,0.7696,-1,-1,-1
300,3,1721.22,460.73,73.30,208.40,0.5807,-1,-1,-1
300,4,1466.36,589.83,100.37,239.79,0.5963,-1,-1,-1
300,5,250.93,583.35,87.27,249.52,0.6895,-1,-1,-1
300,7,456.30,423.61,68.58,224.15,0.6617,-1,-1,-1
300,10,935.94,63.15,56.16,172.89,0.4551,-1,-1,-1
300,18,379.78,425.88,80.68,224.02,0.5439,-1,-1,-1
300,35,534.33,445.66,65.36,204.60,0.6557,-1,-1,-1
300,36,894.90,416.52,64.90,198.00,0.4480,-1,-1,-1
300,37,233.67,397.68,61.05,183.96,0.5750,-1,-1,-1
300,41,790.28,151.59,65.97,170.15,0.2033,-1,-1,-1
300,47,308.19,846.54,92.30,233.49,0.7498,-1,-1,-1
300,48,1006.65,86.55,60.62,185.12,0.4005,-1,-1,-1
300,51,341.17,772.63,82.08,146.55,0.6383,-1,-1,-1
300,52,1073.32,82.61,57.28,165.73,0.2329,-1,-1,-1
301,0,458.10,132.68,62.22,198.34,0.2809,-1,-1,-1
301,2,939.94,914.25,61.15,165.05,0.7693,-1,-1,-1
301,3,1720.99,460.88,73.01,207.88,0.5919,-1,-1,-1
301,4,1466.71,587.12,102.61,244.22,0.6005,-1,-1,-1
301,5,252.22,581.32,88.14,250.75,0.6660,-1,-1,-1
301,7,456.51,427.51,67.85,221.60,0.6715,-1,-1,-1
301,10,935.13,62.99,56.69,174.09,0.4821,-1,-1,-1
301,16,828.70,404.16,67.58,205.01,0.3055,-1,-1,-1
301,18,381.25,422.59,79.94,224.32,0.5512,-1,-1,-1
301,35,534.37,446.05,65.44,206.75,0.6671,-1,-1,-1
301,36,895.01,417.07,64.16,196.62,0.4670,-1,-1,-1
301,37,233.78,397.00,60.81,184.44,0.5645,-1,-1,-1
301,41,790.28,148.77,66.41,172.74,0.2103,-1,-1,-1
301,47,308.62,847.28,93.16,232.74,0.7489,-1,-1,-1
301,48,1006.75,85.14,60.02,184.78,0.4183,-1,-1,-1
301,51,345.60,774.56,79.77,143.46,0.5974,-1,-1,-1
301,52,1072.03,81.90,57.88,168.49,0.2806,-1,-1,-1
302,0,458.96,130.68,61.57,195.20,0.2539,-1,-1,-1
302,2,939.85,912.27,60.32,167.70,0.7518,-1,-1,-1
302,3,1721.12,459.95,73.33,209.58,0.5722,-1,-1,-1
302,4,1468.98,589.50,101.47,241.56,0.5663,-1,-1,-1
302,5,254.25,580.39,88.73,252.23,0.6766,-1,-1,-1
302,7,456.22,429.28,67.86,221.71,0.6197,-1,-1,-1
302,10,934.46,62.21,56.80,174.17,0.4793,-1,-1,-1
302,16,831.49,407.09,70.50,212.25,0.4361,-1,-1,-1
302,18,384.14,422.00,76.99,218.97,0.5318,-1,-1,-1
302,35,534.54,446.77,64.60,204.89,0.6401,-1,-1,-1
302,36,894.47,418.94,64.29,198.49,0.5523,-1,-1,-1
302,37,232.95,396.55,60.86,185.41,0.5497,-1,-1,-1
302,47,310.87,847.29,94.63,232.72,0.7381,-1,-1,-1
302,48,1006.47,85.09,58.52,179.66,0.4283,-1,-1,-1
302,51,348.23,775.60,82.14,147.90,0.6332,-1,-1,-1
302,52,1071.12,82.31,56.52,165.48,0.2156,-1,-1,-1
303,0,460.40,130.65,61.70,194.29,0.2199,-1,-1,-1
303,2,939.29,912.92,59.15,167.07,0.7241,-1,-1,-1
303,3,1721.01,460.02,73.13,209.46,0.5830,-1,-1,-1
303,4,1471.16,585.87,102.64,245.33,0.4843,-1,-1,-1
303,5,257.87,579.28,89.00,253.73,0.6386,-1,-1,-1
303,7,455.60,430.60,67.30,221.34,0.6295,-1,-1,-1
303,10,934.53,62.67,55.81,169.97,0.4930,-1,-1,-1
303,16,833.73,409.33,69.94,215.00,0.4760,-1,-1,-1
303,18,385.47,415.73,75.10,218.00,0.5974,-1,-1,-1
303,35,534.31,447.28,65.46,208.60,0.6541,-1,-1,-1
303,36,894.57,421.23,62.80,195.26,0.5198,-1,-1,-1
303,37,232.91,395.34,60.96,187.16,0.5517,-1,-1,-1
303,47,312.77,847.97,95.43,232.04,0.7381,-1,-1,-1
303,48,1006.80,85.28,57.31,174.80,0.4683,-1,-1,-1
303,51,351.64,776.39,84.58,150.34,0.6873,-1,-1,-1
303,52,1069.69,80.85,57.63,169.90,0.3438,-1,-1,-1
304,0,464.58,132.03,61.33,192.46,0.2249,-1,-1,-1
304,2,938.83,911.88,59.26,168.12,0.7402,-1,-1,-1
304,3,1721.21,459.96,73.24,210.31,0.5905,-1,-1,-1
304,4,1472.53,581.69,103.81,250.20,0.5025,-1,-1,-1
304,5,263.36,579.91,87.38,251.38,0.6160,-1,-1,-1
304,7,454.77,432.46,66.45,219.72,0.6324,-1,-1,-1
304,10,934.55,62.36,56.58,173.70,0.5339,-1,-1,-1
304,16,834.05,404.60,72.76,217.66,0.4786,-1,-1,-1
304,18,386.04,411.98,74.73,221.26,0.5725,-1,-1,-1
304,35,534.35,448.07,65.05,207.14,0.6425,-1,-1,-1
304,36,895.75,421.00,62.09,195.97,0.4861,-1,-1,-1
304,37,233.77,393.89,60.91,188.52,0.5433,-1,-1,-1
304,41,791.26,148.81,66.34,174.31,0.2405,-1,-1,-1
304,47,313.85,849.56,96.04,230.45,0.7474,-1,-1,-1
304,48,1006.43,85.18,57.33,174.54,0.4763,-1,-1,-1
304,51,355.46,777.51,86.42,152.75,0.6167,-1,-1,-1
304,52,1068.23,80.99,57.39,169.49,0.3091,-1,-1,-1
305,0,462.89,131.25,61.60,193.01,0.2216,-1,-1,-1
305,2,937.28,909.80,60.26,170.20,0.7406,-1,-1,-1
305,3,1720.70,460.38,72.86,209.40,0.5762,-1,-1,-1
305,4,1474.73,586.63,101.87,246.58,0.4534,-1,-1,-1
305,5,271.02,581.25,84.61,248.67,0.5991,-1,-1,-1
305,7,454.04,435.14,66.02,219.08,0.6627,-1,-1,-1
305,10,934.39,62.07,56.30,173.44,0.4927,-1,-1,-1
305,16,835.48,404.26,74.15,222.51,0.5170,-1,-1,-1
305,18,387.07,408.95,74.11,223.24,0.5620,-1,-1,-1
305,35,534.13,448.59,65.36,208.21,0.6385,-1,-1,-1
305,36,896.84,419.99,61.10,196.24,0.4624,-1,-1,-1
305,37,232.42,390.89,61.49,192.19,0.5357,-1,-1,-1
305,41,793.26,149.78,65.30,172.96,0.2504,-1,-1,-1
305,47,316.72,851.54,95.93,228.48,0.7613,-1,-1,-1
305,48,1006.53,85.40,56.89,171.39,0.4897,-1,-1,-1
305,51,356.62,778.73,90.30,157.95,0.6138,-1,-1,-1
305,52,1067.53,81.13,56.70,167.34,0.2624,-1,-1,-1
306,0,462.78,131.53,61.64,191.93,0.2559,-1,-1,-1
306,2,936.65,909.14,61.63,170.82,0.7182,-1,-1,-1
306,3,1720.95,460.69,72.71,208.93,0.5687,-1,-1,-1
306,4,1478.65,588.70,100.79,245.51,0.5165,-1,-1,-1
306,5,280.42,581.90,81.90,247.52,0.5436,-1,-1,-1
306,7,452.71,436.42,65.61,219.22,0.6821,-1,-1,-1
306,10,934.73,59.66,57.00,175.28,0.4716,-1,-1,-1
306,16,834.53,404.00,74.46,220.79,0.5006,-1,-1,-1
306,18,387.43,407.82,72.97,222.74,0.5313,-1,-1,-1
306,35,533.73,449.15,64.47,204.08,0.6218,-1,-1,-1
306,36,897.11,422.75,59.64,192.47,0.4342,-1,-1,-1
306,37,231.70,389.33,61.79,194.14,0.5649,-1,-1,-1
306,41,789.94,118.52,75.39,204.55,0.2703,-1,-1,-1
306,47,319.25,858.73,92.56,221.28,0.7690,-1,-1,-1
306,48,1005.60,84.85,57.37,170.11,0.5223,-1,-1,-1
306,51,359.93,780.30,89.56,152.71,0.6553,-1,-1,-1
306,52,1068.21,82.61,54.26,160.28,0.2690,-1,-1,-1
307,0,461.22,130.56,61.98,191.48,0.2419,-1,-1,-1
307,2,935.57,908.03,63.24,171.82,0.7119,-1,-1,-1
307,3,1720.87,459.68,73.06,209.99,0.5595,-1,-1,-1
307,4,1480.92,589.01,99.72,245.28,0.5470,-1,-1,-1
307,5,291.14,580.87,78.94,245.42,0.5695,-1,-1,-1
307,7,451.17,438.69,65.21,217.45,0.6757,-1,-1,-1
307,10,934.76,59.39,56.68,174.18,0.4958,-1,-1,-1
307,16,835.36,406.47,74.06,218.25,0.3527,-1,-1,-1
307,18,389.25,407.69,71.84,222.39,0.5570,-1,-1,-1
307,35,532.57,449.48,65.01,205.29,0.6415,-1,-1,-1
307,36,897.71,425.31,58.78,190.44,0.3656,-1,-1,-1
307,37,231.78,387.61,61.19,193.31,0.5266,-1,-1,-1
307,41,791.61,106.39,78.51,216.28,0.3702,-1,-1,-1
307,47,320.82,862.01,92.45,217.99,0.7755,-1,-1,-1
307,48,1004.51,83.41,57.89,169.87,0.5635,-1,-1,-1
307,51,361.96,781.73,93.16,154.97,0.6473,-1,-1,-1
307,52,1065.72,82.01,54.93,162.84,0.2917,-1,-1,-1
308,0,461.38,130.42,61.91,192.23,0.2793,-1,-1,-1
308,2,933.87,908.03,65.12,171.98,0.7209,-1,-1,-1
308,3,1720.95,459.13,73.06,210.41,0.5808,-1,-1,-1
308,4,1483.07,593.21,97.39,241.50,0.6302,-1,-1,-1
308,5,300.97,580.31,76.34,244.16,0.6439,-1,-1,-1
308,7,449.78,440.68,64.53,215.38,0.6790,-1,-1,-1
308,10,935.55,56.33,55.35,169.80,0.5064,-1,-1,-1
308,16,836.30,412.53,73.20,213.17,0.3539,-1,-1,-1
308,18,389.76,406.56,71.89,224.10,0.5705,-1,-1,-1
308,35,531.06,451.56,65.51,204.21,0.6571,-1,-1,-1
308,36,895.41,427.81,58.02,187.99,0.3305,-1,-1,-1
308,37,230.80,385.91,60.89,190.98,0.5575,-1,-1,-1
308,41,791.44,103.74,78.62,219.08,0.3291,-1,-1,-1
308,47,323.63,867.48,92.00,212.53,0.7753,-1,-1,-1
308,48,1003.17,82.88,59.29,172.19,0.6041,-1,-1,-1
308,51,364.12,784.86,96.84,155.91,0.6934,-1,-1,-1
308,52,1064.41,82.29,55.75,165.43,0.3175,-1,-1,-1
309,0,462.65,130.55,61.04,191.08,0.2678,-1,-1,-1
309,2,932.06,907.30,67.31,172.64,0.7368,-1,-1,-1
309,3,1720.50,458.47,73.28,211.51,0.5735,-1,-1,-1
309,4,1484.81,589.67,97.96,244.89,0.5929,-1,-1,-1
309,5,307.81,579.73,77.31,247.96,0.6485,-1,-1,-1
309,7,447.75,441.85,64.77,216.38,0.6596,-1,-1,-1
309,10,934.99,53.16,55.24,170.04,0.4842,-1,-1,-1
309,16,835.92,416.88,72.09,211.65,0.3831,-1,-1,-1
309,18,390.28,407.06,71.31,222.27,0.5209,-1,-1,-1
309,35,529.31,454.98,66.99,207.65,0.6705,-1,-1,-1
309,36,893.11,430.09,58.05,186.76,0.2338,-1,-1,-1
309,37,230.98,383.71,60.66,189.23,0.5283,-1,-1,-1
309,41,791.48,103.23,78.05,219.84,0.3716,-1,-1,-1
309,47,325.42,872.05,91.26,207.96,0.7802,-1,-1,-1
309,48,1002.52,81.41,60.62,175.68,0.6234,-1,-1,-1
309,51,368.67,790.25,97.62,152.17,0.6760,-1,-1,-1
309,52,1063.95,82.08,54.94,163.68,0.2917,-1,-1,-1
310,0,463.05,129.18,60.18,190.35,0.3100,-1,-1,-1
310,2,930.49,907.89,69.51,172.11,0.7483,-1,-1,-1
310,3,1720.57,458.36,72.90,210.74,0.5750,-1,-1,-1
310,4,1486.64,588.15,97.75,245.27,0.5556,-1,-1,-1
310,5,312.47,579.46,78.34,249.69,0.6942,-1,-1,-1
310,7,446.46,438.60,65.75,222.51,0.6519,-1,-1,-1
310,10,934.51,50.68,55.62,171.14,0.5422,-1,-1,-1
310,18,390.51,406.13,71.83,226.04,0.5017,-1,-1,-1
310,35,528.02,456.21,67.89,210.50,0.6984,-1,-1,-1
310,37,231.05,380.66,59.54,186.24,0.5567,-1,-1,-1
310,41,791.64,103.10,77.38,220.31,0.3229,-1,-1,-1
310,47,328.29,873.55,91.47,206.46,0.7566,-1,-1,-1
310,48,1001.56,80.06,61.20,176.38,0.6478,-1,-1,-1
310,51,370.19,794.58,98.92,149.80,0.6772,-1,-1,-1
310,52,1064.08,82.83,55.16,164.10,0.3327,-1,-1,-1
311,0,464.16,128.92,59.59,189.49,0.2965,-1,-1,-1
311,2,929.23,907.16,71.59,172.85,0.7625,-1,-1,-1
311,3,1720.71,458.28,72.86,210.65,0.5783,-1,-1,-1
311,4,1490.03,589.25,98.48,244.14,0.5832,-1,-1,-1
311,5,316.81,579.80,79.61,247.50,0.7417,-1,-1,-1
311,7,445.15,439.70,65.32,222.29,0.6842,-1,-1,-1
311,10,933.89,49.36,55.75,171.47,0.5087,-1,-1,-1
311,16,836.48,422.58,67.10,195.35,0.3110,-1,-1,-1
311,18,391.15,407.45,71.00,223.85,0.4722,-1,-1,-1
311,35,527.09,457.51,68.16,212.65,0.6759,-1,-1,-1
311,37,231.20,378.94,59.16,186.36,0.5299,-1,-1,-1
311,41,791.85,102.44,76.67,220.94,0.3388,-1,-1,-1
311,47,331.85,876.31,91.72,203.70,0.7339,-1,-1,-1
311,48,1001.04,79.90,61.24,175.29,0.6266,-1,-1,-1
311,51,372.12,798.87,99.69,146.62,0.6622,-1,-1,-1
311,52,1062.22,81.84,54.89,163.43,0.2979,-1,-1,-1
312,0,463.59,127.81,59.51,188.66,0.3059,-1,-1,-1
312,2,928.66,905.94,72.97,174.06,0.7517,-1,-1,-1
312,3,1721.35,458.84,72.49,209.65,0.5817,-1,-1,-1
312,4,1491.55,592.99,97.92,239.25,0.6264,-1,-1,-1
312,5,320.64,581.62,82.69,243.81,0.7537,-1,-1,-1
312,7,444.00,442.03,64.98,221.59,0.6668,-1,-1,-1
312,10,933.95,48.77,56.10,172.21,0.5143,-1,-1,-1
312,16,835.89,424.18,67.86,195.18,0.2838,-1,-1,-1
312,18,391.83,407.79,70.07,221.43,0.4320,-1,-1,-1
312,35,526.46,460.96,68.61,215.95,0.6739,-1,-1,-1
312,37,230.73,376.14,59.40,188.01,0.5372,-1,-1,-1
312,41,790.57,102.72,75.56,220.14,0.3413,-1,-1,-1
312,47,335.44,879.15,92.55,200.86,0.7442,-1,-1,-1
312,48,1001.16,80.08,61.50,174.51,0.6073,-1,-1,-1
312,51,370.45,801.61,102.57,148.14,0.6513,-1,-1,-1
312,52,1061.73,81.36,54.69,163.74,0.2623,-1,-1,-1
313,0,463.70,124.33,60.12,190.51,0.3262,-1,-1,-1
313,2,928.18,905.46,74.00,174.55,0.7549,-1,-1,-1
313,3,1721.87,457.82,72.55,210.39,0.5767,-1,-1,-1
313,4,1494.30,598.22,97.85,234.50,0.6175,-1,-1,-1
313,5,321.52,584.42,87.22,240.70,0.7642,-1,-1,-1
313,7,441.96,447.35,65.10,221.92,0.6858,-1,-1,-1
313,10,933.50,48.03,56.19,172.80,0.5205,-1,-1,-1
313,16,834.54,426.20,68.87,198.69,0.2602,-1,-1,-1
313,18,392.06,406.20,70.48,223.97,0.4085,-1,-1,-1
313,35,526.77,463.58,67.75,214.79,0.6592,-1,-1,-1
313,36,892.40,436.13,59.09,186.73,0.2366,-1,-1,-1
313,37,230.45,374.64,59.50,189.24,0.5227,-1,-1,-1
313,41,788.45,103.16,74.97,219.52,0.2663,-1,-1,-1
313,47,339.75,882.77,93.57,197.24,0.7359,-1,-1,-1
313,48,1001.04,80.55,61.27,173.08,0.5993,-1,-1,-1
313,51,370.79,805.13,103.77,146.87,0.6929,-1,-1,-1
313,52,1061.30,82.22,54.77,164.06,0.2687,-1,-1,-1
314,0,461.85,125.47,59.98,187.49,0.3019,-1,-1,-1
314,2,928.38,905.27,74.97,174.74,0.7554,-1,-1,-1
314,3,1722.16,457.87,72.44,211.16,0.5739,-1,-1,-1
314,4,1496.35,599.80,98.15,233.51,0.5484,-1,-1,-1
314,5,320.83,585.04,91.61,240.22,0.7642,-1,-1,-1
314,7,440.70,447.44,65.30,221.83,0.6997,-1,-1,-1
314,10,932.76,47.29,56.51,173.02,0.5235,-1,-1,-1
314,16,832.45,426.41,69.86,201.06,0.3154,-1,-1,-1
314,18,391.51,404.33,69.92,224.21,0.3840,-1,-1,-1
314,35,526.37,464.79,67.44,215.53,0.6575,-1,-1,-1
314,36,891.68,437.85,60.56,188.53,0.2303,-1,-1,-1
314,37,230.19,374.11,59.46,189.45,0.5528,-1,-1,-1
314,41,787.24,103.26,74.58,219.06,0.2204,-1,-1,-1
314,47,342.73,886.76,93.04,193.25,0.7245,-1,-1,-1
314,48,999.61,80.05,60.86,173.04,0.5512,-1,-1,-1
314,51,371.52,808.39,106.30,148.02,0.6970,-1,-1,-1
315,0,463.73,122.96,60.39,188.22,0.2680,-1,-1,-1
315,2,926.98,905.00,75.91,175.00,0.7592,-1,-1,-1
315,3,1721.91,457.71,72.35,211.53,0.5547,-1,-1,-1
315,4,1497.85,602.20,97.02,231.27,0.5579,-1,-1,-1
315,5,321.64,585.42,97.65,240.47,0.7693,-1,-1,-1
315,7,438.71,447.86,66.17,221.78,0.7304,-1,-1,-1
315,10,932.18,46.74,56.78,173.43,0.5311,-1,-1,-1
315,16,830.78,429.37,69.97,198.49,0.2201,-1,-1,-1
315,18,390.68,403.50,68.88,222.85,0.2655,-1,-1,-1
315,35,525.80,466.52,66.22,215.95,0.6693,-1,-1,-1
315,37,230.42,373.91,59.83,189.41,0.5637,-1,-1,-1
315,47,344.91,889.28,93.39,190.73,0.7273,-1,-1,-1
315,48,998.42,79.62,60.64,173.94,0.5357,-1,-1,-1
315,51,372.06,808.49,107.24,148.49,0.6414,-1,-1,-1
315,52,1055.97,81.95,53.75,161.41,0.2017,-1,-1,-1
315,64,877.69,372.02,81.90,154.16,0.4120,-1,-1,-1
316,0,461.80,122.09,61.39,189.18,0.2715,-1,-1,-1
316,2,926.93,905.42,76.20,174.59,0.7542,-1,-1,-1
316,3,1721.68,458.34,72.45,211.83,0.5329,-1,-1,-1
316,4,1500.45,602.09,96.37,232.87,0.6161,-1,-1,-1
316,5,322.32,585.30,102.73,239.72,0.7697,-1,-1,-1
316,7,436.89,449.24,67.07,222.56,0.7150,-1,-1,-1
316,10,932.41,46.38,56.79,172.03,0.5317,-1,-1,-1
316,16,829.80,433.87,68.57,194.48,0.2023,-1,-1,-1
316,18,392.26,398.77,68.11,223.86,0.2785,-1,-1,-1
316,35,524.70,469.40,65.99,219.26,0.6475,-1,-1,-1
316,36,892.00,440.48,62.00,189.59,0.2190,-1,-1,-1
316,37,231.03,373.03,60.24,189.02,0.5838,-1,-1,-1
316,47,346.41,892.24,92.86,187.77,0.7154,-1,-1,-1
316,48,998.24,80.44,60.00,174.05,0.5942,-1,-1,-1
316,51,371.73,809.19,109.47,152.79,0.6638,-1,-1,-1
316,52,1053.21,79.15,54.23,163.61,0.2569,-1,-1,-1
316,64,877.83,373.63,83.90,160.97,0.3392,-1,-1,-1
317,0,460.36,121.10,62.40,190.23,0.3003,-1,-1,-1
317,2,927.21,905.98,76.59,174.02,0.7524,-1,-1,-1
317,3,1721.71,458.17,72.47,211.94,0.5641,-1,-1,-1
317,4,1504.81,610.97,91.55,224.60,0.5588,-1,-1,-1
317,5,321.36,584.58,107.95,242.04,0.7698,-1,-1,-1
317,7,434.92,449.58,66.81,218.87,0.7120,-1,-1,-1
317,10,931.89,45.77,57.41,172.78,0.5148,-1,-1,-1
317,18,393.93,394.51,66.73,221.77,0.3272,-1,-1,-1
317,35,522.74,472.23,65.32,219.20,0.6927,-1,-1,-1
317,36,893.97,441.06,62.97,191.37,0.3049,-1,-1,-1
317,37,230.89,372.36,60.27,187.91,0.5717,-1,-1,-1
317,47,346.28,887.98,94.63,192.02,0.7233,-1,-1,-1
317,48,996.57,79.54,59.61,173.79,0.5707,-1,-1,-1
317,51,373.12,812.97,107.45,151.16,0.5635,-1,-1,-1
317,52,1052.74,81.53,54.98,163.48,0.3003,-1,-1,-1
318,0,461.48,118.28,63.21,192.32,0.2956,-1,-1,-1
318,2,926.76,905.64,77.12,174.35,0.7456,-1,-1,-1
318,3,1721.92,458.50,72.23,211.08,0.5710,-1,-1,-1
318,4,1507.36,601.94,93.74,235.73,0.5667,-1,-1,-1
318,5,321.02,585.18,108.72,240.84,0.7562,-1,-1,-1
318,7,434.44,451.41,67.30,218.77,0.7241,-1,-1,-1
318,10,931.95,45.19,58.15,173.78,0.5129,-1,-1,-1
318,16,832.98,435.36,68.25,193.89,0.2950,-1,-1,-1
318,18,395.96,392.95,64.50,214.88,0.2580,-1,-1,-1
318,35,521.48,471.59,64.92,217.96,0.6656,-1,-1,-1
318,37,231.05,371.81,59.78,186.34,0.5601,-1,-1,-1
318,41,785.01,100.34,74.42,221.61,0.2077,-1,-1,-1
318,47,350.03,889.22,94.49,190.77,0.7071,-1,-1,-1
318,48,994.72,78.23,60.05,174.54,0.5958,-1,-1,-1
318,51,373.17,812.33,107.21,154.28,0.6272,-1,-1,-1
318,52,1052.08,81.84,54.97,161.71,0.2893,-1,-1,-1
318,61,888.98,377.84,72.84,252.17,0.2884,-1,-1,-1
319,0,462.22,117.42,63.19,192.24,0.2469,-1,-1,-1
319,2,927.60,905.80,76.80,174.20,0.7319,-1,-1,-1
319,3,1722.50,459.11,71.69,210.58,0.5789,-1,-1,-1
319,4,1510.35,601.65,92.34,237.74,0.5144,-1,-1,-1
319,5,321.10,583.83,110.40,242.07,0.7529,-1,-1,-1
319,7,433.84,455.24,67.79,218.70,0.7253,-1,-1,-1
319,10,931.03,43.67,58.27,173.21,0.4965,-1,-1,-1
319,16,833.54,432.28,70.12,202.90,0.4219,-1,-1,-1
319,35,518.54,469.02,66.35,217.85,0.6753,-1,-1,-1
319,37,231.17,370.86,60.25,188.83,0.5898,-1,-1,-1
319,47,351.95,890.94,94.44,189.07,0.7008,-1,-1,-1
319,48,993.79,77.13,60.19,174.87,0.5780,-1,-1,-1
319,51,374.39,812.35,105.18,156.18,0.6723,-1,-1,-1
319,52,1051.11,83.40,55.02,159.80,0.3012,-1,-1,-1
319,61,893.42,378.11,70.82,255.50,0.3372,-1,-1,-1
320,0,460.79,121.11,62.25,187.58,0.2311,-1,-1,-1
320,2,929.63,906.23,75.85,173.76,0.7356,-1,-1,-1
320,3,1722.50,458.58,71.61,210.46,0.6019,-1,-1,-1
320,4,1513.11,603.13,89.81,234.01,0.3640,-1,-1,-1
320,5,324.51,583.42,110.43,240.67,0.7204,-1,-1,-1
320,7,433.95,460.86,67.54,215.80,0.7187,-1,-1,-1
320,10,929.87,41.81,59.40,175.79,0.5036,-1,-1,-1
320,16,834.50,432.99,69.53,201.38,0.5107,-1,-1,-1
320,35,515.55,470.30,67.74,218.74,0.6947,-1,-1,-1
320,36,894.00,434.82,65.11,202.12,0.2797,-1,-1,-1
320,37,231.95,370.58,59.84,188.67,0.5843,-1,-1,-1
320,41,784.31,99.39,73.57,221.61,0.2143,-1,-1,-1
320,47,355.05,895.46,94.25,184.53,0.7051,-1,-1,-1
320,48,992.71,78.02,59.95,174.04,0.5754,-1,-1,-1
320,51,376.68,813.60,100.16,151.78,0.6427,-1,-1,-1
320,52,1049.64,84.42,55.00,158.70,0.2659,-1,-1,-1
320,64,889.28,375.21,82.37,164.53,0.2715,-1,-1,-1
321,0,458.23,119.87,63.53,189.52,0.2574,-1,-1,-1
321,2,929.78,907.38,74.96,172.34,0.7303,-1,-1,-1
321,3,1722.08,458.73,71.73,210.82,0.5723,-1,-1,-1
321,4,1519.82,604.89,88.99,234.05,0.2589,-1,-1,-1
321,5,324.58,582.28,109.75,241.69,0.6803,-1,-1,-1
321,7,429.76,458.82,70.97,226.82,0.6417,-1,-1,-1
321,10,930.38,39.38,61.26,179.40,0.4817,-1,-1,-1
321,16,835.74,432.48,72.59,206.04,0.4893,-1,-1,-1
321,35,513.38,470.65,68.74,220.46,0.6686,-1,-1,-1
321,36,896.51,436.91,64.42,200.14,0.2290,-1,-1,-1
321,37,232.78,370.24,59.11,188.13,0.5606,-1,-1,-1
321,41,782.82,98.45,73.24,221.85,0.2579,-1,-1,-1
321,47,358.42,898.49,95.61,181.51,0.7175,-1,-1,-1
321,48,992.18,77.42,60.84,175.14,0.5977,-1,-1,-1
321,51,379.85,816.27,96.23,149.14,0.6005,-1,-1,-1
321,52,1047.64,81.53,54.64,158.84,0.2749,-1,-1,-1
321,64,893.79,377.06,78.84,162.42,0.2290,-1,-1,-1
322,0,456.99,119.05,64.03,189.74,0.2518,-1,-1,-1
322,2,931.48,907.04,73.99,172.93,0.7237,-1,-1,-1
322,3,1721.82,459.41,71.46,209.30,0.5999,-1,-1,-1
322,4,1524.69,605.27,88.65,234.86,0.2297,-1,-1,-1
322,5,326.34,579.86,107.02,244.70,0.7095,-1,-1,-1
322,7,429.05,459.93,71.05,225.42,0.6778,-1,-1,-1
322,10,929.50,36.80,63.19,182.99,0.4804,-1,-1,-1
322,16,835.72,432.42,76.28,209.29,0.5745,-1,-1,-1
322,35,512.12,470.32,68.91,218.77,0.7140,-1,-1,-1
322,37,233.60,368.10,58.78,189.39,0.5620,-1,-1,-1
322,41,780.42,97.11,73.61,222.94,0.2254,-1,-1,-1
322,47,359.57,903.82,94.65,176.17,0.7082,-1,-1,-1
322,48,990.50,76.11,60.68,174.75,0.6150,-1,-1,-1
322,51,383.48,817.26,93.94,149.61,0.5596,-1,-1,-1
322,52,1046.07,79.41,53.70,157.91,0.3316,-1,-1,-1
322,64,897.69,376.48,75.50,164.12,0.3712,-1,-1,-1
322,65,394.45,385.44,89.21,129.47,0.2734,-1,-1,-1
323,0,455.63,117.46,65.42,192.83,0.2937,-1,-1,-1
323,2,933.19,906.54,72.19,173.24,0.6961,-1,-1,-1
323,3,1721.97,458.83,71.92,210.24,0.6019,-1,-1,-1
323,4,1525.46,606.25,86.10,233.72,0.2542,-1,-1,-1
323,5,332.89,579.15,103.12,244.51,0.6237,-1,-1,-1
323,7,428.85,462.43,71.35,225.57,0.6871,-1,-1,-1
323,10,929.63,35.55,62.78,179.38,0.4689,-1,-1,-1
323,16,834.96,432.61,78.52,211.17,0.5686,-1,-1,-1
323,35,512.05,470.59,69.68,219.60,0.7252,-1,-1,-1
323,37,233.14,364.09,59.31,192.32,0.5719,-1,-1,-1
323,41,779.45,96.88,74.02,223.56,0.2760,-1,-1,-1
323,47,360.67,906.29,94.34,173.31,0.7787,-1,-1,-1
323,48,990.57,75.11,60.43,173.01,0.6174,-1,-1,-1
323,51,386.13,820.52,91.01,149.38,0.5613,-1,-1,-1
323,52,1045.31,77.31,53.62,159.50,0.3355,-1,-1,-1
323,64,903.16,378.92,71.41,163.29,0.3912,-1,-1,-1
323,65,393.80,385.02,90.69,131.46,0.2115,-1,-1,-1
324,0,454.82,117.86,65.37,191.22,0.3097,-1,-1,-1
324,2,933.59,905.41,70.35,174.57,0.7032,-1,-1,-1
324,3,1721.76,459.00,71.78,209.69,0.6027,-1,-1,-1
324,4,1526.28,603.69,84.97,235.65,0.2368,-1,-1,-1
324,5,340.45,580.71,97.71,242.34,0.6271,-1,-1,-1
324,7,427.17,463.27,72.87,227.19,0.7029,-1,-1,-1
324,10,929.58,33.56,63.67,179.08,0.4033,-1,-1,-1
324,16,835.96,435.17,79.37,209.29,0.4796,-1,-1,-1
324,35,510.41,471.14,70.60,219.34,0.7513,-1,-1,-1
324,37,233.05,361.83,59.06,192.03,0.5171,-1,-1,-1
324,47,362.09,910.19,93.64,168.82,0.7840,-1,-1,-1
324,48,989.62,73.32,60.72,173.22,0.5738,-1,-1,-1
324,51,391.16,824.64,87.19,147.83,0.5875,-1,-1,-1
324,52,1044.75,75.78,52.78,159.01,0.2790,-1,-1,-1
324,64,905.44,379.49,71.69,169.18,0.2855,-1,-1,-1
325,0,455.37,118.65,65.03,188.60,0.3092,-1,-1,-1
325,2,935.57,907.98,67.92,171.55,0.7032,-1,-1,-1
325,3,1722.05,459.34,71.59,208.34,0.6108,-1,-1,-1
325,5,348.04,580.43,91.38,240.73,0.6582,-1,-1,-1
325,7,427.16,462.37,73.95,228.97,0.7081,-1,-1,-1
325,10,928.56,35.13,61.89,171.52,0.4013,-1,-1,-1
325,16,836.15,434.23,80.66,210.13,0.5013,-1,-1,-1
325,35,509.64,474.44,70.56,217.08,0.7633,-1,-1,-1
325,37,233.34,360.02,58.30,189.16,0.4478,-1,-1,-1
325,47,366.37,915.20,92.87,163.87,0.7716,-1,-1,-1
325,48,989.19,72.04,60.88,172.63,0.5539,-1,-1,-1
325,51,397.04,830.40,80.56,140.37,0.5963,-1,-1,-1
325,52,1044.27,74.32,52.70,160.52,0.2734,-1,-1,-1
325,64,908.51,383.03,75.08,183.23,0.3282,-1,-1,-1
325,65,392.06,381.62,90.12,130.66,0.2127,-1,-1,-1
326,0,455.65,118.02,65.12,187.83,0.2953,-1,-1,-1
326,2,936.26,908.24,66.04,171.72,0.6765,-1,-1,-1
326,3,1721.94,459.55,71.98,208.46,0.6200,-1,-1,-1
326,4,1529.51,607.15,83.91,232.67,0.3944,-1,-1,-1
326,5,361.76,578.36,87.11,242.35,0.6431,-1,-1,-1
326,7,427.56,466.69,73.03,226.08,0.7035,-1,-1,-1
326,10,928.36,34.26,62.13,170.28,0.4110,-1,-1,-1
326,16,838.11,433.89,82.25,210.10,0.5790,-1,-1,-1
326,35,509.24,476.49,71.04,216.88,0.7602,-1,-1,-1
326,36,906.47,447.30,59.80,190.20,0.2604,-1,-1,-1
326,37,233.65,358.45,58.13,188.82,0.5024,-1,-1,-1
326,47,367.36,917.20,93.01,162.69,0.7177,-1,-1,-1
326,48,987.07,71.17,61.12,172.61,0.5740,-1,-1,-1
326,51,399.62,833.46,79.57,141.95,0.5904,-1,-1,-1
326,52,1044.28,75.89,50.96,156.52,0.2837,-1,-1,-1
326,64,912.47,384.53,76.17,191.85,0.2756,-1,-1,-1
327,0,453.76,115.23,66.57,191.01,0.3648,-1,-1,-1
327,2,938.35,909.64,63.31,170.26,0.6689,-1,-1,-1
327,3,1722.02,459.73,71.80,207.43,0.6306,-1,-1,-1
327,4,1532.21,610.70,83.12,230.39,0.4213,-1,-1,-1
327,5,368.50,576.14,84.24,244.19,0.5869,-1,-1,-1
327,7,426.63,466.86,73.15,226.06,0.7145,-1,-1,-1
327,10,928.25,32.45,63.38,172.68,0.4311,-1,-1,-1
327,16,838.72,434.74,82.47,208.14,0.5363,-1,-1,-1
327,35,509.81,477.90,71.84,219.40,0.7048,-1,-1,-1
327,36,906.67,448.20,58.47,189.92,0.2884,-1,-1,-1
327,37,233.91,356.98,58.34,188.98,0.5189,-1,-1,-1
327,47,369.84,917.57,94.47,162.44,0.7018,-1,-1,-1
327,48,987.30,70.17,60.89,171.19,0.5282,-1,-1,-1
327,51,403.05,837.22,78.11,141.61,0.5759,-1,-1,-1
327,52,1043.61,75.95,50.18,155.17,0.2840,-1,-1,-1
327,64,917.53,385.45,71.62,183.89,0.2569,-1,-1,-1
328,0,451.79,113.08,67.80,194.26,0.4532,-1,-1,-1
328,2,938.62,910.00,61.35,169.30,0.6784,-1,-1,-1
328,3,1722.22,460.67,71.82,207.14,0.6374,-1,-1,-1
328,4,1535.15,610.84,82.65,230.31,0.5006,-1,-1,-1
328,5,377.14,574.59,81.68,246.89,0.5860,-1,-1,-1
328,7,425.16,467.53,73.36,220.90,0.7039,-1,-1,-1
328,10,928.46,31.50,63.10,171.75,0.4210,-1,-1,-1
328,16,841.44,435.17,83.78,209.39,0.4723,-1,-1,-1
328,35,508.83,479.11,72.10,221.92,0.7042,-1,-1,-1
328,37,232.64,356.22,58.36,187.16,0.5472,-1,-1,-1
328,41,795.23,155.60,56.44,165.09,0.2192,-1,-1,-1
328,47,370.38,921.06,93.36,158.94,0.6851,-1,-1,-1
328,48,985.69,68.03,61.58,172.93,0.4955,-1,-1,-1
328,51,406.61,839.84,79.85,147.72,0.5482,-1,-1,-1
328,52,1042.22,75.79,49.87,155.19,0.2943,-1,-1,-1
328,64,922.52,387.71,68.92,182.76,0.3264,-1,-1,-1
328,65,393.33,379.20,90.85,131.35,0.2099,-1,-1,-1
329,0,451.10,111.63,68.45,193.99,0.3801,-1,-1,-1
329,2,941.85,912.56,59.48,166.42,0.6978,-1,-1,-1
329,3,1722.03,458.74,72.36,209.10,0.6111,-1,-1,-1
329,4,1537.76,610.28,83.58,231.21,0.3981,-1,-1,-1
329,5,383.02,578.15,79.15,246.88,0.5797,-1,-1,-1
329,7,422.39,469.30,74.81,218.04,0.6909,-1,-1,-1
329,10,929.25,30.87,63.17,171.63,0.3878,-1,-1,-1
329,16,840.85,435.66,83.17,207.20,0.4003,-1,-1,-1
329,35,508.42,483.21,71.20,221.06,0.7129,-1,-1,-1
329,36,906.92,451.84,56.24,186.77,0.2718,-1,-1,-1
329,37,232.79,355.89,58.38,185.99,0.5482,-1,-1,-1
329,41,797.24,160.61,55.33,159.78,0.2376,-1,-1,-1
329,47,372.21,923.25,93.43,156.76,0.6869,-1,-1,-1
329,48,985.80,68.44,60.48,170.44,0.4625,-1,-1,-1
329,51,411.49,843.42,79.47,148.15,0.5571,-1,-1,-1
329,52,1041.29,75.74,49.34,153.45,0.2546,-1,-1,-1
329,64,931.27,387.34,70.42,191.64,0.4198,-1,-1,-1
329,65,394.89,376.51,90.58,131.20,0.2002,-1,-1,-1
330,0,451.17,110.73,69.01,192.71,0.3655,-1,-1,-1
330,2,942.35,914.46,59.16,164.16,0.6933,-1,-1,-1
330,3,1722.28,460.01,72.01,207.82,0.6315,-1,-1,-1
330,4,1538.38,610.51,83.65,230.64,0.4146,-1,-1,-1
330,5,389.03,594.84,74.13,231.59,0.3995,-1,-1,-1
330,7,416.69,469.68,79.87,224.04,0.6676,-1,-1,-1
330,10,929.09,30.32,63.45,172.01,0.4275,-1,-1,-1
330,16,841.93,436.20,82.68,206.57,0.3674,-1,-1,-1
330,35,508.70,485.80,70.09,219.60,0.7320,-1,-1,-1
330,36,903.82,445.90,58.40,196.78,0.2427,-1,-1,-1
330,37,232.45,354.95,58.05,184.80,0.5660,-1,-1,-1
330,41,797.48,163.33,55.08,157.45,0.2123,-1,-1,-1
330,47,373.69,924.16,92.65,154.54,0.6374,-1,-1,-1
330,48,984.22,67.58,61.00,172.58,0.4712,-1,-1,-1
330,51,400.62,845.07,109.56,223.54,0.5932,-1,-1,-1
330,52,1039.47,75.60,50.57,157.17,0.3093,-1,-1,-1
330,64,935.17,388.40,69.19,193.72,0.4183,-1,-1,-1
330,65,396.93,375.92,87.47,127.23,0.2929,-1,-1,-1
331,0,450.75,110.04,68.41,188.10,0.3807,-1,-1,-1
331,2,941.51,913.27,60.51,165.68,0.7369,-1,-1,-1
331,3,1722.18,457.41,73.00,210.78,0.6495,-1,-1,-1
331,4,1537.50,613.12,82.30,229.31,0.5352,-1,-1,-1
331,7,389.77,471.72,116.76,338.68,0.5987,-1,-1,-1
331,10,927.62,30.61,63.69,172.97,0.4037,-1,-1,-1
331,16,844.71,439.04,82.10,205.98,0.4881,-1,-1,-1
331,35,507.95,488.18,69.22,219.55,0.7408,-1,-1,-1
331,36,908.25,450.42,55.44,190.16,0.2003,-1,-1,-1
331,37,231.21,354.18,59.08,188.45,0.5210,-1,-1,-1
331,41,796.60,158.55,56.40,162.26,0.2441,-1,-1,-1
331,47,375.77,923.87,90.55,149.27,0.6460,-1,-1,-1
331,48,982.95,67.21,61.66,174.58,0.5001,-1,-1,-1
331,51,407.97,847.40,103.11,231.35,0.6612,-1,-1,-1
331,52,1038.19,73.78,52.07,160.70,0.3595,-1,-1,-1
331,64,937.47,388.95,67.84,194.73,0.3407,-1,-1,-1
331,65,401.34,374.43,84.09,123.97,0.4199,-1,-1,-1
332,0,450.37,109.21,68.43,185.89,0.3408,-1,-1,-1
332,2,942.66,914.93,60.09,162.97,0.7210,-1,-1,-1
332,3,1722.72,458.82,72.85,210.36,0.6395,-1,-1,-1
332,4,1540.77,612.40,83.64,230.62,0.4485,-1,-1,-1
332,7,387.02,473.29,118.48,353.71,0.6044,-1,-1,-1
332,10,927.14,30.27,63.76,173.06,0.4115,-1,-1,-1
332,16,843.56,437.62,84.31,210.89,0.3811,-1,-1,-1
332,35,507.94,490.10,69.36,220.40,0.7418,-1,-1,-1
332,37,230.39,352.70,59.80,190.04,0.5018,-1,-1,-1
332,41,795.46,156.69,56.98,163.70,0.2765,-1,-1,-1
332,47,377.71,924.81,88.90,145.44,0.6350,-1,-1,-1
332,48,982.36,67.62,61.87,175.47,0.5243,-1,-1,-1
332,51,415.44,849.08,96.09,229.76,0.6643,-1,-1,-1
332,52,1038.40,73.66,52.47,162.39,0.4012,-1,-1,-1
332,64,941.00,391.06,65.75,192.84,0.4154,-1,-1,-1
332,65,403.22,371.98,82.20,122.84,0.3852,-1,-1,-1
333,0,450.16,107.88,70.01,187.18,0.3282,-1,-1,-1
333,2,943.70,915.09,60.05,162.71,0.7332,-1,-1,-1
333,3,1723.23,459.08,72.48,209.83,0.6222,-1,-1,-1
333,4,1541.58,612.62,85.34,233.43,0.4466,-1,-1,-1
333,7,388.75,474.96,115.98,354.47,0.6423,-1,-1,-1
333,10,927.61,30.46,63.02,171.70,0.4199,-1,-1,-1
333,16,844.41,438.44,86.04,215.00,0.4332,-1,-1,-1
333,35,507.21,491.41,69.61,221.43,0.7448,-1,-1,-1
333,36,908.22,449.18,56.15,195.01,0.3124,-1,-1,-1
333,37,229.67,352.33,59.96,190.95,0.5167,-1,-1,-1
333,41,795.60,157.37,56.89,163.44,0.2732,-1,-1,-1
333,47,380.39,924.76,91.60,147.61,0.6697,-1,-1,-1
333,48,982.39,66.51,61.50,177.46,0.5050,-1,-1,-1
333,51,429.48,850.21,74.35,165.81,0.5855,-1,-1,-1
333,52,1037.58,73.08,52.57,163.21,0.4111,-1,-1,-1
333,64,945.58,391.01,63.94,191.83,0.4171,-1,-1,-1
333,65,405.40,367.29,82.92,126.25,0.3254,-1,-1,-1
334,0,448.60,108.78,69.94,185.78,0.3168,-1,-1,-1
334,2,944.80,916.54,59.74,160.86,0.7180,-1,-1,-1
334,3,1722.24,459.92,72.38,209.36,0.6197,-1,-1,-1
334,4,1540.32,616.00,84.56,231.30,0.5666,-1,-1,-1
334,7,391.84,475.11,115.18,355.61,0.6301,-1,-1,-1
334,10,927.58,29.56,63.14,172.77,0.3805,-1,-1,-1
334,16,844.92,438.61,86.87,217.92,0.4892,-1,-1,-1
334,35,506.75,491.85,69.63,222.93,0.7312,-1,-1,-1
334,36,910.36,453.12,55.28,193.62,0.3353,-1,-1,-1
334,37,229.89,352.10,59.10,188.03,0.4715,-1,-1,-1
334,41,795.56,158.54,56.61,162.34,0.2507,-1,-1,-1
334,47,382.87,928.04,91.14,144.07,0.6547,-1,-1,-1
334,48,982.01,66.86,60.43,176.45,0.4840,-1,-1,-1
334,51,431.94,851.48,74.10,155.82,0.5495,-1,-1,-1
334,52,1036.93,72.39,52.68,163.90,0.3881,-1,-1,-1
334,64,949.67,392.14,62.80,192.96,0.4490,-1,-1,-1
334,65,406.28,363.77,84.17,130.32,0.2336,-1,-1,-1
335,0,446.19,105.84,71.81,188.81,0.2737,-1,-1,-1
335,2,945.67,918.38,59.85,159.77,0.7188,-1,-1,-1
335,3,1722.54,459.84,72.03,208.50,0.6220,-1,-1,-1
335,4,1539.61,614.10,87.15,240.22,0.5471,-1,-1,-1
335,7,391.78,477.55,116.03,353.80,0.6712,-1,-1,-1
335,10,928.24,27.76,62.77,172.21,0.3671,-1,-1,-1
335,16,845.62,439.84,85.76,218.01,0.4986,-1,-1,-1
335,35,505.61,492.68,69.36,222.67,0.7262,-1,-1,-1
335,36,910.30,452.54,56.07,197.61,0.3360,-1,-1,-1
335,37,228.66,350.40,60.51,191.35,0.4945,-1,-1,-1
335,41,795.78,158.40,56.49,162.01,0.2259,-1,-1,-1
335,47,386.05,931.32,91.66,141.56,0.6631,-1,-1,-1
335,48,981.72,66.71,59.66,175.24,0.4756,-1,-1,-1
335,51,433.86,850.53,80.42,160.26,0.5658,-1,-1,-1
335,52,1036.83,72.32,52.46,163.65,0.3748,-1,-1,-1
335,64,954.45,393.69,60.49,189.51,0.4978,-1,-1,-1
335,65,408.26,360.91,84.61,133.64,0.2997,-1,-1,-1
336,0,445.59,104.84,72.64,189.35,0.2375,-1,-1,-1
336,2,946.08,919.02,60.45,159.70,0.7165,-1,-1,-1
336,3,1721.90,459.30,72.41,208.88,0.6377,-1,-1,-1
336,4,1539.83,615.36,86.73,242.11,0.5850,-1,-1,-1
336,7,399.13,482.02,115.06,346.88,0.7020,-1,-1,-1
336,10,927.23,27.33,63.79,175.14,0.3710,-1,-1,-1
336,16,843.37,440.63,85.40,218.78,0.4426,-1,-1,-1
336,35,504.95,492.87,69.25,221.71,0.7201,-1,-1,-1
336,36,910.33,454.61,56.18,195.83,0.3786,-1,-1,-1
336,37,227.72,349.05,61.57,193.89,0.5092,-1,-1,-1
336,41,796.66,163.23,55.56,157.67,0.2505,-1,-1,-1
336,47,389.16,936.78,88.86,133.89,0.6730,-1,-1,-1
336,48,980.85,66.22,59.43,176.04,0.4611,-1,-1,-1
336,51,434.17,852.34,86.40,164.35,0.5338,-1,-1,-1
336,52,1036.54,71.69,52.56,164.10,0.3422,-1,-1,-1
336,64,957.32,392.77,60.25,190.63,0.4313,-1,-1,-1
336,65,409.45,359.07,85.59,137.83,0.3203,-1,-1,-1
337,2,948.35,919.54,60.02,158.90,0.6831,-1,-1,-1
337,3,1722.44,459.27,72.13,207.87,0.6125,-1,-1,-1
337,4,1540.27,616.11,84.45,239.12,0.6444,-1,-1,-1
337,7,403.82,486.12,117.08,341.93,0.7104,-1,-1,-1
337,10,928.84,24.89,63.89,175.19,0.3797,-1,-1,-1
337,16,842.44,442.80,84.62,221.03,0.4077,-1,-1,-1
337,35,504.59,493.04,69.24,221.49,0.7002,-1,-1,-1
337,36,909.55,456.49,56.83,198.47,0.3670,-1,-1,-1
337,37,227.06,348.13,60.80,189.55,0.4995,-1,-1,-1
337,41,797.77,165.50,54.98,154.59,0.2222,-1,-1,-1
337,47,390.57,942.05,90.45,132.14,0.6905,-1,-1,-1
337,48,980.17,64.83,59.31,176.83,0.4472,-1,-1,-1
337,51,436.98,856.23,90.60,165.98,0.4651,-1,-1,-1
337,52,1036.16,71.24,52.98,165.60,0.4169,-1,-1,-1
337,64,961.80,391.61,59.78,190.97,0.5608,-1,-1,-1
337,65,412.01,358.29,84.90,138.95,0.3255,-1,-1,-1
338,0,443.65,103.31,73.82,190.29,0.2353,-1,-1,-1
338,2,949.39,921.64,59.83,156.61,0.7041,-1,-1,-1
338,3,1722.30,458.84,72.43,208.28,0.5862,-1,-1,-1
338,4,1540.93,615.89,84.03,241.62,0.6080,-1,-1,-1
338,7,404.76,487.29,119.07,340.25,0.7124,-1,-1,-1
338,10,928.83,22.76,63.41,174.46,0.3624,-1,-1,-1
338,16,844.99,444.84,83.12,220.39,0.4247,-1,-1,-1
338,35,504.12,493.07,69.22,220.77,0.6971,-1,-1,-1
338,36,909.24,458.09,56.19,198.80,0.3365,-1,-1,-1
338,37,226.56,347.11,60.87,187.79,0.5266,-1,-1,-1
338,41,797.18,162.40,56.42,157.70,0.2376,-1,-1,-1
338,47,392.04,944.98,91.66,130.31,0.7150,-1,-1,-1
338,48,979.80,64.15,58.99,176.89,0.4421,-1,-1,-1
338,51,441.50,860.90,93.69,159.47,0.6328,-1,-1,-1
338,52,1035.81,70.86,53.10,165.89,0.3909,-1,-1,-1
338,64,964.78,392.20,60.19,193.50,0.5275,-1,-1,-1
338,65,412.34,358.23,85.34,141.73,0.3291,-1,-1,-1
339,0,442.32,101.42,75.17,192.29,0.2404,-1,-1,-1
339,2,951.45,922.39,60.19,154.83,0.7037,-1,-1,-1
339,3,1722.24,459.84,72.49,207.31,0.6069,-1,-1,-1
339,4,1541.92,616.47,83.53,243.05,0.6253,-1,-1,-1
339,7,404.15,487.27,119.80,338.71,0.7391,-1,-1,-1
339,10,929.48,22.25,61.41,168.60,0.3569,-1,-1,-1
339,16,844.30,447.08,81.26,217.55,0.4255,-1,-1,-1
339,35,503.03,493.99,69.01,221.03,0.6891,-1,-1,-1
339,36,909.69,459.57,55.39,198.69,0.3260,-1,-1,-1
339,37,225.57,346.10,60.57,184.16,0.5265,-1,-1,-1
339,47,394.67,948.89,92.18,127.47,0.7279,-1,-1,-1
339,48,979.03,61.63,59.35,178.62,0.4544,-1,-1,-1
339,51,444.61,866.60,96.57,157.89,0.6151,-1,-1,-1
339,52,1035.89,70.39,52.91,166.32,0.4355,-1,-1,-1
339,64,968.03,394.71,60.37,194.43,0.5963,-1,-1,-1
339,65,414.01,357.98,85.44,143.28,0.3311,-1,-1,-1
340,0,442.28,99.39,76.11,194.12,0.2598,-1,-1,-1
340,2,952.08,923.05,60.75,154.13,0.6989,-1,-1,-1
340,3,1721.61,458.02,73.31,209.84,0.6069,-1,-1,-1
340,4,1543.46,615.65,83.05,244.33,0.6002,-1,-1,-1
340,7,405.17,488.11,120.68,338.34,0.6977,-1,-1,-1
340,10,929.69,20.82,61.35,167.81,0.3433,-1,-1,-1
340,16,843.79,449.43,81.39,221.24,0.4336,-1,-1,-1
340,35,501.89,496.85,68.61,216.97,0.6595,-1,-1,-1
340,36,909.89,459.43,55.11,199.65,0.3370,-1,-1,-1
340,37,224.03,344.12,60.86,182.73,0.5185,-1,-1,-1
340,41,795.54,160.68,57.73,159.87,0.2433,-1,-1,-1
340,47,396.88,950.81,93.52,127.78,0.7110,-1,-1,-1
340,48,978.26,60.81,59.16,179.30,0.4919,-1,-1,-1
340,51,446.99,872.10,99.33,151.11,0.6901,-1,-1,-1
340,52,1035.09,69.72,53.31,167.70,0.4181,-1,-1,-1
340,64,970.55,397.02,60.70,194.84,0.5861,-1,-1,-1
340,65,414.98,356.62,87.51,148.31,0.3237,-1,-1,-1
341,0,442.30,98.78,76.22,193.20,0.3029,-1,-1,-1
341,2,952.17,924.07,61.21,153.12,0.7038,-1,-1,-1
341,3,1721.66,458.74,73.07,209.09,0.6055,-1,-1,-1
341,4,1544.48,616.21,82.48,243.39,0.6541,-1,-1,-1
341,7,405.85,488.76,120.76,339.01,0.3958,-1,-1,-1
341,10,929.28,19.62,61.01,165.98,0.3548,-1,-1,-1
341,16,843.71,451.03,80.57,221.59,0.4574,-1,-1,-1
341,35,499.63,498.72,68.71,215.18,0.6819,-1,-1,-1
341,36,909.75,460.18,55.03,201.12,0.3397,-1,-1,-1
341,37,223.41,342.33,61.67,183.03,0.5232,-1,-1,-1
341,41,794.87,159.31,58.43,160.51,0.2315,-1,-1,-1
341,47,401.20,955.06,92.17,123.83,0.6939,-1,-1,-1
341,48,977.57,58.98,58.76,180.18,0.4666,-1,-1,-1
341,51,447.54,875.88,102.40,146.97,0.6956,-1,-1,-1
341,52,1034.99,68.90,53.64,170.25,0.4608,-1,-1,-1
341,64,974.55,398.22,60.91,195.37,0.5525,-1,-1,-1
341,65,416.01,356.43,89.10,152.08,0.3039,-1,-1,-1
342,0,441.95,99.84,76.46,192.29,0.3130,-1,-1,-1
342,2,952.81,924.17,62.44,153.05,0.6960,-1,-1,-1
342,3,1722.65,457.26,73.63,211.46,0.6238,-1,-1,-1
342,4,1545.54,617.97,81.59,239.98,0.6389,-1,-1,-1
342,5,434.63,596.36,79.67,228.60,0.2593,-1,-1,-1
342,10,928.63,18.53,60.73,164.31,0.3291,-1,-1,-1
342,16,840.82,452.31,78.58,220.70,0.3875,-1,-1,-1
342,18,427.45,355.46,68.71,190.39,0.3204,-1,-1,-1
342,35,498.70,500.94,69.04,212.84,0.6917,-1,-1,-1
342,36,909.47,461.37,55.01,201.00,0.3544,-1,-1,-1
342,37,221.35,340.95,63.11,185.23,0.5138,-1,-1,-1
342,41,793.43,156.85,59.55,163.19,0.2660,-1,-1,-1
342,47,405.55,960.85,91.02,118.43,0.7165,-1,-1,-1
342,48,977.09,57.87,58.54,180.72,0.3981,-1,-1,-1
342,51,447.75,878.86,105.74,145.00,0.6867,-1,-1,-1
342,52,1035.18,68.29,53.24,169.73,0.4110,-1,-1,-1
342,64,976.35,400.48,61.52,195.90,0.6030,-1,-1,-1
343,0,441.38,101.64,76.04,190.52,0.3001,-1,-1,-1
343,2,952.91,924.98,63.03,151.64,0.7070,-1,-1,-1
343,3,1722.21,457.97,72.75,209.26,0.5943,-1,-1,-1
343,4,1546.10,617.79,82.23,240.54,0.5991,-1,-1,-1
343,5,436.44,597.38,82.98,225.91,0.2480,-1,-1,-1
343,10,927.63,16.80,60.81,162.59,0.3083,-1,-1,-1
343,16,839.15,453.43,76.78,220.04,0.3289,-1,-1,-1
343,18,425.04,354.48,75.50,195.82,0.3025,-1,-1,-1
343,35,496.51,502.26,70.38,213.38,0.6723,-1,-1,-1
343,36,909.50,462.45,54.98,200.22,0.3303,-1,-1,-1
343,37,220.59,339.89,64.13,185.32,0.5042,-1,-1,-1
343,41,794.49,156.93,59.59,162.94,0.2594,-1,-1,-1
343,47,407.44,963.04,92.20,116.36,0.7208,-1,-1,-1
343,48,976.23,57.86,57.31,177.36,0.3676,-1,-1,-1
343,51,446.41,881.78,109.08,143.95,0.6736,-1,-1,-1
343,52,1034.39,67.44,53.47,171.29,0.3732,-1,-1,-1
343,64,980.26,401.82,61.01,193.20,0.6358,-1,-1,-1
343,67,394.70,485.99,91.54,243.15,0.5738,-1,-1,-1
344,0,440.60,102.06,76.16,188.86,0.3213,-1,-1,-1
344,2,953.24,924.94,64.14,151.12,0.6952,-1,-1,-1
344,3,1721.79,459.29,72.31,207.17,0.6047,-1,-1,-1
344,4,1547.53,617.64,82.22,238.28,0.5899,-1,-1,-1
344,5,438.81,590.83,84.35,231.37,0.2498,-1,-1,-1
344,10,925.59,15.33,63.27,166.78,0.3476,-1,-1,-1
344,16,841.30,454.80,71.75,206.37,0.3306,-1,-1,-1
344,18,423.35,353.45,80.03,202.43,0.3321,-1,-1,-1
344,35,496.53,503.38,69.85,211.16,0.6449,-1,-1,-1
344,36,909.92,462.63,54.37,195.42,0.3873,-1,-1,-1
344,37,220.42,339.27,64.62,186.10,0.5436,-1,-1,-1
344,41,794.93,157.60,59.36,162.12,0.2956,-1,-1,-1
344,47,409.94,964.44,91.84,113.64,0.7272,-1,-1,-1
344,48,976.78,56.15,56.87,176.51,0.3815,-1,-1,-1
344,51,448.58,883.27,111.99,145.37,0.6799,-1,-1,-1
344,52,1034.44,66.29,53.37,171.75,0.3337,-1,-1,-1
344,64,983.55,405.91,61.16,191.60,0.5797,-1,-1,-1
344,67,393.96,486.48,88.34,241.78,0.6259,-1,-1,-1
345,0,440.78,102.13,76.22,187.41,0.2924,-1,-1,-1
345,2,953.85,925.66,64.95,149.97,0.6993,-1,-1,-1
345,3,1721.43,458.62,72.54,206.86,0.6117,-1,-1,-1
345,4,1547.79,618.70,83.19,239.95,0.5660,-1,-1,-1
345,5,445.74,586.16,84.28,233.61,0.2925,-1,-1,-1
345,10,925.59,15.78,63.76,165.90,0.3687,-1,-1,-1
345,16,839.17,454.50,73.70,215.07,0.3401,-1,-1,-1
345,18,424.81,352.15,78.40,193.79,0.3747,-1,-1,-1
345,35,496.49,505.62,69.24,210.74,0.5651,-1,-1,-1
345,36,910.64,463.06,54.88,194.31,0.3918,-1,-1,-1
345,37,219.71,338.65,64.51,185.58,0.5140,-1,-1,-1
345,41,795.36,157.62,59.07,161.74,0.2646,-1,-1,-1
345,47,412.84,964.27,93.32,113.38,0.7052,-1,-1,-1
345,48,976.98,53.89,55.64,172.80,0.4170,-1,-1,-1
345,51,449.00,884.67,116.28,150.99,0.6598,-1,-1,-1
345,52,1035.00,66.18,52.47,168.90,0.3405,-1,-1,-1
345,64,985.31,407.22,62.23,193.62,0.5287,-1,-1,-1
345,67,395.76,487.54,84.57,237.37,0.6667,-1,-1,-1
346,0,439.75,99.09,77.61,191.15,0.2842,-1,-1,-1
346,2,954.01,926.37,66.16,149.51,0.7130,-1,-1,-1
346,3,1722.01,457.76,72.97,207.94,0.6133,-1,-1,-1
346,4,1552.93,620.48,81.01,236.30,0.5691,-1,-1,-1
346,5,454.65,585.80,81.29,230.40,0.3697,-1,-1,-1
346,10,924.37,14.55,65.94,170.47,0.3310,-1,-1,-1
346,16,840.20,453.82,69.30,202.59,0.3789,-1,-1,-1
346,18,424.53,349.70,80.37,200.83,0.3211,-1,-1,-1
346,35,489.75,507.84,69.64,206.58,0.5514,-1,-1,-1
346,36,907.96,463.80,57.62,197.51,0.4630,-1,-1,-1
346,37,219.73,337.60,65.42,187.06,0.5116,-1,-1,-1
346,41,794.26,155.83,59.54,163.65,0.2659,-1,-1,-1
346,47,416.07,964.78,97.46,114.11,0.7048,-1,-1,-1
346,48,975.87,54.34,56.33,174.53,0.3620,-1,-1,-1
346,51,451.13,885.25,116.72,153.97,0.6693,-1,-1,-1
346,52,1035.02,66.83,51.29,164.50,0.2639,-1,-1,-1
346,64,986.72,408.00,63.15,195.06,0.4623,-1,-1,-1
346,67,395.40,487.09,82.62,234.56,0.7008,-1,-1,-1
347,0,439.13,96.06,78.78,194.16,0.2772,-1,-1,-1
347,2,953.94,927.35,67.42,148.43,0.7031,-1,-1,-1
347,3,1722.65,458.21,73.08,209.14,0.6247,-1,-1,-1
347,4,1552.13,621.42,81.34,235.18,0.5572,-1,-1,-1
347,5,463.65,583.41,80.12,232.99,0.3937,-1,-1,-1
347,10,923.66,14.57,66.47,171.13,0.2924,-1,-1,-1
347,16,840.86,454.96,68.67,201.35,0.3360,-1,-1,-1
347,18,424.50,348.32,80.88,206.41,0.3355,-1,-1,-1
347,35,487.11,510.87,69.76,201.22,0.5342,-1,-1,-1
347,36,909.96,465.47,58.77,196.77,0.4581,-1,-1,-1
347,37,219.03,336.81,65.79,187.39,0.4517,-1,-1,-1
347,41,795.41,157.92,59.15,161.43,0.2310,-1,-1,-1
347,47,415.83,965.42,98.65,113.75,0.6975,-1,-1,-1
347,48,975.56,54.10,56.44,174.33,0.3638,-1,-1,-1
347,51,452.47,887.22,115.01,154.86,0.6729,-1,-1,-1
347,52,1034.00,65.36,52.47,167.64,0.2713,-1,-1,-1
347,64,990.05,409.50,62.95,193.34,0.5305,-1,-1,-1
347,67,395.82,488.93,81.69,232.54,0.7110,-1,-1,-1
348,0,438.94,95.50,78.61,194.05,0.2768,-1,-1,-1
348,2,953.06,927.38,68.98,149.00,0.7289,-1,-1,-1
348,3,1722.44,457.87,73.12,209.02,0.6153,-1,-1,-1
348,4,1554.26,621.84,81.14,232.99,0.5380,-1,-1,-1
348,5,468.45,571.49,83.24,248.22,0.5979,-1,-1,-1
348,10,923.39,14.55,64.83,166.49,0.2692,-1,-1,-1
348,16,841.80,454.97,67.50,198.52,0.2766,-1,-1,-1
348,18,428.98,347.31,74.62,191.85,0.3942,-1,-1,-1
348,35,488.47,512.68,68.21,194.01,0.4439,-1,-1,-1
348,36,909.62,466.24,60.24,197.37,0.5207,-1,-1,-1
348,37,218.39,336.29,65.61,186.13,0.4055,-1,-1,-1
348,41,795.50,157.89,59.14,161.32,0.2303,-1,-1,-1
348,47,417.44,967.01,98.41,111.88,0.7086,-1,-1,-1
348,48,974.90,52.22,55.69,172.33,0.3428,-1,-1,-1
348,51,449.37,890.22,116.82,162.38,0.6440,-1,-1,-1
348,52,1033.44,65.91,51.58,163.87,0.2415,-1,-1,-1
348,64,994.14,410.25,62.50,192.83,0.5836,-1,-1,-1
348,67,394.07,489.71,81.75,232.79,0.7211,-1,-1,-1
349,0,438.03,92.52,78.23,194.52,0.2631,-1,-1,-1
349,2,953.69,927.80,70.58,147.80,0.7385,-1,-1,-1
349,3,1722.60,457.84,72.83,208.42,0.6026,-1,-1,-1
349,4,1553.99,622.13,83.34,237.20,0.5481,-1,-1,-1
349,5,473.08,577.95,79.12,241.62,0.6646,-1,-1,-1
349,10,923.91,14.21,64.57,164.22,0.2747,-1,-1,-1
349,16,841.83,455.95,69.37,205.49,0.2433,-1,-1,-1
349,18,427.68,345.06,76.90,200.81,0.4492,-1,-1,-1
349,35,497.33,516.05,50.98,137.88,0.2226,-1,-1,-1
349,36,908.49,469.48,60.05,197.15,0.4722,-1,-1,-1
349,37,217.86,334.00,66.43,188.24,0.4351,-1,-1,-1
349,41,794.16,155.30,59.92,164.02,0.2435,-1,-1,-1
349,47,419.02,969.35,98.09,110.05,0.7049,-1,-1,-1
349,48,973.86,51.69,55.88,173.60,0.4554,-1,-1,-1
349,51,450.98,892.27,113.94,164.64,0.6408,-1,-1,-1
349,52,1033.28,65.54,51.05,160.70,0.2472,-1,-1,-1
349,64,996.52,411.32,62.79,193.16,0.6044,-1,-1,-1
349,67,392.82,489.34,81.19,233.41,0.7185,-1,-1,-1
350,0,438.27,92.79,77.07,191.43,0.2075,-1,-1,-1
350,2,953.28,928.70,72.13,146.82,0.7283,-1,-1,-1
350,3,1722.38,457.71,72.75,207.44,0.6070,-1,-1,-1
350,4,1555.25,623.28,84.98,240.30,0.5350,-1,-1,-1
350,5,478.10,578.61,78.58,240.89,0.5704,-1,-1,-1
350,10,922.67,13.69,65.32,166.13,0.2583,-1,-1,-1
350,16,843.01,456.53,68.97,205.67,0.2407,-1,-1,-1
350,18,427.71,342.47,76.98,204.03,0.4445,-1,-1,-1
350,36,909.19,468.58,61.96,201.71,0.4104,-1,-1,-1
350,37,216.41,333.16,66.24,187.08,0.3941,-1,-1,-1
350,41,795.22,157.20,59.24,162.23,0.2043,-1,-1,-1
350,47,421.06,972.33,97.99,107.55,0.6934,-1,-1,-1
350,48,973.18,49.98,56.39,176.34,0.3872,-1,-1,-1
350,51,455.37,894.56,106.15,159.26,0.6168,-1,-1,-1
350,52,1033.05,65.52,50.96,158.55,0.2410,-1,-1,-1
350,64,1000.48,410.64,63.27,194.33,0.6154,-1,-1,-1
350,67,391.17,491.36,80.61,232.56,0.6654,-1,-1,-1
351,0,438.42,92.51,76.78,190.47,0.2905,-1,-1,-1
351,2,953.21,929.85,74.39,146.84,0.7362,-1,-1,-1
351,3,1722.23,457.99,73.08,208.74,0.5800,-1,-1,-1
351,4,1555.15,623.87,86.11,237.04,0.5587,-1,-1,-1
351,5,478.76,527.15,93.11,290.37,0.6589,-1,-1,-1
351,10,922.45,13.81,65.64,166.57,0.2500,-1,-1,-1
351,16,843.20,457.06,67.61,203.11,0.2452,-1,-1,-1
351,18,428.06,339.21,76.55,205.15,0.4666,-1,-1,-1
351,36,909.87,469.44,63.13,204.01,0.3725,-1,-1,-1
351,37,214.35,330.21,66.42,187.14,0.3092,-1,-1,-1
351,41,794.58,155.60,59.57,164.22,0.2687,-1,-1,-1
351,47,422.96,976.06,96.94,103.63,0.6975,-1,-1,-1
351,48,972.62,49.42,56.31,177.43,0.4682,-1,-1,-1
351,51,459.60,898.17,99.85,154.82,0.5868,-1,-1,-1
351,52,1032.21,65.24,51.64,158.69,0.2844,-1,-1,-1
351,64,1002.00,408.68,63.58,195.25,0.5936,-1,-1,-1
351,67,390.98,493.99,79.80,233.49,0.6816,-1,-1,-1
352,0,437.92,91.59,76.90,190.91,0.2741,-1,-1,-1
352,2,952.48,929.89,76.36,147.55,0.7255,-1,-1,-1
352,3,1722.71,457.07,73.26,209.51,0.5956,-1,-1,-1
352,4,1553.70,625.85,88.25,238.82,0.5540,-1,-1,-1
352,5,488.31,559.26,88.64,257.07,0.6566,-1,-1,-1
352,10,922.48,11.87,66.18,168.47,0.2679,-1,-1,-1
352,16,844.30,457.94,70.55,212.51,0.2766,-1,-1,-1
352,18,426.48,337.50,77.49,210.87,0.3821,-1,-1,-1
352,36,910.78,472.26,63.25,203.08,0.4370,-1,-1,-1
352,37,212.04,327.92,67.06,188.61,0.3164,-1,-1,-1
352,41,796.12,158.29,58.55,161.70,0.2546,-1,-1,-1
352,47,426.82,980.10,97.31,99.78,0.6904,-1,-1,-1
352,48,971.33,47.84,56.45,178.73,0.4320,-1,-1,-1
352,51,463.10,900.11,94.70,150.83,0.5720,-1,-1,-1
352,52,1031.66,64.93,52.16,158.24,0.2966,-1,-1,-1
352,64,1006.84,410.02,62.90,194.07,0.5951,-1,-1,-1
352,67,390.47,495.40,79.06,234.61,0.7085,-1,-1,-1
353,0,437.67,90.22,76.63,192.15,0.2799,-1,-1,-1
353,2,952.48,930.26,78.16,147.64,0.7475,-1,-1,-1
353,3,1721.99,458.13,73.35,209.80,0.6057,-1,-1,-1
353,4,1561.26,624.79,87.61,240.33,0.5149,-1,-1,-1
353,5,490.14,574.50,93.56,241.21,0.7219,-1,-1,-1
353,10,922.12,10.09,65.87,167.96,0.2697,-1,-1,-1
353,16,844.79,459.03,72.19,218.88,0.3694,-1,-1,-1
353,18,429.96,334.58,74.36,202.02,0.4524,-1,-1,-1
353,36,910.98,473.86,63.40,202.10,0.4823,-1,-1,-1
353,37,211.84,325.40,66.85,188.26,0.3040,-1,-1,-1
353,41,797.70,159.46,57.90,160.72,0.2664,-1,-1,-1
353,47,427.57,983.80,97.74,96.21,0.6864,-1,-1,-1
353,48,969.51,47.25,56.88,179.50,0.3711,-1,-1,-1
353,51,463.60,902.36,93.71,151.18,0.4819,-1,-1,-1
353,52,1031.37,65.00,52.70,158.13,0.2573,-1,-1,-1
353,64,1009.42,410.99,63.50,194.31,0.6474,-1,-1,-1
353,67,389.97,497.03,78.41,235.73,0.7021,-1,-1,-1
354,0,438.30,89.36,76.26,192.93,0.2752,-1,-1,-1
354,2,952.43,930.75,79.02,147.16,0.7472,-1,-1,-1
354,3,1721.99,458.14,73.21,209.94,0.5894,-1,-1,-1
354,4,1564.01,626.04,88.40,245.61,0.5241,-1,-1,-1
354,5,487.91,577.35,100.10,238.30,0.7361,-1,-1,-1
354,10,921.77,8.47,65.29,167.03,0.2631,-1,-1,-1
354,16,843.75,460.80,72.44,221.68,0.3659,-1,-1,-1
354,18,429.36,334.60,74.86,202.30,0.4273,-1,-1,-1
354,36,911.12,477.25,63.98,200.84,0.4620,-1,-1,-1
354,37,212.67,324.15,65.93,186.67,0.3003,-1,-1,-1
354,41,797.36,158.71,57.78,161.28,0.2893,-1,-1,-1
354,47,430.79,989.97,94.63,90.05,0.6513,-1,-1,-1
354,48,967.59,47.04,57.27,178.99,0.3174,-1,-1,-1
354,51,466.57,907.82,90.38,148.89,0.5197,-1,-1,-1
354,52,1030.61,64.96,53.90,160.69,0.2763,-1,-1,-1
354,64,1012.94,413.73,64.03,193.87,0.5958,-1,-1,-1
354,67,389.42,498.60,78.53,235.44,0.6843,-1,-1,-1
355,0,439.69,88.34,75.74,193.58,0.2304,-1,-1,-1
355,2,952.09,929.57,80.62,148.11,0.7464,-1,-1,-1
355,3,1722.46,458.24,72.37,208.63,0.6057,-1,-1,-1
355,4,1566.86,628.32,87.63,245.95,0.5546,-1,-1,-1
355,5,485.54,579.90,105.17,236.61,0.7571,-1,-1,-1
355,10,922.32,7.07,64.49,165.75,0.2461,-1,-1,-1
355,16,843.67,463.28,72.06,222.13,0.3724,-1,-1,-1
355,18,427.26,333.48,77.39,208.29,0.4527,-1,-1,-1
355,36,910.82,480.59,63.81,198.51,0.4022,-1,-1,-1
355,37,211.33,322.93,65.49,186.01,0.2826,-1,-1,-1
355,41,797.38,158.20,57.62,161.38,0.2685,-1,-1,-1
355,47,435.88,994.65,90.67,84.28,0.6170,-1,-1,-1
355,48,969.18,58.48,54.59,167.20,0.2860,-1,-1,-1
355,51,466.63,910.48,94.02,160.40,0.5779,-1,-1,-1
355,52,1030.40,64.33,54.35,160.87,0.2625,-1,-1,-1
355,64,1015.84,417.03,63.85,191.28,0.5705,-1,-1,-1
355,67,388.68,501.07,79.39,236.54,0.6944,-1,-1,-1
355,68,1748.95,68.83,59.43,170.75,0.2117,-1,-1,-1
356,0,440.45,87.57,75.04,193.86,0.2996,-1,-1,-1
356,2,952.08,928.77,80.65,147.75,0.7432,-1,-1,-1
356,3,1722.31,458.29,72.19,208.61,0.6058,-1,-1,-1
356,4,1568.15,627.62,87.33,246.53,0.5845,-1,-1,-1
356,5,484.46,575.82,109.62,240.32,0.7304,-1,-1,-1
356,10,923.01,5.25,64.18,166.39,0.2833,-1,-1,-1
356,16,845.09,464.61,70.87,219.82,0.4241,-1,-1,-1
356,18,426.44,332.47,78.67,210.39,0.4717,-1,-1,-1
356,36,910.43,482.16,65.18,202.80,0.4206,-1,-1,-1
356,37,214.05,321.64,63.75,183.21,0.2857,-1,-1,-1
356,41,796.97,157.21,57.87,162.33,0.2826,-1,-1,-1
356,47,439.00,998.38,88.57,80.64,0.6165,-1,-1,-1
356,48,965.52,53.16,56.86,171.54,0.3363,-1,-1,-1
356,51,469.85,915.42,91.06,157.95,0.5490,-1,-1,-1
356,52,1029.60,63.45,54.77,161.07,0.2997,-1,-1,-1
356,64,1017.86,418.79,64.44,190.55,0.5037,-1,-1,-1
356,67,386.57,503.64,79.44,236.35,0.6989,-1,-1,-1
356,68,1749.39,69.14,59.31,170.77,0.2365,-1,-1,-1
357,0,441.35,87.35,73.97,192.76,0.2209,-1,-1,-1
357,2,952.59,927.66,81.28,149.19,0.7290,-1,-1,-1
357,3,1722.58,458.31,71.82,207.81,0.5888,-1,-1,-1
357,4,1570.25,630.44,86.19,243.96,0.5878,-1,-1,-1
357,5,485.56,573.60,112.55,242.69,0.7084,-1,-1,-1
357,10,923.15,3.21,64.69,169.38,0.2871,-1,-1,-1
357,16,846.67,467.21,69.31,214.52,0.4765,-1,-1,-1
357,18,425.35,330.65,80.35,213.49,0.4445,-1,-1,-1
357,36,911.24,485.14,64.02,198.82,0.4847,-1,-1,-1
357,37,214.64,320.42,62.37,181.08,0.2917,-1,-1,-1
357,41,797.10,155.55,57.97,163.63,0.3051,-1,-1,-1
357,47,443.86,1003.48,84.70,75.52,0.5528,-1,-1,-1
357,48,965.46,53.90,56.66,169.33,0.2981,-1,-1,-1
357,51,474.93,919.77,89.01,156.95,0.5160,-1,-1,-1
357,52,1028.59,62.87,55.21,161.44,0.2649,-1,-1,-1
357,64,1022.07,420.86,66.94,193.57,0.4390,-1,-1,-1
357,67,384.89,505.16,79.61,236.89,0.6875,-1,-1,-1
357,68,1749.76,70.19,59.82,172.59,0.2942,-1,-1,-1
358,0,441.36,85.69,74.04,194.71,0.2279,-1,-1,-1
358,2,953.13,927.27,81.73,152.52,0.7234,-1,-1,-1
358,3,1722.96,458.02,71.83,208.16,0.5798,-1,-1,-1
358,4,1570.67,632.73,85.47,242.30,0.5366,-1,-1,-1
358,5,487.88,578.82,112.22,237.00,0.7534,-1,-1,-1
358,10,923.07,2.00,65.11,171.48,0.2382,-1,-1,-1
358,16,847.52,468.29,69.47,215.12,0.4890,-1,-1,-1
358,18,425.04,331.09,80.00,210.52,0.4526,-1,-1,-1
358,36,912.46,486.84,64.14,199.20,0.4784,-1,-1,-1
358,37,214.26,318.58,62.30,182.65,0.3549,-1,-1,-1
358,41,797.47,155.10,57.94,164.49,0.2818,-1,-1,-1
358,47,444.28,1006.83,82.61,72.37,0.5573,-1,-1,-1
358,48,965.18,55.52,56.36,167.47,0.3174,-1,-1,-1
358,51,482.13,921.48,87.29,154.77,0.5998,-1,-1,-1
358,52,1027.86,61.99,55.47,161.12,0.2777,-1,-1,-1
358,64,1022.12,423.03,69.12,193.89,0.5047,-1,-1,-1
358,67,383.26,506.24,80.74,241.35,0.6983,-1,-1,-1
358,68,1750.46,71.92,59.80,173.36,0.3486,-1,-1,-1
359,0,441.46,85.45,73.36,194.78,0.2745,-1,-1,-1
359,2,954.21,927.18,80.17,149.83,0.7142,-1,-1,-1
359,3,1722.46,457.11,72.27,209.28,0.5837,-1,-1,-1
359,4,1570.49,635.19,85.70,242.33,0.5839,-1,-1,-1
359,5,488.07,579.54,112.04,235.91,0.7390,-1,-1,-1
359,16,847.78,474.50,70.71,216.98,0.5529,-1,-1,-1
359,18,424.86,330.25,80.39,210.50,0.4778,-1,-1,-1
359,36,913.95,488.10,63.96,198.48,0.4437,-1,-1,-1
359,37,210.82,317.40,63.39,184.98,0.3743,-1,-1,-1
359,41,797.01,154.28,58.13,165.44,0.2875,-1,-1,-1
359,47,448.74,1011.15,80.94,68.63,0.5407,-1,-1,-1
359,48,963.66,56.25,56.56,168.87,0.3723,-1,-1,-1
359,51,483.45,922.72,86.67,153.44,0.5679,-1,-1,-1
359,52,1026.87,61.84,56.47,163.49,0.3324,-1,-1,-1
359,64,1023.82,425.93,70.35,192.58,0.5000,-1,-1,-1
359,67,382.06,507.13,80.89,242.62,0.6909,-1,-1,-1
359,68,1751.17,74.40,58.99,171.98,0.3417,-1,-1,-1
359,69,478.52,524.08,60.44,216.94,0.5348,-1,-1,-1
360,0,441.43,85.54,72.49,193.68,0.2531,-1,-1,-1
360,2,954.71,926.64,79.98,150.74,0.7148,-1,-1,-1
360,3,1722.65,457.65,71.88,207.98,0.6175,-1,-1,-1
360,4,1569.09,635.41,85.58,244.42,0.5803,-1,-1,-1
360,5,490.57,581.08,111.12,234.94,0.6955,-1,-1,-1
360,16,848.84,476.10,72.20,219.55,0.5622,-1,-1,-1
360,18,426.08,329.27,79.64,208.94,0.5079,-1,-1,-1
360,36,915.42,487.93,64.01,198.97,0.4698,-1,-1,-1
360,37,209.78,317.44,63.59,185.22,0.3816,-1,-1,-1
360,41,797.06,154.08,57.99,165.69,0.2962,-1,-1,-1
360,47,449.73,1012.24,81.50,67.69,0.5192,-1,-1,-1
360,48,962.53,55.11,56.90,170.07,0.3686,-1,-1,-1
360,51,488.23,924.00,86.45,153.70,0.6046,-1,-1,-1
360,52,1026.21,62.00,56.12,161.94,0.3437,-1,-1,-1
360,64,1026.05,425.72,73.24,197.85,0.5173,-1,-1,-1
360,67,380.38,508.05,81.24,242.46,0.7215,-1,-1,-1
360,68,1751.69,75.63,58.64,171.88,0.3372,-1,-1,-1
360,69,477.05,528.31,61.10,219.16,0.6201,-1,-1,-1
361,0,440.81,85.47,71.98,193.19,0.2228,-1,-1,-1
361,2,955.70,926.25,79.59,151.38,0.7188,-1,-1,-1
361,3,1722.91,457.78,72.13,208.77,0.6122,-1,-1,-1
361,4,1567.98,635.89,84.88,243.40,0.6137,-1,-1,-1
361,5,495.17,577.46,110.07,238.32,0.6562,-1,-1,-1
361,16,850.10,477.54,72.14,219.42,0.6195,-1,-1,-1
361,18,427.19,328.49,78.83,207.79,0.5139,-1,-1,-1
361,36,916.39,487.51,65.00,201.07,0.4864,-1,-1,-1
361,37,210.64,316.14,62.65,184.58,0.2894,-1,-1,-1
361,41,796.57,153.47,58.25,167.07,0.3202,-1,-1,-1
361,47,452.66,1014.92,79.77,64.40,0.4415,-1,-1,-1
361,48,959.14,52.58,57.97,171.93,0.4080,-1,-1,-1
361,51,492.59,924.19,86.95,155.84,0.6524,-1,-1,-1
361,52,1025.25,60.71,55.95,161.63,0.3843,-1,-1,-1
361,64,1029.04,428.42,73.17,196.36,0.4507,-1,-1,-1
361,67,379.17,508.80,80.62,242.37,0.7080,-1,-1,-1
361,68,1752.35,77.08,58.73,172.94,0.3686,-1,-1,-1
361,69,475.69,529.13,64.64,229.53,0.6367,-1,-1,-1
362,0,440.42,84.59,71.95,193.77,0.2204,-1,-1,-1
362,2,957.17,926.17,78.44,151.53,0.6825,-1,-1,-1
362,3,1722.97,457.94,72.32,208.75,0.5889,-1,-1,-1
362,4,1569.94,634.84,84.92,245.21,0.5535,-1,-1,-1
362,5,504.72,577.31,105.37,235.47,0.6012,-1,-1,-1
362,16,850.22,477.90,71.78,218.66,0.5482,-1,-1,-1
362,18,430.41,325.44,77.23,205.36,0.4851,-1,-1,-1
362,36,916.17,489.55,64.95,199.90,0.3961,-1,-1,-1
362,37,208.92,315.78,62.87,185.43,0.2246,-1,-1,-1
362,41,797.13,153.78,58.09,166.58,0.3047,-1,-1,-1
362,47,452.31,1017.62,76.75,61.05,0.4468,-1,-1,-1
362,48,956.79,49.96,59.24,174.29,0.4191,-1,-1,-1
362,51,497.15,926.72,87.94,153.48,0.6729,-1,-1,-1
362,52,1024.74,59.84,56.13,162.80,0.3819,-1,-1,-1
362,64,1031.15,429.52,73.25,195.31,0.4730,-1,-1,-1
362,67,377.28,509.87,79.59,240.40,0.6908,-1,-1,-1
362,68,1753.12,81.54,57.55,169.95,0.3803,-1,-1,-1
362,69,472.71,526.13,66.58,235.82,0.6950,-1,-1,-1
363,0,440.62,83.70,71.55,193.49,0.2633,-1,-1,-1
363,2,958.64,926.03,77.33,151.51,0.6450,-1,-1,-1
363,3,1723.01,458.19,72.29,208.38,0.5977,-1,-1,-1
363,4,1571.68,634.83,84.26,244.39,0.5802,-1,-1,-1
363,5,511.90,576.68,101.75,233.51,0.6178,-1,-1,-1
363,16,851.67,478.92,70.55,216.83,0.5921,-1,-1,-1
363,18,432.53,324.02,76.65,207.44,0.4889,-1,-1,-1
363,36,916.31,491.76,64.72,198.26,0.4514,-1,-1,-1
363,37,207.50,315.83,62.17,182.68,0.2519,-1,-1,-1
363,41,794.76,153.89,57.67,166.54,0.3131,-1,-1,-1
363,47,454.69,1018.16,79.48,61.19,0.5111,-1,-1,-1
363,48,956.30,48.32,59.10,173.51,0.3449,-1,-1,-1
363,51,500.43,928.64,89.98,151.59,0.6548,-1,-1,-1
363,52,1024.57,59.45,55.97,161.69,0.4396,-1,-1,-1
363,64,1034.33,429.72,72.95,195.65,0.5349,-1,-1,-1
363,67,375.99,509.82,79.40,240.03,0.7083,-1,-1,-1
363,68,1752.84,81.80,57.56,170.56,0.3731,-1,-1,-1
363,69,473.32,535.48,65.15,226.62,0.7131,-1,-1,-1
364,0,440.78,82.67,71.13,193.45,0.2585,-1,-1,-1
364,2,960.44,925.24,76.65,152.83,0.6626,-1,-1,-1
364,3,1722.23,458.00,72.56,208.28,0.5894,-1,-1,-1
364,4,1571.81,633.74,83.96,246.29,0.5528,-1,-1,-1
364,5,519.85,576.04,98.58,236.14,0.6583,-1,-1,-1
364,16,852.57,478.22,70.94,217.55,0.5556,-1,-1,-1
364,18,433.48,322.69,75.24,206.73,0.4866,-1,-1,-1
364,36,917.01,492.43,64.56,197.76,0.4146,-1,-1,-1
364,37,206.33,316.20,62.07,181.74,0.2370,-1,-1,-1
364,41,794.00,154.00,57.14,166.21,0.3252,-1,-1,-1
364,47,455.86,1018.31,81.45,61.62,0.4987,-1,-1,-1
364,48,956.67,47.38,58.82,172.94,0.3105,-1,-1,-1
364,51,504.68,932.12,91.47,148.07,0.6698,-1,-1,-1
364,52,1023.59,58.40,56.57,162.63,0.3819,-1,-1,-1
364,64,1039.22,430.03,71.72,194.18,0.6047,-1,-1,-1
364,67,374.04,511.36,79.20,239.49,0.6917,-1,-1,-1
364,68,1753.25,82.74,57.16,169.82,0.3100,-1,-1,-1
364,69,471.68,539.61,64.96,223.67,0.7209,-1,-1,-1
365,0,441.09,81.01,70.76,193.86,0.2979,-1,-1,-1
365,2,961.16,923.46,76.14,155.00,0.6770,-1,-1,-1
365,3,1722.47,456.90,72.85,209.52,0.5713,-1,-1,-1
365,4,1573.32,635.32,82.02,243.09,0.6048,-1,-1,-1
365,5,530.37,573.51,94.34,237.87,0.6433,-1,-1,-1
365,16,851.97,479.15,70.83,215.95,0.5337,-1,-1,-1
365,18,434.29,317.75,74.31,209.06,0.5329,-1,-1,-1
365,36,916.88,490.50,65.35,199.89,0.4050,-1,-1,-1
365,37,205.71,314.69,63.01,184.48,0.2664,-1,-1,-1
365,41,794.06,154.23,56.82,165.93,0.3125,-1,-1,-1
365,47,455.98,1016.76,83.82,63.25,0.4654,-1,-1,-1
365,48,958.06,50.41,57.27,167.31,0.2090,-1,-1,-1
365,51,508.25,934.07,93.87,146.08,0.6750,-1,-1,-1
365,52,1022.67,58.19,56.73,161.94,0.3884,-1,-1,-1
365,64,1043.10,430.79,70.86,193.70,0.6229,-1,-1,-1
365,67,370.87,512.54,79.04,237.82,0.6926,-1,-1,-1
365,68,1753.39,83.50,56.74,169.65,0.2907,-1,-1,-1
365,69,470.36,537.88,66.09,227.38,0.7146,-1,-1,-1
366,0,441.96,80.52,69.75,192.87,0.3175,-1,-1,-1
366,2,963.34,922.79,74.97,155.96,0.7050,-1,-1,-1
366,3,1722.09,457.31,72.68,209.19,0.5805,-1,-1,-1
366,4,1574.39,633.37,83.11,246.59,0.5604,-1,-1,-1
366,5,537.71,572.59,88.22,239.74,0.7075,-1,-1,-1
366,16,851.40,479.83,71.03,215.35,0.5810,-1,-1,-1
366,18,436.48,316.17,73.16,209.08,0.5350,-1,-1,-1
366,36,916.55,490.05,66.02,201.12,0.4541,-1,-1,-1
366,41,793.72,153.75,56.83,167.06,0.3456,-1,-1,-1
366,47,455.31,1017.31,82.37,62.68,0.3916,-1,-1,-1
366,48,958.40,50.09,57.14,166.04,0.3246,-1,-1,-1
366,51,512.49,936.76,95.44,143.36,0.6744,-1,-1,-1
366,52,1021.58,59.27,55.21,157.17,0.4131,-1,-1,-1
366,64,1046.04,430.26,70.71,195.53,0.6339,-1,-1,-1
366,67,367.13,512.21,79.73,237.22,0.7386,-1,-1,-1
366,68,1754.45,84.47,56.38,168.81,0.2735,-1,-1,-1
366,69,468.78,539.20,66.53,231.72,0.7373,-1,-1,-1
367,0,442.48,79.51,69.01,192.43,0.2822,-1,-1,-1
367,2,964.70,921.36,73.94,156.57,0.7096,-1,-1,-1
367,3,1721.67,457.64,72.59,209.52,0.5755,-1,-1,-1
367,4,1577.72,640.81,82.79,240.33,0.5770,-1,-1,-1
367,5,541.24,572.02,85.02,242.92,0.6913,-1,-1,-1
367,16,851.77,479.87,72.08,217.72,0.5989,-1,-1,-1
367,18,437.62,314.00,72.31,209.09,0.5601,-1,-1,-1
367,36,915.85,490.93,66.47,202.42,0.4410,-1,-1,-1
367,41,793.82,153.64,56.55,167.44,0.3321,-1,-1,-1
367,47,459.89,1021.05,76.72,58.95,0.3442,-1,-1,-1
367,48,957.60,47.80,57.81,167.42,0.3204,-1,-1,-1
367,51,511.99,941.06,96.83,139.04,0.6848,-1,-1,-1
367,52,1021.17,58.69,54.71,155.34,0.4284,-1,-1,-1
367,64,1049.57,430.69,69.68,194.44,0.6265,-1,-1,-1
367,67,364.01,514.56,81.16,235.26,0.7544,-1,-1,-1
367,68,1757.80,86.55,55.09,165.56,0.2126,-1,-1,-1
367,69,467.24,540.13,66.43,233.31,0.7385,-1,-1,-1
368,0,443.05,79.09,68.24,191.29,0.2203,-1,-1,-1
368,2,966.53,921.23,73.35,157.21,0.6915,-1,-1,-1
368,3,1722.62,457.97,72.36,207.67,0.5794,-1,-1,-1
368,4,1578.87,644.67,82.67,234.97,0.5187,-1,-1,-1
368,5,545.23,571.80,82.42,241.27,0.6900,-1,-1,-1
368,16,851.23,480.87,71.43,217.54,0.6341,-1,-1,-1
368,18,438.56,312.68,71.46,208.12,0.5695,-1,-1,-1
368,36,915.63,492.00,66.77,202.35,0.4875,-1,-1,-1
368,41,794.67,151.98,57.20,168.81,0.3290,-1,-1,-1
368,47,462.04,1023.69,71.45,56.29,0.2916,-1,-1,-1
368,48,956.27,47.65,58.18,168.01,0.2674,-1,-1,-1
368,51,514.62,943.30,99.07,136.78,0.6921,-1,-1,-1
368,52,1020.84,57.93,54.46,154.17,0.4449,-1,-1,-1
368,64,1053.35,432.02,69.85,197.59,0.6633,-1,-1,-1
368,67,361.21,515.16,83.34,234.93,0.7695,-1,-1,-1
368,68,1757.18,85.78,55.10,165.39,0.2614,-1,-1,-1
368,69,465.74,540.69,66.61,233.22,0.7517,-1,-1,-1
369,2,968.01,920.97,73.04,158.00,0.7150,-1,-1,-1
369,3,1723.32,458.20,72.62,206.46,0.5701,-1,-1,-1
369,4,1577.96,645.35,84.03,236.32,0.5141,-1,-1,-1
369,5,546.89,572.51,81.79,240.99,0.6850,-1,-1,-1
369,16,850.09,482.25,71.01,219.48,0.5734,-1,-1,-1
369,18,439.20,310.48,71.17,209.93,0.5335,-1,-1,-1
369,36,914.29,493.63,67.59,204.09,0.3973,-1,-1,-1
369,41,794.96,151.89,57.38,169.23,0.3325,-1,-1,-1
369,47,466.71,1028.57,63.18,51.41,0.2596,-1,-1,-1
369,48,957.34,47.60,57.76,167.96,0.3068,-1,-1,-1
369,51,518.17,946.21,101.06,133.85,0.6971,-1,-1,-1
369,52,1019.52,57.09,54.87,155.63,0.4412,-1,-1,-1
369,64,1057.22,432.86,68.81,194.50,0.6209,-1,-1,-1
369,67,357.75,516.04,86.65,239.48,0.7539,-1,-1,-1
369,68,1759.60,89.44,54.03,162.04,0.2710,-1,-1,-1
369,69,464.70,540.96,66.41,232.57,0.7328,-1,-1,-1
370,2,968.70,919.55,73.42,158.70,0.7278,-1,-1,-1
370,3,1722.64,457.61,73.27,208.13,0.5860,-1,-1,-1
370,4,1577.83,644.73,84.78,235.57,0.4653,-1,-1,-1
370,5,548.14,572.64,82.29,240.81,0.6620,-1,-1,-1
370,16,850.79,482.42,69.71,217.17,0.4652,-1,-1,-1
370,18,440.09,309.20,71.33,212.93,0.5436,-1,-1,-1
370,36,915.59,497.67,67.30,203.17,0.3749,-1,-1,-1
370,37,204.32,309.56,61.13,178.39,0.2965,-1,-1,-1
370,41,795.25,152.49,57.45,168.00,0.3142,-1,-1,-1
370,47,478.33,1036.28,53.98,43.62,0.2515,-1,-1,-1
370,48,956.41,46.77,58.00,169.41,0.2801,-1,-1,-1
370,51,521.80,951.50,101.96,128.56,0.6847,-1,-1,-1
370,52,1017.29,55.63,56.31,158.82,0.4010,-1,-1,-1
370,64,1059.04,434.85,69.68,198.71,0.6176,-1,-1,-1
370,67,353.82,518.94,88.70,242.80,0.7171,-1,-1,-1
370,68,1761.60,92.55,53.30,159.97,0.2437,-1,-1,-1
370,69,463.25,541.31,66.67,232.23,0.7271,-1,-1,-1
371,2,969.96,917.50,74.24,160.78,0.7223,-1,-1,-1
371,3,1722.86,457.70,73.36,207.57,0.5573,-1,-1,-1
371,4,1578.54,638.93,87.37,240.32,0.3970,-1,-1,-1
371,5,552.48,572.26,85.48,241.56,0.6371,-1,-1,-1
371,16,849.87,482.67,71.47,224.45,0.4585,-1,-1,-1
371,18,441.17,310.03,70.30,210.01,0.5039,-1,-1,-1
371,36,915.55,502.98,67.76,203.47,0.4722,-1,-1,-1
371,41,795.50,153.01,57.89,167.99,0.3024,-1,-1,-1
371,47,482.26,1040.57,48.51,39.08,0.2279,-1,-1,-1
371,51,522.95,954.88,104.32,125.16,0.6957,-1,-1,-1
371,52,1016.27,54.09,57.36,160.86,0.3365,-1,-1,-1
371,64,1062.40,435.98,69.85,199.34,0.6657,-1,-1,-1
371,67,350.33,522.35,89.67,242.28,0.6988,-1,-1,-1
371,68,1762.59,93.45,53.40,159.11,0.3381,-1,-1,-1
371,69,461.71,541.73,66.90,232.10,0.7148,-1,-1,-1
372,2,971.49,917.10,75.37,161.28,0.7405,-1,-1,-1
372,3,1722.78,458.73,73.75,206.78,0.5365,-1,-1,-1
372,4,1577.43,645.49,86.32,233.84,0.4455,-1,-1,-1
372,5,557.14,571.15,91.59,242.98,0.6555,-1,-1,-1
372,16,849.88,484.09,71.15,224.37,0.4061,-1,-1,-1
372,18,442.29,310.59,69.93,209.40,0.5496,-1,-1,-1
372,36,914.34,505.41,68.46,203.57,0.4702,-1,-1,-1
372,41,794.95,152.45,58.31,168.04,0.2947,-1,-1,-1
372,48,953.22,42.90,59.00,171.38,0.2138,-1,-1,-1
372,51,524.65,959.09,104.75,120.96,0.6824,-1,-1,-1
372,52,1015.39,53.37,58.36,163.57,0.3705,-1,-1,-1
372,64,1064.11,439.00,71.00,203.36,0.6598,-1,-1,-1
372,67,349.30,524.93,90.97,242.93,0.7195,-1,-1,-1
372,68,1764.21,96.16,53.41,156.98,0.3662,-1,-1,-1
372,69,460.52,542.18,66.92,230.19,0.7108,-1,-1,-1
373,2,972.70,915.64,76.52,162.30,0.7324,-1,-1,-1
373,3,1722.37,458.04,74.94,207.94,0.5363,-1,-1,-1
373,4,1576.82,645.57,86.58,232.02,0.4215,-1,-1,-1
373,5,557.23,571.03,96.56,243.05,0.6639,-1,-1,-1
373,16,849.52,485.70,70.24,222.75,0.3831,-1,-1,-1
373,18,442.68,309.59,69.86,209.98,0.5553,-1,-1,-1
373,36,914.65,505.74,69.26,205.26,0.4771,-1,-1,-1
373,41,793.34,154.31,57.43,165.89,0.2881,-1,-1,-1
373,48,952.58,44.06,58.84,169.57,0.2258,-1,-1,-1
373,51,524.99,962.54,105.59,117.50,0.6650,-1,-1,-1
373,52,1015.24,52.85,57.81,162.05,0.3822,-1,-1,-1
373,64,1067.05,441.23,70.93,203.16,0.6469,-1,-1,-1
373,67,347.96,526.96,90.52,239.64,0.6988,-1,-1,-1
373,68,1765.74,97.23,53.68,157.83,0.2826,-1,-1,-1
373,69,459.29,543.43,66.75,229.19,0.7047,-1,-1,-1
374,2,973.05,915.48,77.26,162.81,0.7307,-1,-1,-1
374,3,1721.31,456.93,75.73,208.00,0.5488,-1,-1,-1
374,4,1575.88,645.87,87.94,232.78,0.4282,-1,-1,-1
374,5,559.25,569.56,99.69,244.15,0.6560,-1,-1,-1
374,16,850.75,488.16,68.69,218.63,0.4420,-1,-1,-1
374,18,443.67,308.87,69.37,208.76,0.5965,-1,-1,-1
374,36,914.02,506.44,69.53,205.71,0.5504,-1,-1,-1
374,41,794.06,153.03,58.24,166.38,0.3119,-1,-1,-1
374,48,952.84,42.80,59.41,171.34,0.2222,-1,-1,-1
374,51,526.05,964.51,106.30,115.53,0.6549,-1,-1,-1
374,52,1014.39,52.38,57.58,161.76,0.3986,-1,-1,-1
374,64,1071.70,443.06,69.59,201.77,0.6222,-1,-1,-1
374,67,345.86,527.66,90.24,238.04,0.7001,-1,-1,-1
374,68,1765.98,95.79,54.75,160.89,0.2398,-1,-1,-1
374,69,457.80,545.40,66.30,225.62,0.7049,-1,-1,-1
374,71,1802.94,456.23,65.55,206.46,0.2406,-1,-1,-1
375,2,973.27,914.25,78.40,164.71,0.7215,-1,-1,-1
375,3,1719.78,457.01,76.51,208.58,0.5773,-1,-1,-1
375,4,1574.83,641.68,90.03,236.55,0.2737,-1,-1,-1
375,5,563.62,567.94,101.95,245.42,0.6324,-1,-1,-1
375,16,852.15,490.47,67.55,216.54,0.4046,-1,-1,-1
375,18,445.35,307.35,69.42,209.23,0.6044,-1,-1,-1
375,36,913.99,507.08,69.44,205.73,0.5549,-1,-1,-1
375,41,792.39,151.50,59.27,167.87,0.3376,-1,-1,-1
375,48,952.39,41.38,59.10,169.34,0.2449,-1,-1,-1
375,51,527.48,966.44,106.01,113.60,0.6393,-1,-1,-1
375,52,1014.28,52.01,57.03,160.36,0.4206,-1,-1,-1
375,64,1075.94,444.11,69.56,203.06,0.5902,-1,-1,-1
375,67,344.52,528.63,90.57,237.83,0.6902,-1,-1,-1
375,68,1767.02,94.15,55.67,162.89,0.2457,-1,-1,-1
375,69,456.82,547.01,67.01,222.42,0.7348,-1,-1,-1
376,2,974.30,912.60,79.03,166.64,0.7171,-1,-1,-1
376,3,1719.57,456.78,76.37,209.70,0.6119,-1,-1,-1
376,4,1576.15,646.35,90.03,234.06,0.3188,-1,-1,-1
376,5,566.27,564.67,104.20,250.10,0.5840,-1,-1,-1
376,16,852.45,494.50,66.95,215.96,0.5090,-1,-1,-1
376,18,446.93,306.39,69.36,209.00,0.5908,-1,-1,-1
376,36,913.89,507.15,69.24,206.44,0.5748,-1,-1,-1
376,41,791.25,153.39,59.03,167.50,0.3243,-1,-1,-1
376,48,950.75,40.27,59.71,169.46,0.2320,-1,-1,-1
376,51,530.36,969.12,104.05,110.90,0.6359,-1,-1,-1
376,52,1013.50,52.63,57.56,162.45,0.3713,-1,-1,-1
376,64,1079.21,444.83,68.87,201.20,0.5825,-1,-1,-1
376,67,342.13,531.77,90.32,235.90,0.6838,-1,-1,-1
376,68,1767.71,95.64,55.68,163.10,0.2868,-1,-1,-1
376,69,454.85,549.42,67.71,223.61,0.7416,-1,-1,-1
376,71,1800.19,455.01,65.50,205.38,0.2626,-1,-1,-1
377,2,973.67,911.56,80.40,167.64,0.7053,-1,-1,-1
377,3,1719.90,456.73,75.60,208.93,0.6236,-1,-1,-1
377,4,1581.43,648.27,88.59,231.19,0.2492,-1,-1,-1
377,5,569.15,564.50,104.15,249.60,0.5901,-1,-1,-1
377,16,852.37,495.65,66.37,214.28,0.5071,-1,-1,-1
377,18,447.40,303.87,69.78,210.84,0.6378,-1,-1,-1
377,36,913.72,508.25,68.55,205.08,0.5751,-1,-1,-1
377,41,791.35,153.24,59.58,167.08,0.3005,-1,-1,-1
377,48,950.77,43.13,60.31,170.67,0.2879,-1,-1,-1
377,51,530.65,969.41,103.86,110.62,0.6485,-1,-1,-1
377,52,1013.10,51.69,57.15,161.44,0.3950,-1,-1,-1
377,64,1080.75,447.17,68.71,200.75,0.5975,-1,-1,-1
377,67,339.86,534.10,89.51,231.65,0.6855,-1,-1,-1
377,68,1769.06,99.22,55.17,161.42,0.2821,-1,-1,-1
377,69,453.41,550.87,68.82,228.03,0.7338,-1,-1,-1
377,71,1800.07,454.72,65.19,202.98,0.2927,-1,-1,-1
378,2,974.44,910.10,81.71,169.86,0.7159,-1,-1,-1
378,3,1720.02,456.48,75.70,209.40,0.6188,-1,-1,-1
378,4,1592.45,657.11,82.48,219.73,0.2039,-1,-1,-1
378,5,571.03,563.24,102.97,248.81,0.5010,-1,-1,-1
378,16,850.80,492.37,68.71,223.64,0.5067,-1,-1,-1
378,18,448.46,302.78,69.98,209.89,0.6321,-1,-1,-1
378,36,914.61,509.26,67.80,204.19,0.5561,-1,-1,-1
378,41,791.00,152.95,60.15,167.23,0.2708,-1,-1,-1
378,48,952.31,42.89,59.81,170.34,0.2368,-1,-1,-1
378,51,532.77,971.28,101.92,108.75,0.6423,-1,-1,-1
378,52,1012.70,51.94,56.99,161.84,0.3790,-1,-1,-1
378,64,1084.66,449.34,67.64,197.70,0.6358,-1,-1,-1
378,67,338.31,534.74,89.24,230.68,0.6962,-1,-1,-1
378,68,1771.06,102.06,54.61,159.27,0.2569,-1,-1,-1
378,69,452.16,553.21,69.29,230.17,0.7250,-1,-1,-1
378,71,1796.90,455.35,65.01,200.15,0.2421,-1,-1,-1
379,2,975.14,909.75,82.49,169.90,0.7198,-1,-1,-1
379,3,1720.30,457.09,75.69,208.44,0.6199,-1,-1,-1
379,5,574.40,562.20,101.42,248.75,0.4036,-1,-1,-1
379,16,850.33,492.55,69.28,226.21,0.5169,-1,-1,-1
379,18,448.38,301.07,70.25,208.37,0.6428,-1,-1,-1
379,36,915.15,508.74,67.63,204.90,0.5595,-1,-1,-1
379,41,790.85,154.11,60.05,167.48,0.2881,-1,-1,-1
379,48,953.24,40.37,59.80,171.64,0.2641,-1,-1,-1
379,51,534.70,972.81,100.01,107.23,0.6109,-1,-1,-1
379,52,1011.88,51.06,57.51,164.73,0.3872,-1,-1,-1
379,64,1089.75,448.57,67.30,200.14,0.6337,-1,-1,-1
379,67,337.92,535.97,88.11,227.73,0.6948,-1,-1,-1
379,68,1771.96,100.64,55.61,161.33,0.2675,-1,-1,-1
379,69,450.95,555.18,70.22,233.37,0.7144,-1,-1,-1
379,71,1796.15,451.74,66.51,202.58,0.2123,-1,-1,-1
380,2,975.69,908.84,83.20,170.43,0.7103,-1,-1,-1
380,3,1719.94,456.47,76.02,209.56,0.6107,-1,-1,-1
380,16,850.30,492.55,67.80,218.74,0.4426,-1,-1,-1
380,18,448.67,299.06,70.07,205.50,0.5915,-1,-1,-1
380,36,915.35,507.00,67.64,205.16,0.4806,-1,-1,-1
380,41,791.42,153.13,60.71,167.66,0.2765,-1,-1,-1
380,48,954.66,35.68,60.22,176.04,0.3062,-1,-1,-1
380,51,536.81,974.18,98.25,105.85,0.6081,-1,-1,-1
380,52,1011.44,50.07,57.17,165.40,0.4299,-1,-1,-1
380,64,1091.76,449.12,66.73,199.18,0.6023,-1,-1,-1
380,67,336.95,537.02,87.95,227.03,0.7025,-1,-1,-1
380,68,1771.77,100.19,55.48,160.72,0.2678,-1,-1,-1
380,69,449.42,558.78,69.38,230.46,0.7314,-1,-1,-1
381,2,976.09,907.89,83.76,171.44,0.7045,-1,-1,-1
381,3,1719.61,456.33,75.58,209.52,0.6324,-1,-1,-1
381,5,589.55,562.45,94.73,239.47,0.3209,-1,-1,-1
381,16,848.76,492.69,68.29,219.60,0.3918,-1,-1,-1
381,18,448.61,297.63,69.98,202.95,0.6312,-1,-1,-1
381,36,916.53,506.75,67.24,204.65,0.4835,-1,-1,-1
381,41,790.24,151.99,61.74,169.18,0.3087,-1,-1,-1
381,48,955.42,33.37,59.44,176.41,0.3207,-1,-1,-1
381,51,540.16,977.39,94.97,102.63,0.6081,-1,-1,-1
381,52,1011.24,49.43,56.74,165.93,0.4501,-1,-1,-1
381,64,1093.54,449.22,66.54,198.25,0.6688,-1,-1,-1
381,67,335.03,537.53,89.17,235.29,0.7547,-1,-1,-1
381,68,1772.26,100.35,56.01,161.51,0.2688,-1,-1,-1
381,69,448.53,561.51,69.78,234.10,0.7347,-1,-1,-1
382,0,450.55,75.61,66.10,186.03,0.2500,-1,-1,-1
382,2,976.42,907.23,84.05,171.56,0.7193,-1,-1,-1
382,3,1719.14,456.89,74.94,208.01,0.6005,-1,-1,-1
382,5,595.39,563.69,92.71,240.69,0.2275,-1,-1,-1
382,16,849.88,494.08,67.86,217.67,0.2494,-1,-1,-1
382,18,448.88,294.53,70.91,203.51,0.6233,-1,-1,-1
382,36,916.83,509.48,67.07,203.45,0.4695,-1,-1,-1
382,41,790.19,151.73,62.16,169.59,0.3057,-1,-1,-1
382,48,956.82,32.81,58.18,174.72,0.3700,-1,-1,-1
382,51,543.74,980.72,91.66,99.30,0.5994,-1,-1,-1
382,52,1010.84,48.08,57.11,169.56,0.4642,-1,-1,-1
382,64,1095.15,448.62,67.11,199.99,0.6667,-1,-1,-1
382,67,334.97,539.19,87.35,236.16,0.7804,-1,-1,-1
382,68,1772.83,100.83,55.94,160.57,0.2741,-1,-1,-1
382,69,447.76,562.10,69.74,235.32,0.7429,-1,-1,-1
383,0,451.23,75.43,65.92,186.52,0.2645,-1,-1,-1
383,2,977.76,906.31,83.83,172.09,0.6950,-1,-1,-1
383,3,1719.14,456.51,75.06,209.39,0.6006,-1,-1,-1
383,5,600.97,562.46,89.13,237.39,0.2391,-1,-1,-1
383,16,850.98,497.01,66.86,213.39,0.3741,-1,-1,-1
383,18,449.18,291.79,71.81,204.24,0.5802,-1,-1,-1
383,36,916.47,510.72,67.27,202.83,0.4879,-1,-1,-1
383,41,789.78,151.43,62.64,170.24,0.3289,-1,-1,-1
383,48,958.58,31.72,56.72,172.40,0.3902,-1,-1,-1
383,51,548.67,989.21,84.84,90.80,0.5859,-1,-1,-1
383,52,1011.26,47.48,56.45,169.84,0.4480,-1,-1,-1
383,64,1098.00,449.01,66.79,198.25,0.6580,-1,-1,-1
383,67,334.50,539.94,86.09,235.45,0.7797,-1,-1,-1
383,68,1773.34,96.69,57.63,165.02,0.3186,-1,-1,-1
383,69,447.00,561.16,70.77,237.05,0.7658,-1,-1,-1
383,72,1611.55,649.45,53.85,229.12,0.2934,-1,-1,-1
384,0,452.64,75.17,65.81,186.00,0.3057,-1,-1,-1
384,2,978.77,906.33,83.66,172.35,0.6984,-1,-1,-1
384,3,1718.93,456.84,74.00,208.31,0.5856,-1,-1,-1
384,5,602.93,559.18,85.11,233.44,0.2856,-1,-1,-1
384,16,851.84,497.34,66.80,211.24,0.4244,-1,-1,-1
384,18,448.86,289.92,72.81,205.97,0.6012,-1,-1,-1
384,36,916.99,512.83,67.44,201.78,0.5728,-1,-1,-1
384,41,789.25,151.20,63.09,170.42,0.3413,-1,-1,-1
384,48,958.01,30.52,56.76,173.36,0.3277,-1,-1,-1
384,51,553.18,993.43,82.15,86.58,0.5777,-1,-1,-1
384,52,1011.25,46.09,55.74,169.30,0.4228,-1,-1,-1
384,64,1101.11,453.85,67.62,197.33,0.6481,-1,-1,-1
384,67,334.06,540.49,85.24,237.67,0.7748,-1,-1,-1
384,68,1773.22,98.51,57.44,163.02,0.3732,-1,-1,-1
384,69,444.83,564.34,71.12,234.67,0.7714,-1,-1,-1
384,72,1612.10,650.43,53.43,227.29,0.3164,-1,-1,-1
385,0,453.92,74.10,66.03,185.74,0.3203,-1,-1,-1
385,2,979.65,905.87,83.04,172.73,0.7089,-1,-1,-1
385,3,1718.42,456.99,73.52,208.07,0.6486,-1,-1,-1
385,16,852.58,499.42,66.59,208.10,0.4454,-1,-1,-1
385,18,446.95,289.04,74.19,207.74,0.5651,-1,-1,-1
385,36,919.55,514.84,67.76,203.69,0.5243,-1,-1,-1
385,41,789.26,150.90,63.51,170.74,0.3642,-1,-1,-1
385,48,957.50,30.65,56.52,172.18,0.3545,-1,-1,-1
385,51,556.58,997.68,79.82,82.33,0.5668,-1,-1,-1
385,52,1011.27,45.78,55.60,170.64,0.3896,-1,-1,-1
385,64,1103.59,454.41,69.42,200.28,0.5821,-1,-1,-1
385,67,333.58,541.30,85.16,239.37,0.7686,-1,-1,-1
385,68,1773.30,98.57,58.23,163.94,0.3699,-1,-1,-1
385,69,444.40,563.97,71.81,235.83,0.7674,-1,-1,-1
385,72,1612.83,649.71,53.61,227.82,0.2423,-1,-1,-1
386,0,454.24,73.68,66.60,185.70,0.3303,-1,-1,-1
386,2,980.98,905.09,82.14,173.19,0.6759,-1,-1,-1
386,3,1719.32,457.41,73.13,207.42,0.5985,-1,-1,-1
386,16,851.73,500.08,67.36,208.70,0.4784,-1,-1,-1
386,18,445.92,288.18,75.63,208.45,0.5690,-1,-1,-1
386,36,918.76,515.69,68.40,205.19,0.4938,-1,-1,-1
386,41,788.25,150.97,64.03,170.62,0.3583,-1,-1,-1
386,48,955.50,29.53,56.97,172.15,0.3371,-1,-1,-1
386,51,561.57,1002.28,77.04,77.73,0.5119,-1,-1,-1
386,52,1011.44,45.80,53.53,164.63,0.3484,-1,-1,-1
386,64,1108.51,456.11,69.86,200.23,0.5336,-1,-1,-1
386,67,332.83,544.28,85.42,239.06,0.7442,-1,-1,-1
386,68,1773.96,98.44,59.38,164.61,0.3664,-1,-1,-1
386,69,442.58,565.20,71.85,235.33,0.7521,-1,-1,-1
386,72,1614.83,650.36,53.53,227.32,0.2125,-1,-1,-1
387,0,455.38,72.43,67.85,186.52,0.2852,-1,-1,-1
387,2,982.46,904.61,80.94,173.11,0.6608,-1,-1,-1
387,3,1719.46,458.31,72.82,206.45,0.5508,-1,-1,-1
387,16,851.41,499.95,68.38,211.24,0.4371,-1,-1,-1
387,18,446.04,288.18,76.96,208.27,0.5789,-1,-1,-1
387,36,920.86,518.02,69.14,209.59,0.4461,-1,-1,-1
387,41,788.01,150.42,64.62,171.52,0.3466,-1,-1,-1
387,48,955.45,29.70,57.12,171.39,0.3244,-1,-1,-1
387,51,564.73,1005.60,75.68,74.40,0.5012,-1,-1,-1
387,52,1011.63,45.19,52.67,162.11,0.3194,-1,-1,-1
387,64,1112.26,458.45,71.25,199.32,0.5176,-1,-1,-1
387,67,331.55,545.60,87.07,244.01,0.7475,-1,-1,-1
387,68,1773.13,95.89,61.26,169.45,0.3668,-1,-1,-1
387,69,440.42,565.17,71.54,235.69,0.7457,-1,-1,-1
387,72,1615.73,651.44,53.35,225.83,0.2428,-1,-1,-1
388,0,456.86,72.05,69.14,187.81,0.2373,-1,-1,-1
388,2,983.19,904.44,80.75,173.66,0.6202,-1,-1,-1
388,3,1719.12,457.32,72.89,207.21,0.5456,-1,-1,-1
388,16,851.20,501.86,68.23,209.90,0.4324,-1,-1,-1
388,18,445.36,287.64,78.33,208.61,0.5925,-1,-1,-1
388,36,921.27,519.64,68.58,208.61,0.4739,-1,-1,-1
388,41,788.98,150.73,64.24,170.83,0.3476,-1,-1,-1
388,48,955.47,29.50,57.31,171.90,0.3445,-1,-1,-1
388,51,568.11,1010.33,72.84,69.70,0.4464,-1,-1,-1
388,52,1012.09,45.02,51.67,158.61,0.3209,-1,-1,-1
388,64,1113.81,462.53,73.29,198.33,0.5451,-1,-1,-1
388,67,328.55,550.23,88.87,247.62,0.7585,-1,-1,-1
388,68,1772.87,93.56,62.74,172.89,0.3624,-1,-1,-1
388,69,439.28,567.35,70.94,234.12,0.7461,-1,-1,-1
389,0,458.12,71.44,70.41,188.42,0.2930,-1,-1,-1
389,2,984.06,904.75,80.62,173.47,0.6536,-1,-1,-1
389,3,1719.76,457.44,73.12,208.48,0.5552,-1,-1,-1
389,16,853.61,501.13,64.72,195.21,0.4285,-1,-1,-1
389,18,443.80,287.10,79.81,209.11,0.6108,-1,-1,-1
389,36,922.91,524.60,67.67,203.32,0.5317,-1,-1,-1
389,41,789.28,150.99,64.11,170.48,0.3568,-1,-1,-1
389,48,954.29,29.20,57.56,172.09,0.3471,-1,-1,-1
389,51,570.02,1013.05,72.00,66.98,0.4309,-1,-1,-1
389,52,1011.11,43.98,52.65,161.57,0.3580,-1,-1,-1
389,64,1116.57,463.66,76.22,200.79,0.4800,-1,-1,-1
389,67,327.16,552.20,89.43,245.74,0.7756,-1,-1,-1
389,68,1771.40,85.14,65.37,181.45,0.3486,-1,-1,-1
389,69,438.20,568.05,71.35,232.65,0.7651,-1,-1,-1
390,0,457.82,70.89,71.78,189.85,0.3297,-1,-1,-1
390,2,983.91,904.51,80.86,173.54,0.6174,-1,-1,-1
390,3,1719.46,456.70,72.96,208.98,0.5492,-1,-1,-1
390,16,851.54,503.69,70.23,212.61,0.5204,-1,-1,-1
390,18,443.14,287.04,80.70,209.12,0.6382,-1,-1,-1
390,36,924.03,526.28,67.79,201.04,0.5937,-1,-1,-1
390,41,790.06,151.33,63.67,169.97,0.3919,-1,-1,-1
390,48,954.78,28.43,57.59,173.19,0.3587,-1,-1,-1
390,51,573.05,1015.63,71.03,64.39,0.3864,-1,-1,-1
390,52,1010.92,43.15,53.34,163.79,0.3871,-1,-1,-1
390,64,1120.28,464.54,77.12,201.66,0.4757,-1,-1,-1
390,67,324.55,553.68,89.80,245.23,0.7912,-1,-1,-1
390,68,1770.95,89.03,63.75,178.24,0.3544,-1,-1,-1
390,69,436.82,569.15,71.81,231.69,0.7766,-1,-1,-1
391,0,458.47,70.85,72.24,189.04,0.3364,-1,-1,-1
391,2,982.56,904.82,81.56,174.47,0.6166,-1,-1,-1
391,3,1719.56,456.77,73.41,210.51,0.5625,-1,-1,-1
391,16,851.61,507.00,70.76,212.80,0.5873,-1,-1,-1
391,18,443.24,284.84,81.11,209.30,0.6376,-1,-1,-1
391,36,923.57,527.71,70.59,208.32,0.6189,-1,-1,-1
391,41,789.66,152.95,62.74,168.63,0.3700,-1,-1,-1
391,48,953.95,28.40,57.61,172.49,0.4099,-1,-1,-1
391,51,575.99,1016.98,71.30,62.76,0.3882,-1,-1,-1
391,52,1010.52,42.37,53.76,164.69,0.3629,-1,-1,-1
391,64,1122.37,465.81,77.45,202.10,0.4453,-1,-1,-1
391,67,322.93,556.42,90.53,245.43,0.7920,-1,-1,-1
391,68,1771.80,101.53,59.82,166.16,0.3898,-1,-1,-1
391,69,435.20,572.49,72.38,229.08,0.8020,-1,-1,-1
392,0,458.95,71.91,72.50,188.04,0.3391,-1,-1,-1
392,2,981.90,905.06,82.08,173.36,0.6710,-1,-1,-1
392,3,1720.98,456.83,72.59,209.17,0.5862,-1,-1,-1
392,16,849.75,508.56,74.27,226.76,0.5647,-1,-1,-1
392,18,443.52,282.80,81.14,210.84,0.6669,-1,-1,-1
392,36,922.93,528.67,71.65,209.25,0.6076,-1,-1,-1
392,41,789.77,153.19,61.95,168.14,0.3891,-1,-1,-1
392,48,954.28,28.18,57.58,172.43,0.3946,-1,-1,-1
392,51,576.56,1016.93,73.56,63.03,0.4018,-1,-1,-1
392,52,1011.12,41.90,53.09,161.60,0.3321,-1,-1,-1
392,64,1126.98,467.69,75.86,198.98,0.5122,-1,-1,-1
392,67,320.99,557.08,92.25,248.08,0.8023,-1,-1,-1
392,68,1772.86,107.03,58.77,162.36,0.3532,-1,-1,-1
392,69,434.11,574.05,73.58,229.86,0.8104,-1,-1,-1
393,0,459.74,71.89,72.52,186.97,0.3361,-1,-1,-1
393,2,981.46,905.89,82.44,172.29,0.6830,-1,-1,-1
393,3,1721.25,456.65,72.43,209.77,0.5854,-1,-1,-1
393,16,849.92,510.71,72.79,222.74,0.5589,-1,-1,-1
393,18,444.92,279.39,80.36,212.00,0.6620,-1,-1,-1
393,36,924.76,529.50,72.38,210.82,0.6582,-1,-1,-1
393,41,790.03,153.10,61.32,168.03,0.3824,-1,-1,-1
393,48,953.93,28.72,57.67,172.49,0.3862,-1,-1,-1
393,51,578.15,1017.45,74.88,62.55,0.4238,-1,-1,-1
393,52,1011.23,41.33,53.30,161.21,0.3197,-1,-1,-1
393,64,1130.71,466.56,75.83,201.64,0.5165,-1,-1,-1
393,67,320.11,559.58,92.99,247.61,0.7958,-1,-1,-1
393,68,1772.31,110.19,59.20,161.86,0.3668,-1,-1,-1
393,69,432.53,576.99,73.91,230.99,0.8171,-1,-1,-1
394,0,460.69,71.41,72.85,187.13,0.3026,-1,-1,-1
394,2,981.91,906.89,82.32,171.11,0.6815,-1,-1,-1
394,3,1719.98,456.19,72.58,210.86,0.5811,-1,-1,-1
394,16,849.88,511.97,74.29,229.08,0.5168,-1,-1,-1
394,18,446.60,277.35,78.91,212.14,0.6724,-1,-1,-1
394,36,925.78,524.48,72.45,213.43,0.6616,-1,-1,-1
394,41,790.58,151.42,61.74,169.39,0.3716,-1,-1,-1
394,48,954.66,29.84,57.30,171.55,0.3830,-1,-1,-1
394,51,579.54,1017.96,76.39,62.04,0.4425,-1,-1,-1
394,52,1009.92,40.73,54.57,163.65,0.3463,-1,-1,-1
394,64,1136.06,467.07,74.43,201.82,0.5342,-1,-1,-1
394,67,319.66,560.56,93.08,247.65,0.7911,-1,-1,-1
394,68,1771.38,111.92,60.06,161.67,0.3447,-1,-1,-1
394,69,431.75,579.76,72.99,230.44,0.8000,-1,-1,-1
395,0,461.18,71.84,72.70,185.92,0.2660,-1,-1,-1
395,2,982.49,906.91,82.80,171.13,0.6671,-1,-1,-1
395,3,1720.11,456.05,72.50,211.62,0.5830,-1,-1,-1
395,16,852.77,515.72,71.69,221.24,0.5649,-1,-1,-1
395,18,448.34,275.55,76.91,209.81,0.6572,-1,-1,-1
395,36,927.64,525.17,72.23,212.07,0.6760,-1,-1,-1
395,41,790.31,150.67,62.25,170.17,0.3984,-1,-1,-1
395,48,953.91,28.49,57.47,172.82,0.4052,-1,-1,-1
395,51,580.86,1019.70,76.22,60.33,0.4024,-1,-1,-1
395,52,1009.49,39.98,55.58,165.14,0.3475,-1,-1,-1
395,64,1139.27,468.82,73.57,200.80,0.4431,-1,-1,-1
395,67,317.73,560.52,92.82,248.87,0.7875,-1,-1,-1
395,68,1771.03,112.40,60.51,162.28,0.3434,-1,-1,-1
395,69,430.89,583.31,72.44,232.05,0.7920,-1,-1,-1
396,0,461.32,71.00,73.02,186.51,0.2650,-1,-1,-1
396,2,982.09,907.82,83.08,170.36,0.6858,-1,-1,-1
396,3,1720.79,457.70,71.68,209.06,0.6232,-1,-1,-1
396,16,853.85,518.02,72.31,225.17,0.6069,-1,-1,-1
396,18,449.63,274.01,74.51,205.94,0.6752,-1,-1,-1
396,36,928.54,526.22,72.07,212.00,0.6931,-1,-1,-1
396,41,789.69,150.27,62.87,171.24,0.4023,-1,-1,-1
396,48,953.50,28.84,57.23,171.87,0.4373,-1,-1,-1
396,51,583.83,1023.52,72.91,56.50,0.2676,-1,-1,-1
396,52,1009.73,39.68,55.63,163.90,0.3832,-1,-1,-1
396,64,1144.61,468.88,72.38,199.50,0.4849,-1,-1,-1
396,67,315.50,562.11,90.86,248.69,0.7875,-1,-1,-1
396,68,1770.28,111.80,60.85,163.15,0.3207,-1,-1,-1
396,69,430.37,585.47,71.76,231.07,0.7760,-1,-1,-1
396,75,1619.72,630.87,50.35,147.34,0.2216,-1,-1,-1
397,0,462.17,70.89,73.25,186.64,0.2909,-1,-1,-1
397,2,981.78,908.33,83.62,170.23,0.7022,-1,-1,-1
397,3,1720.77,457.82,71.96,209.14,0.6301,-1,-1,-1
397,16,855.85,519.83,68.61,207.62,0.6179,-1,-1,-1
397,18,451.25,271.99,72.35,201.88,0.6855,-1,-1,-1
397,36,929.56,528.02,71.48,209.07,0.6868,-1,-1,-1
397,41,789.46,150.22,62.97,171.08,0.4060,-1,-1,-1
397,48,953.10,28.78,56.78,170.40,0.4219,-1,-1,-1
397,51,586.25,1027.58,68.29,52.48,0.2143,-1,-1,-1
397,52,1009.09,39.65,56.74,165.77,0.3287,-1,-1,-1
397,64,1147.86,471.74,71.45,197.27,0.4756,-1,-1,-1
397,67,314.40,562.06,89.15,249.40,0.7930,-1,-1,-1
397,68,1769.93,113.93,60.03,160.82,0.3345,-1,-1,-1
397,69,429.50,587.63,71.14,231.50,0.7713,-1,-1,-1
397,75,1620.26,625.65,52.41,153.11,0.2874,-1,-1,-1
398,0,463.62,70.86,73.61,185.94,0.3604,-1,-1,-1
398,2,981.98,908.23,83.23,170.31,0.7214,-1,-1,-1
398,3,1720.63,458.75,71.87,208.21,0.5912,-1,-1,-1
398,16,855.42,519.43,73.25,223.80,0.6068,-1,-1,-1
398,18,451.65,270.31,72.05,200.38,0.6636,-1,-1,-1
398,36,931.18,530.89,69.94,206.08,0.6510,-1,-1,-1
398,41,789.33,150.34,62.93,170.55,0.4148,-1,-1,-1
398,48,953.59,29.37,56.37,169.42,0.4315,-1,-1,-1
398,51,591.98,1032.05,61.74,47.95,0.2213,-1,-1,-1
398,52,1008.57,41.36,55.46,160.01,0.3555,-1,-1,-1
398,64,1151.88,469.58,72.82,200.08,0.5295,-1,-1,-1
398,67,312.73,562.92,87.52,248.47,0.7893,-1,-1,-1
398,68,1769.75,113.95,59.73,161.11,0.2885,-1,-1,-1
398,69,427.81,588.98,70.58,236.42,0.7511,-1,-1,-1
399,0,464.55,70.84,74.29,186.70,0.3728,-1,-1,-1
399,2,982.74,908.64,82.96,171.28,0.7311,-1,-1,-1
399,3,1720.76,458.62,71.91,208.14,0.5767,-1,-1,-1
399,16,856.15,520.27,72.79,222.57,0.6084,-1,-1,-1
399,18,452.63,266.97,72.91,202.71,0.6445,-1,-1,-1
399,36,932.93,531.66,69.81,206.03,0.6660,-1,-1,-1
399,41,789.26,150.12,62.77,169.96,0.4054,-1,-1,-1
399,48,952.96,29.11,55.79,167.86,0.4412,-1,-1,-1
399,51,594.90,1037.08,54.23,42.92,0.2255,-1,-1,-1
399,52,1008.77,40.81,55.17,158.20,0.3579,-1,-1,-1
399,64,1154.90,467.03,74.96,205.77,0.5756,-1,-1,-1
399,67,312.06,563.31,86.14,246.45,0.7838,-1,-1,-1
399,68,1769.68,113.75,59.47,161.36,0.2714,-1,-1,-1
399,69,427.83,591.05,69.41,236.90,0.7535,-1,-1,-1
400,0,465.44,70.88,74.67,188.04,0.4270,-1,-1,-1
400,2,983.77,909.50,81.81,170.04,0.7246,-1,-1,-1
400,3,1720.56,457.72,72.01,208.37,0.5436,-1,-1,-1
400,16,856.78,521.23,73.10,224.18,0.6055,-1,-1,-1
400,18,452.42,266.43,73.32,203.37,0.6444,-1,-1,-1
400,36,931.65,533.36,70.43,206.30,0.6484,-1,-1,-1
400,41,789.00,149.89,63.35,170.66,0.4445,-1,-1,-1
400,48,951.87,27.11,56.17,168.68,0.4438,-1,-1,-1
400,52,1008.32,40.42,55.78,158.50,0.3670,-1,-1,-1
400,64,1157.32,470.19,74.57,205.84,0.5751,-1,-1,-1
400,67,312.02,565.17,84.54,242.58,0.7863,-1,-1,-1
400,68,1768.86,112.80,59.87,163.25,0.2695,-1,-1,-1
400,69,427.43,592.50,68.18,237.16,0.7664,-1,-1,-1
401,0,465.84,70.85,74.56,187.82,0.4777,-1,-1,-1
401,2,983.15,911.06,80.38,168.40,0.7077,-1,-1,-1
401,3,1720.34,456.43,72.27,210.29,0.5082,-1,-1,-1
401,16,856.63,520.85,74.14,228.03,0.6110,-1,-1,-1
401,18,452.15,266.09,73.82,203.09,0.6432,-1,-1,-1
401,36,934.57,535.16,70.09,206.43,0.6574,-1,-1,-1
401,41,789.11,150.53,63.18,169.78,0.4213,-1,-1,-1
401,48,951.30,24.57,56.64,169.71,0.4787,-1,-1,-1
401,52,1007.59,39.46,56.73,159.96,0.4224,-1,-1,-1
401,64,1162.22,471.42,74.30,207.29,0.6032,-1,-1,-1
401,67,310.83,566.76,84.10,238.58,0.7850,-1,-1,-1
401,68,1768.51,111.73,60.22,164.94,0.2438,-1,-1,-1
401,69,427.51,593.61,67.75,237.24,0.7536,-1,-1,-1
402,0,466.02,70.81,74.73,188.92,0.4641,-1,-1,-1
402,2,984.14,912.56,78.95,167.26,0.7041,-1,-1,-1
402,3,1720.62,455.61,72.42,211.27,0.5201,-1,-1,-1
402,16,856.50,522.20,74.26,227.90,0.6058,-1,-1,-1
402,18,452.50,265.30,74.68,204.57,0.6368,-1,-1,-1
402,36,934.71,536.28,71.10,209.19,0.6376,-1,-1,-1
402,41,789.39,150.61,63.35,169.74,0.4295,-1,-1,-1
402,48,950.60,21.82,57.11,170.49,0.4370,-1,-1,-1
402,52,1006.53,38.71,56.90,159.68,0.4423,-1,-1,-1
402,64,1167.17,475.16,72.76,200.43,0.5433,-1,-1,-1
402,67,309.08,568.61,85.79,240.86,0.7815,-1,-1,-1
402,68,1768.96,113.08,61.44,167.17,0.2955,-1,-1,-1
402,69,427.25,594.79,66.89,236.36,0.7496,-1,-1,-1
402,72,1616.89,617.70,60.91,251.95,0.2448,-1,-1,-1
402,78,1639.62,46.73,65.52,169.88,0.2202,-1,-1,-1
403,0,465.48,71.03,74.54,189.29,0.4481,-1,-1,-1
403,2,984.16,913.90,77.31,165.31,0.7161,-1,-1,-1
403,3,1721.58,459.19,71.43,208.23,0.5068,-1,-1,-1
403,16,857.36,522.87,74.41,227.19,0.6415,-1,-1,-1
403,18,452.84,265.13,75.09,204.89,0.6439,-1,-1,-1
403,36,934.38,538.16,70.95,206.94,0.6351,-1,-1,-1
403,41,790.40,150.67,63.35,169.88,0.4411,-1,-1,-1
403,48,951.15,21.60,55.36,164.37,0.4124,-1,-1,-1
403,52,1006.03,38.61,56.98,158.80,0.4417,-1,-1,-1
403,64,1171.25,479.00,72.40,198.30,0.3751,-1,-1,-1
403,67,306.99,571.39,86.52,245.02,0.7803,-1,-1,-1
403,68,1769.90,112.09,63.44,170.99,0.2886,-1,-1,-1
403,69,426.10,596.11,66.24,235.93,0.7420,-1,-1,-1
403,72,1617.06,619.87,61.09,246.85,0.2415,-1,-1,-1
403,78,1641.23,45.94,65.87,170.66,0.2448,-1,-1,-1
404,0,465.92,70.89,73.70,188.17,0.4280,-1,-1,-1
404,2,984.67,915.95,75.79,163.37,0.6959,-1,-1,-1
404,3,1721.33,460.06,71.01,207.07,0.4495,-1,-1,-1
404,16,857.63,522.96,74.63,226.67,0.6506,-1,-1,-1
404,18,452.96,264.04,75.53,206.96,0.6609,-1,-1,-1
404,36,932.81,540.02,72.76,212.47,0.6119,-1,-1,-1
404,41,790.85,150.43,63.13,169.74,0.4132,-1,-1,-1
404,48,950.69,20.65,55.06,163.51,0.3861,-1,-1,-1
404,52,1004.81,37.46,57.20,157.78,0.4408,-1,-1,-1
404,64,1173.91,482.60,73.87,199.72,0.4733,-1,-1,-1
404,67,306.23,574.42,86.11,246.70,0.7799,-1,-1,-1
404,68,1768.41,94.34,70.48,190.52,0.2744,-1,-1,-1
404,69,425.46,596.78,66.14,235.05,0.7299,-1,-1,-1
404,72,1616.37,615.69,62.23,248.44,0.2528,-1,-1,-1
404,79,426.29,95.77,47.52,166.64,0.2066,-1,-1,-1
405,0,466.07,70.75,73.17,187.62,0.4072,-1,-1,-1
405,2,984.84,918.32,74.34,160.86,0.6974,-1,-1,-1
405,3,1722.16,456.95,71.93,209.02,0.4621,-1,-1,-1
405,16,859.71,523.84,75.82,227.24,0.6712,-1,-1,-1
405,18,453.09,263.83,75.32,206.13,0.6715,-1,-1,-1
405,36,934.49,541.29,72.56,214.09,0.6423,-1,-1,-1
405,41,790.45,149.86,63.32,170.26,0.4119,-1,-1,-1
405,48,950.48,20.13,53.86,160.18,0.3813,-1,-1,-1
405,52,1003.95,36.97,57.05,156.05,0.4035,-1,-1,-1
405,64,1175.27,483.97,75.76,201.15,0.5425,-1,-1,-1
405,67,304.85,575.71,85.58,249.37,0.7703,-1,-1,-1
405,68,1768.89,102.88,68.08,183.67,0.2390,-1,-1,-1
405,69,423.17,598.32,66.73,233.97,0.7476,-1,-1,-1
405,72,1616.30,614.57,62.86,247.33,0.3400,-1,-1,-1
405,78,1645.34,48.49,64.65,169.02,0.2691,-1,-1,-1
405,79,426.04,97.03,47.09,165.01,0.2038,-1,-1,-1
406,0,466.16,70.36,72.69,186.95,0.3901,-1,-1,-1
406,2,984.30,918.97,74.57,160.26,0.7103,-1,-1,-1
406,3,1722.71,457.00,72.39,209.28,0.4898,-1,-1,-1
406,16,860.60,526.12,76.50,226.97,0.6863,-1,-1,-1
406,18,453.57,263.18,75.43,204.01,0.6597,-1,-1,-1
406,36,933.35,544.19,73.22,213.84,0.6615,-1,-1,-1
406,41,789.66,151.01,62.28,169.78,0.4453,-1,-1,-1
406,48,950.87,19.16,53.65,160.14,0.3905,-1,-1,-1
406,52,1002.99,36.40,57.13,155.78,0.3741,-1,-1,-1
406,64,1178.89,486.00,77.18,203.72,0.4504,-1,-1,-1
406,67,304.51,577.76,84.64,249.88,0.7537,-1,-1,-1
406,68,1772.36,115.88,64.98,173.27,0.2777,-1,-1,-1
406,69,421.05,600.23,66.99,231.77,0.7347,-1,-1,-1
406,72,1615.41,605.84,66.27,251.55,0.4264,-1,-1,-1
406,78,1646.45,47.59,64.55,169.64,0.3002,-1,-1,-1
406,79,425.03,94.88,47.71,167.06,0.2192,-1,-1,-1
407,0,467.06,69.64,72.10,185.79,0.3871,-1,-1,-1
407,2,983.50,920.64,74.15,158.18,0.6981,-1,-1,-1
407,3,1723.06,458.78,72.17,207.27,0.4469,-1,-1,-1
407,16,857.68,526.29,79.65,236.24,0.6437,-1,-1,-1
407,18,454.08,262.97,75.64,203.73,0.6780,-1,-1,-1
407,36,932.72,545.94,73.67,216.94,0.6853,-1,-1,-1
407,41,789.73,149.81,62.59,170.53,0.4510,-1,-1,-1
407,48,950.00,18.15,53.89,160.64,0.3665,-1,-1,-1
407,52,1002.71,35.46,57.51,156.23,0.4417,-1,-1,-1
407,64,1182.31,487.01,76.90,202.64,0.3584,-1,-1,-1
407,67,304.30,580.12,83.23,248.32,0.7589,-1,-1,-1
407,69,418.18,600.22,66.86,231.46,0.7571,-1,-1,-1
407,72,1615.10,604.42,67.36,251.35,0.2988,-1,-1,-1
407,78,1648.62,47.64,64.54,169.94,0.3452,-1,-1,-1
407,79,425.58,93.84,48.12,167.49,0.2123,-1,-1,-1
408,0,467.13,69.60,71.76,185.35,0.3255,-1,-1,-1
408,2,983.05,922.92,73.57,154.79,0.7116,-1,-1,-1
408,3,1721.16,455.77,73.45,211.63,0.4582,-1,-1,-1
408,5,692.97,559.35,74.73,231.45,0.3159,-1,-1,-1
408,16,858.47,527.22,79.99,239.16,0.6623,-1,-1,-1
408,18,454.14,261.21,76.28,205.36,0.6792,-1,-1,-1
408,36,931.72,547.51,73.30,214.31,0.6936,-1,-1,-1
408,41,789.46,149.88,62.56,170.40,0.4599,-1,-1,-1
408,48,949.84,19.87,53.92,160.50,0.3598,-1,-1,-1
408,52,1002.93,35.97,57.25,155.62,0.4346,-1,-1,-1
408,64,1185.96,486.77,77.16,204.90,0.4291,-1,-1,-1
408,67,302.61,583.30,83.16,250.23,0.7557,-1,-1,-1
408,69,418.18,604.03,67.93,230.51,0.7636,-1,-1,-1
408,72,1615.44,614.41,65.35,241.72,0.2542,-1,-1,-1
408,78,1650.43,48.78,64.32,168.71,0.3179,-1,-1,-1
409,0,467.13,69.45,70.97,183.33,0.3413,-1,-1,-1
409,2,982.64,924.22,73.99,153.65,0.6881,-1,-1,-1
409,3,1720.83,453.17,73.65,213.52,0.5249,-1,-1,-1
409,5,701.23,558.39,79.49,237.76,0.2130,-1,-1,-1
409,16,859.44,530.41,80.11,240.65,0.6322,-1,-1,-1
409,18,456.15,260.07,75.05,202.91,0.6621,-1,-1,-1
409,36,933.06,548.90,72.68,212.31,0.6870,-1,-1,-1
409,41,789.84,149.83,62.71,170.34,0.4266,-1,-1,-1
409,48,950.43,19.25,53.80,161.06,0.3860,-1,-1,-1
409,52,1003.10,35.69,57.43,156.33,0.4254,-1,-1,-1
409,64,1193.61,487.21,75.34,204.10,0.4698,-1,-1,-1
409,67,301.26,585.48,82.51,250.19,0.7667,-1,-1,-1
409,69,416.13,608.59,68.92,231.38,0.7629,-1,-1,-1
409,72,1610.10,619.22,66.14,235.09,0.2589,-1,-1,-1
409,78,1652.03,50.19,64.48,168.36,0.3013,-1,-1,-1
410,0,465.58,66.92,72.48,187.42,0.3190,-1,-1,-1
410,2,982.16,925.22,74.24,152.57,0.6906,-1,-1,-1
410,3,1720.81,449.93,74.17,217.20,0.5461,-1,-1,-1
410,5,705.88,557.72,82.46,237.50,0.3417,-1,-1,-1
410,16,858.51,532.87,79.73,243.25,0.6341,-1,-1,-1
410,18,457.76,259.32,73.50,199.39,0.6667,-1,-1,-1
410,36,933.82,550.77,72.09,211.98,0.7032,-1,-1,-1
410,41,790.19,149.96,62.75,170.04,0.4285,-1,-1,-1
410,48,949.58,19.35,54.14,161.70,0.4011,-1,-1,-1
410,52,1003.07,35.66,57.39,156.44,0.4377,-1,-1,-1
410,64,1201.13,488.18,72.35,202.54,0.4730,-1,-1,-1
410,67,298.25,586.28,83.82,251.56,0.7945,-1,-1,-1
410,69,413.90,609.93,69.74,234.69,0.7295,-1,-1,-1
410,72,1596.18,619.42,72.32,235.32,0.3295,-1,-1,-1
410,78,1652.00,47.52,67.61,175.38,0.3168,-1,-1,-1
411,0,462.79,67.91,72.97,189.13,0.2617,-1,-1,-1
411,2,981.07,925.58,75.28,151.90,0.6895,-1,-1,-1
411,3,1720.75,448.93,74.32,219.32,0.5377,-1,-1,-1
411,5,707.24,558.92,84.33,236.67,0.3316,-1,-1,-1
411,16,860.04,535.69,77.89,243.53,0.6578,-1,-1,-1
411,18,457.90,257.20,72.48,196.63,0.6786,-1,-1,-1
411,36,933.87,551.33,71.32,210.58,0.6876,-1,-1,-1
411,41,789.33,149.95,63.02,169.94,0.4347,-1,-1,-1
411,48,949.35,18.46,53.94,161.64,0.3550,-1,-1,-1
411,52,1002.39,34.73,57.11,156.24,0.4038,-1,-1,-1
411,64,1205.31,486.94,71.98,205.34,0.4238,-1,-1,-1
411,67,297.04,587.59,83.07,249.37,0.7970,-1,-1,-1
411,68,1771.21,109.88,68.01,183.03,0.2369,-1,-1,-1
411,69,411.97,612.74,69.45,234.03,0.7072,-1,-1,-1
411,72,1590.88,618.98,77.91,236.15,0.3717,-1,-1,-1
411,78,1652.81,47.63,69.01,177.99,0.3083,-1,-1,-1
412,0,463.77,66.30,73.54,191.52,0.2687,-1,-1,-1
412,2,980.39,925.52,77.36,152.65,0.7054,-1,-1,-1
412,3,1721.09,448.23,73.91,219.68,0.5731,-1,-1,-1
412,5,708.95,559.00,87.26,238.33,0.3805,-1,-1,-1
412,16,861.94,538.46,74.87,235.57,0.6554,-1,-1,-1
412,18,456.85,254.00,73.05,197.67,0.6563,-1,-1,-1
412,36,935.66,552.98,70.22,209.45,0.6721,-1,-1,-1
412,41,788.98,151.14,62.27,168.96,0.4162,-1,-1,-1
412,48,950.24,19.05,54.79,164.67,0.3702,-1,-1,-1
412,52,1002.02,34.78,57.35,157.94,0.4114,-1,-1,-1
412,64,1208.86,486.44,70.73,205.85,0.5110,-1,-1,-1
412,67,295.31,587.98,82.59,248.83,0.7994,-1,-1,-1
412,68,1772.11,110.93,67.41,182.25,0.2063,-1,-1,-1
412,69,407.23,614.39,70.79,236.24,0.7283,-1,-1,-1
412,72,1587.13,617.73,82.61,237.33,0.3906,-1,-1,-1
412,78,1654.15,49.94,68.72,176.60,0.2872,-1,-1,-1
413,0,464.23,65.94,72.72,190.50,0.2921,-1,-1,-1
413,2,979.70,926.88,78.22,150.62,0.6954,-1,-1,-1
413,3,1722.22,451.03,72.83,217.15,0.5495,-1,-1,-1
413,5,708.65,558.89,89.15,239.09,0.4021,-1,-1,-1
413,16,862.48,539.73,75.00,239.55,0.6424,-1,-1,-1
413,18,456.01,251.31,73.64,199.02,0.6538,-1,-1,-1
413,36,937.46,553.08,69.60,209.43,0.6480,-1,-1,-1
413,41,788.19,150.93,62.44,169.69,0.4324,-1,-1,-1
413,48,949.41,18.79,55.53,166.59,0.3722,-1,-1,-1
413,52,1002.01,34.76,56.62,156.95,0.4344,-1,-1,-1
413,64,1214.56,494.99,66.71,197.88,0.5866,-1,-1,-1
413,67,293.12,589.74,82.90,246.86,0.7894,-1,-1,-1
413,68,1771.48,115.44,65.22,178.54,0.2435,-1,-1,-1
413,69,406.67,616.44,70.74,235.23,0.7389,-1,-1,-1
413,72,1585.34,615.24,87.05,239.10,0.4377,-1,-1,-1
413,78,1655.64,51.66,69.60,178.01,0.2326,-1,-1,-1
414,0,464.37,64.86,72.66,191.27,0.2428,-1,-1,-1
414,2,979.06,927.19,79.94,150.30,0.7040,-1,-1,-1
414,3,1722.39,457.69,70.87,210.69,0.4780,-1,-1,-1
414,5,708.90,559.39,90.36,238.92,0.4068,-1,-1,-1
414,16,863.17,540.60,74.57,243.18,0.6481,-1,-1,-1
414,18,453.77,249.04,74.91,201.45,0.6629,-1,-1,-1
414,36,934.23,555.96,70.67,205.41,0.6700,-1,-1,-1
414,41,788.85,150.03,62.92,169.76,0.4166,-1,-1,-1
414,48,948.79,16.37,55.13,166.20,0.3824,-1,-1,-1
414,52,1002.24,34.76,56.14,156.17,0.4126,-1,-1,-1
414,64,1219.74,486.89,68.91,205.89,0.5254,-1,-1,-1
414,67,292.02,589.96,83.49,247.13,0.7820,-1,-1,-1
414,69,406.02,618.37,71.00,236.40,0.7248,-1,-1,-1
414,72,1583.42,613.01,94.83,244.12,0.5768,-1,-1,-1
414,78,1657.64,56.90,70.22,177.52,0.3449,-1,-1,-1
415,0,463.71,65.75,72.85,192.43,0.2591,-1,-1,-1
415,2,979.59,928.56,81.64,148.89,0.7249,-1,-1,-1
415,3,1722.35,452.36,72.51,215.52,0.4946,-1,-1,-1
415,5,708.80,559.62,91.37,240.08,0.3909,-1,-1,-1
415,16,864.25,542.20,73.63,244.01,0.6306,-1,-1,-1
415,18,452.72,249.27,75.16,199.13,0.6195,-1,-1,-1
415,36,935.20,557.23,72.32,205.40,0.6420,-1,-1,-1
415,41,788.91,150.12,63.36,169.54,0.3851,-1,-1,-1
415,48,948.99,13.89,55.08,167.73,0.3409,-1,-1,-1
415,52,1002.42,34.37,56.01,156.21,0.4046,-1,-1,-1
415,64,1223.10,494.00,68.55,201.64,0.5825,-1,-1,-1
415,67,290.93,591.97,83.46,245.12,0.7816,-1,-1,-1
415,69,403.55,619.85,71.36,238.22,0.7211,-1,-1,-1
415,72,1580.58,614.47,97.78,241.94,0.5361,-1,-1,-1
415,78,1660.22,62.94,69.49,174.00,0.3689,-1,-1,-1
416,0,460.61,65.60,73.62,194.21,0.3086,-1,-1,-1
416,2,978.32,928.72,83.73,148.75,0.7303,-1,-1,-1
416,3,1722.13,452.26,72.73,215.22,0.4781,-1,-1,-1
416,5,709.51,559.76,91.65,239.89,0.3873,-1,-1,-1
416,16,864.87,543.09,72.40,242.81,0.6034,-1,-1,-1
416,18,451.03,249.13,76.24,198.89,0.6009,-1,-1,-1
416,36,935.39,558.73,73.65,206.71,0.6430,-1,-1,-1
416,41,788.02,150.59,63.28,170.19,0.3915,-1,-1,-1
416,48,948.95,13.71,54.53,167.67,0.2932,-1,-1,-1
416,52,1002.46,33.70,56.25,157.52,0.4390,-1,-1,-1
416,64,1229.14,489.25,71.53,207.29,0.4214,-1,-1,-1
416,67,291.09,592.93,82.94,242.28,0.7907,-1,-1,-1
416,69,401.75,621.02,71.75,238.19,0.7395,-1,-1,-1
416,72,1579.32,613.49,100.81,243.46,0.5601,-1,-1,-1
416,78,1659.77,64.56,70.70,176.62,0.4686,-1,-1,-1
417,0,460.91,64.65,73.95,195.20,0.3052,-1,-1,-1
417,2,978.18,929.94,84.61,147.37,0.7107,-1,-1,-1
417,3,1721.45,454.87,72.06,213.05,0.4830,-1,-1,-1
417,5,712.05,558.86,90.66,239.26,0.3778,-1,-1,-1
417,16,866.40,544.30,67.92,228.45,0.5605,-1,-1,-1
417,18,449.19,250.18,77.21,197.73,0.5980,-1,-1,-1
417,36,936.13,561.06,73.73,204.08,0.6163,-1,-1,-1
417,41,787.65,149.99,63.84,170.24,0.3537,-1,-1,-1
417,48,948.63,12.73,54.69,169.26,0.3028,-1,-1,-1
417,52,1002.48,33.59,56.07,157.62,0.4515,-1,-1,-1
417,64,1234.26,490.84,74.50,208.30,0.5257,-1,-1,-1
417,67,290.50,595.93,83.28,240.15,0.7693,-1,-1,-1
417,69,399.56,623.73,71.61,234.27,0.7413,-1,-1,-1
417,72,1576.21,610.32,103.45,246.57,0.5615,-1,-1,-1
417,78,1661.03,66.42,70.24,174.44,0.3269,-1,-1,-1
418,0,458.65,64.64,73.78,194.95,0.2188,-1,-1,-1
418,2,977.27,930.48,86.40,147.28,0.7074,-1,-1,-1
418,3,1720.81,453.86,72.73,214.56,0.4690,-1,-1,-1
418,5,714.53,558.17,89.16,239.50,0.3823,-1,-1,-1
418,16,868.27,545.83,65.28,217.57,0.5149,-1,-1,-1
418,18,447.82,249.74,78.62,198.60,0.5497,-1,-1,-1
418,36,937.30,562.40,74.47,205.29,0.6010,-1,-1,-1
418,41,788.05,149.53,64.21,170.58,0.3385,-1,-1,-1
418,48,948.01,11.70,54.58,169.44,0.3284,-1,-1,-1
418,52,1003.21,32.89,55.48,156.56,0.4391,-1,-1,-1
418,64,1235.89,490.82,79.15,211.57,0.5416,-1,-1,-1
418,67,289.21,597.32,84.58,241.95,0.7827,-1,-1,-1
418,69,396.12,623.35,72.79,235.54,0.7810,-1,-1,-1
418,72,1575.84,614.28,102.23,242.11,0.5849,-1,-1,-1
418,78,1662.13,67.41,70.55,174.01,0.4223,-1,-1,-1
419,0,459.80,64.05,74.14,195.82,0.2224,-1,-1,-1
419,2,976.54,931.24,88.05,146.35,0.7164,-1,-1,-1
419,3,1720.31,448.34,74.20,219.73,0.5305,-1,-1,-1
419,5,717.85,558.38,85.94,238.21,0.4191,-1,-1,-1
419,16,869.23,546.53,64.98,213.95,0.5412,-1,-1,-1
419,18,447.66,249.40,79.67,199.27,0.5466,-1,-1,-1
419,36,940.15,564.04,75.89,213.28,0.5486,-1,-1,-1
419,41,789.05,149.55,64.25,170.42,0.3509,-1,-1,-1
419,48,948.03,8.93,55.80,173.62,0.3673,-1,-1,-1
419,52,1003.81,31.98,55.46,157.17,0.4796,-1,-1,-1
419,64,1236.16,493.04,81.36,211.61,0.4787,-1,-1,-1
419,67,288.07,599.41,86.19,245.90,0.7873,-1,-1,-1
419,68,1760.21,112.35,64.75,183.69,0.2440,-1,-1,-1
419,69,393.95,623.15,73.17,236.35,0.7939,-1,-1,-1
419,72,1575.89,615.19,102.85,241.11,0.5873,-1,-1,-1
419,78,1662.36,65.30,72.12,178.16,0.3886,-1,-1,-1
420,0,459.83,62.73,74.26,196.83,0.2210,-1,-1,-1
420,2,976.55,931.16,90.16,146.81,0.7010,-1,-1,-1
420,3,1722.10,449.45,73.18,216.46,0.4990,-1,-1,-1
420,5,720.37,558.58,84.18,239.93,0.4165,-1,-1,-1
420,16,869.18,545.40,66.92,218.09,0.5591,-1,-1,-1
420,18,448.37,249.02,79.85,198.65,0.5255,-1,-1,-1
420,36,942.22,567.59,74.38,211.32,0.5340,-1,-1,-1
420,41,789.54,149.03,64.42,170.50,0.3416,-1,-1,-1
420,48,948.45,9.24,54.67,171.26,0.3838,-1,-1,-1
420,52,1004.32,30.61,55.47,158.21,0.4893,-1,-1,-1
420,64,1234.87,491.28,84.17,216.62,0.4168,-1,-1,-1
420,67,287.14,601.09,87.10,249.57,0.7782,-1,-1,-1
420,68,1758.89,106.03,65.46,190.69,0.2374,-1,-1,-1
420,69,392.79,624.33,73.68,235.64,0.7863,-1,-1,-1
420,72,1575.15,614.98,102.54,240.64,0.5887,-1,-1,-1
420,78,1661.70,66.88,70.33,172.94,0.2452,-1,-1,-1
421,2,975.80,931.93,90.93,146.30,0.7085,-1,-1,-1
421,3,1722.87,455.60,72.49,213.07,0.4893,-1,-1,-1
421,5,723.50,558.95,80.80,238.42,0.4808,-1,-1,-1
421,16,869.08,546.69,68.18,219.75,0.5200,-1,-1,-1
421,18,446.86,246.85,81.13,199.67,0.5855,-1,-1,-1
421,36,943.85,571.39,74.20,212.39,0.4534,-1,-1,-1
421,41,789.91,149.65,63.73,171.47,0.3682,-1,-1,-1
421,48,949.41,8.54,54.57,171.02,0.3884,-1,-1,-1
421,52,1004.94,28.76,55.27,158.59,0.5088,-1,-1,-1
421,64,1237.92,498.09,83.76,211.70,0.3862,-1,-1,-1
421,67,285.93,602.80,88.62,254.21,0.7641,-1,-1,-1
421,68,1759.78,108.33,65.20,190.27,0.2735,-1,-1,-1
421,69,391.32,624.76,74.12,235.42,0.7875,-1,-1,-1
421,72,1575.29,624.03,98.99,231.63,0.5485,-1,-1,-1
421,78,1661.42,67.59,69.18,170.84,0.2349,-1,-1,-1
422,2,975.71,931.26,91.81,146.88,0.7210,-1,-1,-1
422,3,1721.99,459.56,70.99,206.75,0.5261,-1,-1,-1
422,5,727.51,561.40,75.90,229.95,0.5278,-1,-1,-1
422,16,869.57,548.95,70.09,225.22,0.4379,-1,-1,-1
422,18,446.61,244.96,81.26,201.54,0.6082,-1,-1,-1
422,36,945.62,574.89,71.94,209.23,0.5531,-1,-1,-1
422,41,790.01,149.16,62.98,171.56,0.3526,-1,-1,-1
422,48,949.29,7.93,52.74,164.69,0.3747,-1,-1,-1
422,52,1005.60,27.51,54.32,156.16,0.4731,-1,-1,-1
422,64,1242.69,501.72,83.04,207.64,0.3871,-1,-1,-1
422,67,285.45,604.69,90.91,258.41,0.7470,-1,-1,-1
422,68,1761.62,102.64,69.27,197.35,0.3658,-1,-1,-1
422,69,391.29,627.25,74.06,232.39,0.7814,-1,-1,-1
422,72,1574.49,625.42,98.61,230.24,0.4853,-1,-1,-1
422,78,1662.33,67.86,68.48,170.07,0.2948,-1,-1,-1
423,2,976.52,930.84,92.14,146.91,0.6958,-1,-1,-1
423,3,1721.87,459.01,71.69,207.36,0.5458,-1,-1,-1
423,5,732.56,560.83,73.00,228.20,0.6165,-1,-1,-1
423,16,876.30,549.49,54.21,162.96,0.3624,-1,-1,-1
423,18,446.53,242.83,80.60,201.65,0.5941,-1,-1,-1
423,36,946.26,576.40,71.29,209.15,0.5579,-1,-1,-1
423,41,790.19,148.98,62.54,172.14,0.3342,-1,-1,-1
423,48,948.90,7.15,52.62,162.92,0.3814,-1,-1,-1
423,52,1006.21,25.49,53.96,155.60,0.4418,-1,-1,-1
423,64,1249.84,505.60,81.65,203.67,0.2952,-1,-1,-1
423,67,285.77,607.43,91.41,257.78,0.7405,-1,-1,-1
423,68,1760.40,102.50,69.28,198.06,0.3407,-1,-1,-1
423,69,389.74,629.95,74.95,233.07,0.7808,-1,-1,-1
423,72,1574.58,625.06,98.53,230.33,0.4357,-1,-1,-1
423,78,1664.65,71.90,67.47,168.78,0.2851,-1,-1,-1
424,2,976.88,931.67,91.74,146.08,0.7093,-1,-1,-1
424,3,1721.83,461.21,71.70,205.85,0.5562,-1,-1,-1
424,5,736.15,560.09,73.67,231.24,0.6618,-1,-1,-1
424,16,869.14,551.02,70.83,213.32,0.3868,-1,-1,-1
424,18,446.17,242.65,79.70,201.78,0.5972,-1,-1,-1
424,36,947.51,577.90,71.22,209.10,0.5913,-1,-1,-1
424,41,790.92,149.48,61.44,171.28,0.3702,-1,-1,-1
424,48,947.19,6.51,53.72,164.45,0.4192,-1,-1,-1
424,52,1006.50,23.69,54.10,156.85,0.4637,-1,-1,-1
424,64,1254.44,504.90,82.81,206.84,0.2831,-1,-1,-1
424,67,284.77,609.65,91.19,256.78,0.7514,-1,-1,-1
424,68,1759.40,122.09,61.48,178.30,0.3074,-1,-1,-1
424,69,387.57,632.14,78.42,236.50,0.7808,-1,-1,-1
424,72,1577.48,634.80,93.63,220.24,0.4270,-1,-1,-1
424,78,1665.79,72.90,67.41,170.65,0.3064,-1,-1,-1
425,2,978.34,931.71,91.80,146.38,0.6975,-1,-1,-1
425,3,1721.21,460.24,72.63,207.44,0.5447,-1,-1,-1
425,5,739.16,559.30,75.84,236.96,0.6251,-1,-1,-1
425,16,875.77,552.03,57.48,162.97,0.3482,-1,-1,-1
425,18,446.11,239.37,78.91,202.42,0.6361,-1,-1,-1
425,36,948.77,576.18,71.85,208.06,0.5781,-1,-1,-1
425,41,791.72,150.02,60.30,170.16,0.3775,-1,-1,-1
425,48,945.58,5.42,54.57,164.20,0.3898,-1,-1,-1
425,52,1006.69,22.91,54.07,157.58,0.4301,-1,-1,-1
425,64,1259.13,502.60,83.41,208.91,0.2000,-1,-1,-1
425,67,284.27,611.43,92.37,258.80,0.7281,-1,-1,-1
425,68,1758.78,128.01,58.80,173.66,0.3283,-1,-1,-1
425,69,385.69,633.57,80.01,238.30,0.7597,-1,-1,-1
425,72,1576.03,635.46,93.32,220.72,0.4290,-1,-1,-1
425,78,1666.83,74.32,67.12,171.41,0.2808,-1,-1,-1
426,2,979.72,931.73,91.98,146.87,0.7120,-1,-1,-1
426,3,1721.98,459.86,73.36,207.68,0.5635,-1,-1,-1
426,5,741.23,559.95,77.03,239.16,0.6269,-1,-1,-1
426,16,868.73,555.62,75.10,214.51,0.4857,-1,-1,-1
426,18,446.53,237.59,76.75,198.38,0.6273,-1,-1,-1
426,36,949.30,576.94,72.85,208.04,0.6223,-1,-1,-1
426,41,790.29,149.48,60.36,171.49,0.3393,-1,-1,-1
426,48,944.61,4.86,55.85,165.44,0.4245,-1,-1,-1
426,52,1007.25,22.16,54.13,158.52,0.4387,-1,-1,-1
426,64,1265.53,504.55,80.06,204.23,0.3302,-1,-1,-1
426,67,283.73,613.74,92.20,258.72,0.7227,-1,-1,-1
426,68,1759.71,128.99,57.41,174.88,0.3353,-1,-1,-1
426,69,384.57,635.49,80.54,239.06,0.7307,-1,-1,-1
426,72,1576.27,636.85,92.25,219.04,0.3638,-1,-1,-1
426,78,1667.95,74.53,67.53,174.62,0.2531,-1,-1,-1
427,2,980.66,930.51,92.35,148.33,0.7067,-1,-1,-1
427,3,1720.49,461.97,73.22,205.85,0.5424,-1,-1,-1
427,5,742.57,560.26,78.12,242.52,0.5611,-1,-1,-1
427,16,868.32,557.42,77.18,222.66,0.5286,-1,-1,-1
427,18,447.40,237.02,75.20,194.94,0.6148,-1,-1,-1
427,36,950.51,577.93,73.89,209.21,0.6070,-1,-1,-1
427,41,791.68,149.87,59.88,171.09,0.3955,-1,-1,-1
427,48,944.02,4.51,56.61,165.78,0.4088,-1,-1,-1
427,52,1007.41,22.00,53.96,158.56,0.4387,-1,-1,-1
427,64,1277.25,503.52,74.59,195.54,0.3009,-1,-1,-1
427,67,282.55,614.96,93.01,259.75,0.7049,-1,-1,-1
427,68,1760.37,129.07,56.43,176.15,0.3797,-1,-1,-1
427,69,385.36,638.04,82.86,240.97,0.6814,-1,-1,-1
427,72,1574.26,632.17,93.45,223.43,0.3219,-1,-1,-1
427,78,1669.19,76.85,67.10,174.93,0.2608,-1,-1,-1
427,83,1803.83,70.84,65.10,172.48,0.2931,-1,-1,-1
428,2,981.86,929.92,92.37,148.87,0.7258,-1,-1,-1
428,3,1719.10,462.61,73.75,204.83,0.5272,-1,-1,-1
428,5,746.15,561.60,79.30,243.13,0.6019,-1,-1,-1
428,16,869.44,560.58,78.92,230.35,0.6007,-1,-1,-1
428,18,447.68,234.81,74.35,193.10,0.6391,-1,-1,-1
428,36,952.25,578.34,74.55,210.68,0.6468,-1,-1,-1
428,41,792.57,149.19,60.06,171.03,0.4033,-1,-1,-1
428,48,944.01,3.72,57.25,166.74,0.3718,-1,-1,-1
428,52,1007.63,21.81,53.86,158.67,0.4334,-1,-1,-1
428,64,1281.67,501.65,77.38,210.93,0.4021,-1,-1,-1
428,67,281.96,617.96,93.21,258.76,0.7028,-1,-1,-1
428,68,1760.66,129.57,55.51,176.85,0.3979,-1,-1,-1
428,69,379.92,642.08,79.29,237.28,0.7222,-1,-1,-1
428,72,1574.65,632.56,92.71,223.43,0.3745,-1,-1,-1
428,83,1803.27,71.99,65.35,172.71,0.2497,-1,-1,-1
429,2,983.04,930.29,91.66,148.43,0.7322,-1,-1,-1
429,3,1720.18,461.00,75.25,207.63,0.5470,-1,-1,-1
429,5,749.16,562.42,82.06,247.60,0.6671,-1,-1,-1
429,16,871.10,563.40,76.97,225.26,0.6410,-1,-1,-1
429,18,447.24,234.25,74.32,192.23,0.5974,-1,-1,-1
429,36,954.56,579.38,73.77,209.90,0.6488,-1,-1,-1
429,41,792.20,148.73,59.98,172.17,0.3995,-1,-1,-1
429,48,943.29,3.63,57.74,167.41,0.3725,-1,-1,-1
429,52,1007.06,21.02,54.90,162.63,0.4507,-1,-1,-1
429,64,1284.15,505.27,75.11,209.02,0.3998,-1,-1,-1
429,67,280.96,617.93,93.05,256.02,0.7233,-1,-1,-1
429,68,1760.71,136.80,52.13,168.67,0.3195,-1,-1,-1
429,69,379.25,644.63,77.62,237.86,0.7132,-1,-1,-1
429,72,1574.84,635.40,91.21,221.35,0.4367,-1,-1,-1
429,83,1800.14,72.49,65.00,171.50,0.2194,-1,-1,-1
430,2,986.04,929.45,90.68,149.16,0.7070,-1,-1,-1
430,3,1721.57,464.50,74.11,203.05,0.5222,-1,-1,-1
430,5,751.85,563.39,82.89,245.03,0.6755,-1,-1,-1
430,16,871.83,564.56,76.82,225.74,0.5902,-1,-1,-1
430,18,446.46,232.22,75.02,193.51,0.5610,-1,-1,-1
430,36,956.85,580.89,73.20,207.48,0.6310,-1,-1,-1
430,41,792.66,148.04,59.67,173.02,0.3810,-1,-1,-1
430,48,943.26,3.55,57.97,167.67,0.3147,-1,-1,-1
430,52,1007.64,21.33,54.19,160.87,0.4021,-1,-1,-1
430,64,1289.43,518.25,70.12,194.59,0.3789,-1,-1,-1
430,67,279.32,620.21,92.89,255.43,0.7242,-1,-1,-1
430,69,377.07,646.95,77.08,241.97,0.7087,-1,-1,-1
430,72,1574.51,634.36,91.06,222.28,0.4737,-1,-1,-1
431,2,987.47,928.68,89.72,149.89,0.6962,-1,-1,-1
431,3,1721.23,461.94,75.03,207.74,0.5384,-1,-1,-1
431,5,753.59,563.44,83.98,244.62,0.6968,-1,-1,-1
431,16,872.54,566.68,76.99,225.61,0.6155,-1,-1,-1
431,18,445.33,230.46,75.41,194.51,0.5680,-1,-1,-1
431,36,958.98,581.94,72.56,206.66,0.6157,-1,-1,-1
431,41,791.46,149.16,60.01,171.32,0.3766,-1,-1,-1
431,48,943.44,3.70,57.99,167.53,0.3740,-1,-1,-1
431,52,1008.43,20.69,53.52,158.94,0.3968,-1,-1,-1
431,67,279.83,621.39,92.15,253.78,0.7542,-1,-1,-1
431,68,1759.45,143.31,50.05,162.10,0.2119,-1,-1,-1
431,69,376.14,648.79,75.44,240.13,0.7412,-1,-1,-1
431,72,1574.66,633.28,90.76,222.59,0.4187,-1,-1,-1
432,2,989.17,927.14,88.64,151.43,0.7002,-1,-1,-1
432,3,1720.93,462.17,74.05,206.22,0.5636,-1,-1,-1
432,5,754.45,564.34,85.28,246.24,0.7274,-1,-1,-1
432,16,873.07,569.36,76.22,224.71,0.6105,-1,-1,-1
432,18,444.50,228.36,76.14,196.64,0.5819,-1,-1,-1
432,36,959.90,583.06,72.70,207.25,0.6274,-1,-1,-1
432,41,791.60,148.01,60.06,172.71,0.4035,-1,-1,-1
432,48,943.65,4.27,58.50,168.64,0.3584,-1,-1,-1
432,52,1008.20,21.71,53.48,158.78,0.4154,-1,-1,-1
432,64,1298.34,518.64,70.16,192.09,0.2250,-1,-1,-1
432,67,279.19,623.11,91.40,250.79,0.7414,-1,-1,-1
432,68,1757.99,139.85,50.95,165.28,0.2692,-1,-1,-1
432,69,376.64,650.07,74.75,238.81,0.7334,-1,-1,-1
432,72,1573.00,627.91,92.62,228.54,0.4534,-1,-1,-1
433,2,991.29,927.75,86.92,150.52,0.6875,-1,-1,-1
433,3,1722.56,463.20,73.76,204.62,0.5227,-1,-1,-1
433,5,755.12,564.83,86.24,249.14,0.7079,-1,-1,-1
433,16,875.60,570.40,75.10,221.53,0.6065,-1,-1,-1
433,18,444.32,227.36,76.44,197.49,0.6027,-1,-1,-1
433,36,961.75,583.79,73.13,210.23,0.5926,-1,-1,-1
433,41,792.36,147.75,59.80,173.24,0.3873,-1,-1,-1
433,48,943.06,3.76,59.21,170.23,0.4320,-1,-1,-1
433,52,1007.91,21.03,53.87,159.68,0.4049,-1,-1,-1
433,64,1308.18,514.41,63.53,168.51,0.2049,-1,-1,-1
433,67,278.62,622.49,90.19,249.05,0.7520,-1,-1,-1
433,68,1756.61,138.51,51.95,167.86,0.2878,-1,-1,-1
433,69,375.68,651.82,74.38,237.99,0.7008,-1,-1,-1
433,72,1572.32,626.48,92.06,228.91,0.3971,-1,-1,-1
434,2,993.98,928.00,85.49,149.97,0.7308,-1,-1,-1
434,3,1723.61,464.58,72.99,202.85,0.4749,-1,-1,-1
434,5,756.18,566.42,85.74,249.13,0.7276,-1,-1,-1
434,16,878.41,571.26,74.94,222.07,0.6033,-1,-1,-1
434,18,444.64,226.65,76.45,198.35,0.5977,-1,-1,-1
434,36,962.60,586.16,73.33,211.67,0.6025,-1,-1,-1
434,41,792.71,148.69,59.00,171.76,0.4266,-1,-1,-1
434,48,942.64,3.57,58.98,169.94,0.4260,-1,-1,-1
434,52,1008.06,21.06,53.75,158.76,0.4219,-1,-1,-1
434,64,1308.42,517.08,73.99,191.47,0.2551,-1,-1,-1
434,67,278.50,623.76,89.67,248.25,0.7393,-1,-1,-1
434,69,374.08,652.60,75.04,237.26,0.7259,-1,-1,-1
434,72,1573.04,630.13,90.03,224.69,0.3816,-1,-1,-1
434,87,1864.07,408.35,48.65,183.52,0.2457,-1,-1,-1
435,2,995.94,926.52,85.24,151.47,0.7072,-1,-1,-1
435,3,1723.67,464.88,73.16,203.66,0.4895,-1,-1,-1
435,5,757.31,566.40,84.75,249.64,0.7064,-1,-1,-1
435,16,879.83,572.14,74.61,219.67,0.6096,-1,-1,-1
435,18,444.40,225.89,76.49,199.20,0.5998,-1,-1,-1
435,36,963.34,587.23,74.11,217.53,0.6062,-1,-1,-1
435,41,792.85,147.98,58.61,171.98,0.3998,-1,-1,-1
435,48,942.59,4.42,58.18,167.88,0.4248,-1,-1,-1
435,52,1007.68,20.33,54.18,159.06,0.3905,-1,-1,-1
435,64,1316.62,520.29,74.40,186.63,0.3747,-1,-1,-1
435,67,277.87,624.58,89.53,248.57,0.7551,-1,-1,-1
435,69,371.37,652.73,76.12,238.82,0.7217,-1,-1,-1
435,72,1572.51,629.99,89.47,224.39,0.3785,-1,-1,-1
435,78,1681.40,87.93,65.58,169.86,0.2030,-1,-1,-1
435,87,1866.05,408.70,48.92,182.52,0.2699,-1,-1,-1
436,2,998.29,926.37,84.77,151.28,0.6918,-1,-1,-1
436,3,1724.36,466.15,72.31,201.53,0.4643,-1,-1,-1
436,5,758.13,566.61,83.89,250.63,0.6867,-1,-1,-1
436,16,881.34,573.47,72.23,209.80,0.6295,-1,-1,-1
436,18,444.25,225.23,76.52,200.29,0.6232,-1,-1,-1
436,36,965.18,587.91,74.64,223.71,0.6187,-1,-1,-1
436,41,792.56,148.84,58.25,171.14,0.4053,-1,-1,-1
436,48,942.79,2.96,58.29,169.19,0.4333,-1,-1,-1
436,52,1007.54,19.34,54.07,157.56,0.3969,-1,-1,-1
436,64,1320.75,521.86,75.57,182.21,0.4838,-1,-1,-1
436,67,276.31,625.48,90.30,252.23,0.7627,-1,-1,-1
436,69,369.05,653.63,76.01,237.50,0.7305,-1,-1,-1
436,72,1572.72,635.45,86.11,217.35,0.3276,-1,-1,-1
436,87,1863.91,407.79,49.64,181.33,0.2585,-1,-1,-1
437,2,1000.16,924.96,85.14,152.82,0.7146,-1,-1,-1
437,3,1724.17,465.81,72.25,200.57,0.5036,-1,-1,-1
437,5,759.25,566.74,83.16,251.18,0.6855,-1,-1,-1
437,16,881.19,574.23,74.62,216.82,0.6402,-1,-1,-1
437,18,445.17,223.84,75.62,199.86,0.6121,-1,-1,-1
437,36,965.48,589.87,73.53,224.23,0.6094,-1,-1,-1
437,41,793.00,148.66,57.95,171.13,0.3991,-1,-1,-1
437,48,942.59,3.13,57.22,166.51,0.4459,-1,-1,-1
437,52,1007.15,18.21,54.51,157.67,0.4088,-1,-1,-1
437,64,1323.49,526.59,74.93,178.23,0.4389,-1,-1,-1
437,67,274.61,627.70,91.28,257.28,0.7763,-1,-1,-1
437,69,368.44,654.83,75.74,235.85,0.7367,-1,-1,-1
437,72,1572.72,638.26,84.19,214.01,0.3283,-1,-1,-1
437,87,1860.98,406.71,51.91,184.89,0.2676,-1,-1,-1
438,2,1003.43,925.65,84.40,152.32,0.7073,-1,-1,-1
438,3,1722.30,463.91,73.09,204.36,0.5341,-1,-1,-1
438,5,760.83,567.31,82.01,251.80,0.6778,-1,-1,-1
438,16,880.67,574.90,76.77,224.51,0.6689,-1,-1,-1
438,18,446.08,224.76,74.48,198.22,0.6165,-1,-1,-1
438,36,966.18,591.93,73.60,225.57,0.5798,-1,-1,-1
438,41,792.82,148.59,57.86,170.67,0.4232,-1,-1,-1
438,48,942.32,2.08,56.72,165.51,0.4114,-1,-1,-1
438,52,1006.73,16.34,54.75,157.73,0.3377,-1,-1,-1
438,64,1326.98,530.56,74.71,175.43,0.3236,-1,-1,-1
438,67,272.61,630.63,91.65,261.33,0.7686,-1,-1,-1
438,69,367.06,656.35,75.26,235.96,0.7399,-1,-1,-1
438,72,1569.55,635.57,83.73,216.56,0.3567,-1,-1,-1
438,87,1861.65,405.13,53.63,188.75,0.2307,-1,-1,-1
439,2,1005.81,925.65,84.56,152.68,0.6935,-1,-1,-1
439,3,1721.85,461.63,72.96,205.41,0.5582,-1,-1,-1
439,5,762.84,568.74,80.59,250.56,0.6470,-1,-1,-1
439,16,882.00,575.77,77.25,226.52,0.6671,-1,-1,-1
439,18,446.94,224.29,74.29,199.76,0.6157,-1,-1,-1
439,36,966.46,595.22,73.22,224.89,0.5633,-1,-1,-1
439,41,792.75,147.53,58.32,172.26,0.4348,-1,-1,-1
439,48,941.83,0.31,56.26,165.01,0.4090,-1,-1,-1
439,52,1007.01,14.81,54.66,156.88,0.3238,-1,-1,-1
439,64,1330.48,536.80,75.31,177.50,0.2925,-1,-1,-1
439,67,272.93,631.58,89.82,262.72,0.7550,-1,-1,-1
439,69,365.62,656.93,75.46,236.26,0.7629,-1,-1,-1
439,72,1567.87,636.75,82.25,216.35,0.3066,-1,-1,-1
439,87,1858.89,404.60,54.36,185.54,0.2718,-1,-1,-1
440,2,1007.65,925.41,84.92,152.86,0.6972,-1,-1,-1
440,3,1722.58,461.00,72.40,205.52,0.6071,-1,-1,-1
440,5,765.36,568.84,79.09,249.81,0.6693,-1,-1,-1
440,16,883.16,576.47,77.00,225.54,0.6684,-1,-1,-1
440,18,446.85,223.16,73.89,199.29,0.6124,-1,-1,-1
440,36,967.23,596.92,73.34,224.20,0.5853,-1,-1,-1
440,41,793.37,147.18,57.99,172.40,0.4462,-1,-1,-1
440,48,941.65,-0.03,54.95,161.08,0.4343,-1,-1,-1
440,52,1006.83,13.82,53.79,153.32,0.3644,-1,-1,-1
440,64,1333.52,531.34,80.39,192.70,0.2740,-1,-1,-1
440,67,271.65,634.03,89.57,261.91,0.7626,-1,-1,-1
440,69,365.76,656.94,75.63,242.07,0.7498,-1,-1,-1
440,72,1565.63,635.50,80.60,217.60,0.2867,-1,-1,-1
440,87,1859.03,401.27,55.70,186.26,0.2863,-1,-1,-1
441,2,1009.62,924.26,85.54,154.53,0.7325,-1,-1,-1
441,3,1722.65,459.70,72.29,206.70,0.5941,-1,-1,-1
441,5,767.67,570.05,76.94,250.51,0.6537,-1,-1,-1
441,16,885.90,576.82,73.72,217.22,0.6603,-1,-1,-1
441,18,446.49,220.39,73.76,200.01,0.6134,-1,-1,-1
441,36,966.68,599.14,73.30,221.60,0.5202,-1,-1,-1
441,41,792.86,147.61,57.63,171.64,0.4633,-1,-1,-1
441,48,941.87,-0.07,54.33,158.94,0.4088,-1,-1,-1
441,52,1006.55,13.27,53.83,152.27,0.3683,-1,-1,-1
441,64,1339.03,530.43,79.92,196.51,0.3895,-1,-1,-1
441,67,270.45,636.67,89.33,258.95,0.7676,-1,-1,-1
441,69,364.37,659.61,75.37,246.81,0.7757,-1,-1,-1
441,72,1564.24,634.86,78.64,218.73,0.2928,-1,-1,-1
441,87,1858.65,399.44,57.05,187.48,0.2953,-1,-1,-1
442,2,1011.66,924.33,85.39,154.09,0.7427,-1,-1,-1
442,3,1723.30,459.28,71.88,207.87,0.5854,-1,-1,-1
442,5,770.82,570.74,74.91,251.20,0.6382,-1,-1,-1
442,16,886.86,577.88,73.71,216.95,0.6405,-1,-1,-1
442,18,446.87,218.54,72.62,197.16,0.5449,-1,-1,-1
442,36,967.53,599.73,73.51,220.81,0.5358,-1,-1,-1
442,41,792.96,147.68,57.19,171.26,0.4318,-1,-1,-1
442,48,941.88,-0.12,53.82,156.23,0.4213,-1,-1,-1
442,52,1005.80,12.28,54.43,153.08,0.3804,-1,-1,-1
442,64,1351.39,527.18,77.36,198.98,0.3797,-1,-1,-1
442,67,266.79,638.92,90.13,260.39,0.7724,-1,-1,-1
442,69,362.68,662.80,74.80,245.31,0.7717,-1,-1,-1
442,72,1562.74,630.37,77.87,224.00,0.2416,-1,-1,-1
442,87,1858.62,396.39,58.38,190.07,0.2874,-1,-1,-1
443,2,1013.21,924.48,85.87,154.56,0.7337,-1,-1,-1
443,3,1723.77,459.45,71.16,207.59,0.5816,-1,-1,-1
443,5,773.91,570.70,73.16,249.77,0.6221,-1,-1,-1
443,16,884.43,580.46,77.80,229.31,0.6011,-1,-1,-1
443,18,447.95,217.29,71.59,194.00,0.5325,-1,-1,-1
443,36,967.55,601.46,73.57,220.62,0.4738,-1,-1,-1
443,41,793.02,147.62,57.12,172.06,0.4224,-1,-1,-1
443,48,939.46,0.02,54.44,156.45,0.4308,-1,-1,-1
443,52,1005.46,12.21,54.99,153.76,0.3920,-1,-1,-1
443,64,1355.81,526.90,77.38,206.31,0.4459,-1,-1,-1
443,67,262.81,641.00,90.73,260.67,0.7559,-1,-1,-1
443,69,359.87,665.84,75.37,245.38,0.7663,-1,-1,-1
443,72,1562.56,631.20,75.44,223.16,0.2283,-1,-1,-1
443,87,1858.13,395.86,59.81,193.96,0.2118,-1,-1,-1
444,2,1015.31,925.05,85.45,154.24,0.7497,-1,-1,-1
444,3,1724.26,458.96,70.85,208.35,0.5788,-1,-1,-1
444,5,776.56,570.82,72.37,252.50,0.6432,-1,-1,-1
444,16,884.78,583.07,77.55,230.60,0.6191,-1,-1,-1
444,18,447.38,215.48,71.03,191.06,0.5111,-1,-1,-1
444,36,967.72,602.73,73.72,219.76,0.4638,-1,-1,-1
444,41,792.09,147.29,56.90,171.79,0.4181,-1,-1,-1
444,48,938.81,-0.05,55.00,157.52,0.4113,-1,-1,-1
444,52,1005.51,12.26,54.90,152.61,0.3931,-1,-1,-1
444,64,1366.45,529.77,68.66,183.37,0.2522,-1,-1,-1
444,67,260.18,643.61,91.13,257.79,0.7690,-1,-1,-1
444,69,358.66,668.53,75.82,246.88,0.7725,-1,-1,-1
444,72,1562.97,633.82,72.30,219.19,0.2510,-1,-1,-1
445,2,1015.81,923.67,85.92,155.80,0.7426,-1,-1,-1
445,3,1723.85,458.12,70.52,208.28,0.5721,-1,-1,-1
445,5,779.13,571.44,71.82,251.70,0.6488,-1,-1,-1
445,16,884.64,584.66,76.86,229.36,0.6495,-1,-1,-1
445,18,446.02,213.94,71.52,190.95,0.5377,-1,-1,-1
445,36,967.44,602.36,74.87,221.36,0.5778,-1,-1,-1
445,41,792.43,147.89,56.80,172.50,0.4055,-1,-1,-1
445,48,940.16,-0.09,54.82,156.61,0.4241,-1,-1,-1
445,52,1005.41,11.48,56.31,156.88,0.3944,-1,-1,-1
445,67,257.27,643.80,91.81,256.93,0.7529,-1,-1,-1
445,69,358.56,672.61,74.53,242.59,0.7518,-1,-1,-1
445,72,1563.84,634.47,70.04,217.83,0.2293,-1,-1,-1
446,2,1018.43,923.52,84.56,154.89,0.7476,-1,-1,-1
446,3,1723.94,457.74,70.35,209.11,0.5625,-1,-1,-1
446,5,782.55,572.13,71.45,249.56,0.6330,-1,-1,-1
446,16,883.65,586.44,78.73,236.25,0.6286,-1,-1,-1
446,18,444.96,212.20,72.26,192.23,0.5334,-1,-1,-1
446,36,966.24,603.36,75.11,218.79,0.5974,-1,-1,-1
446,41,792.58,147.74,56.44,172.63,0.3862,-1,-1,-1
446,48,941.32,-0.06,53.92,154.53,0.4123,-1,-1,-1
446,52,1005.01,11.70,55.86,155.22,0.3788,-1,-1,-1
446,67,254.43,645.36,92.88,255.69,0.7522,-1,-1,-1
446,69,356.39,674.85,74.98,245.08,0.7413,-1,-1,-1
447,2,1018.94,921.70,84.93,157.76,0.7501,-1,-1,-1
447,3,1722.27,458.24,70.75,209.55,0.5636,-1,-1,-1
447,5,785.30,572.33,71.56,248.57,0.6364,-1,-1,-1
447,16,883.72,588.98,78.26,235.90,0.6176,-1,-1,-1
447,18,444.29,210.85,72.89,193.97,0.5186,-1,-1,-1
447,36,969.08,607.75,73.09,210.32,0.5581,-1,-1,-1
447,41,793.56,148.79,56.57,171.93,0.3549,-1,-1,-1
447,48,941.29,-0.06,53.43,153.98,0.3907,-1,-1,-1
447,52,1004.89,11.63,55.67,154.62,0.3495,-1,-1,-1
447,67,253.43,647.25,94.05,254.55,0.7632,-1,-1,-1
447,68,1752.61,149.79,56.61,173.03,0.2709,-1,-1,-1
447,69,355.14,676.56,74.79,244.36,0.7557,-1,-1,-1
447,87,1859.54,389.59,60.48,197.27,0.2227,-1,-1,-1
448,2,1020.87,921.21,83.49,157.82,0.7502,-1,-1,-1
448,3,1721.13,458.04,71.37,209.75,0.5695,-1,-1,-1
448,5,787.84,572.00,72.80,248.47,0.6536,-1,-1,-1
448,16,882.27,590.87,80.42,242.78,0.6489,-1,-1,-1
448,18,442.99,210.26,72.90,193.63,0.5446,-1,-1,-1
448,36,968.57,608.18,74.41,211.93,0.6531,-1,-1,-1
448,41,794.13,148.96,56.41,171.39,0.3677,-1,-1,-1
448,48,940.33,-0.05,53.25,154.08,0.4614,-1,-1,-1
448,52,1004.67,11.96,55.65,154.61,0.4224,-1,-1,-1
448,67,251.77,647.60,94.61,253.47,0.7706,-1,-1,-1
448,68,1749.99,146.14,58.97,176.56,0.2122,-1,-1,-1
448,69,353.71,678.41,74.25,243.14,0.7585,-1,-1,-1
448,87,1859.97,388.77,60.29,197.63,0.2129,-1,-1,-1
449,2,1022.27,922.10,82.26,156.98,0.7503,-1,-1,-1
449,3,1723.91,457.23,71.93,209.68,0.5459,-1,-1,-1
449,5,788.61,572.85,73.73,247.61,0.6551,-1,-1,-1
449,16,881.96,593.57,81.53,245.92,0.6599,-1,-1,-1
449,18,442.71,209.87,72.74,193.39,0.5240,-1,-1,-1
449,36,968.00,609.98,75.46,210.88,0.6526,-1,-1,-1
449,41,793.96,149.05,56.63,171.40,0.3744,-1,-1,-1
449,48,938.50,-0.05,53.28,154.47,0.4381,-1,-1,-1
449,52,1004.87,12.06,55.34,153.85,0.3977,-1,-1,-1
449,67,251.88,647.89,94.60,252.76,0.7614,-1,-1,-1
449,68,1748.99,147.22,59.47,174.74,0.2558,-1,-1,-1
449,69,350.90,678.81,74.80,242.70,0.7629,-1,-1,-1
449,72,1560.85,632.97,68.36,217.75,0.2454,-1,-1,-1
449,87,1860.15,386.91,60.47,200.10,0.2606,-1,-1,-1
450,2,1023.29,920.53,81.62,158.00,0.7473,-1,-1,-1
450,3,1723.85,457.37,72.28,209.83,0.5642,-1,-1,-1
450,5,789.29,573.71,74.44,246.50,0.6372,-1,-1,-1
450,16,882.18,594.25,81.85,245.71,0.6518,-1,-1,-1
450,18,442.20,209.43,72.84,194.44,0.5358,-1,-1,-1
450,36,969.28,611.27,75.81,211.60,0.6552,-1,-1,-1
450,41,794.08,148.87,56.66,171.60,0.3725,-1,-1,-1
450,48,938.38,-0.01,52.87,153.69,0.4795,-1,-1,-1
450,52,1005.09,11.88,55.15,153.15,0.3956,-1,-1,-1
450,67,250.38,650.00,94.23,248.91,0.7589,-1,-1,-1
450,69,348.87,678.60,76.03,243.03,0.7609,-1,-1,-1
450,72,1559.25,632.52,67.54,217.69,0.2081,-1,-1,-1
450,87,1859.30,388.12,60.30,199.59,0.2233,-1,-1,-1
450,93,1666.87,359.35,67.05,196.13,0.2796,-1,-1,-1
451,2,1024.89,922.13,80.37,157.70,0.7439,-1,-1,-1
451,3,1720.53,458.13,72.41,208.76,0.5199,-1,-1,-1
451,5,790.22,575.43,74.12,243.95,0.6333,-1,-1,-1
451,16,882.06,597.27,81.31,243.28,0.6080,-1,-1,-1
451,18,440.98,209.23,72.83,194.01,0.5076,-1,-1,-1
451,36,970.57,612.31,77.05,216.83,0.6075,-1,-1,-1
451,41,794.05,149.01,55.53,170.56,0.3660,-1,-1,-1
451,48,938.10,-0.02,53.00,154.15,0.4595,-1,-1,-1
451,52,1004.86,12.39,55.17,153.30,0.3784,-1,-1,-1
451,67,249.92,651.98,92.93,246.23,0.7250,-1,-1,-1
451,69,346.52,680.14,76.68,243.96,0.7554,-1,-1,-1
451,72,1557.41,628.73,68.37,222.39,0.2715,-1,-1,-1
451,87,1858.62,390.27,60.19,198.41,0.2642,-1,-1,-1
451,93,1665.40,358.73,67.04,196.19,0.2291,-1,-1,-1
452,2,1026.08,922.09,79.32,157.91,0.7638,-1,-1,-1
452,3,1719.84,458.50,72.86,208.58,0.5371,-1,-1,-1
452,5,792.31,575.57,74.63,245.15,0.6450,-1,-1,-1
452,16,884.11,598.11,81.00,244.00,0.6392,-1,-1,-1
452,18,440.50,208.27,73.42,195.20,0.4617,-1,-1,-1
452,36,971.79,614.01,78.02,220.72,0.6030,-1,-1,-1
452,41,794.54,148.45,54.74,170.09,0.3514,-1,-1,-1
452,48,937.60,-0.02,53.63,156.71,0.4921,-1,-1,-1
452,52,1004.71,12.43,54.92,152.57,0.3808,-1,-1,-1
452,64,1417.75,542.54,61.56,154.66,0.3922,-1,-1,-1
452,67,248.94,653.54,93.48,250.59,0.7525,-1,-1,-1
452,69,344.15,680.21,77.52,241.61,0.7864,-1,-1,-1
452,72,1556.62,622.19,69.23,228.76,0.4182,-1,-1,-1
452,87,1855.85,389.29,61.17,198.42,0.2489,-1,-1,-1
452,93,1663.62,359.25,67.39,197.27,0.2578,-1,-1,-1
453,2,1026.71,921.51,78.73,158.50,0.7543,-1,-1,-1
453,3,1719.25,458.93,73.35,208.39,0.5330,-1,-1,-1
453,5,795.14,577.31,74.91,244.99,0.6387,-1,-1,-1
453,16,887.50,599.72,79.11,241.48,0.6336,-1,-1,-1
453,18,440.08,208.35,73.35,195.73,0.4324,-1,-1,-1
453,36,972.33,617.09,77.94,221.18,0.6078,-1,-1,-1
453,41,793.60,147.93,54.85,172.18,0.3078,-1,-1,-1
453,48,937.32,-0.01,53.27,156.18,0.5078,-1,-1,-1
453,52,1004.77,11.92,54.95,152.68,0.4045,-1,-1,-1
453,64,1425.88,544.16,63.30,154.72,0.3838,-1,-1,-1
453,67,248.12,656.32,93.12,253.24,0.7495,-1,-1,-1
453,68,1740.49,150.45,58.51,171.52,0.2058,-1,-1,-1
453,69,342.45,680.40,78.60,241.28,0.7834,-1,-1,-1
453,72,1550.19,617.54,72.99,233.34,0.4650,-1,-1,-1
453,87,1853.39,389.70,62.40,198.59,0.2300,-1,-1,-1
453,93,1663.03,359.08,67.40,197.05,0.3645,-1,-1,-1
454,2,1026.58,921.01,78.56,158.99,0.7552,-1,-1,-1
454,3,1717.73,457.83,74.27,208.52,0.5616,-1,-1,-1
454,5,796.05,578.17,74.34,243.89,0.6215,-1,-1,-1
454,16,885.15,600.48,79.78,240.53,0.6417,-1,-1,-1
454,18,441.79,207.95,72.72,196.99,0.4458,-1,-1,-1
454,36,975.54,618.93,76.40,220.16,0.6455,-1,-1,-1
454,41,794.62,148.07,54.59,171.45,0.3311,-1,-1,-1
454,48,936.98,-0.01,53.12,155.82,0.5302,-1,-1,-1
454,52,1004.93,11.20,55.03,153.57,0.4116,-1,-1,-1
454,64,1428.47,544.00,65.09,157.02,0.3619,-1,-1,-1
454,67,247.18,657.30,93.43,256.17,0.7521,-1,-1,-1
454,69,341.21,681.41,80.18,240.60,0.7978,-1,-1,-1
454,72,1554.67,621.34,70.52,230.14,0.4468,-1,-1,-1
454,87,1851.45,391.11,63.25,196.09,0.2703,-1,-1,-1
454,93,1661.85,359.77,65.49,190.81,0.4124,-1,-1,-1
455,2,1027.93,922.02,77.81,157.99,0.7529,-1,-1,-1
455,3,1716.79,457.78,75.56,209.94,0.5581,-1,-1,-1
455,5,797.52,579.67,74.29,242.53,0.6459,-1,-1,-1
455,16,886.70,601.28,78.77,235.71,0.6320,-1,-1,-1
455,18,440.93,204.49,72.80,197.92,0.4556,-1,-1,-1
455,36,977.58,621.98,75.41,216.09,0.6435,-1,-1,-1
455,41,794.26,148.01,54.73,171.22,0.3225,-1,-1,-1
455,48,937.06,0.12,52.67,155.31,0.5346,-1,-1,-1
455,52,1005.35,10.76,54.62,152.92,0.4312,-1,-1,-1
455,64,1431.30,544.39,66.02,157.30,0.2826,-1,-1,-1
455,67,246.44,658.24,94.33,259.53,0.7569,-1,-1,-1
455,69,339.55,683.04,80.46,242.64,0.7862,-1,-1,-1
455,72,1546.26,615.50,74.68,235.45,0.4991,-1,-1,-1
455,87,1850.16,392.40,62.66,190.83,0.2684,-1,-1,-1
455,93,1661.22,359.33,65.50,190.95,0.3732,-1,-1,-1
456,2,1028.54,921.94,77.88,158.06,0.7448,-1,-1,-1
456,3,1716.84,457.96,75.90,209.77,0.5721,-1,-1,-1
456,5,798.47,581.16,73.96,241.18,0.6527,-1,-1,-1
456,16,886.95,601.70,80.23,235.91,0.6556,-1,-1,-1
456,18,441.42,203.74,71.79,198.27,0.5163,-1,-1,-1
456,36,978.85,623.81,76.61,219.97,0.6811,-1,-1,-1
456,41,794.19,146.17,55.28,172.69,0.3077,-1,-1,-1
456,48,937.40,0.00,52.11,154.33,0.5443,-1,-1,-1
456,52,1005.58,9.41,54.48,153.30,0.4678,-1,-1,-1
456,64,1432.80,544.43,66.08,157.03,0.2771,-1,-1,-1
456,67,245.24,660.59,94.57,262.00,0.7581,-1,-1,-1
456,69,337.09,684.46,81.52,247.20,0.7767,-1,-1,-1
456,72,1549.43,614.71,74.75,236.64,0.4729,-1,-1,-1
456,87,1846.55,390.11,66.54,199.81,0.2842,-1,-1,-1
456,93,1659.18,359.35,65.85,191.89,0.3938,-1,-1,-1
457,2,1028.55,922.14,77.94,157.87,0.7306,-1,-1,-1
457,3,1716.28,458.09,76.42,209.25,0.6010,-1,-1,-1
457,5,799.44,581.48,73.44,241.51,0.6690,-1,-1,-1
457,16,887.88,602.56,81.50,237.36,0.6549,-1,-1,-1
457,18,442.40,201.49,70.56,198.32,0.5362,-1,-1,-1
457,36,979.46,624.91,76.70,221.97,0.6708,-1,-1,-1
457,41,793.12,145.38,56.21,174.56,0.3197,-1,-1,-1
457,48,937.62,0.00,51.50,152.77,0.5351,-1,-1,-1
457,52,1006.15,9.18,53.52,150.56,0.4524,-1,-1,-1
457,67,244.30,662.76,94.72,262.05,0.7619,-1,-1,-1
457,69,335.11,688.43,80.98,249.28,0.7935,-1,-1,-1
457,72,1549.62,614.32,74.99,238.53,0.4565,-1,-1,-1
457,87,1843.17,386.28,68.66,204.58,0.2990,-1,-1,-1
457,93,1658.84,359.59,65.01,189.38,0.4065,-1,-1,-1
458,2,1028.66,921.61,78.68,158.39,0.7396,-1,-1,-1
458,3,1715.90,458.17,77.23,210.14,0.5700,-1,-1,-1
458,5,802.29,583.58,73.53,240.72,0.6576,-1,-1,-1
458,16,892.66,603.88,80.78,239.02,0.6841,-1,-1,-1
458,18,443.93,199.72,68.44,195.30,0.5317,-1,-1,-1
458,36,980.61,625.37,77.16,222.38,0.6740,-1,-1,-1
458,41,794.99,145.56,55.69,174.03,0.3023,-1,-1,-1
458,48,936.67,-0.01,51.45,151.71,0.4903,-1,-1,-1
458,52,1006.50,8.27,52.98,148.40,0.4154,-1,-1,-1
458,67,243.55,665.71,95.39,262.12,0.7638,-1,-1,-1
458,69,334.74,691.84,79.86,247.64,0.7933,-1,-1,-1
458,72,1549.91,613.80,74.58,238.49,0.4577,-1,-1,-1
458,87,1840.91,383.37,68.41,202.34,0.3704,-1,-1,-1
458,93,1656.94,358.68,64.89,189.78,0.4433,-1,-1,-1
459,2,1028.25,921.23,79.37,158.65,0.7310,-1,-1,-1
459,3,1717.14,458.38,76.85,209.47,0.5413,-1,-1,-1
459,5,804.85,584.01,74.17,240.66,0.6422,-1,-1,-1
459,16,895.01,605.60,79.57,238.25,0.6813,-1,-1,-1
459,18,444.49,196.99,67.25,193.45,0.4999,-1,-1,-1
459,36,981.84,627.63,77.65,221.48,0.6877,-1,-1,-1
459,41,794.06,145.27,55.98,174.79,0.2826,-1,-1,-1
459,48,936.80,0.02,50.71,148.30,0.4691,-1,-1,-1
459,52,1007.63,7.25,52.12,146.02,0.3968,-1,-1,-1
459,67,242.39,668.04,96.43,265.46,0.7719,-1,-1,-1
459,69,333.86,695.64,78.31,245.87,0.8080,-1,-1,-1
459,72,1549.89,614.13,73.84,238.39,0.4907,-1,-1,-1
459,87,1839.18,382.53,69.12,201.22,0.3715,-1,-1,-1
459,93,1655.11,357.33,64.68,189.54,0.3799,-1,-1,-1
460,2,1028.31,921.41,79.82,158.56,0.7354,-1,-1,-1
460,3,1717.17,457.01,77.22,211.39,0.5457,-1,-1,-1
460,5,807.27,583.92,75.35,240.88,0.6625,-1,-1,-1
460,16,897.16,607.07,79.63,240.41,0.7076,-1,-1,-1
460,18,444.92,195.33,66.24,190.39,0.5144,-1,-1,-1
460,36,982.78,628.27,77.66,220.71,0.6722,-1,-1,-1
460,41,795.00,145.82,55.48,173.82,0.3152,-1,-1,-1
460,48,935.98,0.11,51.28,147.22,0.5077,-1,-1,-1
460,52,1007.78,5.67,52.09,146.61,0.4398,-1,-1,-1
460,67,242.05,668.24,96.90,267.56,0.7748,-1,-1,-1
460,68,1726.08,143.18,65.58,184.16,0.2179,-1,-1,-1
460,69,334.58,698.95,77.21,242.15,0.8116,-1,-1,-1
460,72,1550.05,615.68,72.62,237.31,0.4465,-1,-1,-1
460,87,1834.76,379.53,72.37,207.81,0.3329,-1,-1,-1
461,2,1028.27,921.81,80.22,158.19,0.7365,-1,-1,-1
461,3,1718.66,457.59,76.27,210.17,0.5476,-1,-1,-1
461,5,809.32,583.02,76.37,240.53,0.6707,-1,-1,-1
461,16,898.45,609.90,79.38,240.17,0.7093,-1,-1,-1
461,18,444.74,193.41,66.07,190.02,0.5138,-1,-1,-1
461,36,983.45,629.33,77.97,220.87,0.6586,-1,-1,-1
461,41,795.90,145.40,55.20,173.77,0.3443,-1,-1,-1
461,48,935.92,0.99,51.33,145.26,0.4429,-1,-1,-1
461,52,1007.52,5.33,52.55,148.13,0.4040,-1,-1,-1
461,67,242.36,670.01,97.11,266.13,0.7844,-1,-1,-1
461,68,1726.03,142.81,68.17,185.16,0.2000,-1,-1,-1
461,69,334.38,702.33,77.69,244.90,0.8070,-1,-1,-1
461,72,1549.39,613.28,72.37,238.87,0.4312,-1,-1,-1
461,87,1830.27,378.94,71.56,202.88,0.3261,-1,-1,-1
462,2,1027.77,921.62,80.50,158.29,0.7498,-1,-1,-1
462,3,1719.06,455.35,76.81,213.51,0.5332,-1,-1,-1
462,5,811.20,583.31,78.24,242.42,0.6680,-1,-1,-1
462,16,899.37,611.54,79.18,239.41,0.7144,-1,-1,-1
462,18,444.19,192.74,66.05,189.42,0.5091,-1,-1,-1
462,36,984.80,630.72,77.94,219.04,0.6686,-1,-1,-1
462,41,796.72,145.42,54.73,173.89,0.3495,-1,-1,-1
462,48,935.86,3.12,51.20,142.62,0.3588,-1,-1,-1
462,52,1007.47,4.74,52.85,149.22,0.4001,-1,-1,-1
462,67,241.64,671.65,95.47,264.19,0.7662,-1,-1,-1
462,68,1720.99,91.53,84.20,237.13,0.2827,-1,-1,-1
462,69,332.72,703.72,78.98,248.34,0.8079,-1,-1,-1
462,72,1551.21,618.47,70.13,233.83,0.3258,-1,-1,-1
462,87,1830.46,377.50,75.14,207.73,0.3072,-1,-1,-1
463,2,1027.46,921.33,80.83,158.67,0.7400,-1,-1,-1
463,3,1719.25,456.64,75.75,211.44,0.5607,-1,-1,-1
463,5,813.04,583.38,80.34,243.18,0.6871,-1,-1,-1
463,16,901.32,613.77,78.15,235.59,0.7067,-1,-1,-1
463,18,444.72,193.92,66.01,188.28,0.4822,-1,-1,-1
463,36,987.15,631.12,76.98,215.21,0.6904,-1,-1,-1
463,41,796.42,144.63,54.71,174.37,0.3635,-1,-1,-1
463,48,936.05,3.54,51.49,141.62,0.4157,-1,-1,-1
463,52,1007.06,4.31,53.39,150.26,0.4364,-1,-1,-1
463,67,241.49,673.59,94.58,264.52,0.7677,-1,-1,-1
463,68,1722.75,76.88,86.67,252.34,0.2738,-1,-1,-1
463,69,332.10,704.02,79.37,249.72,0.8071,-1,-1,-1
463,72,1550.76,614.90,70.42,237.10,0.3084,-1,-1,-1
463,87,1823.11,376.13,73.83,203.12,0.3667,-1,-1,-1
464,2,1026.99,920.99,81.16,159.01,0.7489,-1,-1,-1
464,3,1718.80,455.75,75.86,212.25,0.5242,-1,-1,-1
464,5,814.55,584.55,83.20,244.73,0.6955,-1,-1,-1
464,16,902.76,616.17,77.56,233.77,0.6802,-1,-1,-1
464,18,445.45,191.73,67.46,190.49,0.4858,-1,-1,-1
464,36,986.20,632.08,77.72,217.09,0.6616,-1,-1,-1
464,41,796.47,144.79,54.49,173.65,0.3757,-1,-1,-1
464,48,935.77,2.46,52.37,142.91,0.3833,-1,-1,-1
464,52,1006.83,3.22,54.04,151.82,0.4628,-1,-1,-1
464,67,241.61,675.42,95.04,264.17,0.7494,-1,-1,-1
464,68,1725.41,73.00,85.86,256.03,0.3142,-1,-1,-1
464,69,333.42,705.49,78.15,250.77,0.8035,-1,-1,-1
464,72,1550.90,621.21,68.53,231.10,0.2565,-1,-1,-1
464,87,1819.86,374.75,73.97,203.69,0.3434,-1,-1,-1
465,2,1026.51,922.04,80.84,157.96,0.7429,-1,-1,-1
465,3,1719.54,456.11,75.47,212.29,0.5301,-1,-1,-1
465,5,815.28,585.36,85.02,243.46,0.6829,-1,-1,-1
465,16,904.25,618.31,77.19,230.95,0.6821,-1,-1,-1
465,18,444.85,191.37,68.74,191.49,0.5128,-1,-1,-1
465,36,988.11,635.00,77.03,215.44,0.6505,-1,-1,-1
465,41,797.43,144.89,54.32,174.31,0.3959,-1,-1,-1
465,48,935.68,2.44,52.78,142.68,0.4026,-1,-1,-1
465,52,1007.06,3.98,53.81,150.56,0.4292,-1,-1,-1
465,67,240.88,677.59,94.40,260.32,0.7564,-1,-1,-1
465,69,333.66,706.52,75.97,250.54,0.7918,-1,-1,-1
465,72,1550.81,616.66,69.38,235.64,0.2331,-1,-1,-1
465,87,1816.77,372.79,74.04,202.70,0.3463,-1,-1,-1
466,2,1026.55,922.40,80.90,157.60,0.7224,-1,-1,-1
466,3,1720.31,456.00,74.50,211.38,0.5422,-1,-1,-1
466,5,814.51,584.50,87.80,243.24,0.7228,-1,-1,-1
466,16,904.68,620.72,78.06,232.16,0.6907,-1,-1,-1
466,18,444.96,191.06,69.17,190.63,0.5269,-1,-1,-1
466,36,989.03,637.35,77.56,218.48,0.6281,-1,-1,-1
466,41,798.30,144.63,54.04,175.21,0.3824,-1,-1,-1
466,48,936.71,1.94,52.77,142.56,0.4292,-1,-1,-1
466,52,1006.86,2.97,54.13,150.72,0.4543,-1,-1,-1
466,67,238.57,679.54,91.03,256.02,0.7708,-1,-1,-1
466,69,333.56,706.55,74.65,249.37,0.7793,-1,-1,-1
466,87,1814.66,371.78,75.67,205.27,0.4134,-1,-1,-1
467,2,1026.69,922.29,80.66,155.92,0.7228,-1,-1,-1
467,3,1720.15,454.38,74.91,214.08,0.5504,-1,-1,-1
467,5,812.53,584.47,90.82,245.18,0.7365,-1,-1,-1
467,16,904.49,621.40,79.53,237.10,0.7204,-1,-1,-1
467,18,446.06,191.21,69.78,189.85,0.5819,-1,-1,-1
467,36,990.03,637.77,77.66,220.07,0.5957,-1,-1,-1
467,41,798.87,144.17,53.47,175.02,0.3321,-1,-1,-1
467,48,937.30,2.93,52.65,142.56,0.4137,-1,-1,-1
467,52,1007.23,3.73,54.24,150.04,0.4453,-1,-1,-1
467,67,238.49,680.68,89.10,250.66,0.7722,-1,-1,-1
467,69,333.82,706.71,73.54,249.58,0.7877,-1,-1,-1
467,87,1812.38,369.66,76.93,208.54,0.3932,-1,-1,-1
467,100,437.55,31.75,65.91,175.92,0.2594,-1,-1,-1
468,2,1026.96,922.60,80.65,155.50,0.7187,-1,-1,-1
468,3,1720.30,455.83,73.91,211.91,0.5397,-1,-1,-1
468,5,811.99,584.67,93.69,247.22,0.7377,-1,-1,-1
468,16,906.54,622.38,78.36,233.04,0.6928,-1,-1,-1
468,18,447.77,190.97,69.58,189.12,0.5440,-1,-1,-1
468,36,990.52,640.65,77.13,218.93,0.5687,-1,-1,-1
468,41,798.30,143.41,53.86,176.53,0.3716,-1,-1,-1
468,48,937.82,3.96,52.27,141.30,0.4520,-1,-1,-1
468,52,1006.82,3.89,54.40,149.48,0.4190,-1,-1,-1
468,67,236.73,681.22,89.54,251.86,0.7835,-1,-1,-1
468,69,333.82,708.42,72.24,245.94,0.7651,-1,-1,-1
468,87,1808.84,368.26,78.02,210.59,0.4680,-1,-1,-1
468,93,1643.59,340.99,66.14,192.89,0.2011,-1,-1,-1
468,100,436.65,32.26,65.25,174.19,0.2969,-1,-1,-1
468,101,95.56,370.22,71.78,165.04,0.2580,-1,-1,-1
469,2,1027.12,922.85,80.16,155.50,0.7272,-1,-1,-1
469,3,1720.53,454.26,73.81,212.58,0.5332,-1,-1,-1
469,5,811.33,584.82,96.26,249.59,0.7287,-1,-1,-1
469,16,908.28,623.33,77.70,230.36,0.6868,-1,-1,-1
469,18,448.93,189.44,69.32,188.77,0.5631,-1,-1,-1
469,36,990.85,642.86,75.28,210.92,0.5474,-1,-1,-1
469,41,799.09,142.62,53.70,177.44,0.3490,-1,-1,-1
469,48,937.74,3.64,52.52,140.88,0.4317,-1,-1,-1
469,52,1006.38,3.11,55.12,150.36,0.3837,-1,-1,-1
469,67,234.78,683.59,90.74,252.67,0.7806,-1,-1,-1
469,69,333.13,710.69,72.77,246.87,0.7775,-1,-1,-1
469,87,1805.90,366.51,78.72,211.69,0.4944,-1,-1,-1
469,100,435.32,32.10,65.54,174.84,0.2740,-1,-1,-1
470,2,1026.01,922.31,80.54,156.34,0.7225,-1,-1,-1
470,3,1721.12,455.40,73.22,211.47,0.5311,-1,-1,-1
470,5,809.91,584.97,98.70,253.00,0.7260,-1,-1,-1
470,16,910.48,624.52,76.82,227.57,0.6452,-1,-1,-1
470,18,448.45,188.31,69.98,189.82,0.5750,-1,-1,-1
470,36,990.12,644.49,77.09,216.23,0.4770,-1,-1,-1
470,41,798.76,142.50,53.51,177.53,0.3894,-1,-1,-1
470,48,937.22,2.80,53.05,141.71,0.3947,-1,-1,-1
470,52,1005.81,1.64,55.72,151.33,0.3838,-1,-1,-1
470,67,233.35,686.13,91.87,255.61,0.7879,-1,-1,-1
470,69,331.61,712.27,72.83,245.33,0.7976,-1,-1,-1
470,87,1805.02,364.94,78.21,209.71,0.4617,-1,-1,-1
470,93,1640.74,338.88,67.78,197.43,0.2925,-1,-1,-1
470,100,436.11,32.47,64.26,171.33,0.2907,-1,-1,-1
470,103,270.82,112.39,67.14,265.31,0.2421,-1,-1,-1
471,2,1025.30,923.79,80.25,156.13,0.7271,-1,-1,-1
471,3,1720.67,455.29,73.63,213.11,0.5355,-1,-1,-1
471,5,809.78,585.61,100.79,255.87,0.7076,-1,-1,-1
471,16,912.94,624.99,75.41,221.51,0.5912,-1,-1,-1
471,18,449.21,185.30,70.69,193.56,0.5805,-1,-1,-1
471,36,988.96,646.53,79.10,221.69,0.4884,-1,-1,-1
471,41,799.01,142.69,53.39,177.86,0.3667,-1,-1,-1
471,48,937.71,3.06,52.75,140.66,0.4088,-1,-1,-1
471,52,1004.90,1.69,55.52,150.70,0.4061,-1,-1,-1
471,67,231.47,687.98,94.01,260.62,0.7879,-1,-1,-1
471,69,329.09,714.49,73.96,244.61,0.8037,-1,-1,-1
471,87,1803.24,365.16,78.40,208.39,0.5075,-1,-1,-1
471,93,1639.86,336.97,68.37,199.18,0.2567,-1,-1,-1
471,100,437.41,32.43,63.23,168.59,0.2539,-1,-1,-1
472,2,1025.23,924.35,79.69,155.65,0.7042,-1,-1,-1
472,3,1720.18,455.41,73.88,213.52,0.5548,-1,-1,-1
472,5,808.91,586.65,101.43,257.48,0.7262,-1,-1,-1
472,16,913.95,625.89,75.63,221.36,0.6320,-1,-1,-1
472,18,450.09,183.95,70.25,195.06,0.5978,-1,-1,-1
472,36,988.90,647.57,79.88,224.27,0.5033,-1,-1,-1
472,41,799.57,141.98,53.50,178.31,0.3948,-1,-1,-1
472,48,937.14,3.04,52.90,140.34,0.3718,-1,-1,-1
472,52,1003.88,0.24,55.84,151.83,0.4107,-1,-1,-1
472,67,229.53,690.28,95.12,264.92,0.7863,-1,-1,-1
472,69,327.96,716.61,75.38,246.07,0.8164,-1,-1,-1
472,87,1802.46,364.94,78.03,206.49,0.4954,-1,-1,-1
472,93,1639.77,339.53,67.43,196.12,0.2692,-1,-1,-1
472,100,439.22,32.40,61.72,164.26,0.2297,-1,-1,-1
472,103,276.23,124.35,63.43,251.73,0.2403,-1,-1,-1
473,2,1024.47,925.54,79.53,154.47,0.7215,-1,-1,-1
473,3,1719.39,454.50,74.91,215.98,0.5501,-1,-1,-1
473,5,807.85,587.14,100.79,257.66,0.7552,-1,-1,-1
473,16,914.00,627.16,77.72,227.51,0.6851,-1,-1,-1
473,18,451.21,181.37,68.87,191.43,0.5696,-1,-1,-1
473,36,989.42,648.75,79.48,224.04,0.5336,-1,-1,-1
473,41,800.63,144.58,52.34,175.62,0.3748,-1,-1,-1
473,48,937.21,3.37,52.86,139.76,0.3647,-1,-1,-1
473,52,1003.82,-0.07,56.20,152.57,0.3402,-1,-1,-1
473,67,228.03,693.59,95.22,265.08,0.7660,-1,-1,-1
473,69,325.60,720.94,76.78,247.96,0.8012,-1,-1,-1
473,87,1800.18,363.81,79.16,207.42,0.4842,-1,-1,-1
473,93,1639.90,338.17,67.41,196.48,0.2807,-1,-1,-1
473,100,440.44,32.50,60.64,161.13,0.2360,-1,-1,-1
473,103,279.15,135.23,60.48,240.22,0.2534,-1,-1,-1
474,2,1024.67,924.94,79.45,154.62,0.7101,-1,-1,-1
474,3,1718.20,455.04,75.17,215.24,0.5399,-1,-1,-1
474,5,807.55,587.82,99.82,257.06,0.7578,-1,-1,-1
474,16,914.65,627.80,78.14,227.05,0.6430,-1,-1,-1
474,18,452.76,179.00,68.10,190.04,0.5176,-1,-1,-1
474,36,989.80,650.00,79.66,226.36,0.5512,-1,-1,-1
474,41,800.10,143.45,52.52,177.09,0.3932,-1,-1,-1
474,48,937.29,3.16,53.12,140.09,0.3696,-1,-1,-1
474,52,1003.21,-0.11,56.33,152.48,0.3794,-1,-1,-1
474,67,226.15,694.65,96.35,268.64,0.7615,-1,-1,-1
474,69,323.81,723.65,78.06,251.09,0.7889,-1,-1,-1
474,87,1796.92,363.24,80.10,206.69,0.4751,-1,-1,-1
474,93,1639.21,336.99,67.49,197.72,0.2102,-1,-1,-1
474,100,441.10,31.89,60.35,160.13,0.2095,-1,-1,-1
475,2,1024.51,925.34,78.80,154.33,0.7104,-1,-1,-1
475,3,1717.81,455.55,76.17,214.58,0.5218,-1,-1,-1
475,5,807.26,588.68,98.29,255.89,0.7549,-1,-1,-1
475,16,915.06,629.70,79.48,233.44,0.6726,-1,-1,-1
475,18,453.34,180.38,66.19,185.62,0.5141,-1,-1,-1
475,36,991.44,652.46,78.67,224.79,0.5985,-1,-1,-1
475,41,800.90,143.61,52.10,176.97,0.3915,-1,-1,-1
475,48,936.74,3.06,53.55,141.24,0.3579,-1,-1,-1
475,52,1002.46,-0.16,55.69,150.81,0.3840,-1,-1,-1
475,67,224.28,697.18,96.50,270.46,0.7566,-1,-1,-1
475,69,322.37,726.60,78.48,251.67,0.7796,-1,-1,-1
475,72,1535.84,569.93,77.63,260.82,0.2137,-1,-1,-1
475,87,1794.56,363.40,81.13,206.78,0.4788,-1,-1,-1
475,100,441.41,32.04,60.34,159.88,0.2111,-1,-1,-1
475,103,280.79,127.71,60.43,240.68,0.2332,-1,-1,-1
476,2,1024.25,926.45,78.37,153.27,0.7218,-1,-1,-1
476,3,1716.05,456.16,77.30,213.80,0.4998,-1,-1,-1
476,5,806.32,589.10,96.68,255.90,0.7432,-1,-1,-1
476,16,915.87,631.30,78.75,231.31,0.6058,-1,-1,-1
476,18,453.44,179.83,65.74,184.57,0.5311,-1,-1,-1
476,36,994.04,654.51,76.92,222.59,0.5613,-1,-1,-1
476,41,801.46,142.77,51.67,177.06,0.4350,-1,-1,-1
476,48,936.76,3.23,53.61,141.53,0.3197,-1,-1,-1
476,52,1002.19,-0.16,54.74,147.89,0.3118,-1,-1,-1
476,67,223.78,700.34,95.75,268.81,0.7453,-1,-1,-1
476,69,321.62,728.26,78.04,249.97,0.7718,-1,-1,-1
476,87,1789.90,362.65,82.65,208.09,0.4429,-1,-1,-1
476,100,440.84,32.11,60.94,160.61,0.2087,-1,-1,-1
477,2,1023.86,926.90,78.37,153.07,0.7135,-1,-1,-1
477,3,1715.81,457.12,78.02,212.17,0.5110,-1,-1,-1
477,5,806.62,589.96,94.12,254.67,0.7750,-1,-1,-1
477,16,916.55,633.68,79.02,230.31,0.6560,-1,-1,-1
477,18,451.51,175.43,67.63,188.90,0.5386,-1,-1,-1
477,36,995.35,656.11,75.44,221.67,0.5793,-1,-1,-1
477,41,801.61,145.16,51.02,175.05,0.4651,-1,-1,-1
477,48,936.55,3.13,53.28,140.81,0.2788,-1,-1,-1
477,52,1001.49,2.13,54.12,146.31,0.2707,-1,-1,-1
477,67,222.68,701.96,94.86,266.42,0.7464,-1,-1,-1
477,69,319.86,730.47,78.35,251.97,0.7649,-1,-1,-1
477,87,1789.09,361.86,82.98,207.33,0.5018,-1,-1,-1
477,93,1637.67,341.17,64.84,191.05,0.2794,-1,-1,-1
477,100,440.41,31.93,62.56,164.44,0.2271,-1,-1,-1
477,103,280.87,115.88,62.40,250.85,0.2294,-1,-1,-1
478,2,1023.40,928.53,77.78,151.49,0.7246,-1,-1,-1
478,3,1713.70,457.06,79.41,211.77,0.4684,-1,-1,-1
478,5,805.74,590.42,91.79,254.73,0.7848,-1,-1,-1
478,16,914.84,635.46,79.83,229.18,0.6714,-1,-1,-1
478,18,453.42,177.67,66.26,185.03,0.5338,-1,-1,-1
478,36,997.02,656.54,74.22,220.32,0.5603,-1,-1,-1
478,41,801.94,145.77,50.82,174.61,0.4709,-1,-1,-1
478,48,937.16,4.47,52.65,139.53,0.3251,-1,-1,-1
478,52,1001.37,1.53,53.97,146.15,0.3082,-1,-1,-1
478,67,220.72,703.35,95.01,265.60,0.7401,-1,-1,-1
478,69,319.95,732.99,78.26,252.92,0.7587,-1,-1,-1
478,72,1541.93,591.51,72.34,237.73,0.2882,-1,-1,-1
478,87,1789.92,360.19,82.17,206.34,0.4611,-1,-1,-1
478,93,1636.80,337.07,64.93,194.39,0.2525,-1,-1,-1
478,100,441.55,30.84,64.00,169.15,0.2058,-1,-1,-1
479,2,1022.22,929.64,77.40,150.36,0.7199,-1,-1,-1
479,3,1714.04,457.49,80.22,210.75,0.4743,-1,-1,-1
479,5,804.87,591.20,89.17,253.87,0.7851,-1,-1,-1
479,16,914.54,639.16,80.76,232.26,0.7042,-1,-1,-1
479,18,452.55,176.99,66.97,186.07,0.5666,-1,-1,-1
479,36,996.35,656.73,74.47,222.49,0.6304,-1,-1,-1
479,41,802.99,145.97,50.58,175.20,0.4562,-1,-1,-1
479,48,936.70,4.43,52.19,138.99,0.3325,-1,-1,-1
479,52,1000.75,1.13,53.05,144.50,0.2898,-1,-1,-1
479,67,221.15,703.99,95.34,264.47,0.7293,-1,-1,-1
479,69,317.92,734.72,79.34,254.87,0.7569,-1,-1,-1
479,72,1542.15,594.10,73.71,234.71,0.2386,-1,-1,-1
479,87,1787.41,360.29,82.30,206.23,0.5366,-1,-1,-1
479,93,1636.56,335.21,64.49,195.60,0.2566,-1,-1,-1
480,2,1021.08,932.21,76.91,147.79,0.7371,-1,-1,-1
480,3,1706.63,456.86,83.19,210.26,0.3887,-1,-1,-1
480,5,804.29,592.13,87.75,253.67,0.7775,-1,-1,-1
480,16,912.53,641.25,83.40,239.33,0.6699,-1,-1,-1
480,18,448.58,172.88,70.31,191.96,0.5275,-1,-1,-1
480,36,997.69,658.00,72.92,220.26,0.6105,-1,-1,-1
480,41,803.88,146.29,49.99,175.24,0.4214,-1,-1,-1
480,48,935.73,2.26,52.15,139.14,0.3027,-1,-1,-1
480,52,1000.87,1.33,51.92,141.80,0.2766,-1,-1,-1
480,67,219.39,704.17,94.45,263.00,0.7455,-1,-1,-1
480,69,313.90,736.53,80.23,253.14,0.7508,-1,-1,-1
480,72,1540.29,592.44,76.00,236.51,0.2288,-1,-1,-1
480,87,1785.62,359.53,81.31,206.73,0.5201,-1,-1,-1
480,93,1635.32,331.78,64.17,197.35,0.2297,-1,-1,-1
481,2,1019.93,930.99,77.95,149.02,0.7375,-1,-1,-1
481,3,1709.24,457.85,84.64,210.18,0.3960,-1,-1,-1
481,5,803.97,593.48,85.99,253.18,0.7920,-1,-1,-1
481,16,910.77,644.27,83.38,236.44,0.6780,-1,-1,-1
481,18,447.70,171.30,71.73,193.31,0.5352,-1,-1,-1
481,36,994.37,660.17,73.75,220.83,0.5935,-1,-1,-1
481,41,803.47,144.16,49.99,176.44,0.4373,-1,-1,-1
481,48,934.34,1.13,52.05,138.39,0.3851,-1,-1,-1
481,52,1000.74,0.35,52.51,143.08,0.3817,-1,-1,-1
481,67,218.76,704.44,93.58,262.89,0.7620,-1,-1,-1
481,69,307.44,737.29,83.70,254.99,0.7765,-1,-1,-1
481,87,1785.80,358.17,78.79,204.71,0.5711,-1,-1,-1
481,93,1634.86,333.68,62.27,193.03,0.2082,-1,-1,-1
481,100,441.04,25.44,65.01,170.59,0.2070,-1,-1,-1
481,108,1730.93,169.72,60.10,170.37,0.4173,-1,-1,-1
482,2,1020.03,932.77,77.56,147.24,0.7318,-1,-1,-1
482,3,1709.73,458.71,85.44,210.00,0.4341,-1,-1,-1
482,5,803.26,594.27,85.06,253.17,0.7817,-1,-1,-1
482,16,907.83,646.04,87.63,247.28,0.6959,-1,-1,-1
482,18,450.81,175.48,69.66,186.92,0.5106,-1,-1,-1
482,36,995.45,662.68,73.98,221.91,0.6288,-1,-1,-1
482,41,804.18,144.13,49.66,177.24,0.4877,-1,-1,-1
482,48,934.06,1.13,51.22,135.54,0.3260,-1,-1,-1
482,52,999.71,0.54,52.42,142.79,0.3558,-1,-1,-1
482,67,218.98,706.29,92.17,261.00,0.7567,-1,-1,-1
482,69,306.79,738.26,84.74,255.93,0.7730,-1,-1,-1
482,72,1544.55,595.90,76.99,233.65,0.2120,-1,-1,-1
482,87,1784.00,356.48,77.85,206.03,0.5449,-1,-1,-1
482,100,441.44,23.90,65.93,171.43,0.2169,-1,-1,-1
482,108,1730.87,171.67,60.37,170.07,0.4141,-1,-1,-1
483,2,1019.60,933.01,77.96,147.00,0.7341,-1,-1,-1
483,3,1704.43,458.19,87.88,209.89,0.3725,-1,-1,-1
483,5,801.68,595.35,84.56,252.05,0.7749,-1,-1,-1
483,16,908.59,648.74,87.10,246.56,0.7108,-1,-1,-1
483,18,452.59,173.54,69.72,188.43,0.5149,-1,-1,-1
483,36,997.70,664.53,73.44,221.95,0.6214,-1,-1,-1
483,41,804.69,143.45,49.13,176.73,0.4693,-1,-1,-1
483,48,933.95,1.46,50.94,134.37,0.3301,-1,-1,-1
483,52,999.19,0.09,53.11,144.65,0.3856,-1,-1,-1
483,67,218.96,707.34,91.50,259.05,0.7560,-1,-1,-1
483,69,303.54,739.31,85.26,255.63,0.7747,-1,-1,-1
483,72,1547.02,587.24,79.98,243.61,0.2321,-1,-1,-1
483,87,1782.67,355.54,77.25,206.70,0.5061,-1,-1,-1
483,93,1633.43,332.25,61.23,190.00,0.2467,-1,-1,-1
483,108,1729.85,170.22,61.08,171.77,0.4124,-1,-1,-1
483,110,880.26,1.24,48.55,130.36,0.2166,-1,-1,-1
484,2,1019.16,933.44,78.52,146.56,0.7211,-1,-1,-1
484,3,1701.42,458.40,90.52,210.50,0.3799,-1,-1,-1
484,5,801.26,596.48,84.96,250.85,0.7704,-1,-1,-1
484,16,908.89,649.16,87.60,250.15,0.7006,-1,-1,-1
484,18,453.99,173.02,68.62,188.93,0.5114,-1,-1,-1
484,36,998.23,667.60,73.64,223.79,0.6051,-1,-1,-1
484,41,806.18,144.92,48.10,175.12,0.4644,-1,-1,-1
484,48,934.07,2.52,50.00,130.93,0.3277,-1,-1,-1
484,52,999.47,-0.00,53.10,145.01,0.4211,-1,-1,-1
484,67,218.65,709.10,90.64,256.82,0.7553,-1,-1,-1
484,69,302.80,740.68,84.88,254.12,0.7661,-1,-1,-1
484,72,1545.06,595.16,77.84,234.45,0.2709,-1,-1,-1
484,87,1782.63,353.87,74.86,205.25,0.5102,-1,-1,-1
484,100,444.21,18.57,65.17,168.71,0.2206,-1,-1,-1
484,108,1730.64,169.53,61.90,173.13,0.4064,-1,-1,-1
484,110,879.23,0.97,48.47,129.76,0.2410,-1,-1,-1
485,2,1019.04,933.84,79.08,146.16,0.7110,-1,-1,-1
485,3,1692.48,457.81,94.52,209.24,0.3766,-1,-1,-1
485,5,800.26,597.13,85.95,250.47,0.7825,-1,-1,-1
485,16,910.37,650.04,85.30,247.02,0.7237,-1,-1,-1
485,18,454.28,170.83,68.11,190.70,0.5326,-1,-1,-1
485,36,998.57,668.85,74.19,226.50,0.6333,-1,-1,-1
485,41,806.88,145.05,47.63,175.71,0.4741,-1,-1,-1
485,48,933.21,2.45,49.61,128.53,0.3161,-1,-1,-1
485,52,999.45,-0.02,52.52,143.78,0.4202,-1,-1,-1
485,67,218.28,711.00,90.60,256.49,0.7631,-1,-1,-1
485,69,301.16,742.05,84.70,252.21,0.7637,-1,-1,-1
485,87,1782.05,353.19,72.15,199.41,0.4362,-1,-1,-1
485,100,446.25,15.44,64.41,167.26,0.2018,-1,-1,-1
485,108,1730.55,169.88,63.04,175.16,0.3886,-1,-1,-1
485,110,879.00,0.74,48.63,129.84,0.2059,-1,-1,-1
486,2,1018.10,934.25,79.82,145.76,0.7146,-1,-1,-1
486,3,1686.35,456.86,97.88,211.31,0.2663,-1,-1,-1
486,5,799.84,597.44,87.40,251.39,0.7894,-1,-1,-1
486,16,910.42,650.99,84.22,244.73,0.7323,-1,-1,-1
486,18,455.28,163.30,68.63,198.05,0.5532,-1,-1,-1
486,36,1000.56,671.25,72.23,222.01,0.6571,-1,-1,-1
486,41,807.63,145.58,47.12,174.99,0.4851,-1,-1,-1
486,48,933.03,2.52,49.79,128.30,0.3431,-1,-1,-1
486,52,999.04,-0.03,52.24,143.63,0.4080,-1,-1,-1
486,67,216.63,712.80,91.42,259.59,0.7752,-1,-1,-1
486,69,300.37,742.39,84.58,251.40,0.7718,-1,-1,-1
486,72,1546.24,601.67,76.65,229.49,0.2329,-1,-1,-1
486,87,1780.24,351.29,71.73,200.49,0.4604,-1,-1,-1
486,93,1633.46,333.44,58.63,182.42,0.2231,-1,-1,-1
486,100,447.86,12.69,63.66,166.27,0.2243,-1,-1,-1
486,108,1731.12,176.43,62.17,171.02,0.3636,-1,-1,-1
486,110,879.05,0.99,48.51,128.84,0.2130,-1,-1,-1
486,111,416.19,157.44,48.50,174.84,0.3337,-1,-1,-1
487,2,1018.66,935.02,80.10,144.98,0.7063,-1,-1,-1
487,3,1689.01,456.56,99.21,210.60,0.3792,-1,-1,-1
487,5,799.73,598.24,89.48,251.14,0.7921,-1,-1,-1
487,16,911.47,651.78,83.31,240.88,0.7372,-1,-1,-1
487,18,456.16,163.09,66.34,196.21,0.5256,-1,-1,-1
487,36,1003.26,673.31,71.47,223.61,0.6621,-1,-1,-1
487,41,807.85,145.81,47.31,175.71,0.4553,-1,-1,-1
487,48,933.17,2.39,49.89,128.29,0.2979,-1,-1,-1
487,52,999.26,-0.06,51.70,142.62,0.3556,-1,-1,-1
487,67,216.77,713.60,92.43,264.16,0.7684,-1,-1,-1
487,69,301.45,744.30,83.29,250.04,0.7635,-1,-1,-1
487,72,1545.13,599.76,78.30,231.31,0.2403,-1,-1,-1
487,87,1778.99,351.36,70.88,199.47,0.3960,-1,-1,-1
487,93,1631.86,327.10,59.32,187.58,0.4469,-1,-1,-1
487,108,1730.76,175.95,63.76,175.33,0.3079,-1,-1,-1
487,111,415.43,158.15,49.07,176.40,0.2909,-1,-1,-1
488,2,1018.84,936.22,80.21,143.78,0.7178,-1,-1,-1
488,3,1686.19,456.50,101.18,210.70,0.3558,-1,-1,-1
488,5,798.78,600.02,90.68,249.44,0.7807,-1,-1,-1
488,16,912.45,652.99,83.81,240.27,0.7077,-1,-1,-1
488,18,458.02,160.35,64.21,195.38,0.4915,-1,-1,-1
488,36,1005.54,675.62,70.63,224.14,0.6982,-1,-1,-1
488,41,808.27,146.37,47.36,175.47,0.4589,-1,-1,-1
488,48,932.67,2.53,50.28,128.62,0.3154,-1,-1,-1
488,52,999.72,-0.03,51.27,141.91,0.3833,-1,-1,-1
488,67,215.83,716.00,93.84,271.39,0.7674,-1,-1,-1
488,69,300.00,748.47,82.13,246.45,0.7647,-1,-1,-1
488,87,1777.02,356.99,70.32,198.65,0.2393,-1,-1,-1
488,93,1631.14,328.93,58.40,185.79,0.3776,-1,-1,-1
488,108,1730.79,176.18,64.23,176.29,0.3470,-1,-1,-1
488,111,414.82,157.97,49.69,178.19,0.3551,-1,-1,-1
489,2,1018.39,936.47,80.98,143.53,0.7169,-1,-1,-1
489,3,1689.61,455.34,101.88,212.31,0.3644,-1,-1,-1
489,5,797.94,600.71,92.22,252.25,0.7879,-1,-1,-1
489,16,913.37,654.06,84.14,238.17,0.6961,-1,-1,-1
489,18,459.34,159.94,61.39,191.37,0.4754,-1,-1,-1
489,36,1007.45,677.04,70.48,225.59,0.6841,-1,-1,-1
489,41,809.11,144.95,47.21,175.07,0.4409,-1,-1,-1
489,48,932.14,2.53,50.28,127.92,0.3422,-1,-1,-1
489,52,1000.56,2.43,50.17,139.50,0.3570,-1,-1,-1
489,67,215.41,718.24,93.18,272.64,0.7681,-1,-1,-1
489,69,299.33,750.21,82.99,250.80,0.7600,-1,-1,-1
489,72,1545.00,607.41,77.50,224.44,0.3150,-1,-1,-1
489,87,1775.03,362.17,68.95,195.28,0.2218,-1,-1,-1
489,93,1632.24,333.60,56.26,181.09,0.3795,-1,-1,-1
489,100,450.55,13.94,61.49,161.06,0.2107,-1,-1,-1
489,108,1731.92,177.94,63.75,174.62,0.3642,-1,-1,-1
489,111,414.15,157.39,50.45,180.79,0.2956,-1,-1,-1
490,2,1016.88,936.97,82.09,143.02,0.6999,-1,-1,-1
490,3,1693.64,454.91,100.92,213.12,0.3644,-1,-1,-1
490,5,797.39,601.06,93.91,256.16,0.7887,-1,-1,-1
490,16,915.84,655.53,82.87,232.49,0.6985,-1,-1,-1
490,18,461.63,160.25,58.50,185.47,0.4464,-1,-1,-1
490,36,1009.40,677.92,70.37,227.00,0.7207,-1,-1,-1
490,41,810.15,144.52,47.20,175.78,0.3722,-1,-1,-1
490,48,931.66,2.48,50.27,127.19,0.3175,-1,-1,-1
490,52,1001.37,3.83,48.78,135.72,0.2836,-1,-1,-1
490,67,214.57,720.92,94.08,275.91,0.7642,-1,-1,-1
490,69,298.83,751.85,82.36,252.53,0.7510,-1,-1,-1
490,72,1542.86,606.78,77.26,222.64,0.2562,-1,-1,-1
490,93,1630.67,328.53,57.45,187.58,0.4461,-1,-1,-1
490,108,1732.45,180.15,62.47,170.73,0.4089,-1,-1,-1
490,111,414.28,159.31,50.27,179.77,0.3390,-1,-1,-1
490,112,1615.05,573.26,58.11,162.93,0.2306,-1,-1,-1
491,2,1017.80,937.74,82.28,142.26,0.6963,-1,-1,-1
491,3,1699.40,455.94,98.93,214.83,0.4162,-1,-1,-1
491,5,797.66,602.13,94.95,259.17,0.7815,-1,-1,-1
491,16,918.51,660.58,83.85,239.84,0.7045,-1,-1,-1
491,18,461.10,157.99,58.62,186.00,0.4018,-1,-1,-1
491,36,1011.16,679.53,70.12,225.96,0.6897,-1,-1,-1
491,41,810.43,146.01,47.31,173.87,0.3810,-1,-1,-1
491,48,931.61,2.60,50.13,126.30,0.2641,-1,-1,-1
491,52,1002.07,6.17,47.67,132.49,0.3247,-1,-1,-1
491,67,213.62,723.23,94.37,278.00,0.7583,-1,-1,-1
491,69,296.81,754.17,84.05,260.09,0.7472,-1,-1,-1
491,72,1543.10,609.70,77.25,219.63,0.2952,-1,-1,-1
491,93,1630.25,332.54,56.21,183.77,0.3466,-1,-1,-1
491,103,288.28,97.69,64.74,253.51,0.2136,-1,-1,-1
491,108,1733.04,181.49,62.11,169.75,0.3437,-1,-1,-1
491,111,414.76,160.43,50.39,180.33,0.2938,-1,-1,-1
491,112,1610.19,563.66,79.35,225.40,0.2626,-1,-1,-1
492,2,1017.78,938.00,82.62,142.00,0.7052,-1,-1,-1
492,3,1700.51,457.56,95.72,210.39,0.4302,-1,-1,-1
492,5,798.81,603.61,94.69,258.23,0.7873,-1,-1,-1
492,16,919.32,661.61,82.79,240.32,0.7229,-1,-1,-1
492,18,462.98,158.03,58.08,185.94,0.3149,-1,-1,-1
492,36,1013.10,682.21,70.28,223.93,0.6817,-1,-1,-1
492,41,810.74,146.17,47.54,172.39,0.3526,-1,-1,-1
492,48,932.39,1.83,51.06,129.11,0.2303,-1,-1,-1
492,52,1002.35,6.51,46.48,129.10,0.2779,-1,-1,-1
492,67,213.21,725.00,95.52,279.79,0.7728,-1,-1,-1
492,69,297.00,756.73,82.42,257.93,0.7411,-1,-1,-1
492,72,1543.61,605.58,79.54,223.03,0.3257,-1,-1,-1
492,93,1628.65,328.02,57.13,187.60,0.4029,-1,-1,-1
492,103,290.81,108.80,64.01,241.97,0.2617,-1,-1,-1
492,108,1733.75,182.06,61.40,167.81,0.4372,-1,-1,-1
492,111,414.40,161.49,51.00,181.05,0.3009,-1,-1,-1
492,112,1612.47,559.49,85.23,243.87,0.2585,-1,-1,-1
492,114,1809.15,174.35,70.86,180.94,0.3609,-1,-1,-1
493,2,1017.66,938.10,83.06,141.90,0.6854,-1,-1,-1
493,3,1705.44,457.64,93.94,211.86,0.4885,-1,-1,-1
493,5,800.29,604.70,94.38,257.80,0.7696,-1,-1,-1
493,16,919.58,663.52,82.95,242.56,0.7047,-1,-1,-1
493,18,464.93,158.84,57.23,184.80,0.2130,-1,-1,-1
493,36,1015.13,682.02,71.55,226.63,0.6374,-1,-1,-1
493,41,810.12,145.63,48.53,172.86,0.3329,-1,-1,-1
493,48,932.73,1.38,51.06,129.21,0.2273,-1,-1,-1
493,52,1002.33,6.36,46.50,129.29,0.2883,-1,-1,-1
493,67,212.47,728.36,94.86,277.22,0.7795,-1,-1,-1
493,69,299.03,759.79,81.30,254.88,0.7377,-1,-1,-1
493,72,1543.90,607.19,80.25,221.21,0.2917,-1,-1,-1
493,93,1627.59,324.31,57.91,190.09,0.3513,-1,-1,-1
493,103,297.00,122.24,61.37,228.55,0.2094,-1,-1,-1
493,108,1734.29,184.46,61.10,166.87,0.4839,-1,-1,-1
493,111,414.71,162.30,52.55,183.29,0.3412,-1,-1,-1
493,112,1614.79,559.60,87.64,249.68,0.2318,-1,-1,-1
493,114,1813.14,169.51,71.83,183.30,0.3694,-1,-1,-1
493,115,351.95,104.44,70.77,177.95,0.2160,-1,-1,-1
494,2,1017.73,938.55,83.20,141.45,0.6785,-1,-1,-1
494,3,1709.83,453.60,92.08,217.10,0.5248,-1,-1,-1
494,5,801.42,605.99,93.83,255.94,0.7555,-1,-1,-1
494,16,921.34,666.17,81.88,239.86,0.6696,-1,-1,-1
494,18,465.56,159.84,56.67,183.57,0.2070,-1,-1,-1
494,36,1017.61,684.46,71.03,220.68,0.6311,-1,-1,-1
494,41,809.63,145.57,49.30,171.95,0.3061,-1,-1,-1
494,52,1002.79,6.82,45.88,126.94,0.2617,-1,-1,-1
494,67,212.85,730.25,94.97,277.82,0.7788,-1,-1,-1
494,69,298.60,763.38,80.55,254.87,0.7432,-1,-1,-1
494,72,1544.29,609.63,80.51,218.55,0.2755,-1,-1,-1
494,93,1626.75,322.73,58.29,191.29,0.3999,-1,-1,-1
494,108,1735.69,184.61,61.56,167.27,0.4623,-1,-1,-1
494,111,413.38,163.20,52.11,181.44,0.2615,-1,-1,-1
494,112,1625.84,570.90,87.90,243.89,0.2791,-1,-1,-1
494,114,1815.94,170.10,72.04,182.88,0.3285,-1,-1,-1
494,115,351.71,101.27,72.08,181.45,0.2194,-1,-1,-1
495,2,1018.19,937.68,83.85,142.32,0.6710,-1,-1,-1
495,3,1715.28,451.27,87.23,217.44,0.6053,-1,-1,-1
495,5,803.54,606.17,92.09,253.75,0.7531,-1,-1,-1
495,16,920.84,667.94,83.10,244.70,0.6567,-1,-1,-1
495,36,1019.76,685.32,71.94,221.18,0.5849,-1,-1,-1
495,41,809.52,145.20,50.25,172.16,0.3357,-1,-1,-1
495,52,1003.15,7.07,45.83,126.23,0.2684,-1,-1,-1
495,67,212.06,732.41,94.01,275.52,0.7754,-1,-1,-1
495,69,297.87,767.15,80.89,259.40,0.7373,-1,-1,-1
495,72,1543.52,612.91,81.17,216.17,0.3151,-1,-1,-1
495,93,1626.31,323.33,58.15,190.44,0.4025,-1,-1,-1
495,108,1734.78,186.19,63.49,172.07,0.4903,-1,-1,-1
495,111,413.25,164.93,51.88,179.97,0.3023,-1,-1,-1
495,112,1633.41,583.59,87.63,230.00,0.3753,-1,-1,-1
495,114,1818.10,172.69,72.38,182.12,0.3452,-1,-1,-1
496,2,1019.61,939.17,82.93,140.83,0.6835,-1,-1,-1
496,3,1718.93,451.86,83.73,217.24,0.5829,-1,-1,-1
496,5,807.41,606.01,88.74,249.47,0.7422,-1,-1,-1
496,16,922.83,671.13,81.04,237.18,0.6905,-1,-1,-1
496,36,1019.84,686.77,72.47,220.86,0.5953,-1,-1,-1
496,41,808.40,144.64,51.07,171.96,0.3310,-1,-1,-1
496,52,1003.37,6.27,45.42,124.41,0.2779,-1,-1,-1
496,67,211.88,735.83,93.46,272.52,0.7731,-1,-1,-1
496,69,296.82,768.73,80.87,259.30,0.7489,-1,-1,-1
496,72,1541.28,610.81,83.16,219.18,0.4056,-1,-1,-1
496,93,1624.96,322.14,57.81,189.09,0.4355,-1,-1,-1
496,108,1734.68,187.60,64.03,172.74,0.4689,-1,-1,-1
496,111,412.74,164.67,52.29,181.53,0.3172,-1,-1,-1
496,112,1637.65,583.83,91.58,230.25,0.5684,-1,-1,-1
496,114,1820.60,174.77,73.05,182.28,0.2570,-1,-1,-1
497,2,1020.48,939.01,82.53,140.99,0.6768,-1,-1,-1
497,3,1720.82,452.72,80.78,216.95,0.5619,-1,-1,-1
497,5,811.65,606.29,85.91,247.84,0.7183,-1,-1,-1
497,16,923.42,673.80,81.11,237.11,0.6546,-1,-1,-1
497,18,468.68,161.15,56.94,182.50,0.2757,-1,-1,-1
497,36,1020.88,687.58,72.67,221.32,0.5564,-1,-1,-1
497,41,807.74,145.08,51.90,172.60,0.3695,-1,-1,-1
497,52,1003.43,5.86,46.07,125.87,0.3033,-1,-1,-1
497,67,212.85,736.70,91.78,269.02,0.7466,-1,-1,-1
497,69,294.81,770.22,81.65,259.05,0.7609,-1,-1,-1
497,72,1540.62,610.02,84.24,220.32,0.4271,-1,-1,-1
497,93,1624.62,322.04,57.94,188.58,0.3741,-1,-1,-1
497,108,1734.93,188.15,64.25,172.23,0.4950,-1,-1,-1
497,111,412.17,164.70,52.34,181.59,0.3575,-1,-1,-1
497,112,1641.17,590.60,90.51,225.29,0.2905,-1,-1,-1
497,114,1821.76,175.25,74.71,183.93,0.3811,-1,-1,-1
498,2,1020.35,938.10,82.74,141.90,0.6604,-1,-1,-1
498,3,1723.38,453.63,78.41,215.40,0.5067,-1,-1,-1
498,5,813.93,606.41,83.96,246.82,0.7065,-1,-1,-1
498,16,924.44,675.58,81.67,239.59,0.6437,-1,-1,-1
498,18,469.02,162.98,56.67,180.20,0.2866,-1,-1,-1
498,36,1021.75,689.31,73.54,221.04,0.5130,-1,-1,-1
498,41,806.23,145.50,52.57,172.59,0.3527,-1,-1,-1
498,52,1003.42,5.62,46.02,125.11,0.2653,-1,-1,-1
498,67,212.93,738.38,90.70,266.18,0.7399,-1,-1,-1
498,69,295.11,771.95,81.46,257.24,0.7493,-1,-1,-1
498,72,1540.64,609.43,85.12,221.42,0.4614,-1,-1,-1
498,93,1623.70,321.46,58.24,189.81,0.3610,-1,-1,-1
498,108,1734.26,188.49,64.79,172.42,0.4556,-1,-1,-1
498,111,410.69,165.05,52.59,182.19,0.4127,-1,-1,-1
498,112,1644.01,593.19,90.66,223.17,0.4391,-1,-1,-1
498,114,1821.92,175.93,76.42,186.95,0.3462,-1,-1,-1
499,2,1021.72,937.47,82.10,142.53,0.6733,-1,-1,-1
499,3,1723.80,451.01,77.87,216.18,0.2574,-1,-1,-1
499,5,817.21,607.56,81.83,246.19,0.6843,-1,-1,-1
499,16,925.29,677.90,81.21,238.17,0.6096,-1,-1,-1
499,18,470.47,163.39,55.99,175.94,0.3281,-1,-1,-1
499,36,1023.77,693.91,72.64,218.44,0.5118,-1,-1,-1
499,41,803.70,143.28,53.50,174.28,0.3382,-1,-1,-1
499,52,1003.15,5.32,46.31,125.54,0.2728,-1,-1,-1
499,67,212.44,740.80,90.56,265.21,0.7516,-1,-1,-1
499,69,294.37,772.86,81.62,256.35,0.7413,-1,-1,-1
499,72,1540.33,610.17,85.17,220.04,0.4849,-1,-1,-1
499,93,1623.54,318.25,58.51,191.16,0.2791,-1,-1,-1
499,108,1734.05,188.45,64.69,169.79,0.4907,-1,-1,-1
499,111,410.07,165.41,53.45,182.28,0.4461,-1,-1,-1
499,112,1644.60,590.70,91.02,225.30,0.3680,-1,-1,-1
499,114,1822.73,177.35,76.95,186.51,0.3901,-1,-1,-1
500,2,1023.67,935.83,81.64,144.17,0.6737,-1,-1,-1
500,3,1723.85,450.50,76.47,217.82,0.4888,-1,-1,-1
500,5,819.25,607.79,79.90,244.78,0.6898,-1,-1,-1
500,16,924.60,679.16,84.72,248.31,0.6173,-1,-1,-1
500,18,468.94,165.06,55.73,171.70,0.3283,-1,-1,-1
500,36,1024.76,697.55,70.57,211.61,0.4809,-1,-1,-1
500,41,803.05,142.24,54.23,176.17,0.3537,-1,-1,-1
500,52,1003.19,5.18,46.46,125.28,0.2600,-1,-1,-1
500,67,209.78,741.91,92.20,267.15,0.7710,-1,-1,-1
500,69,293.74,773.58,81.31,255.27,0.7339,-1,-1,-1
500,72,1540.13,610.83,85.30,218.25,0.4108,-1,-1,-1
500,93,1625.22,314.89,55.35,178.22,0.3241,-1,-1,-1
500,108,1733.98,189.16,65.30,168.93,0.4945,-1,-1,-1
500,111,409.25,166.18,53.85,180.24,0.4762,-1,-1,-1
500,112,1651.08,594.71,87.15,220.81,0.4562,-1,-1,-1
500,114,1823.34,178.70,78.11,188.17,0.3858,-1,-1,-1
501,2,1026.16,935.20,80.60,144.78,0.6431,-1,-1,-1
501,3,1723.78,448.84,75.32,219.12,0.4562,-1,-1,-1
501,5,820.62,608.67,78.59,245.23,0.7016,-1,-1,-1
501,16,926.68,679.59,85.21,252.37,0.6007,-1,-1,-1
501,18,468.01,162.18,57.81,174.84,0.3619,-1,-1,-1
501,36,1024.92,698.91,71.13,211.85,0.5119,-1,-1,-1
501,41,802.55,143.94,53.60,173.83,0.3575,-1,-1,-1
501,52,1003.25,4.77,46.39,124.45,0.2560,-1,-1,-1
501,67,209.47,743.13,91.82,262.62,0.7791,-1,-1,-1
501,69,293.15,774.46,80.90,255.16,0.7207,-1,-1,-1
501,72,1540.28,611.37,84.26,214.33,0.3794,-1,-1,-1
501,93,1624.05,312.57,56.58,180.80,0.3598,-1,-1,-1
501,108,1733.47,189.06,66.49,169.91,0.4953,-1,-1,-1
501,111,409.17,168.04,54.41,178.94,0.5121,-1,-1,-1
501,112,1654.18,592.74,84.52,221.79,0.5209,-1,-1,-1
501,114,1823.94,179.71,79.54,191.36,0.3555,-1,-1,-1
502,2,1027.78,934.71,79.74,145.28,0.6754,-1,-1,-1
502,3,1724.75,449.44,73.71,219.54,0.4434,-1,-1,-1
502,5,820.97,609.03,77.88,246.70,0.7026,-1,-1,-1
502,16,926.54,681.57,85.83,255.94,0.6319,-1,-1,-1
502,18,469.53,160.47,58.66,175.39,0.3315,-1,-1,-1
502,36,1026.72,701.31,70.71,207.92,0.5835,-1,-1,-1
502,41,800.83,144.31,53.86,174.52,0.3099,-1,-1,-1
502,67,208.92,744.78,92.50,262.47,0.7750,-1,-1,-1
502,69,292.70,775.04,80.63,253.87,0.7334,-1,-1,-1
502,72,1539.70,610.06,84.84,215.22,0.3928,-1,-1,-1
502,87,1746.68,332.58,66.71,191.13,0.2609,-1,-1,-1
502,108,1733.72,189.90,66.32,167.40,0.4923,-1,-1,-1
502,111,408.47,169.43,54.68,177.20,0.4810,-1,-1,-1
502,112,1657.30,595.93,81.61,220.93,0.4939,-1,-1,-1
502,114,1825.31,180.24,80.37,194.21,0.3009,-1,-1,-1
503,2,1029.24,934.00,79.29,146.00,0.6440,-1,-1,-1
503,3,1725.12,446.09,73.18,222.78,0.4008,-1,-1,-1
503,5,821.09,609.21,77.16,246.87,0.7175,-1,-1,-1
503,16,928.45,682.98,84.81,253.00,0.6169,-1,-1,-1
503,18,471.26,159.72,58.29,173.67,0.3056,-1,-1,-1
503,36,1027.87,703.89,69.72,202.01,0.5887,-1,-1,-1
503,41,799.58,145.33,53.53,174.30,0.3193,-1,-1,-1
503,52,1003.27,4.27,46.50,123.56,0.2223,-1,-1,-1
503,67,208.50,746.43,92.96,264.15,0.7599,-1,-1,-1
503,69,288.79,776.07,80.92,254.62,0.7495,-1,-1,-1
503,72,1538.33,612.03,86.08,215.25,0.4742,-1,-1,-1
503,93,1622.47,308.10,57.03,181.04,0.3396,-1,-1,-1
503,108,1733.84,190.35,67.13,168.45,0.4667,-1,-1,-1
503,111,407.66,170.44,55.64,175.72,0.4872,-1,-1,-1
503,112,1662.29,600.93,76.79,214.09,0.4717,-1,-1,-1
503,114,1826.36,179.79,81.35,198.12,0.2995,-1,-1,-1
504,2,1031.04,933.20,78.62,146.80,0.6368,-1,-1,-1
504,3,1725.39,446.74,72.31,223.68,0.3405,-1,-1,-1
504,5,821.11,609.59,76.72,247.91,0.6927,-1,-1,-1
504,16,928.56,684.04,84.91,251.07,0.5844,-1,-1,-1
504,18,472.93,157.08,58.53,173.31,0.3164,-1,-1,-1
504,36,1027.59,704.83,72.87,214.38,0.5908,-1,-1,-1
504,41,799.40,146.24,52.97,173.82,0.2664,-1,-1,-1
504,67,208.87,747.73,93.54,270.26,0.7556,-1,-1,-1
504,69,286.25,777.23,80.85,253.13,0.7734,-1,-1,-1
504,72,1537.43,611.91,86.80,214.87,0.3537,-1,-1,-1
504,93,1621.17,306.06,58.16,184.12,0.2655,-1,-1,-1
504,108,1733.89,191.05,67.75,170.09,0.4795,-1,-1,-1
504,111,407.51,170.60,56.90,174.23,0.4742,-1,-1,-1
504,112,1666.59,604.96,75.48,212.76,0.2574,-1,-1,-1
504,114,1826.98,180.78,81.62,200.77,0.2853,-1,-1,-1
504,118,1615.82,25.61,58.40,173.08,0.2824,-1,-1,-1
505,2,1032.14,933.95,77.33,146.05,0.6742,-1,-1,-1
505,3,1726.44,453.23,69.11,216.73,0.3928,-1,-1,-1
505,5,821.39,609.97,76.50,249.40,0.6718,-1,-1,-1
505,16,928.79,684.42,85.24,251.26,0.5511,-1,-1,-1
505,18,471.01,152.02,60.30,176.98,0.4156,-1,-1,-1
505,36,1028.59,706.32,72.93,218.05,0.6070,-1,-1,-1
505,41,798.69,146.87,52.65,174.87,0.2531,-1,-1,-1
505,52,1002.87,3.71,47.32,124.16,0.2086,-1,-1,-1
505,67,207.40,749.85,93.23,274.71,0.7347,-1,-1,-1
505,69,283.66,778.87,82.91,253.33,0.7731,-1,-1,-1
505,72,1538.05,618.59,85.34,208.86,0.2783,-1,-1,-1
505,93,1620.94,305.29,58.76,185.11,0.3245,-1,-1,-1
505,108,1736.04,190.51,67.20,170.91,0.4989,-1,-1,-1
505,111,406.29,170.56,58.74,174.62,0.4757,-1,-1,-1
505,114,1829.35,181.59,81.85,202.15,0.2327,-1,-1,-1
505,118,1615.03,24.25,58.00,172.44,0.2627,-1,-1,-1
505,119,1680.88,23.20,58.01,169.04,0.2414,-1,-1,-1
506,2,1033.79,932.75,77.09,147.25,0.6656,-1,-1,-1
506,3,1727.40,458.59,66.41,210.58,0.4967,-1,-1,-1
506,5,821.64,610.09,76.62,250.88,0.6797,-1,-1,-1
506,16,924.28,686.45,87.11,247.11,0.6131,-1,-1,-1
506,18,470.75,147.44,61.72,181.28,0.3819,-1,-1,-1
506,36,1029.52,707.31,73.07,221.03,0.6350,-1,-1,-1
506,41,797.93,147.48,52.19,175.74,0.3007,-1,-1,-1
506,67,206.79,751.46,92.56,279.35,0.7277,-1,-1,-1
506,69,280.83,780.45,85.42,255.69,0.7597,-1,-1,-1
506,72,1538.85,622.00,83.59,201.94,0.2125,-1,-1,-1
506,93,1620.25,305.05,59.10,185.98,0.4622,-1,-1,-1
506,108,1737.99,194.18,65.29,167.25,0.4964,-1,-1,-1
506,111,404.65,170.82,60.56,176.14,0.4545,-1,-1,-1
506,114,1832.06,183.50,81.63,200.84,0.2666,-1,-1,-1
506,118,1614.98,23.42,57.24,170.42,0.2623,-1,-1,-1
506,119,1679.20,21.04,58.22,169.49,0.2489,-1,-1,-1
507,2,1035.96,934.07,76.17,145.94,0.6482,-1,-1,-1
507,3,1726.95,458.58,66.17,210.90,0.3478,-1,-1,-1
507,5,822.60,611.45,75.26,249.28,0.6979,-1,-1,-1
507,16,929.93,687.27,86.80,245.09,0.6068,-1,-1,-1
507,18,470.22,151.89,59.46,174.18,0.3046,-1,-1,-1
507,36,1029.29,708.59,73.36,223.55,0.6134,-1,-1,-1
507,41,797.98,147.40,50.88,173.18,0.2692,-1,-1,-1
507,67,206.77,753.53,90.86,279.32,0.7257,-1,-1,-1
507,69,279.19,782.17,88.14,261.30,0.7620,-1,-1,-1
507,72,1538.79,620.09,87.55,210.25,0.2464,-1,-1,-1
507,93,1619.40,303.17,59.92,188.18,0.4307,-1,-1,-1
507,108,1738.61,194.35,64.31,165.81,0.4658,-1,-1,-1
507,111,402.39,168.20,62.86,180.67,0.3865,-1,-1,-1
507,114,1832.54,184.25,81.76,200.60,0.2609,-1,-1,-1
507,118,1614.72,21.18,57.15,170.28,0.2585,-1,-1,-1
507,119,1678.08,20.76,57.73,168.09,0.2368,-1,-1,-1
508,2,1037.10,933.53,76.33,146.47,0.6493,-1,-1,-1
508,3,1726.51,460.20,64.72,207.43,0.3725,-1,-1,-1
508,5,824.06,611.55,74.25,249.02,0.7005,-1,-1,-1
508,16,926.68,688.42,89.40,247.78,0.6068,-1,-1,-1
508,18,468.12,147.07,60.45,176.89,0.2809,-1,-1,-1
508,36,1029.74,710.12,73.25,224.05,0.6238,-1,-1,-1
508,41,797.63,147.80,50.28,173.60,0.2839,-1,-1,-1
508,52,1001.33,2.26,48.15,123.43,0.2129,-1,-1,-1
508,67,206.99,755.64,89.80,278.67,0.7430,-1,-1,-1
508,69,277.99,784.20,90.20,264.74,0.7674,-1,-1,-1
508,93,1619.45,303.97,59.91,187.05,0.4918,-1,-1,-1
508,108,1739.94,195.57,63.17,164.83,0.5248,-1,-1,-1
508,111,399.95,172.37,63.40,181.35,0.2452,-1,-1,-1
508,114,1834.45,187.41,79.20,196.69,0.2735,-1,-1,-1
508,118,1614.21,19.56,56.23,167.58,0.2778,-1,-1,-1
508,119,1676.26,21.13,57.16,166.80,0.2468,-1,-1,-1
509,2,1038.55,933.21,76.31,146.80,0.6428,-1,-1,-1
509,3,1727.03,459.34,64.53,206.77,0.3603,-1,-1,-1
509,5,824.89,611.56,73.69,249.79,0.7007,-1,-1,-1
509,16,930.66,690.41,90.04,249.19,0.6219,-1,-1,-1
509,18,466.40,147.34,61.16,176.69,0.2821,-1,-1,-1
509,36,1030.92,710.22,75.08,229.50,0.6290,-1,-1,-1
509,41,796.93,146.52,50.00,173.96,0.2684,-1,-1,-1
509,67,205.81,758.60,87.70,274.04,0.7324,-1,-1,-1
509,69,278.98,788.36,87.77,259.90,0.7676,-1,-1,-1
509,93,1618.34,301.14,59.83,188.15,0.4190,-1,-1,-1
509,108,1741.50,197.96,62.04,163.81,0.4763,-1,-1,-1
509,111,400.47,169.29,63.92,182.41,0.2529,-1,-1,-1
509,114,1835.06,186.30,79.03,196.08,0.2572,-1,-1,-1
509,118,1614.34,17.80,55.83,166.07,0.2059,-1,-1,-1
509,119,1676.00,20.14,57.52,167.83,0.2266,-1,-1,-1
510,2,1040.21,934.47,75.90,145.53,0.6352,-1,-1,-1
510,3,1727.20,459.45,62.96,201.81,0.3777,-1,-1,-1
510,5,825.40,611.65,72.93,250.00,0.7005,-1,-1,-1
510,16,930.03,692.05,91.21,249.92,0.6185,-1,-1,-1
510,18,466.18,148.70,61.42,175.67,0.2363,-1,-1,-1
510,36,1031.17,711.61,76.01,228.05,0.5969,-1,-1,-1
510,41,794.87,146.08,50.17,175.35,0.2312,-1,-1,-1
510,67,203.99,761.85,85.87,275.48,0.7396,-1,-1,-1
510,69,279.85,791.86,86.24,255.80,0.7570,-1,-1,-1
510,93,1617.67,300.89,59.72,189.33,0.4571,-1,-1,-1
510,108,1743.38,200.37,60.94,163.23,0.5357,-1,-1,-1
510,111,400.51,172.44,64.70,185.10,0.2656,-1,-1,-1
510,114,1834.79,186.94,78.47,199.73,0.3133,-1,-1,-1
510,119,1675.26,19.97,57.13,167.70,0.2346,-1,-1,-1
511,2,1040.86,931.96,76.75,148.05,0.6252,-1,-1,-1
511,3,1725.59,459.42,63.39,202.12,0.3957,-1,-1,-1
511,5,826.14,612.02,72.39,249.65,0.6950,-1,-1,-1
511,16,932.90,695.32,93.27,258.07,0.6370,-1,-1,-1
511,18,464.21,148.32,62.76,175.80,0.2723,-1,-1,-1
511,36,1033.15,713.71,73.80,217.29,0.5886,-1,-1,-1
511,41,793.13,147.01,50.09,173.51,0.2592,-1,-1,-1
511,67,204.46,763.35,87.05,276.96,0.7621,-1,-1,-1
511,69,280.01,797.31,84.33,254.09,0.7810,-1,-1,-1
511,93,1616.10,298.70,59.88,191.48,0.3588,-1,-1,-1
511,108,1745.98,202.34,59.73,162.73,0.5114,-1,-1,-1
511,111,400.72,171.02,66.08,190.27,0.2558,-1,-1,-1
511,114,1836.73,187.88,76.58,199.15,0.2779,-1,-1,-1
511,119,1675.32,19.37,56.88,168.50,0.2688,-1,-1,-1
512,2,1041.26,931.56,76.56,148.35,0.6333,-1,-1,-1
512,3,1724.68,457.67,64.21,204.69,0.3420,-1,-1,-1
512,5,826.50,612.14,71.80,249.23,0.6945,-1,-1,-1
512,16,933.78,697.81,93.93,262.23,0.6314,-1,-1,-1
512,36,1034.01,715.45,73.37,213.57,0.5685,-1,-1,-1
512,41,789.61,144.57,51.38,176.41,0.2636,-1,-1,-1
512,52,997.41,1.93,48.05,119.52,0.2016,-1,-1,-1
512,67,204.12,766.17,88.49,275.59,0.7600,-1,-1,-1
512,69,279.16,798.72,84.51,259.84,0.7715,-1,-1,-1
512,93,1615.15,299.72,59.05,189.93,0.3388,-1,-1,-1
512,108,1748.18,203.45,58.54,163.30,0.5362,-1,-1,-1
512,111,399.66,173.38,66.62,193.08,0.2318,-1,-1,-1
512,112,1701.18,622.74,78.19,212.57,0.2121,-1,-1,-1
512,114,1838.79,190.70,75.73,199.64,0.2192,-1,-1,-1
512,119,1675.97,19.50,56.76,168.67,0.2546,-1,-1,-1
513,2,1041.89,932.98,75.75,146.34,0.6101,-1,-1,-1
513,3,1724.11,458.10,63.47,202.58,0.3492,-1,-1,-1
513,5,826.53,611.64,71.52,250.49,0.6786,-1,-1,-1
513,16,935.27,701.44,91.66,260.16,0.6128,-1,-1,-1
513,36,1034.41,717.42,76.71,225.02,0.5635,-1,-1,-1
513,41,787.55,141.18,52.58,179.03,0.2804,-1,-1,-1
513,67,202.42,767.15,89.66,275.30,0.7576,-1,-1,-1
513,69,278.51,800.49,83.70,264.15,0.7784,-1,-1,-1
513,93,1614.28,300.38,58.45,189.51,0.3846,-1,-1,-1
513,108,1749.10,203.60,58.42,166.29,0.5080,-1,-1,-1
513,111,399.58,175.61,65.71,192.41,0.2791,-1,-1,-1
513,119,1675.55,21.44,55.78,166.81,0.2173,-1,-1,-1
514,2,1042.11,932.12,75.84,146.98,0.6357,-1,-1,-1
514,3,1724.39,460.97,62.20,198.50,0.3388,-1,-1,-1
514,5,826.54,611.60,71.23,250.50,0.6590,-1,-1,-1
514,16,939.96,704.36,89.07,260.20,0.6248,-1,-1,-1
514,18,461.57,150.07,63.03,174.17,0.2173,-1,-1,-1
514,36,1035.02,718.71,76.54,226.30,0.5792,-1,-1,-1
514,41,786.93,139.75,52.99,180.08,0.2373,-1,-1,-1
514,67,199.33,769.87,90.62,274.54,0.7548,-1,-1,-1
514,69,277.32,800.73,81.70,264.01,0.7985,-1,-1,-1
514,93,1613.73,301.16,57.77,189.27,0.3324,-1,-1,-1
514,108,1751.15,204.06,58.19,168.42,0.4573,-1,-1,-1
514,111,399.31,173.73,65.76,194.56,0.2278,-1,-1,-1
515,2,1042.86,932.38,75.55,146.65,0.6428,-1,-1,-1
515,3,1723.86,459.88,62.10,198.83,0.3413,-1,-1,-1
515,5,827.00,611.84,70.66,250.12,0.6516,-1,-1,-1
515,16,937.97,706.39,88.22,255.78,0.5981,-1,-1,-1
515,18,460.26,149.02,63.72,173.95,0.2216,-1,-1,-1
515,36,1034.10,719.84,77.85,231.06,0.6182,-1,-1,-1
515,67,198.33,770.94,91.66,272.26,0.7595,-1,-1,-1
515,69,275.60,801.54,81.55,263.64,0.8024,-1,-1,-1
515,93,1612.05,301.25,56.63,186.78,0.3133,-1,-1,-1
515,108,1753.09,205.56,57.31,167.89,0.4316,-1,-1,-1
515,111,399.49,179.60,63.22,188.31,0.2593,-1,-1,-1
515,114,1844.83,203.30,74.39,195.73,0.2152,-1,-1,-1
516,2,1043.60,932.45,75.34,146.84,0.6137,-1,-1,-1
516,3,1722.25,459.10,63.75,203.61,0.4058,-1,-1,-1
516,5,827.45,612.29,69.93,249.68,0.6382,-1,-1,-1
516,16,939.54,709.12,87.77,252.10,0.6531,-1,-1,-1
516,36,1034.26,721.50,79.32,240.82,0.6360,-1,-1,-1
516,67,195.35,772.59,92.94,269.76,0.7638,-1,-1,-1
516,69,273.62,801.91,81.41,262.38,0.8159,-1,-1,-1
516,93,1610.68,299.30,56.65,188.44,0.2078,-1,-1,-1
516,108,1754.72,205.25,55.96,165.26,0.4432,-1,-1,-1
516,111,398.61,182.17,61.86,185.17,0.2449,-1,-1,-1
516,119,1674.17,20.49,55.37,167.57,0.2178,-1,-1,-1
517,2,1043.93,931.64,75.24,147.39,0.6179,-1,-1,-1
517,3,1722.85,457.11,64.62,207.02,0.3170,-1,-1,-1
517,5,826.86,611.50,70.11,250.85,0.6499,-1,-1,-1
517,16,939.27,711.29,89.06,253.64,0.6462,-1,-1,-1
517,18,461.65,144.15,64.72,175.89,0.2460,-1,-1,-1
517,36,1035.71,724.01,76.83,238.69,0.6404,-1,-1,-1
517,67,193.70,775.25,91.84,264.22,0.7599,-1,-1,-1
517,69,273.29,803.35,81.37,262.13,0.8187,-1,-1,-1
517,87,1719.77,332.28,66.78,164.54,0.2455,-1,-1,-1
517,93,1608.91,299.88,54.91,185.21,0.2637,-1,-1,-1
517,108,1758.23,204.60,53.50,158.03,0.4174,-1,-1,-1
517,112,1720.08,615.94,82.30,226.22,0.2797,-1,-1,-1
518,2,1043.55,929.65,75.25,149.15,0.6506,-1,-1,-1
518,3,1722.74,456.65,64.20,206.21,0.3666,-1,-1,-1
518,5,826.95,610.88,69.73,251.24,0.6394,-1,-1,-1
518,16,941.28,712.67,90.53,258.69,0.6353,-1,-1,-1
518,18,463.66,140.46,64.84,177.97,0.2768,-1,-1,-1
518,36,1038.47,726.60,73.37,230.68,0.6212,-1,-1,-1
518,67,191.48,776.53,91.43,263.05,0.7939,-1,-1,-1
518,69,271.83,803.56,81.78,260.92,0.8227,-1,-1,-1
518,87,1716.72,332.40,71.60,166.48,0.2224,-1,-1,-1
518,93,1608.03,297.57,54.36,185.86,0.2646,-1,-1,-1
518,108,1760.66,205.06,52.41,154.63,0.3887,-1,-1,-1
518,111,395.50,172.85,64.76,195.59,0.2206,-1,-1,-1
518,112,1724.49,623.51,80.23,220.53,0.2974,-1,-1,-1
519,2,1043.48,928.90,74.89,149.76,0.6273,-1,-1,-1
519,3,1723.51,459.24,64.67,206.45,0.3301,-1,-1,-1
519,5,826.96,610.59,69.18,251.06,0.6207,-1,-1,-1
519,16,942.46,713.88,90.05,259.52,0.6377,-1,-1,-1
519,18,462.98,137.48,64.42,178.11,0.3591,-1,-1,-1
519,36,1038.40,731.05,71.36,223.62,0.5525,-1,-1,-1
519,67,190.39,778.38,91.40,261.74,0.7920,-1,-1,-1
519,69,270.78,805.17,82.14,259.83,0.8200,-1,-1,-1
519,87,1713.88,329.27,76.10,172.29,0.2432,-1,-1,-1
519,93,1605.90,292.29,55.39,192.37,0.2034,-1,-1,-1
519,108,1759.68,204.72,56.41,166.15,0.3801,-1,-1,-1
519,111,395.89,182.15,61.64,186.66,0.2832,-1,-1,-1
519,112,1728.90,628.29,80.27,218.96,0.3593,-1,-1,-1
520,2,1043.24,926.25,75.48,152.76,0.6478,-1,-1,-1
520,3,1721.67,459.07,66.13,209.97,0.3657,-1,-1,-1
520,5,827.09,607.93,69.25,252.11,0.5866,-1,-1,-1
520,16,942.79,714.69,88.94,259.50,0.6922,-1,-1,-1
520,18,464.77,136.78,62.36,174.12,0.3062,-1,-1,-1
520,36,1042.19,733.92,68.07,206.03,0.5963,-1,-1,-1
520,52,996.60,1.96,49.05,116.87,0.2052,-1,-1,-1
520,67,189.49,779.83,91.78,262.01,0.7899,-1,-1,-1
520,69,269.46,807.94,82.95,258.36,0.8219,-1,-1,-1
520,87,1714.89,317.32,80.50,178.42,0.2288,-1,-1,-1
520,93,1604.24,289.61,55.49,193.84,0.2034,-1,-1,-1
520,108,1760.69,205.34,57.42,168.27,0.3053,-1,-1,-1
520,111,395.24,191.75,58.67,177.49,0.2749,-1,-1,-1
520,112,1732.22,629.55,81.57,222.91,0.4432,-1,-1,-1
521,2,1043.76,927.61,74.50,151.88,0.6577,-1,-1,-1
521,3,1719.50,460.32,66.81,209.90,0.3698,-1,-1,-1
521,5,827.48,607.74,68.97,253.45,0.6094,-1,-1,-1
521,16,946.87,717.83,87.04,257.00,0.6590,-1,-1,-1
521,18,466.67,145.19,57.52,161.00,0.3294,-1,-1,-1
521,36,1043.39,735.73,68.48,200.97,0.6012,-1,-1,-1
521,67,188.86,780.24,94.48,268.91,0.7921,-1,-1,-1
521,69,267.70,810.58,83.60,257.75,0.8145,-1,-1,-1
521,87,1714.15,311.07,83.84,182.33,0.2444,-1,-1,-1
521,108,1761.90,206.72,58.61,171.32,0.2776,-1,-1,-1
521,111,394.26,197.76,57.06,172.52,0.2622,-1,-1,-1
521,112,1736.17,633.29,81.96,215.07,0.5698,-1,-1,-1
521,119,1673.51,15.90,53.07,161.39,0.2039,-1,-1,-1
522,2,1043.89,929.19,73.57,150.61,0.6439,-1,-1,-1
522,3,1718.75,461.96,66.98,208.13,0.3256,-1,-1,-1
522,5,827.27,606.83,68.59,254.38,0.6268,-1,-1,-1
522,16,947.35,719.05,86.28,255.54,0.6857,-1,-1,-1
522,18,467.05,144.07,56.94,160.66,0.3567,-1,-1,-1
522,36,1043.53,739.08,70.92,203.01,0.6260,-1,-1,-1
522,67,188.70,781.77,95.78,272.34,0.7774,-1,-1,-1
522,69,268.30,813.46,83.18,255.86,0.7974,-1,-1,-1
522,72,1563.21,620.07,82.21,215.11,0.2029,-1,-1,-1
522,87,1713.40,311.51,84.18,181.96,0.3097,-1,-1,-1
522,108,1763.96,207.40,58.85,171.44,0.3364,-1,-1,-1
522,111,392.47,200.08,56.83,171.02,0.2048,-1,-1,-1
522,112,1740.43,635.60,83.88,213.94,0.5509,-1,-1,-1
522,114,1854.95,212.19,70.11,192.56,0.2431,-1,-1,-1
522,119,1673.51,13.09,53.41,163.07,0.2395,-1,-1,-1
523,2,1043.96,929.57,72.96,149.76,0.6096,-1,-1,-1
523,3,1719.10,461.16,66.85,206.72,0.3884,-1,-1,-1
523,5,827.71,607.55,67.97,254.03,0.6329,-1,-1,-1
523,16,949.63,719.63,86.20,255.84,0.6343,-1,-1,-1
523,18,465.74,133.34,60.44,172.64,0.3464,-1,-1,-1
523,36,1044.71,740.06,72.60,207.86,0.6184,-1,-1,-1
523,52,995.34,2.25,48.89,114.11,0.2016,-1,-1,-1
523,67,188.01,783.42,96.83,275.20,0.7728,-1,-1,-1
523,69,266.69,816.93,83.89,255.42,0.8006,-1,-1,-1
523,87,1709.84,312.24,82.27,181.17,0.3923,-1,-1,-1
523,93,1601.03,285.84,53.64,187.43,0.2262,-1,-1,-1
523,108,1766.06,209.42,57.90,167.55,0.3791,-1,-1,-1
523,112,1745.06,637.15,85.14,214.84,0.4890,-1,-1,-1
523,114,1856.25,212.86,67.99,193.44,0.2766,-1,-1,-1
523,119,1673.73,7.89,55.01,167.23,0.2524,-1,-1,-1
523,121,455.50,-0.03,61.44,147.40,0.2414,-1,-1,-1
524,2,1043.99,930.35,72.32,148.88,0.5853,-1,-1,-1
524,3,1720.58,461.72,66.65,205.84,0.3746,-1,-1,-1
524,5,826.71,608.27,67.36,253.03,0.6287,-1,-1,-1
524,16,952.76,720.23,83.82,249.38,0.5977,-1,-1,-1
524,18,464.31,128.59,61.29,176.97,0.2143,-1,-1,-1
524,36,1043.82,742.66,76.34,220.46,0.6168,-1,-1,-1
524,52,994.75,2.21,49.29,113.49,0.2128,-1,-1,-1
524,67,187.48,785.08,95.15,276.21,0.7695,-1,-1,-1
524,69,262.95,819.70,85.99,257.11,0.8094,-1,-1,-1
524,87,1706.47,309.03,83.90,191.63,0.4368,-1,-1,-1
524,108,1767.33,211.05,59.32,171.64,0.3880,-1,-1,-1
524,112,1746.22,640.61,86.49,215.91,0.3405,-1,-1,-1
524,114,1857.58,213.68,66.11,193.38,0.2598,-1,-1,-1
524,119,1672.60,6.84,54.94,167.13,0.2629,-1,-1,-1
524,121,455.85,-0.06,60.62,145.17,0.2163,-1,-1,-1
524,122,1489.47,-0.02,50.47,136.85,0.2183,-1,-1,-1
525,2,1044.27,931.72,72.07,148.07,0.5426,-1,-1,-1
525,3,1718.60,461.33,67.62,205.76,0.4629,-1,-1,-1
525,5,826.73,607.87,67.13,253.10,0.6574,-1,-1,-1
525,16,958.14,720.98,79.72,237.22,0.5087,-1,-1,-1
525,18,463.22,124.95,62.06,180.58,0.2525,-1,-1,-1
525,36,1044.30,743.26,78.14,227.81,0.6214,-1,-1,-1
525,67,187.64,785.90,96.25,281.83,0.7708,-1,-1,-1
525,69,263.83,822.44,85.91,256.76,0.8099,-1,-1,-1
525,87,1705.67,307.37,81.71,191.04,0.4013,-1,-1,-1
525,108,1768.04,212.39,59.07,169.99,0.4597,-1,-1,-1
525,112,1751.60,643.25,87.55,219.91,0.3483,-1,-1,-1
525,114,1858.52,215.34,64.87,193.95,0.2441,-1,-1,-1
525,121,456.56,-0.04,60.19,143.92,0.2555,-1,-1,-1
525,122,1489.06,-0.01,50.99,138.08,0.2355,-1,-1,-1
526,2,1043.43,929.58,72.90,150.40,0.6021,-1,-1,-1
526,3,1717.17,460.38,68.96,206.17,0.4467,-1,-1,-1
526,5,826.34,606.36,67.47,255.12,0.6678,-1,-1,-1
526,16,957.00,718.71,81.57,246.55,0.4979,-1,-1,-1
526,18,463.58,126.12,61.01,178.84,0.2723,-1,-1,-1
526,36,1049.82,743.37,73.97,215.28,0.5205,-1,-1,-1
526,41,779.57,136.09,54.89,184.23,0.2727,-1,-1,-1
526,67,187.73,788.28,94.66,281.05,0.7714,-1,-1,-1
526,69,261.50,824.96,86.60,254.22,0.8044,-1,-1,-1
526,87,1704.27,306.00,79.62,188.80,0.3913,-1,-1,-1
526,108,1767.65,211.71,62.14,178.89,0.4270,-1,-1,-1
526,111,388.71,200.22,59.15,177.84,0.2460,-1,-1,-1
526,112,1754.15,645.08,87.71,221.75,0.2062,-1,-1,-1
526,114,1858.92,216.50,64.21,195.29,0.2067,-1,-1,-1
526,121,455.75,-0.02,60.68,144.86,0.2336,-1,-1,-1
526,122,1487.88,0.01,51.15,137.92,0.2159,-1,-1,-1
527,2,1042.47,926.98,73.53,153.03,0.6514,-1,-1,-1
527,3,1717.09,460.42,70.00,206.11,0.4663,-1,-1,-1
527,5,826.42,605.83,66.78,252.16,0.6680,-1,-1,-1
527,16,957.78,722.93,80.35,244.18,0.4360,-1,-1,-1
527,18,463.91,125.38,61.00,180.43,0.3049,-1,-1,-1
527,36,1054.37,744.15,70.44,201.70,0.5252,-1,-1,-1
527,41,779.05,139.59,54.51,180.66,0.3455,-1,-1,-1
527,67,188.06,788.76,94.42,283.53,0.7836,-1,-1,-1
527,69,260.50,827.14,86.92,251.37,0.7869,-1,-1,-1
527,87,1702.28,305.50,78.69,187.45,0.4029,-1,-1,-1
527,108,1768.28,213.75,62.12,176.70,0.4472,-1,-1,-1
527,111,386.93,198.95,60.84,181.99,0.3043,-1,-1,-1
527,112,1758.98,647.80,86.98,220.54,0.2673,-1,-1,-1
527,121,455.98,-0.02,60.35,143.97,0.2626,-1,-1,-1
527,122,1487.49,0.00,51.50,138.19,0.2270,-1,-1,-1
528,2,1041.59,923.50,73.50,156.51,0.6971,-1,-1,-1
528,3,1717.33,460.06,71.59,206.74,0.5019,-1,-1,-1
528,5,826.20,605.44,66.94,252.36,0.6926,-1,-1,-1
528,16,969.84,726.11,59.92,170.95,0.4188,-1,-1,-1
528,18,465.00,125.66,60.54,181.43,0.3319,-1,-1,-1
528,36,1056.52,745.11,70.19,197.51,0.5259,-1,-1,-1
528,41,778.57,140.41,54.61,179.82,0.3187,-1,-1,-1
528,67,188.03,790.58,92.32,282.46,0.7786,-1,-1,-1
528,69,258.58,828.18,87.98,250.07,0.7950,-1,-1,-1
528,72,1568.01,604.37,84.54,229.64,0.2109,-1,-1,-1
528,87,1700.05,305.55,78.09,186.46,0.4187,-1,-1,-1
528,108,1770.55,214.81,60.88,168.86,0.5166,-1,-1,-1
528,111,387.56,203.05,60.58,180.88,0.3118,-1,-1,-1
528,119,1670.70,6.81,54.44,163.78,0.2220,-1,-1,-1
528,121,455.84,-0.00,59.60,142.31,0.2568,-1,-1,-1
528,122,1486.91,0.02,52.04,138.67,0.2137,-1,-1,-1
529,2,1040.94,925.03,72.32,154.98,0.7088,-1,-1,-1
529,3,1717.17,460.42,72.79,206.76,0.5138,-1,-1,-1
529,5,825.65,605.64,67.03,251.89,0.7107,-1,-1,-1
529,16,960.18,728.82,84.86,247.98,0.4716,-1,-1,-1
529,18,465.14,125.35,60.36,182.25,0.3412,-1,-1,-1
529,36,1057.45,745.88,72.53,202.21,0.5672,-1,-1,-1
529,41,776.95,142.11,55.73,178.77,0.3109,-1,-1,-1
529,67,189.66,791.80,90.37,281.26,0.7743,-1,-1,-1
529,69,257.78,829.12,87.90,247.94,0.7873,-1,-1,-1
529,72,1568.75,604.61,83.59,230.14,0.2073,-1,-1,-1
529,87,1697.53,305.35,78.33,186.67,0.3176,-1,-1,-1
529,108,1768.96,213.36,63.78,174.34,0.5195,-1,-1,-1
529,111,386.93,202.78,62.09,186.66,0.3331,-1,-1,-1
529,121,455.28,0.00,59.70,142.90,0.2569,-1,-1,-1
530,2,1040.48,927.37,71.52,152.63,0.6416,-1,-1,-1
530,3,1716.35,459.41,74.18,208.53,0.5285,-1,-1,-1
530,5,823.66,604.88,67.05,251.85,0.7131,-1,-1,-1
530,16,961.74,732.13,84.24,253.50,0.6288,-1,-1,-1
530,18,464.83,125.00,59.11,177.83,0.2810,-1,-1,-1
530,36,1058.21,747.83,72.66,199.46,0.5644,-1,-1,-1
530,41,776.73,139.63,56.76,180.17,0.2862,-1,-1,-1
530,67,190.35,792.86,89.28,280.97,0.7637,-1,-1,-1
530,69,257.29,831.48,88.27,245.76,0.7871,-1,-1,-1
530,87,1696.24,306.79,76.96,182.67,0.3620,-1,-1,-1
530,108,1768.26,213.84,65.08,174.54,0.5135,-1,-1,-1
530,111,386.46,201.72,62.54,189.17,0.3470,-1,-1,-1
530,121,455.53,-0.03,59.25,141.98,0.2466,-1,-1,-1
530,122,1486.57,0.00,52.60,139.03,0.2110,-1,-1,-1
531,2,1039.99,930.01,70.78,150.00,0.6540,-1,-1,-1
531,3,1716.43,460.48,74.30,207.06,0.5389,-1,-1,-1
531,5,821.46,603.98,67.72,253.07,0.7079,-1,-1,-1
531,16,963.46,733.06,82.78,253.97,0.6366,-1,-1,-1
531,18,466.97,124.55,58.54,176.81,0.3103,-1,-1,-1
531,36,1058.46,749.25,75.22,206.69,0.5973,-1,-1,-1
531,41,776.43,137.73,57.36,181.20,0.2518,-1,-1,-1
531,67,191.03,794.87,88.17,279.10,0.7521,-1,-1,-1
531,69,257.12,832.69,88.47,245.22,0.7844,-1,-1,-1
531,87,1695.14,305.70,77.10,183.12,0.3705,-1,-1,-1
531,108,1767.18,214.35,66.13,173.66,0.5200,-1,-1,-1
531,111,379.49,197.36,65.91,194.50,0.4177,-1,-1,-1
532,2,1041.01,936.55,68.51,143.45,0.6097,-1,-1,-1
532,3,1714.38,459.77,75.69,211.29,0.6018,-1,-1,-1
532,5,818.90,603.11,68.12,251.44,0.7099,-1,-1,-1
532,16,966.55,736.20,83.12,254.54,0.6743,-1,-1,-1
532,18,467.40,122.49,59.31,180.27,0.3334,-1,-1,-1
532,36,1058.42,750.62,76.61,210.71,0.6405,-1,-1,-1
532,41,776.20,142.73,56.90,176.82,0.2502,-1,-1,-1
532,67,191.66,796.70,87.13,275.80,0.7768,-1,-1,-1
532,69,257.17,833.58,88.71,244.73,0.7899,-1,-1,-1
532,72,1569.71,602.39,83.94,231.69,0.2045,-1,-1,-1
532,87,1695.29,304.92,77.46,185.11,0.3386,-1,-1,-1
532,108,1767.00,215.38,67.84,174.65,0.5165,-1,-1,-1
532,111,378.59,194.91,67.32,195.71,0.4117,-1,-1,-1
532,122,1486.24,0.01,53.10,139.35,0.2148,-1,-1,-1
533,2,1042.05,944.78,65.76,135.23,0.5311,-1,-1,-1
533,3,1714.19,458.55,75.53,211.43,0.6038,-1,-1,-1
533,5,813.69,602.57,69.21,254.35,0.7122,-1,-1,-1
533,16,969.99,739.14,82.98,249.10,0.6902,-1,-1,-1
533,18,467.18,123.55,59.13,180.07,0.2682,-1,-1,-1
533,36,1060.41,753.33,76.76,210.99,0.6015,-1,-1,-1
533,41,775.07,143.75,57.42,175.41,0.2567,-1,-1,-1
533,52,995.19,2.56,46.25,103.29,0.2090,-1,-1,-1
533,67,191.51,798.04,87.89,273.84,0.7658,-1,-1,-1
533,69,256.91,835.06,88.73,243.85,0.7916,-1,-1,-1
533,72,1571.30,604.43,82.98,229.42,0.2028,-1,-1,-1
533,87,1695.68,304.80,76.36,184.63,0.3674,-1,-1,-1
533,108,1767.69,218.36,68.10,172.66,0.4868,-1,-1,-1
533,111,378.08,195.89,67.96,195.79,0.3674,-1,-1,-1
533,126,153.05,312.76,75.72,193.63,0.2753,-1,-1,-1
534,2,1041.73,948.65,65.03,131.35,0.4488,-1,-1,-1
534,3,1713.72,458.79,75.58,210.71,0.5888,-1,-1,-1
534,5,809.69,601.27,70.23,256.88,0.7300,-1,-1,-1
534,16,969.41,740.65,84.53,248.38,0.6799,-1,-1,-1
534,18,467.17,123.10,57.58,175.62,0.3688,-1,-1,-1
534,36,1062.08,755.08,77.21,214.68,0.5560,-1,-1,-1
534,41,775.81,145.25,57.46,173.15,0.2544,-1,-1,-1
534,67,191.48,799.47,88.79,270.28,0.7755,-1,-1,-1
534,69,257.42,836.34,88.73,241.80,0.7829,-1,-1,-1
534,87,1694.50,303.44,75.62,184.84,0.4167,-1,-1,-1
534,108,1768.52,219.94,68.75,170.85,0.5252,-1,-1,-1
534,111,381.53,197.94,67.10,193.08,0.3665,-1,-1,-1
534,126,144.35,311.87,76.50,190.36,0.3536,-1,-1,-1
535,2,1042.14,954.07,63.29,125.93,0.2571,-1,-1,-1
535,3,1713.54,457.19,76.02,212.88,0.6176,-1,-1,-1
535,5,805.68,599.91,70.93,254.70,0.7457,-1,-1,-1
535,16,969.90,743.01,85.16,246.97,0.6599,-1,-1,-1
535,18,466.67,119.76,57.76,174.95,0.2768,-1,-1,-1
535,36,1059.97,757.58,80.60,225.42,0.4514,-1,-1,-1
535,41,776.58,149.74,56.97,169.51,0.2678,-1,-1,-1
535,67,190.98,799.55,91.50,271.77,0.7963,-1,-1,-1
535,69,257.55,837.38,88.97,240.23,0.7887,-1,-1,-1
535,72,1555.13,613.36,85.48,220.52,0.2089,-1,-1,-1
535,87,1693.00,300.37,76.12,187.18,0.3237,-1,-1,-1
535,108,1768.28,222.13,68.89,169.11,0.4699,-1,-1,-1
535,111,385.69,200.93,65.43,189.29,0.4037,-1,-1,-1
535,126,146.47,311.60,77.21,188.22,0.3306,-1,-1,-1
536,3,1714.45,458.73,75.17,210.54,0.6237,-1,-1,-1
536,5,803.21,599.79,71.40,253.47,0.7305,-1,-1,-1
536,16,972.51,742.99,86.67,251.59,0.6402,-1,-1,-1
536,18,467.34,123.89,56.20,168.81,0.2824,-1,-1,-1
536,36,1061.34,761.15,79.27,222.23,0.4686,-1,-1,-1
536,41,776.99,147.32,58.12,171.58,0.2402,-1,-1,-1
536,67,190.45,800.42,93.25,275.28,0.8008,-1,-1,-1
536,69,257.42,838.70,88.56,239.35,0.7894,-1,-1,-1
536,72,1568.63,601.25,87.64,232.53,0.2930,-1,-1,-1
536,87,1692.26,299.82,75.70,187.46,0.3111,-1,-1,-1
536,108,1767.77,222.98,69.39,167.97,0.5121,-1,-1,-1
536,111,387.67,199.52,65.39,191.01,0.3940,-1,-1,-1
536,126,146.45,310.02,79.37,188.90,0.4294,-1,-1,-1
537,3,1715.48,460.24,74.72,209.92,0.6184,-1,-1,-1
537,5,799.44,599.91,73.42,255.29,0.7274,-1,-1,-1
537,16,974.05,745.84,86.76,248.37,0.6561,-1,-1,-1
537,18,467.04,121.37,56.46,169.29,0.2304,-1,-1,-1
537,36,1062.63,762.78,79.95,227.16,0.5254,-1,-1,-1
537,41,776.52,142.24,60.01,176.76,0.2523,-1,-1,-1
537,67,191.13,801.38,93.72,278.41,0.7857,-1,-1,-1
537,69,257.34,841.09,87.53,237.54,0.7763,-1,-1,-1
537,72,1571.92,598.52,87.30,234.94,0.2546,-1,-1,-1
537,87,1690.56,297.41,76.06,190.23,0.2925,-1,-1,-1
537,108,1769.06,223.53,69.91,167.71,0.5019,-1,-1,-1
537,111,388.33,200.02,64.61,190.01,0.4261,-1,-1,-1
537,119,1664.47,1.83,53.82,160.46,0.2197,-1,-1,-1
537,122,1487.25,0.01,52.96,138.03,0.2354,-1,-1,-1
537,126,146.73,309.49,81.18,189.32,0.4440,-1,-1,-1
538,2,1036.22,944.85,69.36,135.16,0.3105,-1,-1,-1
538,3,1716.28,460.83,73.86,208.87,0.6259,-1,-1,-1
538,5,798.54,600.38,74.62,254.36,0.7362,-1,-1,-1
538,16,976.25,747.62,87.21,245.60,0.6989,-1,-1,-1
538,18,466.28,120.34,56.09,167.14,0.2201,-1,-1,-1
538,36,1061.74,764.96,79.36,226.02,0.5723,-1,-1,-1
538,41,776.21,138.20,62.04,182.46,0.2247,-1,-1,-1
538,67,192.49,802.97,92.74,277.08,0.7956,-1,-1,-1
538,69,256.54,844.20,87.13,235.42,0.7830,-1,-1,-1
538,87,1687.55,296.26,75.03,190.76,0.3831,-1,-1,-1
538,108,1770.53,223.67,69.28,167.37,0.5207,-1,-1,-1
538,111,388.12,196.43,65.39,194.32,0.3624,-1,-1,-1
538,119,1662.85,0.89,53.89,159.77,0.2052,-1,-1,-1
538,122,1487.85,0.01,53.21,139.07,0.2606,-1,-1,-1
538,126,148.21,309.44,82.04,188.53,0.3817,-1,-1,-1
539,2,1032.98,940.86,73.55,139.12,0.5008,-1,-1,-1
539,3,1716.02,460.36,73.84,209.00,0.6110,-1,-1,-1
539,5,795.90,599.96,75.71,254.99,0.7297,-1,-1,-1
539,16,976.66,748.71,87.52,244.20,0.7038,-1,-1,-1
539,36,1060.91,767.44,80.54,228.08,0.6095,-1,-1,-1
539,41,776.60,128.89,65.13,191.74,0.2544,-1,-1,-1
539,52,995.29,2.77,47.67,101.23,0.2053,-1,-1,-1
539,67,193.24,804.86,92.00,275.19,0.7848,-1,-1,-1
539,69,255.02,846.73,87.12,233.02,0.7834,-1,-1,-1
539,87,1686.16,293.99,75.71,194.51,0.3624,-1,-1,-1
539,108,1772.90,224.65,68.09,166.42,0.4939,-1,-1,-1
539,111,387.46,191.49,66.23,200.05,0.4182,-1,-1,-1
539,122,1488.38,-0.03,53.10,138.17,0.2728,-1,-1,-1
539,126,149.20,309.22,82.67,188.10,0.2825,-1,-1,-1
540,2,1032.71,943.64,73.52,136.36,0.3970,-1,-1,-1
540,3,1715.85,459.33,74.03,210.05,0.6306,-1,-1,-1
540,5,793.70,599.79,76.76,254.09,0.7462,-1,-1,-1
540,16,978.60,748.91,87.52,242.53,0.6745,-1,-1,-1
540,18,465.15,120.09,55.64,164.48,0.2355,-1,-1,-1
540,36,1063.07,769.38,78.86,221.33,0.5426,-1,-1,-1
540,41,774.09,106.42,71.99,214.37,0.2270,-1,-1,-1
540,67,193.23,806.18,91.55,273.10,0.7671,-1,-1,-1
540,69,254.48,848.95,86.13,229.21,0.7685,-1,-1,-1
540,87,1682.68,291.13,75.79,196.69,0.4186,-1,-1,-1
540,108,1773.49,225.05,67.41,166.49,0.4509,-1,-1,-1
540,111,387.36,186.81,66.33,204.94,0.4420,-1,-1,-1
540,119,1661.50,-0.09,53.73,158.53,0.2388,-1,-1,-1
540,122,1488.81,0.25,53.53,138.41,0.2571,-1,-1,-1
540,126,148.92,308.34,83.81,188.82,0.2890,-1,-1,-1
541,2,1030.05,939.76,77.21,140.25,0.5404,-1,-1,-1
541,3,1716.11,458.68,73.80,209.92,0.6412,-1,-1,-1
541,5,793.09,599.92,76.81,251.76,0.7224,-1,-1,-1
541,16,981.74,750.92,85.72,238.27,0.6863,-1,-1,-1
541,18,463.74,116.06,56.95,166.85,0.2130,-1,-1,-1
541,36,1057.65,769.93,82.07,222.94,0.6325,-1,-1,-1
541,41,773.27,93.03,76.12,229.11,0.3055,-1,-1,-1
541,67,196.40,809.35,90.27,270.34,0.7777,-1,-1,-1
541,69,255.03,850.48,86.04,228.28,0.7680,-1,-1,-1
541,87,1678.65,288.25,76.55,198.61,0.4099,-1,-1,-1
541,108,1774.73,225.68,66.70,166.39,0.4483,-1,-1,-1
541,111,387.30,186.88,65.71,206.95,0.4692,-1,-1,-1
541,119,1660.30,-0.14,54.13,158.97,0.2898,-1,-1,-1
541,122,1489.05,1.58,53.73,137.66,0.2067,-1,-1,-1
541,126,149.64,307.86,83.86,187.15,0.2084,-1,-1,-1
542,2,1032.74,947.25,73.84,132.75,0.3613,-1,-1,-1
542,3,1715.69,457.89,74.07,210.91,0.5984,-1,-1,-1
542,5,791.07,599.16,77.24,251.86,0.7132,-1,-1,-1
542,16,983.81,751.00,84.66,239.35,0.6710,-1,-1,-1
542,18,462.78,112.97,57.94,169.61,0.2737,-1,-1,-1
542,36,1065.58,771.41,81.02,223.93,0.5655,-1,-1,-1
542,41,774.05,91.03,76.41,230.93,0.3005,-1,-1,-1
542,67,199.75,810.71,88.79,269.32,0.7557,-1,-1,-1
542,69,256.03,852.77,84.94,226.73,0.7469,-1,-1,-1
542,87,1676.46,284.81,78.21,202.06,0.4371,-1,-1,-1
542,108,1776.12,227.19,65.64,165.12,0.4327,-1,-1,-1
542,111,387.78,189.94,64.04,204.99,0.3987,-1,-1,-1
542,119,1659.98,-0.17,54.52,158.51,0.2948,-1,-1,-1
542,126,149.45,307.48,85.71,189.72,0.2081,-1,-1,-1
543,2,1031.75,945.75,75.34,134.27,0.4403,-1,-1,-1
543,3,1715.13,456.72,74.62,211.98,0.5699,-1,-1,-1
543,5,789.22,599.24,78.15,251.52,0.7077,-1,-1,-1
543,16,988.42,753.13,81.81,231.65,0.6377,-1,-1,-1
543,18,462.59,111.25,58.23,169.99,0.2242,-1,-1,-1
543,36,1067.76,772.22,80.93,228.32,0.5949,-1,-1,-1
543,41,775.72,89.17,76.26,232.16,0.3138,-1,-1,-1
543,67,202.32,811.80,87.65,268.27,0.7123,-1,-1,-1
543,69,256.10,857.51,82.96,222.30,0.7136,-1,-1,-1
543,87,1673.79,283.71,79.27,202.76,0.4385,-1,-1,-1
543,108,1777.70,227.50,65.26,165.91,0.4199,-1,-1,-1
543,111,389.11,205.06,59.48,191.42,0.3006,-1,-1,-1
543,119,1659.36,0.03,54.53,158.20,0.2712,-1,-1,-1
543,122,1489.67,1.48,53.90,137.58,0.2353,-1,-1,-1
543,126,152.96,307.10,86.40,191.30,0.2112,-1,-1,-1
544,2,1029.79,944.24,77.10,135.76,0.4525,-1,-1,-1
544,3,1714.62,456.89,74.94,212.20,0.5608,-1,-1,-1
544,5,785.60,598.93,79.87,252.38,0.7251,-1,-1,-1
544,16,989.64,755.36,81.42,225.95,0.6524,-1,-1,-1
544,18,461.45,110.21,58.68,170.86,0.2310,-1,-1,-1
544,36,1069.75,772.70,79.73,227.18,0.5996,-1,-1,-1
544,41,776.71,86.55,76.13,234.05,0.3591,-1,-1,-1
544,67,205.23,813.08,86.27,266.97,0.7178,-1,-1,-1
544,69,256.80,862.61,81.17,216.25,0.6976,-1,-1,-1
544,87,1671.83,283.39,80.25,202.69,0.4205,-1,-1,-1
544,108,1778.64,227.95,64.75,166.32,0.4219,-1,-1,-1
544,111,389.05,202.49,59.96,194.48,0.3186,-1,-1,-1
544,119,1659.26,-0.10,54.16,156.61,0.2717,-1,-1,-1
544,122,1489.76,1.60,54.01,137.28,0.2284,-1,-1,-1
545,2,1023.17,942.59,80.84,137.42,0.5469,-1,-1,-1
545,3,1714.30,458.29,74.36,208.97,0.6114,-1,-1,-1
545,5,779.14,598.41,83.62,253.52,0.7364,-1,-1,-1
545,16,992.05,756.97,81.50,224.97,0.6540,-1,-1,-1
545,36,1070.15,775.73,79.23,225.33,0.5953,-1,-1,-1
545,41,776.21,85.74,75.99,235.20,0.3533,-1,-1,-1
545,67,207.29,814.74,84.86,265.31,0.6978,-1,-1,-1
545,69,254.85,866.12,81.20,212.84,0.7242,-1,-1,-1
545,87,1669.11,283.08,81.56,203.37,0.3899,-1,-1,-1
545,108,1780.85,227.71,64.99,169.95,0.4187,-1,-1,-1
545,111,390.07,210.89,58.02,188.74,0.3657,-1,-1,-1
545,119,1659.44,-0.11,53.63,154.29,0.2383,-1,-1,-1
545,122,1489.85,1.70,54.38,137.38,0.2485,-1,-1,-1
546,2,1023.05,942.71,81.97,137.29,0.5612,-1,-1,-1
546,3,1712.58,457.50,76.03,211.08,0.6235,-1,-1,-1
546,5,774.17,598.41,86.88,253.07,0.7461,-1,-1,-1
546,16,993.58,759.46,82.45,225.84,0.6304,-1,-1,-1
546,36,1072.19,776.85,79.73,227.82,0.6101,-1,-1,-1
546,41,777.26,84.61,75.20,235.44,0.4338,-1,-1,-1
546,67,209.07,815.74,84.07,264.31,0.6788,-1,-1,-1
546,69,253.04,868.80,81.40,210.85,0.7188,-1,-1,-1
546,87,1668.70,283.74,81.82,201.67,0.3893,-1,-1,-1
546,108,1783.30,229.41,63.99,170.50,0.3927,-1,-1,-1
546,111,387.26,187.60,64.49,214.18,0.2912,-1,-1,-1
546,119,1659.43,-0.11,52.72,150.52,0.2688,-1,-1,-1
546,122,1489.89,1.96,54.84,137.82,0.2623,-1,-1,-1
547,2,1026.65,944.50,80.71,135.51,0.5319,-1,-1,-1
547,3,1714.35,457.01,77.68,211.30,0.5921,-1,-1,-1
547,5,772.68,597.93,89.60,255.33,0.7605,-1,-1,-1
547,16,997.09,761.78,81.50,219.48,0.6357,-1,-1,-1
547,36,1073.61,779.19,80.05,230.28,0.6291,-1,-1,-1
547,41,777.56,84.65,74.80,235.69,0.4511,-1,-1,-1
547,67,210.91,817.36,83.40,262.69,0.6817,-1,-1,-1
547,69,253.35,872.53,81.12,207.47,0.6903,-1,-1,-1
547,87,1665.66,284.86,81.91,198.16,0.3394,-1,-1,-1
547,108,1785.65,231.58,63.57,171.68,0.3923,-1,-1,-1
547,111,388.76,210.26,58.51,193.56,0.2810,-1,-1,-1
547,119,1658.98,-0.08,52.82,150.74,0.2879,-1,-1,-1
547,122,1489.78,1.96,55.26,138.35,0.2783,-1,-1,-1
548,2,1025.23,939.11,83.11,140.90,0.5494,-1,-1,-1
548,3,1715.06,458.56,76.71,210.77,0.5886,-1,-1,-1
548,5,770.84,598.13,91.12,256.02,0.7462,-1,-1,-1
548,16,996.60,765.76,82.26,216.60,0.6599,-1,-1,-1
548,36,1069.39,781.54,84.11,237.71,0.6415,-1,-1,-1
548,41,777.79,83.48,75.05,238.42,0.4320,-1,-1,-1
548,67,212.03,818.49,82.67,261.56,0.6488,-1,-1,-1
548,69,252.39,875.35,80.21,204.67,0.6880,-1,-1,-1
548,87,1664.74,285.16,82.85,196.67,0.3616,-1,-1,-1
548,108,1787.43,234.84,63.71,173.49,0.4258,-1,-1,-1
548,111,386.49,217.18,57.97,188.99,0.3724,-1,-1,-1
548,119,1658.32,0.10,53.89,154.38,0.2464,-1,-1,-1
548,122,1489.64,2.21,55.44,138.78,0.2713,-1,-1,-1
549,2,1023.42,935.01,84.96,144.98,0.5255,-1,-1,-1
549,3,1718.45,459.16,74.08,208.73,0.6295,-1,-1,-1
549,5,770.37,599.25,91.30,254.22,0.7488,-1,-1,-1
549,16,998.16,768.58,80.93,211.70,0.5850,-1,-1,-1
549,36,1068.87,783.41,86.39,243.36,0.6419,-1,-1,-1
549,41,778.34,84.14,73.96,236.80,0.4413,-1,-1,-1
549,67,213.54,819.98,82.18,260.09,0.5254,-1,-1,-1
549,69,249.45,873.50,80.93,206.52,0.6309,-1,-1,-1
549,87,1663.65,284.69,85.18,198.25,0.3832,-1,-1,-1
549,108,1789.25,236.60,63.76,174.49,0.3902,-1,-1,-1
549,111,386.99,224.81,56.29,183.17,0.4233,-1,-1,-1
549,119,1658.53,0.90,53.17,153.19,0.2130,-1,-1,-1
549,122,1490.34,2.32,55.25,138.82,0.2679,-1,-1,-1
549,126,174.58,300.65,85.19,198.93,0.3119,-1,-1,-1
550,2,1022.78,934.70,84.68,145.30,0.5165,-1,-1,-1
550,3,1717.57,458.54,73.78,209.86,0.6131,-1,-1,-1
550,5,768.62,600.01,91.89,252.80,0.7335,-1,-1,-1
550,16,1000.86,772.83,76.63,198.75,0.5128,-1,-1,-1
550,36,1069.00,786.77,87.45,244.77,0.5967,-1,-1,-1
550,41,780.44,84.59,73.30,236.78,0.4438,-1,-1,-1
550,67,215.53,821.94,81.72,258.15,0.4100,-1,-1,-1
550,69,247.29,873.82,80.90,206.21,0.5721,-1,-1,-1
550,87,1662.52,283.90,86.22,197.39,0.4002,-1,-1,-1
550,108,1791.66,236.19,63.23,175.35,0.4180,-1,-1,-1
550,111,386.05,228.83,55.88,178.79,0.3811,-1,-1,-1
550,122,1490.80,2.57,54.56,137.06,0.2696,-1,-1,-1
550,126,177.37,300.37,82.45,200.26,0.2673,-1,-1,-1
551,2,1020.30,936.38,84.45,143.62,0.5713,-1,-1,-1
551,3,1719.13,459.17,72.46,209.16,0.6051,-1,-1,-1
551,5,766.95,598.61,92.68,255.13,0.7295,-1,-1,-1
551,16,1005.24,773.36,73.61,188.30,0.4895,-1,-1,-1
551,36,1075.18,789.99,86.23,241.90,0.5681,-1,-1,-1
551,41,780.88,84.52,72.90,237.06,0.4776,-1,-1,-1
551,67,219.12,823.52,81.69,256.56,0.3523,-1,-1,-1
551,69,242.96,874.24,82.34,205.78,0.5715,-1,-1,-1
551,87,1661.86,282.16,88.85,202.15,0.4083,-1,-1,-1
551,108,1793.60,236.04,62.59,176.04,0.4389,-1,-1,-1
551,111,383.64,226.19,57.95,181.80,0.4695,-1,-1,-1
551,119,1660.77,0.12,53.61,153.00,0.2044,-1,-1,-1
551,122,1490.70,2.57,54.98,138.08,0.2474,-1,-1,-1
551,126,178.77,298.29,81.15,202.43,0.2228,-1,-1,-1
552,2,1015.32,934.55,86.72,145.43,0.5270,-1,-1,-1
552,3,1721.55,458.37,70.62,208.62,0.6062,-1,-1,-1
552,5,766.53,597.93,92.21,254.15,0.7420,-1,-1,-1
552,16,1010.36,775.50,70.20,176.62,0.4712,-1,-1,-1
552,36,1075.46,793.03,86.98,240.79,0.5720,-1,-1,-1
552,41,783.04,83.32,72.73,238.07,0.4573,-1,-1,-1
552,69,238.15,874.85,85.38,205.15,0.6563,-1,-1,-1
552,72,1578.68,597.94,85.20,228.29,0.2054,-1,-1,-1
552,87,1660.26,280.91,91.32,209.36,0.3966,-1,-1,-1
552,108,1794.95,236.73,62.07,176.62,0.3951,-1,-1,-1
552,111,382.65,225.77,59.06,182.09,0.4154,-1,-1,-1
552,122,1490.64,3.02,55.09,137.79,0.2165,-1,-1,-1
553,2,1004.48,928.77,93.74,151.04,0.5364,-1,-1,-1
553,3,1721.08,458.77,69.77,208.10,0.5768,-1,-1,-1
553,5,766.21,595.84,92.13,254.42,0.7524,-1,-1,-1
553,16,1013.53,777.91,67.35,166.07,0.5104,-1,-1,-1
553,18,456.30,95.80,59.74,175.74,0.2222,-1,-1,-1
553,36,1075.85,795.07,89.55,243.35,0.5789,-1,-1,-1
553,41,785.63,84.36,71.83,235.35,0.4183,-1,-1,-1
553,69,236.79,875.64,86.93,204.36,0.6737,-1,-1,-1
553,87,1658.81,278.92,94.33,218.55,0.3751,-1,-1,-1
553,108,1797.25,237.04,61.32,176.04,0.3755,-1,-1,-1
553,111,382.16,223.26,60.49,184.01,0.4120,-1,-1,-1
553,122,1489.47,2.66,56.83,142.15,0.2186,-1,-1,-1
554,2,975.50,822.37,152.92,257.51,0.2785,-1,-1,-1
554,3,1721.49,459.04,69.04,207.78,0.5985,-1,-1,-1
554,5,765.72,595.69,90.06,251.52,0.7511,-1,-1,-1
554,16,1012.21,781.19,67.63,165.84,0.3104,-1,-1,-1
554,36,1082.01,797.21,89.43,242.44,0.5158,-1,-1,-1
554,41,788.26,85.05,71.44,233.90,0.4258,-1,-1,-1
554,67,237.19,832.78,84.57,247.24,0.6351,-1,-1,-1
554,87,1660.88,276.76,89.22,208.92,0.4109,-1,-1,-1
554,108,1800.44,236.67,60.69,176.03,0.3026,-1,-1,-1
554,111,379.62,219.83,62.59,186.72,0.5271,-1,-1,-1
554,119,1661.64,0.19,51.91,146.15,0.2454,-1,-1,-1
554,122,1488.62,2.68,57.58,144.11,0.2604,-1,-1,-1
555,2,975.03,792.88,156.51,276.48,0.2413,-1,-1,-1
555,3,1721.66,457.27,68.82,209.38,0.6001,-1,-1,-1
555,5,764.51,595.95,89.54,251.08,0.7344,-1,-1,-1
555,16,1015.78,783.56,65.19,157.95,0.3537,-1,-1,-1
555,18,456.97,93.02,60.03,176.76,0.2868,-1,-1,-1
555,36,1086.53,798.94,87.40,238.79,0.6162,-1,-1,-1
555,41,788.53,84.34,72.13,234.76,0.3998,-1,-1,-1
555,67,236.76,834.36,88.93,245.65,0.7003,-1,-1,-1
555,72,1580.37,594.47,87.81,231.70,0.2046,-1,-1,-1
555,87,1665.36,275.71,83.75,198.38,0.4645,-1,-1,-1
555,108,1803.20,236.72,60.61,176.59,0.2968,-1,-1,-1
555,111,377.98,218.10,63.86,188.87,0.5312,-1,-1,-1
555,119,1661.74,0.02,52.48,145.65,0.2508,-1,-1,-1
555,122,1488.24,2.71,57.88,144.78,0.2391,-1,-1,-1
556,2,983.16,783.21,153.84,294.64,0.4625,-1,-1,-1
556,3,1722.16,456.01,67.58,208.07,0.6181,-1,-1,-1
556,5,762.46,593.81,88.65,250.22,0.7562,-1,-1,-1
556,16,1014.38,784.80,73.14,178.64,0.3027,-1,-1,-1
556,18,457.01,91.65,61.32,179.37,0.2845,-1,-1,-1
556,36,1092.94,799.28,86.16,238.79,0.5739,-1,-1,-1
556,41,789.20,85.49,72.13,233.04,0.4121,-1,-1,-1
556,69,239.17,877.38,87.77,202.36,0.6131,-1,-1,-1
556,87,1665.10,273.84,80.99,194.48,0.4873,-1,-1,-1
556,108,1806.88,236.81,60.36,175.39,0.3256,-1,-1,-1
556,111,378.14,220.04,64.42,189.59,0.5016,-1,-1,-1
556,119,1661.00,-0.05,52.48,144.81,0.2423,-1,-1,-1
556,122,1487.72,2.69,58.13,145.77,0.2724,-1,-1,-1
557,2,986.04,782.64,143.76,295.57,0.4499,-1,-1,-1
557,3,1724.39,457.71,67.26,206.91,0.6170,-1,-1,-1
557,5,760.46,593.71,87.36,247.03,0.7159,-1,-1,-1
557,18,458.12,93.03,60.36,177.24,0.2290,-1,-1,-1
557,36,1098.45,800.68,83.81,235.85,0.5541,-1,-1,-1
557,41,789.82,84.72,72.22,233.40,0.4474,-1,-1,-1
557,67,240.96,837.21,90.99,242.79,0.7365,-1,-1,-1
557,87,1667.28,273.60,80.43,194.36,0.5163,-1,-1,-1
557,108,1807.45,237.25,60.23,174.06,0.3461,-1,-1,-1
557,111,377.37,222.56,64.31,186.70,0.5111,-1,-1,-1
557,119,1660.39,0.14,52.68,143.98,0.2308,-1,-1,-1
557,122,1487.83,2.97,57.95,145.63,0.2449,-1,-1,-1
557,126,189.80,297.82,71.59,182.50,0.2478,-1,-1,-1
558,2,991.59,783.15,131.99,295.72,0.5358,-1,-1,-1
558,3,1720.85,455.94,67.90,209.86,0.6835,-1,-1,-1
558,5,757.59,594.07,86.54,244.06,0.7109,-1,-1,-1
558,18,457.94,92.30,61.10,180.91,0.2718,-1,-1,-1
558,36,1101.00,800.49,82.59,234.20,0.6042,-1,-1,-1
558,41,790.80,84.00,72.41,235.07,0.4338,-1,-1,-1
558,67,242.13,838.00,93.52,242.00,0.7190,-1,-1,-1
558,87,1667.49,271.57,79.13,193.67,0.5492,-1,-1,-1
558,108,1811.31,237.11,60.75,174.99,0.3606,-1,-1,-1
558,111,376.78,223.12,65.23,187.69,0.5429,-1,-1,-1
558,119,1660.01,0.03,52.58,142.94,0.2026,-1,-1,-1
558,122,1487.30,3.13,57.69,145.47,0.2685,-1,-1,-1
559,2,1008.51,882.74,91.69,196.91,0.2482,-1,-1,-1
559,3,1724.50,458.12,66.20,205.61,0.6567,-1,-1,-1
559,5,753.61,593.43,85.15,242.71,0.6848,-1,-1,-1
559,16,1016.72,785.83,79.19,197.14,0.4999,-1,-1,-1
559,18,458.99,92.23,60.15,179.23,0.2652,-1,-1,-1
559,36,1102.44,801.54,82.94,233.60,0.6068,-1,-1,-1
559,41,790.72,82.88,72.45,236.97,0.3929,-1,-1,-1
559,69,242.82,889.15,89.32,190.85,0.7282,-1,-1,-1
559,87,1667.88,271.73,78.33,193.94,0.5372,-1,-1,-1
559,108,1814.22,237.14,60.61,174.65,0.3662,-1,-1,-1
559,111,376.15,225.42,65.59,187.08,0.5571,-1,-1,-1
559,122,1486.80,3.04,57.47,145.45,0.2530,-1,-1,-1
560,2,1014.33,925.97,74.86,153.96,0.2651,-1,-1,-1
560,3,1725.70,458.88,65.11,202.59,0.6607,-1,-1,-1
560,5,750.18,590.88,84.12,244.50,0.6902,-1,-1,-1
560,16,1018.70,786.53,79.75,198.35,0.5257,-1,-1,-1
560,18,460.05,92.00,59.86,180.03,0.3287,-1,-1,-1
560,36,1103.68,802.00,82.99,232.60,0.5581,-1,-1,-1
560,41,792.91,91.88,69.04,227.11,0.4046,-1,-1,-1
560,69,241.90,890.96,90.56,189.04,0.7417,-1,-1,-1
560,87,1667.01,271.10,77.30,192.87,0.5489,-1,-1,-1
560,108,1816.37,237.28,60.63,175.80,0.3580,-1,-1,-1
560,111,374.18,225.76,66.44,189.07,0.5476,-1,-1,-1
560,122,1486.60,3.04,57.13,145.16,0.2645,-1,-1,-1
561,3,1723.80,458.23,64.86,203.31,0.6692,-1,-1,-1
561,5,746.44,590.92,80.76,242.12,0.6932,-1,-1,-1
561,16,1018.44,787.79,79.81,199.05,0.4826,-1,-1,-1
561,18,461.59,92.44,58.28,175.85,0.3462,-1,-1,-1
561,36,1104.70,803.03,82.82,232.32,0.5990,-1,-1,-1
561,41,792.61,82.87,70.68,235.82,0.4365,-1,-1,-1
561,69,243.95,894.82,89.36,185.07,0.6748,-1,-1,-1
561,87,1666.06,271.15,76.93,192.84,0.5644,-1,-1,-1
561,108,1818.44,237.75,61.04,176.99,0.3352,-1,-1,-1
561,111,374.08,227.98,66.25,187.96,0.5728,-1,-1,-1
561,119,1659.79,-0.02,52.72,141.72,0.2184,-1,-1,-1
561,122,1486.27,3.23,56.87,144.54,0.2690,-1,-1,-1
562,3,1722.31,456.94,65.35,206.35,0.6457,-1,-1,-1
562,5,744.55,593.11,76.72,236.13,0.6951,-1,-1,-1
562,16,1018.44,790.98,79.85,197.44,0.6257,-1,-1,-1
562,18,463.60,92.74,56.26,170.16,0.2766,-1,-1,-1
562,36,1106.22,805.34,84.26,234.79,0.6008,-1,-1,-1
562,41,792.39,79.36,70.86,238.65,0.4263,-1,-1,-1
562,69,245.93,898.39,88.55,181.06,0.6623,-1,-1,-1
562,87,1664.19,270.69,76.82,192.14,0.5677,-1,-1,-1
562,108,1820.32,238.07,62.00,179.71,0.3342,-1,-1,-1
562,111,374.14,230.94,66.20,186.40,0.5958,-1,-1,-1
562,119,1658.82,-0.02,52.90,141.49,0.2148,-1,-1,-1
562,122,1485.59,3.42,57.08,144.68,0.2449,-1,-1,-1
563,3,1723.15,456.30,67.33,207.53,0.6362,-1,-1,-1
563,5,739.82,590.96,77.52,241.25,0.7023,-1,-1,-1
563,16,1015.83,793.34,88.09,220.38,0.5468,-1,-1,-1
563,18,464.76,90.91,55.73,169.76,0.2636,-1,-1,-1
563,36,1107.58,809.22,85.71,236.67,0.5827,-1,-1,-1
563,41,793.28,78.76,70.48,239.77,0.3966,-1,-1,-1
563,67,265.25,841.51,87.89,230.48,0.5089,-1,-1,-1
563,69,243.75,902.35,85.52,177.53,0.6873,-1,-1,-1
563,72,1588.45,600.68,84.77,226.08,0.2303,-1,-1,-1
563,87,1663.38,270.37,75.77,189.41,0.5080,-1,-1,-1
563,108,1821.01,241.38,61.53,177.70,0.3142,-1,-1,-1
563,111,375.45,234.27,65.85,184.89,0.5617,-1,-1,-1
563,119,1657.55,-0.04,52.96,141.92,0.2110,-1,-1,-1
563,122,1484.75,3.94,57.20,144.58,0.2267,-1,-1,-1
564,3,1721.04,453.97,68.05,208.79,0.6452,-1,-1,-1
564,5,735.59,589.71,78.21,242.83,0.6926,-1,-1,-1
564,16,1013.79,796.38,95.18,249.65,0.5989,-1,-1,-1
564,18,466.02,90.55,55.00,168.37,0.2923,-1,-1,-1
564,36,1106.21,811.81,87.46,241.96,0.5645,-1,-1,-1
564,41,794.53,77.17,70.48,241.92,0.4446,-1,-1,-1
564,67,268.27,842.78,87.43,230.01,0.5922,-1,-1,-1
564,69,244.94,905.53,82.77,174.44,0.7043,-1,-1,-1
564,72,1587.58,603.82,84.37,223.82,0.2575,-1,-1,-1
564,87,1663.02,269.62,75.43,188.99,0.5098,-1,-1,-1
564,108,1823.49,242.62,62.60,178.93,0.3452,-1,-1,-1
564,111,374.79,234.44,67.05,189.30,0.6126,-1,-1,-1
564,122,1483.68,3.95,57.23,143.93,0.2277,-1,-1,-1
564,129,988.00,935.94,106.36,142.81,0.5763,-1,-1,-1
565,3,1721.76,456.48,69.51,207.61,0.6391,-1,-1,-1
565,5,733.75,589.30,78.38,242.60,0.6092,-1,-1,-1
565,16,1014.41,798.13,97.42,266.34,0.6417,-1,-1,-1
565,18,468.38,90.17,54.36,168.45,0.2753,-1,-1,-1
565,36,1106.84,814.21,88.27,243.03,0.6163,-1,-1,-1
565,41,795.48,75.87,70.55,243.89,0.4424,-1,-1,-1
565,67,270.55,843.99,89.02,231.44,0.5832,-1,-1,-1
565,69,247.33,906.57,81.35,173.11,0.7141,-1,-1,-1
565,72,1586.93,600.68,85.91,227.28,0.3102,-1,-1,-1
565,87,1663.36,268.81,75.31,189.91,0.4923,-1,-1,-1
565,108,1825.52,245.06,62.67,176.69,0.3827,-1,-1,-1
565,111,374.36,235.72,66.75,191.18,0.6520,-1,-1,-1
565,122,1483.14,3.87,57.46,144.06,0.2368,-1,-1,-1
565,129,985.95,936.65,105.66,141.61,0.4413,-1,-1,-1
566,3,1720.32,456.21,71.25,208.33,0.6350,-1,-1,-1
566,5,733.22,590.58,77.49,240.66,0.6116,-1,-1,-1
566,16,1016.96,801.09,95.26,267.42,0.5945,-1,-1,-1
566,18,470.45,89.83,53.46,168.00,0.2928,-1,-1,-1
566,36,1104.08,817.20,90.28,243.93,0.6226,-1,-1,-1
566,41,796.40,76.06,70.01,243.19,0.4446,-1,-1,-1
566,67,273.51,846.31,92.10,232.10,0.6399,-1,-1,-1
566,69,248.45,908.72,80.19,171.26,0.7456,-1,-1,-1
566,72,1584.18,602.87,87.08,226.00,0.3020,-1,-1,-1
566,87,1665.58,269.69,71.90,183.20,0.5109,-1,-1,-1
566,108,1827.50,246.73,62.34,172.52,0.4078,-1,-1,-1
566,111,374.48,235.26,66.08,191.75,0.6633,-1,-1,-1
566,129,982.80,933.16,108.11,145.95,0.5274,-1,-1,-1
567,3,1719.43,456.92,73.73,209.90,0.6463,-1,-1,-1
567,5,730.45,590.64,78.14,242.51,0.5696,-1,-1,-1
567,16,1021.67,805.10,91.33,260.62,0.4887,-1,-1,-1
567,18,471.94,89.89,52.75,167.72,0.3047,-1,-1,-1
567,36,1110.41,819.95,88.51,240.95,0.4847,-1,-1,-1
567,41,796.45,76.83,69.90,242.35,0.4445,-1,-1,-1
567,67,274.71,848.04,95.44,231.73,0.6446,-1,-1,-1
567,69,249.05,910.97,79.15,169.03,0.7539,-1,-1,-1
567,72,1577.62,589.98,95.17,235.52,0.5710,-1,-1,-1
567,87,1666.15,270.12,69.91,181.30,0.5393,-1,-1,-1
567,108,1828.05,249.07,62.72,170.81,0.4119,-1,-1,-1
567,111,374.13,236.35,65.38,191.53,0.6653,-1,-1,-1
567,119,1655.69,2.24,49.25,136.23,0.2052,-1,-1,-1
567,122,1482.74,3.98,57.55,143.72,0.2002,-1,-1,-1
567,129,982.17,931.61,107.06,146.92,0.6045,-1,-1,-1
568,3,1717.97,456.61,75.02,210.39,0.6965,-1,-1,-1
568,5,729.51,589.17,78.25,244.48,0.6217,-1,-1,-1
568,16,1023.88,808.65,90.20,260.56,0.4812,-1,-1,-1
568,18,473.26,92.48,51.66,165.34,0.2425,-1,-1,-1
568,36,1112.00,822.13,87.69,240.18,0.4960,-1,-1,-1
568,41,796.07,75.80,70.78,243.56,0.4727,-1,-1,-1
568,67,275.88,849.30,98.18,230.25,0.6575,-1,-1,-1
568,69,249.60,912.84,79.24,167.16,0.7605,-1,-1,-1
568,72,1572.76,588.11,98.61,236.90,0.4046,-1,-1,-1
568,87,1666.29,270.47,68.32,181.93,0.5738,-1,-1,-1
568,108,1827.55,251.70,63.52,171.15,0.3843,-1,-1,-1
568,111,374.94,237.78,64.69,190.36,0.6409,-1,-1,-1
568,119,1654.97,2.38,49.95,137.60,0.2381,-1,-1,-1
568,122,1482.74,3.84,57.74,143.37,0.2391,-1,-1,-1
568,129,982.60,932.93,104.84,144.59,0.3815,-1,-1,-1
569,3,1716.93,457.45,75.93,209.72,0.6937,-1,-1,-1
569,5,726.58,588.00,79.03,246.02,0.6255,-1,-1,-1
569,16,1028.77,810.19,89.35,263.64,0.5718,-1,-1,-1
569,18,474.91,89.94,50.84,162.71,0.2707,-1,-1,-1
569,36,1113.69,825.15,86.84,239.75,0.4755,-1,-1,-1
569,41,796.56,74.68,71.39,244.85,0.4433,-1,-1,-1
569,67,280.93,851.27,99.79,228.46,0.6480,-1,-1,-1
569,69,249.70,914.24,79.45,165.76,0.7553,-1,-1,-1
569,72,1574.65,594.21,98.99,231.73,0.4364,-1,-1,-1
569,87,1665.02,267.32,67.76,184.32,0.5477,-1,-1,-1
569,108,1827.98,253.08,64.53,172.63,0.3846,-1,-1,-1
569,111,375.08,236.78,65.60,192.75,0.6382,-1,-1,-1
569,119,1654.23,2.97,49.26,135.87,0.2092,-1,-1,-1
569,129,982.46,933.86,103.17,143.83,0.2885,-1,-1,-1
570,3,1715.99,457.07,76.67,209.31,0.6843,-1,-1,-1
570,5,724.63,586.48,80.24,249.30,0.6121,-1,-1,-1
570,16,1031.19,812.02,87.79,264.66,0.6019,-1,-1,-1
570,18,476.32,89.94,49.89,160.50,0.2154,-1,-1,-1
570,36,1117.57,826.46,86.67,241.70,0.5841,-1,-1,-1
570,41,796.14,72.83,72.51,247.21,0.4924,-1,-1,-1
570,67,283.72,852.64,101.74,227.36,0.6638,-1,-1,-1
570,69,249.49,915.66,79.39,164.34,0.7440,-1,-1,-1
570,72,1572.97,593.46,101.44,232.16,0.5573,-1,-1,-1
570,87,1664.80,266.04,66.05,182.26,0.5398,-1,-1,-1
570,108,1828.49,254.22,65.49,173.84,0.3345,-1,-1,-1
570,111,375.49,237.11,65.69,192.71,0.6360,-1,-1,-1
570,119,1653.32,2.87,48.69,134.33,0.2174,-1,-1,-1
570,129,982.69,932.71,102.32,145.44,0.3424,-1,-1,-1
571,3,1716.27,455.71,77.74,209.34,0.6716,-1,-1,-1
571,5,721.75,587.49,80.68,247.19,0.5525,-1,-1,-1
571,16,1036.81,813.90,84.35,263.30,0.6702,-1,-1,-1
571,36,1124.21,828.58,83.34,242.64,0.6648,-1,-1,-1
571,41,796.06,71.21,73.56,248.02,0.4730,-1,-1,-1
571,67,285.20,855.42,102.09,224.61,0.6721,-1,-1,-1
571,69,248.57,918.83,79.04,161.17,0.7474,-1,-1,-1
571,72,1566.09,588.08,107.04,237.00,0.5822,-1,-1,-1
571,87,1663.01,263.20,64.60,179.96,0.5539,-1,-1,-1
571,108,1829.66,254.65,66.37,175.48,0.2817,-1,-1,-1
571,111,375.51,236.36,65.74,191.93,0.6212,-1,-1,-1
571,119,1652.62,2.17,48.06,133.02,0.2583,-1,-1,-1
571,122,1481.43,4.05,57.52,142.61,0.2258,-1,-1,-1
571,129,984.36,931.30,100.05,146.83,0.4004,-1,-1,-1
572,3,1716.16,457.60,77.98,208.21,0.6369,-1,-1,-1
572,5,717.91,586.92,82.70,249.59,0.5177,-1,-1,-1
572,16,1040.56,816.97,81.84,258.73,0.6373,-1,-1,-1
572,36,1122.75,829.72,82.37,241.53,0.6073,-1,-1,-1
572,41,795.31,71.71,74.32,247.25,0.4477,-1,-1,-1
572,67,293.01,857.21,100.43,222.80,0.6897,-1,-1,-1
572,69,250.16,918.84,79.91,160.95,0.7480,-1,-1,-1
572,72,1567.99,589.85,107.58,235.94,0.5144,-1,-1,-1
572,87,1662.86,260.43,64.66,180.42,0.5111,-1,-1,-1
572,108,1831.05,252.94,67.85,178.79,0.2187,-1,-1,-1
572,111,377.23,238.58,64.42,188.06,0.6144,-1,-1,-1
572,119,1651.98,1.11,48.00,133.30,0.2379,-1,-1,-1
572,122,1481.11,4.34,57.50,142.64,0.2038,-1,-1,-1
572,129,984.84,929.53,97.02,149.34,0.5683,-1,-1,-1
573,3,1716.07,457.06,79.39,210.23,0.6214,-1,-1,-1
573,5,714.87,587.14,84.23,249.66,0.6433,-1,-1,-1
573,16,1044.37,819.05,80.39,254.32,0.6230,-1,-1,-1
573,36,1123.04,831.50,82.37,245.02,0.6401,-1,-1,-1
573,41,795.18,70.35,75.83,248.90,0.4695,-1,-1,-1
573,67,291.36,859.23,97.96,220.20,0.6913,-1,-1,-1
573,69,249.27,925.08,78.85,154.91,0.7368,-1,-1,-1
573,72,1566.19,587.74,109.75,237.63,0.4860,-1,-1,-1
573,87,1659.95,258.43,65.41,183.12,0.5203,-1,-1,-1
573,108,1831.34,253.90,68.02,179.24,0.2505,-1,-1,-1
573,111,377.72,240.33,63.42,184.58,0.6200,-1,-1,-1
573,119,1652.17,0.76,47.63,132.53,0.2300,-1,-1,-1
573,129,987.39,929.64,92.80,149.28,0.6001,-1,-1,-1
574,3,1716.67,457.73,78.99,208.04,0.6429,-1,-1,-1
574,5,711.18,585.49,86.03,249.47,0.6973,-1,-1,-1
574,16,1046.99,819.65,80.00,251.86,0.6010,-1,-1,-1
574,18,467.80,80.10,58.99,191.04,0.2115,-1,-1,-1
574,36,1124.09,832.21,82.04,245.00,0.6194,-1,-1,-1
574,41,793.94,69.47,77.45,251.04,0.4648,-1,-1,-1
574,67,295.97,860.84,97.41,219.13,0.6987,-1,-1,-1
574,69,249.75,928.11,79.00,151.89,0.7365,-1,-1,-1
574,72,1569.11,595.36,108.17,231.34,0.4310,-1,-1,-1
574,87,1660.12,256.93,66.11,184.54,0.5341,-1,-1,-1
574,108,1833.25,254.80,66.90,175.98,0.2430,-1,-1,-1
574,111,377.94,241.15,63.32,184.26,0.6426,-1,-1,-1
574,129,990.15,928.92,89.18,149.63,0.6000,-1,-1,-1
575,3,1716.22,456.48,79.49,208.64,0.6428,-1,-1,-1
575,5,709.76,584.25,86.99,249.33,0.6841,-1,-1,-1
575,16,1047.71,820.39,81.07,252.97,0.6199,-1,-1,-1
575,18,467.06,79.65,60.04,195.30,0.2179,-1,-1,-1
575,36,1124.09,834.27,83.60,243.91,0.6431,-1,-1,-1
575,41,798.41,69.99,76.40,249.22,0.4354,-1,-1,-1
575,67,297.09,863.08,95.99,216.93,0.6977,-1,-1,-1
575,69,249.42,925.40,80.47,154.60,0.7335,-1,-1,-1
575,72,1567.89,599.82,107.73,227.13,0.5406,-1,-1,-1
575,87,1658.97,255.45,67.00,186.26,0.5477,-1,-1,-1
575,108,1834.31,254.84,66.85,175.98,0.2566,-1,-1,-1
575,111,377.79,240.54,64.33,187.27,0.6438,-1,-1,-1
575,129,993.46,928.44,85.66,149.50,0.5780,-1,-1,-1
576,3,1716.60,456.65,80.21,209.83,0.6138,-1,-1,-1
576,5,707.71,582.88,88.29,251.27,0.7062,-1,-1,-1
576,16,1048.14,821.05,81.06,252.34,0.5828,-1,-1,-1
576,18,465.46,79.27,61.53,198.91,0.2471,-1,-1,-1
576,36,1126.53,835.18,84.35,242.03,0.5978,-1,-1,-1
576,41,801.33,69.89,75.33,248.67,0.4033,-1,-1,-1
576,67,297.09,865.82,94.45,214.04,0.6981,-1,-1,-1
576,69,250.17,929.77,79.37,150.23,0.7418,-1,-1,-1
576,72,1567.85,598.49,107.99,226.67,0.6099,-1,-1,-1
576,87,1658.01,253.96,67.54,186.02,0.5612,-1,-1,-1
576,108,1835.94,254.68,67.12,176.38,0.2580,-1,-1,-1
576,111,377.74,244.13,64.45,187.51,0.6619,-1,-1,-1
576,129,996.47,927.86,82.56,149.50,0.4797,-1,-1,-1
577,3,1717.00,457.70,79.94,208.59,0.5880,-1,-1,-1
577,5,705.60,580.78,88.05,248.98,0.7005,-1,-1,-1
577,16,1049.90,823.03,80.10,249.04,0.5016,-1,-1,-1
577,18,466.48,76.50,61.72,199.98,0.2355,-1,-1,-1
577,36,1126.54,837.76,85.48,239.20,0.5126,-1,-1,-1
577,41,803.20,70.31,74.15,247.67,0.4469,-1,-1,-1
577,67,299.55,870.29,93.98,209.41,0.6998,-1,-1,-1
577,69,250.92,935.43,78.62,144.57,0.7432,-1,-1,-1
577,72,1566.05,600.05,109.09,226.51,0.5659,-1,-1,-1
577,87,1656.51,251.74,68.78,187.63,0.5222,-1,-1,-1
577,108,1837.18,255.13,67.16,177.12,0.2846,-1,-1,-1
577,111,378.25,247.47,64.24,187.51,0.6273,-1,-1,-1
577,129,998.63,927.08,79.52,150.17,0.5718,-1,-1,-1
578,3,1716.76,458.48,80.29,209.36,0.5575,-1,-1,-1
578,5,703.94,576.99,87.44,246.30,0.6775,-1,-1,-1
578,16,1052.73,824.08,78.98,246.03,0.4853,-1,-1,-1
578,18,470.93,76.21,59.42,195.47,0.2181,-1,-1,-1
578,36,1125.27,839.73,84.46,238.00,0.4747,-1,-1,-1
578,41,805.35,70.29,72.92,246.98,0.4341,-1,-1,-1
578,67,298.71,872.10,93.83,207.19,0.6970,-1,-1,-1
578,69,251.25,940.67,77.89,139.33,0.7391,-1,-1,-1
578,72,1563.97,601.29,109.78,226.15,0.5775,-1,-1,-1
578,87,1655.71,250.33,70.18,189.40,0.5596,-1,-1,-1
578,108,1838.83,254.79,65.94,174.76,0.2687,-1,-1,-1
578,111,377.52,249.64,64.36,188.41,0.6461,-1,-1,-1
578,129,1000.99,926.56,77.95,150.75,0.5379,-1,-1,-1
579,3,1716.96,459.07,80.18,209.07,0.5637,-1,-1,-1
579,5,703.43,575.31,82.84,233.11,0.5908,-1,-1,-1
579,16,1054.11,826.13,80.10,248.00,0.4999,-1,-1,-1
579,36,1129.96,839.68,85.86,237.73,0.5749,-1,-1,-1
579,41,806.03,69.37,72.12,248.11,0.4626,-1,-1,-1
579,67,298.63,873.81,93.67,204.89,0.6986,-1,-1,-1
579,69,250.86,944.16,77.79,135.84,0.7279,-1,-1,-1
579,72,1564.32,601.78,110.31,225.45,0.6078,-1,-1,-1
579,87,1652.85,248.58,72.73,192.54,0.5490,-1,-1,-1
579,108,1840.66,255.67,65.18,173.94,0.3459,-1,-1,-1
579,111,377.60,250.56,64.05,187.95,0.6678,-1,-1,-1
579,129,1004.20,925.55,77.02,151.20,0.5378,-1,-1,-1
580,3,1716.52,459.03,80.74,211.35,0.5831,-1,-1,-1
580,5,700.29,575.21,86.20,247.80,0.5795,-1,-1,-1
580,16,1055.53,828.43,79.79,246.60,0.4887,-1,-1,-1
580,18,471.23,72.61,59.11,196.35,0.2261,-1,-1,-1
580,36,1128.33,841.41,85.32,238.02,0.5564,-1,-1,-1
580,41,805.30,67.57,71.90,250.44,0.4907,-1,-1,-1
580,67,296.07,874.54,94.70,205.38,0.7240,-1,-1,-1
580,69,249.22,945.94,78.42,133.52,0.7220,-1,-1,-1
580,72,1563.25,601.85,111.67,225.75,0.6064,-1,-1,-1
580,87,1651.43,248.38,73.56,191.00,0.5543,-1,-1,-1
580,108,1843.68,255.93,65.72,175.65,0.3610,-1,-1,-1
580,111,377.43,252.70,63.62,187.12,0.6868,-1,-1,-1
580,129,1005.69,925.73,76.93,150.78,0.5670,-1,-1,-1
581,3,1716.76,458.03,79.82,210.74,0.5733,-1,-1,-1
581,5,698.95,573.91,84.19,249.79,0.6000,-1,-1,-1
581,16,1059.17,831.37,78.91,242.14,0.5535,-1,-1,-1
581,18,466.38,68.73,60.97,200.45,0.2301,-1,-1,-1
581,36,1134.48,841.57,87.39,238.38,0.5224,-1,-1,-1
581,41,805.64,68.23,70.89,249.29,0.4384,-1,-1,-1
581,67,295.98,875.91,95.87,204.02,0.7253,-1,-1,-1
581,69,249.80,947.66,78.80,132.05,0.7270,-1,-1,-1
581,72,1563.25,601.08,112.42,226.11,0.5761,-1,-1,-1
581,87,1649.78,246.86,74.52,191.35,0.4979,-1,-1,-1
581,108,1845.72,255.48,66.31,179.72,0.3798,-1,-1,-1
581,111,377.34,254.98,63.09,184.83,0.6495,-1,-1,-1
581,129,1006.39,925.40,77.48,151.10,0.5918,-1,-1,-1
582,3,1718.90,457.99,78.44,207.96,0.5333,-1,-1,-1
582,5,699.55,571.52,80.30,241.51,0.4719,-1,-1,-1
582,16,1061.81,834.91,77.40,235.51,0.5550,-1,-1,-1
582,36,1134.36,844.89,88.53,235.30,0.5294,-1,-1,-1
582,41,806.04,67.17,70.43,250.22,0.4474,-1,-1,-1
582,67,297.93,877.59,96.92,202.41,0.7379,-1,-1,-1
582,69,248.76,948.37,79.40,131.36,0.7115,-1,-1,-1
582,72,1564.28,602.93,111.66,223.80,0.5262,-1,-1,-1
582,87,1648.53,246.81,75.34,191.68,0.4698,-1,-1,-1
582,108,1847.98,255.40,66.51,182.19,0.2854,-1,-1,-1
582,111,376.40,255.68,63.81,186.30,0.6421,-1,-1,-1
582,129,1006.52,925.63,79.63,152.28,0.6060,-1,-1,-1
582,138,284.60,118.80,59.82,176.50,0.2102,-1,-1,-1
583,3,1719.00,457.65,78.10,208.56,0.5856,-1,-1,-1
583,5,698.95,570.24,76.11,232.00,0.4284,-1,-1,-1
583,16,1064.11,838.53,78.27,237.99,0.6572,-1,-1,-1
583,18,463.82,62.47,63.22,207.40,0.2387,-1,-1,-1
583,36,1141.38,845.70,88.34,234.41,0.6566,-1,-1,-1
583,41,806.21,65.58,70.17,251.79,0.4598,-1,-1,-1
583,67,298.48,879.66,96.53,200.35,0.7513,-1,-1,-1
583,69,247.50,948.81,80.13,131.13,0.7088,-1,-1,-1
583,72,1560.18,605.55,111.78,224.01,0.4246,-1,-1,-1
583,87,1648.09,246.76,75.83,190.45,0.4968,-1,-1,-1
583,108,1850.00,257.01,66.29,182.67,0.3632,-1,-1,-1
583,111,375.13,256.68,65.07,188.76,0.6739,-1,-1,-1
583,129,1005.18,926.34,79.57,152.04,0.5773,-1,-1,-1
583,138,283.74,116.21,60.85,179.43,0.2283,-1,-1,-1
584,3,1718.17,454.11,79.51,212.65,0.6184,-1,-1,-1
584,5,696.21,568.90,75.31,233.20,0.2693,-1,-1,-1
584,16,1062.52,841.93,79.72,237.94,0.6877,-1,-1,-1
584,18,465.22,62.07,63.42,207.60,0.2034,-1,-1,-1
584,36,1140.80,848.15,88.43,231.94,0.6701,-1,-1,-1
584,41,807.84,66.49,68.97,250.65,0.4434,-1,-1,-1
584,67,299.58,881.32,95.83,198.69,0.7555,-1,-1,-1
584,69,246.41,949.78,80.09,130.22,0.7005,-1,-1,-1
584,72,1561.19,602.73,112.19,224.83,0.5065,-1,-1,-1
584,87,1647.54,247.18,76.13,188.84,0.5106,-1,-1,-1
584,108,1852.63,256.01,66.84,184.60,0.2572,-1,-1,-1
584,111,373.18,257.35,65.90,190.11,0.6968,-1,-1,-1
584,129,998.76,926.40,76.56,152.20,0.5637,-1,-1,-1
584,138,283.75,115.52,61.05,179.77,0.2380,-1,-1,-1
585,3,1719.33,456.38,77.32,208.13,0.6331,-1,-1,-1
585,5,693.22,568.41,75.79,239.78,0.2955,-1,-1,-1
585,16,1061.73,843.93,79.08,235.67,0.7316,-1,-1,-1
585,36,1141.57,851.72,88.09,228.35,0.7216,-1,-1,-1
585,41,807.70,68.11,68.13,249.43,0.4724,-1,-1,-1
585,67,299.73,883.33,95.04,196.68,0.7540,-1,-1,-1
585,69,246.52,951.01,79.80,128.73,0.7086,-1,-1,-1
585,72,1559.81,605.68,111.87,224.11,0.4350,-1,-1,-1
585,87,1646.92,247.30,77.20,187.99,0.5317,-1,-1,-1
585,108,1852.09,257.47,67.06,185.61,0.2863,-1,-1,-1
585,111,372.52,257.87,65.83,189.12,0.7123,-1,-1,-1
585,129,998.79,927.37,73.22,150.61,0.5902,-1,-1,-1
585,138,283.38,116.98,60.65,178.49,0.2367,-1,-1,-1
586,3,1718.85,456.80,76.02,206.17,0.6221,-1,-1,-1
586,16,1063.16,846.08,78.71,232.19,0.7109,-1,-1,-1
586,36,1145.85,854.73,87.32,225.33,0.6960,-1,-1,-1
586,41,807.74,68.87,67.51,249.35,0.4833,-1,-1,-1
586,67,301.18,886.25,93.86,193.75,0.7595,-1,-1,-1
586,69,245.40,952.61,80.09,127.20,0.7044,-1,-1,-1
586,72,1563.74,603.43,112.28,224.14,0.5337,-1,-1,-1
586,87,1647.54,247.68,77.49,186.83,0.5339,-1,-1,-1
586,108,1852.93,257.07,66.92,186.39,0.2871,-1,-1,-1
586,111,372.00,258.01,65.81,189.69,0.7196,-1,-1,-1
586,129,999.66,928.22,70.03,149.94,0.6019,-1,-1,-1
586,138,283.68,117.19,60.37,177.75,0.3369,-1,-1,-1
587,3,1720.04,455.09,76.30,209.83,0.6410,-1,-1,-1
587,16,1065.85,847.62,78.17,230.04,0.7135,-1,-1,-1
587,18,467.47,61.18,63.69,209.53,0.2144,-1,-1,-1
587,36,1150.00,858.27,86.64,221.80,0.6704,-1,-1,-1
587,41,807.33,70.52,66.93,248.58,0.4748,-1,-1,-1
587,67,302.89,888.56,93.22,191.28,0.7587,-1,-1,-1
587,69,247.42,954.97,79.53,125.02,0.7236,-1,-1,-1
587,72,1560.49,602.85,113.54,227.40,0.5409,-1,-1,-1
587,87,1647.50,247.33,77.75,185.93,0.5087,-1,-1,-1
587,108,1853.67,257.33,66.53,186.14,0.3107,-1,-1,-1
587,111,371.21,258.48,65.67,189.37,0.7010,-1,-1,-1
587,129,1000.22,929.30,67.84,148.90,0.6297,-1,-1,-1
587,138,283.35,116.53,60.56,178.46,0.2802,-1,-1,-1
588,3,1718.17,453.00,75.28,213.66,0.6281,-1,-1,-1
588,16,1066.90,849.54,77.17,227.25,0.7055,-1,-1,-1
588,18,469.14,62.29,63.03,207.72,0.2226,-1,-1,-1
588,36,1151.79,857.96,88.29,222.09,0.6634,-1,-1,-1
588,41,807.48,70.14,66.54,248.58,0.4542,-1,-1,-1
588,67,303.21,891.16,92.64,188.83,0.7552,-1,-1,-1
588,69,247.96,957.65,79.03,122.35,0.7202,-1,-1,-1
588,72,1562.94,602.67,112.41,224.92,0.5299,-1,-1,-1
588,87,1648.14,245.51,78.15,186.86,0.4996,-1,-1,-1
588,108,1855.26,256.93,65.89,186.08,0.3220,-1,-1,-1
588,111,371.25,258.60,65.69,189.51,0.7073,-1,-1,-1
588,122,1482.35,3.79,57.99,143.24,0.2051,-1,-1,-1
588,129,999.73,930.20,67.02,149.50,0.6196,-1,-1,-1
588,138,283.90,116.68,60.28,178.07,0.3238,-1,-1,-1
589,3,1722.31,455.76,72.61,208.33,0.6433,-1,-1,-1
589,16,1067.54,850.65,77.61,227.01,0.7150,-1,-1,-1
589,18,470.19,67.29,61.45,201.86,0.2106,-1,-1,-1
589,36,1155.42,858.01,89.01,222.04,0.6849,-1,-1,-1
589,41,808.57,75.47,64.59,242.11,0.4087,-1,-1,-1
589,67,303.41,894.89,91.94,185.11,0.7672,-1,-1,-1
589,69,248.72,961.04,78.54,118.97,0.7211,-1,-1,-1
589,72,1559.60,603.43,113.07,226.58,0.5504,-1,-1,-1
589,87,1650.55,242.98,76.44,182.97,0.5037,-1,-1,-1
589,108,1856.02,255.30,65.71,187.51,0.2400,-1,-1,-1
589,111,370.70,259.94,65.03,187.10,0.7045,-1,-1,-1
589,129,1000.25,930.75,65.57,149.24,0.6252,-1,-1,-1
589,138,284.11,117.02,59.82,177.32,0.3531,-1,-1,-1
590,3,1722.53,455.87,72.75,208.91,0.6039,-1,-1,-1
590,16,1068.85,852.21,78.57,226.12,0.7313,-1,-1,-1
590,18,470.84,65.64,61.59,203.01,0.2303,-1,-1,-1
590,36,1157.90,861.70,88.15,218.33,0.6945,-1,-1,-1
590,41,807.86,73.15,64.90,244.71,0.3700,-1,-1,-1
590,67,305.42,895.75,91.60,183.69,0.7620,-1,-1,-1
590,69,248.13,963.25,78.45,116.74,0.6994,-1,-1,-1
590,72,1559.25,603.84,112.73,226.15,0.5481,-1,-1,-1
590,87,1652.61,240.68,76.03,183.60,0.5250,-1,-1,-1
590,108,1855.24,253.49,66.27,190.38,0.2621,-1,-1,-1
590,111,370.20,261.55,64.74,185.81,0.7152,-1,-1,-1
590,122,1482.25,4.21,58.12,143.14,0.2075,-1,-1,-1
590,129,1000.06,931.11,64.48,148.90,0.6389,-1,-1,-1
590,138,284.63,118.73,59.48,176.48,0.3605,-1,-1,-1
591,3,1723.08,457.64,71.90,206.64,0.6259,-1,-1,-1
591,16,1070.20,853.08,79.65,225.56,0.7235,-1,-1,-1
591,18,472.71,64.23,61.25,202.21,0.2203,-1,-1,-1
591,36,1159.65,863.04,88.38,216.98,0.6913,-1,-1,-1
591,41,807.23,76.70,63.46,240.80,0.3316,-1,-1,-1
591,67,306.92,897.99,90.36,179.86,0.7609,-1,-1,-1
591,69,248.20,966.61,77.91,113.38,0.7018,-1,-1,-1
591,72,1560.07,603.68,112.48,225.78,0.5709,-1,-1,-1
591,87,1654.32,239.63,75.08,182.96,0.5817,-1,-1,-1
591,108,1856.21,254.28,65.96,191.79,0.2876,-1,-1,-1
591,111,369.44,262.74,65.03,184.89,0.7217,-1,-1,-1
591,129,999.56,932.16,62.96,147.85,0.6280,-1,-1,-1
591,138,284.13,120.38,59.11,175.49,0.3591,-1,-1,-1
591,144,352.94,98.83,63.95,174.66,0.2032,-1,-1,-1
592,3,1722.34,457.41,71.84,206.71,0.6256,-1,-1,-1
592,16,1070.85,854.47,79.34,222.59,0.7154,-1,-1,-1
592,18,473.76,64.07,60.73,201.11,0.2282,-1,-1,-1
592,36,1159.36,865.90,89.00,214.12,0.6864,-1,-1,-1
592,41,807.70,82.50,61.43,234.48,0.3065,-1,-1,-1
592,67,308.57,901.92,89.21,176.56,0.7391,-1,-1,-1
592,69,250.34,968.97,78.15,111.03,0.7213,-1,-1,-1
592,72,1560.15,603.09,112.86,226.75,0.5074,-1,-1,-1
592,87,1655.39,237.66,75.73,186.41,0.6350,-1,-1,-1
592,108,1857.36,252.62,66.00,194.89,0.2183,-1,-1,-1
592,111,368.92,264.53,64.55,181.90,0.7176,-1,-1,-1
592,122,1482.03,4.54,57.97,142.37,0.2124,-1,-1,-1
592,129,999.29,932.93,62.08,147.09,0.5837,-1,-1,-1
592,138,284.09,118.73,59.13,176.40,0.3563,-1,-1,-1
592,144,354.28,100.17,63.78,174.45,0.2386,-1,-1,-1
593,3,1719.25,454.77,72.94,212.93,0.6501,-1,-1,-1
593,16,1072.14,855.44,79.26,221.27,0.7240,-1,-1,-1
593,18,474.79,66.23,59.24,195.77,0.2558,-1,-1,-1
593,36,1162.43,868.42,88.50,211.62,0.6762,-1,-1,-1
593,41,808.30,83.80,60.79,233.37,0.3156,-1,-1,-1
593,67,309.55,907.97,88.64,171.97,0.7728,-1,-1,-1
593,69,251.46,971.48,78.26,108.53,0.7289,-1,-1,-1
593,72,1560.19,603.34,112.44,226.42,0.4749,-1,-1,-1
593,87,1655.25,235.49,74.75,185.64,0.6653,-1,-1,-1
593,108,1860.65,256.12,63.42,191.01,0.2377,-1,-1,-1
593,111,367.95,265.23,65.62,184.09,0.7253,-1,-1,-1
593,129,999.70,933.45,61.22,146.20,0.5825,-1,-1,-1
593,138,283.52,118.12,59.41,177.58,0.3425,-1,-1,-1
593,144,353.04,91.76,65.89,180.96,0.2309,-1,-1,-1
594,3,1719.37,454.89,72.21,213.04,0.6487,-1,-1,-1
594,16,1072.81,856.63,79.48,222.23,0.7187,-1,-1,-1
594,18,475.98,66.70,58.17,192.26,0.2116,-1,-1,-1
594,36,1163.80,870.47,88.10,209.55,0.6682,-1,-1,-1
594,41,808.63,89.30,59.19,227.77,0.2782,-1,-1,-1
594,67,311.15,910.28,89.74,169.72,0.7756,-1,-1,-1
594,69,253.50,975.23,78.62,104.77,0.7218,-1,-1,-1
594,72,1561.11,605.49,110.88,223.74,0.4861,-1,-1,-1
594,87,1655.90,232.96,74.28,186.85,0.6364,-1,-1,-1
594,108,1862.19,254.22,62.12,190.87,0.2186,-1,-1,-1
594,111,366.98,266.85,66.08,186.37,0.7209,-1,-1,-1
594,129,1000.09,935.00,60.21,144.97,0.5750,-1,-1,-1
594,138,283.04,117.11,59.77,179.16,0.3426,-1,-1,-1
594,144,352.80,90.63,67.12,185.70,0.2802,-1,-1,-1
595,3,1720.21,453.62,71.90,213.54,0.6796,-1,-1,-1
595,16,1074.51,858.80,79.51,221.17,0.7198,-1,-1,-1
595,18,477.77,69.03,57.14,187.85,0.2767,-1,-1,-1
595,36,1165.65,872.01,87.64,208.01,0.6596,-1,-1,-1
595,41,809.10,92.16,58.25,225.09,0.2650,-1,-1,-1
595,67,312.27,911.56,91.18,168.44,0.7620,-1,-1,-1
595,69,252.94,978.63,77.91,101.37,0.7018,-1,-1,-1
595,72,1561.67,605.37,110.69,223.82,0.4457,-1,-1,-1
595,87,1656.46,230.93,73.99,188.61,0.6287,-1,-1,-1
595,111,365.89,269.59,66.64,188.72,0.7235,-1,-1,-1
595,129,999.56,935.53,59.44,144.48,0.5936,-1,-1,-1
595,138,282.62,115.11,60.08,180.44,0.3436,-1,-1,-1
595,144,352.61,90.73,66.30,184.36,0.2889,-1,-1,-1
595,145,429.39,72.39,48.85,161.45,0.2468,-1,-1,-1
596,3,1718.98,453.10,72.67,214.88,0.7018,-1,-1,-1
596,16,1075.24,861.07,79.66,218.97,0.7210,-1,-1,-1
596,18,478.65,68.80,57.00,187.46,0.2600,-1,-1,-1
596,36,1168.85,873.85,85.92,206.17,0.6872,-1,-1,-1
596,41,811.83,123.25,50.98,194.15,0.2139,-1,-1,-1
596,67,313.45,912.54,92.12,167.46,0.7688,-1,-1,-1
596,69,253.91,981.22,78.01,98.78,0.7023,-1,-1,-1
596,72,1561.80,606.14,110.45,223.80,0.4586,-1,-1,-1
596,87,1656.47,229.65,73.02,187.73,0.6107,-1,-1,-1
596,111,364.79,269.85,67.29,192.04,0.7263,-1,-1,-1
596,129,999.48,935.14,58.72,143.06,0.5730,-1,-1,-1
596,138,283.03,117.16,59.43,178.47,0.3265,-1,-1,-1
596,144,352.93,90.16,66.62,187.05,0.2388,-1,-1,-1
596,145,431.08,72.03,48.97,161.42,0.2671,-1,-1,-1
597,3,1718.39,454.39,72.85,213.15,0.6876,-1,-1,-1
597,16,1076.08,863.48,78.59,216.57,0.6754,-1,-1,-1
597,18,479.19,69.46,56.88,186.92,0.2971,-1,-1,-1
597,36,1171.10,875.68,84.62,204.34,0.6498,-1,-1,-1
597,41,808.46,103.55,56.13,214.18,0.2373,-1,-1,-1
597,67,315.00,912.92,92.63,167.08,0.7388,-1,-1,-1
597,69,253.85,982.37,79.01,97.64,0.6963,-1,-1,-1
597,72,1561.54,608.57,109.60,221.58,0.4109,-1,-1,-1
597,87,1657.15,227.54,72.77,188.86,0.5942,-1,-1,-1
597,111,364.24,271.84,66.93,191.29,0.7106,-1,-1,-1
597,129,999.52,935.80,58.45,141.82,0.6177,-1,-1,-1
597,138,282.15,116.73,59.78,179.22,0.2911,-1,-1,-1
597,144,352.70,92.51,67.02,190.10,0.2273,-1,-1,-1
597,145,431.69,71.27,49.55,162.38,0.2944,-1,-1,-1
598,3,1716.87,453.89,74.06,213.24,0.7063,-1,-1,-1
598,16,1077.90,865.04,78.44,215.00,0.6628,-1,-1,-1
598,18,480.42,66.57,57.55,190.38,0.2096,-1,-1,-1
598,36,1170.32,877.66,84.94,202.35,0.6631,-1,-1,-1
598,41,811.30,129.39,50.25,187.83,0.2294,-1,-1,-1
598,67,316.10,913.50,93.83,165.57,0.7353,-1,-1,-1
598,69,254.30,983.99,79.26,96.01,0.6773,-1,-1,-1
598,72,1561.27,611.08,108.92,219.24,0.3846,-1,-1,-1
598,87,1656.01,226.75,72.31,189.38,0.5918,-1,-1,-1
598,111,363.97,272.59,66.70,190.63,0.7063,-1,-1,-1
598,129,1000.75,936.48,59.11,141.13,0.6250,-1,-1,-1
598,138,281.19,115.72,60.38,180.85,0.2910,-1,-1,-1
598,145,431.37,73.12,49.97,162.44,0.2872,-1,-1,-1
599,3,1715.78,453.87,75.52,212.93,0.7033,-1,-1,-1
599,16,1080.05,867.37,78.52,212.67,0.6202,-1,-1,-1
599,36,1172.35,880.72,84.37,199.29,0.6585,-1,-1,-1
599,41,808.60,115.62,54.28,201.71,0.2477,-1,-1,-1
599,67,316.62,915.86,95.00,162.80,0.7269,-1,-1,-1
599,69,254.07,985.02,78.70,94.98,0.6593,-1,-1,-1
599,72,1560.73,609.11,110.34,221.55,0.3645,-1,-1,-1
599,87,1653.67,227.51,71.73,188.35,0.5505,-1,-1,-1
599,111,364.32,272.80,66.79,191.75,0.6714,-1,-1,-1
599,129,999.26,936.81,59.44,140.83,0.6461,-1,-1,-1
599,138,281.10,114.95,60.66,181.64,0.3122,-1,-1,-1
599,144,353.82,101.24,64.63,185.45,0.2262,-1,-1,-1
599,145,430.98,75.33,50.13,160.81,0.4169,-1,-1,-1
600,3,1715.58,453.98,76.31,211.46,0.7201,-1,-1,-1
600,16,1081.49,869.49,78.75,210.56,0.6532,-1,-1,-1
600,18,480.48,62.60,58.74,195.71,0.2192,-1,-1,-1
600,36,1176.74,884.48,82.17,195.54,0.6587,-1,-1,-1
600,41,811.30,137.39,49.43,179.82,0.2057,-1,-1,-1
600,67,318.42,917.99,96.35,159.82,0.7043,-1,-1,-1
600,69,255.24,986.03,79.18,93.98,0.6489,-1,-1,-1
600,72,1561.32,607.67,110.57,221.44,0.3525,-1,-1,-1
600,87,1651.99,227.05,70.73,185.21,0.5433,-1,-1,-1
600,111,364.74,274.89,66.56,192.04,0.6770,-1,-1,-1
600,129,999.22,938.61,59.19,139.20,0.6405,-1,-1,-1
600,138,281.11,114.20,60.73,182.46,0.2716,-1,-1,-1
600,145,431.36,74.36,50.58,160.66,0.3705,-1,-1,-1
601,3,1715.34,454.03,77.85,213.18,0.7016,-1,-1,-1
601,16,1083.85,872.16,79.33,207.88,0.6059,-1,-1,-1
601,36,1176.19,886.59,81.95,193.42,0.6561,-1,-1,-1
601,41,811.89,146.34,48.22,171.06,0.2301,-1,-1,-1
601,67,317.43,919.63,98.00,158.53,0.7216,-1,-1,-1
601,69,255.52,986.23,80.25,93.77,0.6263,-1,-1,-1
601,72,1561.33,602.86,112.00,224.86,0.3923,-1,-1,-1
601,87,1648.63,226.78,71.59,186.36,0.5767,-1,-1,-1
601,111,363.16,274.52,67.43,197.11,0.7021,-1,-1,-1
601,129,998.63,939.83,58.61,137.93,0.6213,-1,-1,-1
601,138,280.67,114.11,60.69,183.15,0.2341,-1,-1,-1
601,145,431.69,71.92,51.62,163.74,0.2830,-1,-1,-1
602,3,1713.84,455.40,78.86,211.90,0.6954,-1,-1,-1
602,16,1082.98,875.29,80.96,204.73,0.6725,-1,-1,-1
602,18,480.88,56.80,59.07,199.30,0.2221,-1,-1,-1
602,36,1176.37,888.51,82.15,191.49,0.6497,-1,-1,-1
602,41,811.31,147.22,49.07,170.31,0.2863,-1,-1,-1
602,67,318.84,921.38,98.92,156.05,0.7223,-1,-1,-1
602,69,256.13,988.45,79.74,91.53,0.6100,-1,-1,-1
602,72,1563.05,599.26,113.53,226.62,0.5916,-1,-1,-1
602,87,1648.30,227.47,70.80,183.36,0.5898,-1,-1,-1
602,111,364.03,274.30,66.38,196.78,0.6821,-1,-1,-1
602,129,996.80,940.37,58.93,137.54,0.6516,-1,-1,-1
602,138,280.11,114.39,60.70,183.14,0.2540,-1,-1,-1
602,145,431.91,69.69,53.01,168.29,0.2638,-1,-1,-1
603,3,1712.44,455.32,81.09,214.24,0.7157,-1,-1,-1
603,16,1083.55,878.10,81.90,201.93,0.6606,-1,-1,-1
603,18,481.68,55.53,58.69,199.71,0.2593,-1,-1,-1
603,36,1176.96,890.90,81.56,189.12,0.6049,-1,-1,-1
603,41,810.65,144.63,50.52,172.48,0.2882,-1,-1,-1
603,67,318.92,924.56,99.65,153.72,0.7365,-1,-1,-1
603,69,256.91,991.19,79.05,88.82,0.6235,-1,-1,-1
603,72,1562.73,599.89,113.45,226.99,0.4890,-1,-1,-1
603,87,1646.99,228.22,70.33,182.82,0.6220,-1,-1,-1
603,111,363.82,276.47,65.88,195.00,0.6959,-1,-1,-1
603,129,996.18,940.92,58.84,136.97,0.6627,-1,-1,-1
603,138,279.35,113.81,60.79,183.07,0.2624,-1,-1,-1
604,3,1711.31,454.67,81.78,211.71,0.7131,-1,-1,-1
604,16,1084.26,880.94,82.92,199.08,0.6017,-1,-1,-1
604,36,1178.47,893.19,80.43,186.82,0.5312,-1,-1,-1
604,41,810.34,144.22,51.40,172.88,0.2737,-1,-1,-1
604,67,319.89,927.21,100.19,151.15,0.7546,-1,-1,-1
604,69,257.41,992.80,79.32,87.20,0.6277,-1,-1,-1
604,72,1562.70,598.93,113.76,228.06,0.4353,-1,-1,-1
604,87,1647.70,227.78,68.98,182.01,0.6060,-1,-1,-1
604,111,364.47,276.67,65.80,196.22,0.6813,-1,-1,-1
604,129,996.89,942.38,58.63,135.97,0.6399,-1,-1,-1
604,138,278.83,111.70,61.39,184.45,0.2299,-1,-1,-1
605,3,1711.61,454.12,83.09,213.55,0.7033,-1,-1,-1
605,16,1087.84,883.18,83.24,196.84,0.5588,-1,-1,-1
605,36,1180.44,896.05,78.20,183.96,0.5162,-1,-1,-1
605,41,809.73,146.35,51.59,171.12,0.2441,-1,-1,-1
605,67,321.07,930.09,99.19,148.50,0.7468,-1,-1,-1
605,69,257.58,994.66,79.51,85.34,0.6278,-1,-1,-1
605,72,1562.75,601.91,111.85,225.16,0.3535,-1,-1,-1
605,87,1647.64,228.33,67.51,178.90,0.5553,-1,-1,-1
605,111,363.81,276.64,66.02,195.70,0.6851,-1,-1,-1
605,129,996.94,943.55,58.52,135.31,0.6214,-1,-1,-1
605,138,278.61,111.62,61.67,185.02,0.2464,-1,-1,-1
605,145,432.78,71.86,53.84,172.41,0.2553,-1,-1,-1
606,3,1712.29,454.87,83.29,212.93,0.6995,-1,-1,-1
606,16,1091.20,886.00,82.56,194.03,0.5627,-1,-1,-1
606,36,1180.62,898.18,77.15,181.84,0.5178,-1,-1,-1
606,41,809.64,145.28,52.39,171.11,0.2842,-1,-1,-1
606,67,322.37,933.28,97.96,146.47,0.7544,-1,-1,-1
606,69,257.33,997.60,78.66,82.40,0.6128,-1,-1,-1
606,72,1561.23,606.89,110.59,222.79,0.5028,-1,-1,-1
606,87,1646.71,228.31,66.96,177.76,0.5478,-1,-1,-1
606,111,363.36,277.24,66.14,195.03,0.6935,-1,-1,-1
606,129,996.25,944.72,58.37,134.84,0.5915,-1,-1,-1
606,138,278.41,111.16,62.02,185.74,0.2706,-1,-1,-1
606,145,432.60,74.30,52.31,169.55,0.2852,-1,-1,-1
606,147,173.23,257.05,50.93,194.39,0.2518,-1,-1,-1
607,3,1711.26,455.23,84.13,212.37,0.7107,-1,-1,-1
607,16,1095.48,887.22,82.29,192.79,0.5634,-1,-1,-1
607,36,1181.33,897.85,77.14,182.15,0.4722,-1,-1,-1
607,41,808.79,143.99,53.62,173.19,0.2859,-1,-1,-1
607,67,323.07,935.93,96.33,144.06,0.7348,-1,-1,-1
607,69,256.88,1000.32,77.73,79.67,0.6117,-1,-1,-1
607,72,1562.82,609.83,109.13,220.02,0.4497,-1,-1,-1
607,87,1645.87,227.38,66.69,177.73,0.5484,-1,-1,-1
607,111,363.82,278.12,65.88,193.89,0.6974,-1,-1,-1
607,129,995.77,945.33,58.31,134.28,0.5981,-1,-1,-1
607,138,277.21,108.93,62.99,188.04,0.2864,-1,-1,-1
607,145,432.87,72.58,52.77,172.14,0.4022,-1,-1,-1
607,147,173.07,252.03,51.70,197.09,0.2611,-1,-1,-1
608,3,1710.84,454.46,85.10,213.37,0.7104,-1,-1,-1
608,16,1098.86,889.24,81.22,190.77,0.5824,-1,-1,-1
608,36,1182.58,898.96,76.12,181.04,0.5002,-1,-1,-1
608,41,808.41,142.41,54.67,174.51,0.3172,-1,-1,-1
608,67,324.26,940.71,94.53,139.29,0.7450,-1,-1,-1
608,69,256.60,1002.34,77.86,77.66,0.6197,-1,-1,-1
608,72,1562.70,610.73,108.51,218.68,0.4514,-1,-1,-1
608,87,1644.22,226.20,67.11,181.07,0.5322,-1,-1,-1
608,111,362.63,277.76,65.95,193.31,0.6765,-1,-1,-1
608,129,995.64,945.62,58.60,134.34,0.5930,-1,-1,-1
608,138,276.27,109.07,63.24,187.90,0.2691,-1,-1,-1
608,145,433.61,71.85,52.98,174.05,0.3617,-1,-1,-1
609,3,1711.69,454.41,84.48,212.30,0.7434,-1,-1,-1
609,5,600.08,555.78,75.65,227.29,0.4166,-1,-1,-1
609,16,1100.71,889.87,80.88,190.14,0.5873,-1,-1,-1
609,36,1184.68,899.99,76.79,180.02,0.5185,-1,-1,-1
609,41,808.10,138.34,56.06,178.22,0.2570,-1,-1,-1
609,67,323.34,942.87,93.43,134.10,0.7327,-1,-1,-1
609,69,257.08,1005.33,76.73,74.44,0.6135,-1,-1,-1
609,72,1561.73,608.03,109.77,222.02,0.4508,-1,-1,-1
609,87,1641.40,223.15,68.83,186.86,0.5487,-1,-1,-1
609,111,362.59,277.21,66.17,193.98,0.6860,-1,-1,-1
609,129,994.76,946.57,58.87,133.45,0.6183,-1,-1,-1
609,138,276.41,110.97,63.13,185.92,0.2701,-1,-1,-1
609,145,434.30,70.70,53.15,175.87,0.3797,-1,-1,-1
610,3,1711.80,454.30,84.39,212.10,0.7385,-1,-1,-1
610,5,594.26,552.64,80.37,228.54,0.5013,-1,-1,-1
610,16,1101.58,890.05,80.78,189.97,0.5694,-1,-1,-1
610,36,1184.51,900.30,77.29,179.70,0.5102,-1,-1,-1
610,41,808.68,137.65,56.15,178.17,0.2593,-1,-1,-1
610,67,323.04,945.46,93.21,131.37,0.7272,-1,-1,-1
610,69,256.77,1008.51,74.28,70.75,0.5548,-1,-1,-1
610,72,1563.54,599.21,112.29,227.46,0.3978,-1,-1,-1
610,87,1640.22,221.53,67.60,183.60,0.5339,-1,-1,-1
610,111,361.90,278.29,66.20,193.69,0.6984,-1,-1,-1
610,129,993.28,946.28,59.58,133.73,0.6246,-1,-1,-1
610,138,277.26,111.80,62.96,184.85,0.2397,-1,-1,-1
610,144,357.29,113.92,60.31,175.38,0.2041,-1,-1,-1
610,145,434.98,72.47,52.50,174.04,0.3620,-1,-1,-1
611,3,1711.08,454.65,85.02,213.26,0.7411,-1,-1,-1
611,5,588.27,548.85,86.06,233.33,0.5637,-1,-1,-1
611,16,1103.52,890.87,80.96,189.15,0.5769,-1,-1,-1
611,36,1185.01,901.96,77.54,178.05,0.5078,-1,-1,-1
611,41,805.35,130.27,59.08,187.81,0.2657,-1,-1,-1
611,67,320.55,948.18,94.29,131.59,0.7304,-1,-1,-1
611,69,256.61,1011.80,71.46,67.30,0.5000,-1,-1,-1
611,72,1564.60,595.06,113.18,229.92,0.5345,-1,-1,-1
611,87,1639.15,218.52,67.52,184.10,0.5441,-1,-1,-1
611,111,361.38,280.37,66.44,192.66,0.7044,-1,-1,-1
611,129,992.19,946.05,60.25,133.96,0.6313,-1,-1,-1
611,138,274.76,104.97,65.55,191.68,0.2919,-1,-1,-1
611,144,357.68,109.30,60.10,175.45,0.2261,-1,-1,-1
611,145,436.24,75.03,51.81,171.62,0.3355,-1,-1,-1
612,3,1710.17,453.69,85.62,213.19,0.7544,-1,-1,-1
612,5,583.27,548.25,90.92,234.58,0.6284,-1,-1,-1
612,16,1105.79,892.24,80.14,187.76,0.5754,-1,-1,-1
612,36,1183.81,904.07,77.96,175.92,0.5083,-1,-1,-1
612,41,804.73,129.82,59.34,188.39,0.3187,-1,-1,-1
612,67,320.22,948.90,94.98,131.09,0.7591,-1,-1,-1
612,69,256.49,1014.76,70.17,64.97,0.4775,-1,-1,-1
612,72,1565.58,601.16,110.48,224.94,0.4832,-1,-1,-1
612,87,1637.40,215.95,68.01,185.84,0.5590,-1,-1,-1
612,111,360.25,282.91,66.65,191.97,0.6710,-1,-1,-1
612,129,991.53,946.01,60.75,133.99,0.6087,-1,-1,-1
612,138,274.76,109.04,64.69,187.65,0.2585,-1,-1,-1
612,144,359.14,112.55,59.69,175.37,0.2525,-1,-1,-1
612,145,436.90,76.10,51.53,171.17,0.2587,-1,-1,-1
613,3,1711.01,453.31,85.20,213.54,0.7486,-1,-1,-1
613,5,582.05,548.18,93.88,235.04,0.6566,-1,-1,-1
613,16,1106.74,893.40,79.73,186.59,0.5127,-1,-1,-1
613,36,1186.08,906.78,77.49,173.18,0.3367,-1,-1,-1
613,41,805.36,135.03,58.25,183.59,0.3800,-1,-1,-1
613,67,320.56,951.67,93.72,128.33,0.7302,-1,-1,-1
613,69,257.04,1017.26,68.66,62.63,0.3951,-1,-1,-1
613,72,1563.57,606.23,109.12,222.62,0.5298,-1,-1,-1
613,87,1635.82,213.18,68.79,188.81,0.5704,-1,-1,-1
613,111,359.71,286.17,66.87,193.21,0.6754,-1,-1,-1
613,129,990.53,947.08,60.99,132.91,0.6227,-1,-1,-1
613,138,271.91,97.94,68.46,198.37,0.2087,-1,-1,-1
613,144,358.52,106.14,60.87,178.76,0.2192,-1,-1,-1
613,145,438.01,77.41,51.21,170.72,0.2056,-1,-1,-1
614,3,1711.56,453.01,84.53,213.36,0.7400,-1,-1,-1
614,5,579.17,548.62,96.07,235.67,0.6421,-1,-1,-1
614,16,1108.92,896.59,79.49,183.41,0.5913,-1,-1,-1
614,36,1188.20,910.46,76.69,169.53,0.4906,-1,-1,-1
614,41,806.88,137.95,57.32,180.30,0.3854,-1,-1,-1
614,67,320.72,952.66,93.93,127.34,0.7285,-1,-1,-1
614,69,258.09,1020.15,66.73,59.82,0.3781,-1,-1,-1
614,72,1562.99,608.88,108.43,221.04,0.4839,-1,-1,-1
614,87,1634.74,211.98,67.76,185.23,0.5782,-1,-1,-1
614,111,358.23,285.68,68.01,197.35,0.6760,-1,-1,-1
614,129,988.83,946.11,62.21,133.90,0.6450,-1,-1,-1
614,144,359.90,105.78,59.68,173.78,0.2115,-1,-1,-1
614,148,559.46,121.66,60.08,161.38,0.2605,-1,-1,-1
615,3,1711.60,452.31,84.47,215.28,0.7523,-1,-1,-1
615,5,577.99,548.33,96.70,235.28,0.6234,-1,-1,-1
615,16,1108.33,898.46,79.36,181.54,0.5788,-1,-1,-1
615,36,1191.67,913.89,75.75,166.10,0.4067,-1,-1,-1
615,41,806.85,141.53,56.83,177.84,0.3922,-1,-1,-1
615,67,320.88,955.73,92.49,124.28,0.7235,-1,-1,-1
615,69,255.93,1023.84,63.77,56.15,0.3560,-1,-1,-1
615,72,1562.27,607.10,109.29,222.68,0.4943,-1,-1,-1
615,87,1632.75,210.27,68.03,184.68,0.5846,-1,-1,-1
615,111,357.07,286.57,68.09,197.89,0.6712,-1,-1,-1
615,129,987.76,945.94,62.68,134.06,0.6479,-1,-1,-1
616,3,1712.36,452.18,84.02,216.15,0.7282,-1,-1,-1
616,5,577.38,547.21,95.34,232.22,0.5548,-1,-1,-1
616,16,1110.99,901.28,79.52,178.71,0.6107,-1,-1,-1
616,36,1196.76,915.71,75.19,163.99,0.4821,-1,-1,-1
616,41,806.68,143.13,56.83,176.71,0.3829,-1,-1,-1
616,67,321.41,958.65,91.38,121.35,0.7304,-1,-1,-1
616,69,257.69,1023.51,64.76,56.47,0.3791,-1,-1,-1
616,72,1561.72,605.69,110.19,224.12,0.5195,-1,-1,-1
616,87,1631.73,209.88,68.14,183.46,0.5463,-1,-1,-1
616,111,356.35,287.03,68.35,197.33,0.6786,-1,-1,-1
616,129,985.79,947.12,62.72,132.88,0.6756,-1,-1,-1
616,144,359.55,101.47,61.95,178.57,0.2010,-1,-1,-1
617,3,1712.93,452.81,83.14,214.60,0.7014,-1,-1,-1
617,5,570.36,545.24,92.01,232.15,0.4812,-1,-1,-1
617,16,1110.82,903.02,79.30,176.99,0.6094,-1,-1,-1
617,36,1196.56,918.27,74.84,161.68,0.3866,-1,-1,-1
617,41,806.99,144.39,56.91,176.25,0.3680,-1,-1,-1
617,67,322.40,960.62,91.20,119.39,0.7207,-1,-1,-1
617,69,256.47,1025.85,62.82,54.16,0.3569,-1,-1,-1
617,72,1560.77,601.44,112.23,227.99,0.5699,-1,-1,-1
617,87,1630.29,209.14,69.43,185.69,0.5325,-1,-1,-1
617,111,355.20,290.52,67.80,195.78,0.6572,-1,-1,-1
617,129,983.26,945.64,64.09,134.36,0.6921,-1,-1,-1
617,144,359.03,100.80,61.90,178.13,0.2054,-1,-1,-1
618,3,1713.95,453.56,81.62,211.91,0.6878,-1,-1,-1
618,5,566.62,541.38,88.42,234.93,0.5767,-1,-1,-1
618,16,1112.16,907.07,77.73,172.94,0.6349,-1,-1,-1
618,36,1195.92,920.38,74.93,159.63,0.4311,-1,-1,-1
618,41,806.92,145.23,56.70,174.74,0.3665,-1,-1,-1
618,67,322.43,963.30,90.82,116.71,0.7010,-1,-1,-1
618,69,256.10,1027.15,61.71,52.87,0.3309,-1,-1,-1
618,72,1561.60,603.07,111.09,226.10,0.4444,-1,-1,-1
618,87,1628.81,208.91,70.11,185.89,0.4843,-1,-1,-1
618,111,354.40,291.79,67.74,195.67,0.6649,-1,-1,-1
618,129,981.61,944.97,64.79,135.04,0.6971,-1,-1,-1
619,3,1714.17,452.68,81.64,213.77,0.6913,-1,-1,-1
619,5,565.29,540.81,84.60,237.17,0.6149,-1,-1,-1
619,16,1113.25,911.08,76.87,168.92,0.6639,-1,-1,-1
619,36,1196.82,921.97,76.03,157.66,0.5310,-1,-1,-1
619,41,807.55,146.11,56.24,172.89,0.3631,-1,-1,-1
619,67,323.01,965.93,90.64,114.07,0.6981,-1,-1,-1
619,69,255.27,1028.38,60.13,51.62,0.3195,-1,-1,-1
619,72,1561.58,608.51,109.06,221.36,0.3766,-1,-1,-1
619,87,1626.40,208.21,72.15,189.53,0.4458,-1,-1,-1
619,111,352.99,294.58,67.62,195.49,0.6102,-1,-1,-1
619,129,978.31,943.62,65.61,136.38,0.7036,-1,-1,-1
619,138,281.12,125.86,59.53,169.61,0.2098,-1,-1,-1
620,3,1714.84,453.26,80.70,212.21,0.6928,-1,-1,-1
620,5,566.40,539.43,81.60,237.58,0.6439,-1,-1,-1
620,16,1113.78,914.13,75.95,165.87,0.6598,-1,-1,-1
620,36,1195.61,922.35,78.25,157.51,0.5654,-1,-1,-1
620,41,808.42,145.77,56.55,172.26,0.3251,-1,-1,-1
620,67,324.32,968.78,90.26,110.63,0.6984,-1,-1,-1
620,69,255.41,1028.21,58.94,51.29,0.3048,-1,-1,-1
620,72,1562.32,606.38,109.73,223.56,0.4069,-1,-1,-1
620,87,1625.53,208.48,72.40,187.82,0.4151,-1,-1,-1
620,111,352.60,294.63,67.76,197.21,0.5667,-1,-1,-1
620,129,975.66,943.45,65.90,136.56,0.6942,-1,-1,-1
621,3,1714.85,452.13,80.61,213.23,0.7084,-1,-1,-1
621,5,564.98,538.27,78.24,237.77,0.6566,-1,-1,-1
621,16,1113.36,915.99,75.14,163.98,0.6781,-1,-1,-1
621,36,1195.73,923.88,78.70,155.55,0.4723,-1,-1,-1
621,41,807.17,145.83,57.10,173.00,0.3377,-1,-1,-1
621,67,324.74,971.89,89.95,107.37,0.6487,-1,-1,-1
621,69,256.95,1030.10,56.56,49.63,0.3094,-1,-1,-1
621,72,1562.56,607.69,108.82,221.64,0.4362,-1,-1,-1
621,87,1624.44,209.53,72.14,184.23,0.4494,-1,-1,-1
621,111,351.48,293.93,67.74,197.82,0.6335,-1,-1,-1
621,129,973.53,943.09,66.09,136.91,0.6659,-1,-1,-1
622,3,1715.99,452.23,79.56,212.44,0.6977,-1,-1,-1
622,5,561.05,537.29,73.23,238.33,0.7016,-1,-1,-1
622,16,1113.65,917.44,74.04,162.24,0.6790,-1,-1,-1
622,36,1196.60,924.84,78.74,154.10,0.3598,-1,-1,-1
622,41,807.59,144.55,57.90,174.57,0.3439,-1,-1,-1
622,67,325.00,975.14,89.72,104.56,0.6335,-1,-1,-1
622,69,260.55,1036.30,50.45,43.65,0.3253,-1,-1,-1
622,72,1563.16,610.29,107.57,218.71,0.3877,-1,-1,-1
622,87,1624.17,209.92,72.66,182.63,0.4798,-1,-1,-1
622,111,350.76,294.32,67.52,197.61,0.5798,-1,-1,-1
622,129,970.70,942.96,65.75,137.04,0.6660,-1,-1,-1
623,3,1716.94,452.48,78.91,212.61,0.6935,-1,-1,-1
623,5,557.44,538.07,70.93,242.71,0.6762,-1,-1,-1
623,16,1115.55,918.67,74.06,160.70,0.6545,-1,-1,-1
623,36,1198.53,926.06,79.47,152.47,0.3888,-1,-1,-1
623,41,806.98,145.95,57.63,173.65,0.3250,-1,-1,-1
623,67,325.20,979.15,89.04,100.83,0.6840,-1,-1,-1
623,69,262.14,1040.06,46.42,39.71,0.3110,-1,-1,-1
623,72,1562.85,612.56,106.96,216.89,0.3152,-1,-1,-1
623,87,1623.37,210.21,73.01,181.75,0.4723,-1,-1,-1
623,111,347.96,293.50,67.56,197.67,0.5878,-1,-1,-1
623,129,968.71,943.66,65.04,136.35,0.6761,-1,-1,-1
624,3,1717.29,452.08,78.54,213.12,0.6891,-1,-1,-1
624,5,556.49,537.44,68.39,242.35,0.6919,-1,-1,-1
624,16,1115.47,920.08,74.42,159.87,0.6740,-1,-1,-1
624,36,1199.57,927.45,80.17,150.56,0.4411,-1,-1,-1
624,41,807.06,144.24,58.33,175.25,0.3645,-1,-1,-1
624,67,326.04,982.08,88.55,97.93,0.6977,-1,-1,-1
624,69,263.39,1043.13,42.85,36.01,0.2828,-1,-1,-1
624,72,1562.37,610.18,108.44,219.30,0.4427,-1,-1,-1
624,87,1623.31,208.61,73.63,182.29,0.4558,-1,-1,-1
624,111,346.43,294.20,67.68,196.61,0.5785,-1,-1,-1
624,129,964.17,942.26,65.69,137.74,0.6751,-1,-1,-1
625,3,1717.74,452.27,78.74,214.60,0.6915,-1,-1,-1
625,5,552.60,537.80,67.05,242.01,0.7065,-1,-1,-1
625,16,1116.40,921.95,74.32,158.05,0.6685,-1,-1,-1
625,36,1200.27,931.34,80.11,146.69,0.5396,-1,-1,-1
625,41,807.30,143.59,58.43,175.43,0.3862,-1,-1,-1
625,67,326.15,984.92,88.00,95.09,0.6973,-1,-1,-1
625,69,264.64,1046.51,39.86,32.75,0.2134,-1,-1,-1
625,72,1561.98,608.05,109.38,221.48,0.3744,-1,-1,-1
625,87,1622.53,207.91,74.49,184.80,0.4251,-1,-1,-1
625,111,345.87,294.06,67.76,196.58,0.5616,-1,-1,-1
625,129,961.24,938.84,66.67,141.17,0.6794,-1,-1,-1
626,3,1718.13,451.92,78.21,213.92,0.6842,-1,-1,-1
626,5,546.99,538.60,67.42,240.37,0.6980,-1,-1,-1
626,16,1116.34,921.46,75.62,158.54,0.6546,-1,-1,-1
626,36,1199.72,932.30,81.24,146.20,0.4685,-1,-1,-1
626,41,806.43,142.76,59.05,176.73,0.3895,-1,-1,-1
626,67,326.67,987.91,87.51,92.09,0.6837,-1,-1,-1
626,72,1561.63,606.05,110.02,223.53,0.4676,-1,-1,-1
626,87,1623.45,205.75,73.21,181.40,0.4388,-1,-1,-1
626,111,344.01,294.53,68.03,196.62,0.6188,-1,-1,-1
626,129,957.97,938.21,66.70,141.79,0.6710,-1,-1,-1
627,3,1718.40,453.19,78.00,213.36,0.6828,-1,-1,-1
627,5,534.47,539.23,73.59,241.69,0.6546,-1,-1,-1
627,16,1116.81,923.03,75.69,156.97,0.6883,-1,-1,-1
627,36,1197.56,933.66,83.91,144.90,0.6068,-1,-1,-1
627,41,806.56,142.48,58.91,176.13,0.3768,-1,-1,-1
627,67,328.42,990.89,86.78,89.11,0.6585,-1,-1,-1
627,72,1560.99,604.83,110.19,224.61,0.3559,-1,-1,-1
627,87,1624.56,205.84,72.72,181.92,0.4339,-1,-1,-1
627,111,343.62,295.48,68.06,195.69,0.6238,-1,-1,-1
627,129,957.07,937.29,66.08,142.71,0.6849,-1,-1,-1
628,3,1717.39,451.83,78.39,215.86,0.6621,-1,-1,-1
628,5,521.69,538.76,84.13,240.91,0.7207,-1,-1,-1
628,16,1116.98,924.11,76.67,155.89,0.6672,-1,-1,-1
628,36,1198.37,934.68,85.24,144.47,0.5781,-1,-1,-1
628,41,807.07,142.61,58.66,175.16,0.3741,-1,-1,-1
628,67,328.40,991.95,87.61,88.05,0.6304,-1,-1,-1
628,72,1561.78,603.82,109.96,225.35,0.3661,-1,-1,-1
628,87,1623.85,201.79,74.23,188.00,0.3919,-1,-1,-1
628,111,342.97,295.46,68.33,195.85,0.6479,-1,-1,-1
628,129,954.58,936.00,65.34,144.00,0.6828,-1,-1,-1
628,147,198.36,262.68,50.05,173.96,0.2026,-1,-1,-1
629,3,1718.16,451.56,78.00,215.92,0.6913,-1,-1,-1
629,5,512.96,538.06,94.23,240.08,0.7400,-1,-1,-1
629,16,1116.85,924.46,78.32,155.54,0.7073,-1,-1,-1
629,36,1198.06,936.24,87.76,143.52,0.6305,-1,-1,-1
629,41,806.41,142.69,58.69,175.70,0.3713,-1,-1,-1
629,67,328.12,994.71,87.61,85.30,0.6706,-1,-1,-1
629,72,1562.18,601.06,110.35,228.29,0.4912,-1,-1,-1
629,87,1624.57,202.40,73.40,187.32,0.4385,-1,-1,-1
629,111,342.82,296.53,68.19,195.39,0.6597,-1,-1,-1
629,129,952.51,934.66,64.82,145.34,0.6796,-1,-1,-1
629,147,196.08,259.24,53.19,179.94,0.2172,-1,-1,-1
630,3,1717.94,450.69,78.27,215.62,0.6904,-1,-1,-1
630,5,506.25,537.92,102.24,238.49,0.7698,-1,-1,-1
630,16,1117.29,926.17,79.59,153.83,0.7034,-1,-1,-1
630,36,1199.25,940.35,87.23,138.92,0.5785,-1,-1,-1
630,41,807.50,143.10,57.86,174.69,0.4160,-1,-1,-1
630,67,328.22,997.80,87.79,82.20,0.6843,-1,-1,-1
630,72,1563.08,604.19,108.25,224.55,0.4069,-1,-1,-1
630,87,1624.76,200.98,72.25,186.52,0.5137,-1,-1,-1
630,111,341.23,296.67,68.98,197.43,0.6676,-1,-1,-1
630,129,950.80,933.30,63.81,146.70,0.6849,-1,-1,-1
630,153,1444.86,1005.20,73.72,74.35,0.3652,-1,-1,-1
631,3,1717.34,450.96,78.77,216.91,0.6824,-1,-1,-1
631,5,504.05,539.69,106.44,236.40,0.7585,-1,-1,-1
631,16,1118.14,927.71,81.08,152.28,0.6888,-1,-1,-1
631,36,1200.44,942.89,86.18,135.06,0.5439,-1,-1,-1
631,41,807.83,142.68,57.25,173.39,0.3792,-1,-1,-1
631,67,327.81,998.46,89.40,81.54,0.6658,-1,-1,-1
631,72,1562.84,603.47,108.21,224.73,0.4547,-1,-1,-1
631,87,1625.88,199.61,70.48,183.12,0.5342,-1,-1,-1
631,111,340.24,297.92,70.05,200.99,0.6773,-1,-1,-1
631,129,948.87,931.91,62.97,147.72,0.6879,-1,-1,-1
631,153,1440.29,1001.29,76.73,77.39,0.3643,-1,-1,-1
632,3,1717.57,451.63,79.05,216.11,0.7065,-1,-1,-1
632,5,498.48,540.25,112.71,237.24,0.7760,-1,-1,-1
632,16,1119.87,930.74,83.55,148.80,0.7012,-1,-1,-1
632,36,1200.56,944.51,85.57,132.72,0.5040,-1,-1,-1
632,41,807.05,143.89,57.30,173.16,0.4202,-1,-1,-1
632,67,327.85,1001.22,89.08,78.78,0.6477,-1,-1,-1
632,72,1563.45,607.08,106.70,221.48,0.3836,-1,-1,-1
632,87,1626.48,196.53,69.40,181.45,0.5563,-1,-1,-1
632,111,339.10,298.08,70.66,204.19,0.6922,-1,-1,-1
632,129,947.25,930.53,62.50,149.44,0.7065,-1,-1,-1
632,148,557.69,118.43,60.28,164.15,0.2097,-1,-1,-1
632,153,1434.71,994.94,82.28,83.71,0.3548,-1,-1,-1
632,156,1507.78,979.03,103.54,98.27,0.3799,-1,-1,-1
633,3,1717.85,451.13,79.18,215.94,0.7134,-1,-1,-1
633,5,495.67,540.19,115.47,236.86,0.7857,-1,-1,-1
633,16,1121.14,934.16,85.67,144.98,0.6815,-1,-1,-1
633,36,1202.93,948.02,83.05,128.44,0.3319,-1,-1,-1
633,41,806.20,144.61,57.62,173.42,0.3769,-1,-1,-1
633,67,328.23,1001.74,89.66,77.80,0.6305,-1,-1,-1
633,72,1564.72,603.00,107.81,223.99,0.4567,-1,-1,-1
633,87,1626.41,194.20,68.75,182.29,0.5706,-1,-1,-1
633,111,338.83,299.13,70.17,204.65,0.6827,-1,-1,-1
633,129,945.79,929.54,62.09,150.47,0.6643,-1,-1,-1
633,147,202.83,256.12,54.81,180.09,0.2069,-1,-1,-1
633,148,558.46,120.10,58.98,162.37,0.2309,-1,-1,-1
633,153,1430.17,989.05,87.66,90.58,0.3082,-1,-1,-1
633,156,1502.67,975.35,106.93,102.66,0.4561,-1,-1,-1
634,3,1717.28,450.10,79.60,215.79,0.7251,-1,-1,-1
634,5,495.07,540.10,117.38,236.84,0.7749,-1,-1,-1
634,16,1120.04,938.38,88.07,140.80,0.7034,-1,-1,-1
634,36,1204.38,951.09,81.23,125.78,0.3175,-1,-1,-1
634,41,806.80,145.03,57.53,173.29,0.3950,-1,-1,-1
634,67,328.84,1004.38,88.46,74.68,0.6331,-1,-1,-1
634,72,1562.39,601.17,109.30,227.72,0.4650,-1,-1,-1
634,87,1626.54,192.41,68.23,183.12,0.5690,-1,-1,-1
634,111,338.62,300.05,69.79,205.22,0.7077,-1,-1,-1
634,129,944.45,928.54,61.49,151.34,0.6844,-1,-1,-1
634,145,459.52,95.83,51.04,162.07,0.2458,-1,-1,-1
634,147,202.67,251.61,57.35,185.45,0.2333,-1,-1,-1
634,148,557.86,116.26,59.94,165.98,0.2012,-1,-1,-1
634,153,1427.67,988.13,87.64,91.77,0.2583,-1,-1,-1
634,156,1496.77,971.63,110.28,107.16,0.3793,-1,-1,-1
634,157,1482.58,4.17,59.86,141.34,0.2344,-1,-1,-1
635,3,1716.96,450.65,79.81,215.09,0.7383,-1,-1,-1
635,5,493.62,538.33,119.35,238.99,0.7706,-1,-1,-1
635,16,1118.83,940.40,91.29,139.33,0.6974,-1,-1,-1
635,36,1203.80,954.58,79.85,123.23,0.3275,-1,-1,-1
635,41,806.78,144.98,57.59,173.24,0.4201,-1,-1,-1
635,67,329.43,1007.43,87.22,71.47,0.6349,-1,-1,-1
635,72,1562.45,604.08,108.09,225.39,0.3776,-1,-1,-1
635,87,1625.66,192.02,67.56,182.69,0.5665,-1,-1,-1
635,111,338.60,302.59,68.95,205.14,0.7039,-1,-1,-1
635,129,941.19,928.50,61.79,151.49,0.6760,-1,-1,-1
635,145,459.75,96.22,51.25,161.82,0.2167,-1,-1,-1
635,147,204.75,255.92,56.32,178.65,0.2231,-1,-1,-1
635,148,558.11,116.94,59.36,165.66,0.2417,-1,-1,-1
635,153,1424.55,984.80,89.64,95.19,0.2535,-1,-1,-1
635,156,1492.95,967.83,111.56,111.19,0.4734,-1,-1,-1
636,3,1716.69,451.07,80.45,215.64,0.7288,-1,-1,-1
636,5,493.78,538.85,117.32,237.61,0.7661,-1,-1,-1
636,16,1118.20,943.35,93.10,136.65,0.6897,-1,-1,-1
636,36,1202.45,956.90,79.33,121.71,0.4316,-1,-1,-1
636,41,806.73,145.53,57.69,173.92,0.3971,-1,-1,-1
636,67,330.15,1010.66,85.71,68.60,0.6310,-1,-1,-1
636,72,1562.52,605.32,107.73,224.30,0.3686,-1,-1,-1
636,87,1624.94,190.64,67.34,183.57,0.5488,-1,-1,-1
636,111,338.55,306.23,68.55,204.07,0.7111,-1,-1,-1
636,129,939.99,928.89,61.01,150.67,0.6554,-1,-1,-1
636,145,459.41,92.55,52.94,166.91,0.2087,-1,-1,-1
636,147,206.08,254.05,56.19,176.00,0.2276,-1,-1,-1
636,148,558.63,118.52,58.79,164.47,0.2392,-1,-1,-1
636,153,1420.33,979.55,91.97,100.48,0.4346,-1,-1,-1
636,156,1489.27,963.45,113.47,116.49,0.5061,-1,-1,-1
637,3,1716.58,450.68,80.88,216.55,0.7386,-1,-1,-1
637,5,495.31,538.88,115.60,236.59,0.7360,-1,-1,-1
637,16,1118.88,946.99,94.73,133.03,0.6872,-1,-1,-1
637,36,1202.37,957.43,78.87,120.94,0.4507,-1,-1,-1
637,41,806.58,145.21,58.02,175.13,0.4155,-1,-1,-1
637,67,331.42,1014.51,83.54,65.44,0.6051,-1,-1,-1
637,72,1562.89,607.25,106.52,221.56,0.2855,-1,-1,-1
637,87,1624.08,189.63,67.03,184.58,0.5964,-1,-1,-1
637,111,339.02,307.79,68.30,203.84,0.7040,-1,-1,-1
637,129,937.89,928.97,60.86,149.70,0.6502,-1,-1,-1
637,145,458.66,91.60,53.73,169.51,0.2085,-1,-1,-1
637,147,208.55,255.71,56.29,172.11,0.3113,-1,-1,-1
637,148,557.98,119.65,58.42,163.45,0.2114,-1,-1,-1
637,153,1418.54,978.02,91.58,102.05,0.3235,-1,-1,-1
637,156,1486.73,958.79,111.91,120.05,0.5610,-1,-1,-1
637,157,1481.00,5.71,58.90,139.70,0.2199,-1,-1,-1
638,3,1716.66,451.05,80.25,215.37,0.7214,-1,-1,-1
638,5,492.99,539.38,111.49,236.25,0.7293,-1,-1,-1
638,16,1120.16,949.63,96.25,130.38,0.6372,-1,-1,-1
638,36,1200.98,959.87,77.56,119.38,0.3872,-1,-1,-1
638,41,806.70,145.13,57.93,174.82,0.4126,-1,-1,-1
638,67,333.19,1019.66,79.04,60.35,0.5722,-1,-1,-1
638,72,1563.31,606.16,106.89,221.63,0.2695,-1,-1,-1
638,87,1624.03,190.89,65.69,182.59,0.5917,-1,-1,-1
638,111,338.62,308.86,68.69,205.67,0.7074,-1,-1,-1
638,129,936.60,929.15,60.84,150.15,0.6523,-1,-1,-1
638,145,457.72,89.49,55.02,174.19,0.2146,-1,-1,-1
638,147,209.99,255.13,57.61,172.56,0.3479,-1,-1,-1
638,153,1416.11,978.01,88.09,102.01,0.5275,-1,-1,-1
638,156,1487.20,956.28,109.66,122.17,0.5613,-1,-1,-1
639,3,1716.83,451.92,80.19,215.98,0.7479,-1,-1,-1
639,5,493.54,540.03,106.57,235.63,0.7100,-1,-1,-1
639,16,1123.50,951.55,97.76,128.48,0.5282,-1,-1,-1
639,36,1199.96,961.59,76.49,118.31,0.3352,-1,-1,-1
639,41,806.14,143.90,58.46,176.53,0.4030,-1,-1,-1
639,67,334.93,1024.30,74.55,55.73,0.5290,-1,-1,-1
639,72,1563.97,612.33,103.62,214.54,0.2096,-1,-1,-1
639,87,1623.92,191.06,64.97,182.18,0.6118,-1,-1,-1
639,111,338.47,309.82,68.41,205.85,0.7234,-1,-1,-1
639,129,933.93,928.52,61.06,151.12,0.6439,-1,-1,-1
639,147,210.38,251.14,58.85,174.34,0.3376,-1,-1,-1
639,148,557.24,120.74,57.83,163.00,0.2009,-1,-1,-1
639,153,1413.90,978.46,85.25,101.56,0.5720,-1,-1,-1
639,156,1484.91,952.39,110.52,126.42,0.4894,-1,-1,-1
639,157,1480.05,3.91,60.13,143.55,0.2006,-1,-1,-1
640,3,1716.60,452.01,80.03,214.93,0.7387,-1,-1,-1
640,5,493.14,539.85,100.88,236.21,0.7166,-1,-1,-1
640,16,1122.25,954.13,97.56,125.89,0.5273,-1,-1,-1
640,36,1198.38,962.98,75.70,117.06,0.3441,-1,-1,-1
640,41,806.50,144.56,58.30,176.06,0.4137,-1,-1,-1
640,67,335.16,1027.99,69.80,52.03,0.4231,-1,-1,-1
640,72,1564.96,608.38,105.80,218.67,0.3068,-1,-1,-1
640,87,1624.05,191.29,64.02,182.06,0.6058,-1,-1,-1
640,111,338.60,310.24,68.71,206.65,0.7183,-1,-1,-1
640,129,931.85,928.24,61.40,151.73,0.6263,-1,-1,-1
640,147,210.03,248.31,59.91,176.97,0.3806,-1,-1,-1
640,153,1411.18,977.19,84.50,102.82,0.5615,-1,-1,-1
640,156,1483.81,950.43,109.67,128.57,0.4893,-1,-1,-1
641,3,1716.67,452.21,80.14,214.05,0.7378,-1,-1,-1
641,5,492.87,539.43,95.27,236.24,0.7124,-1,-1,-1
641,16,1120.13,956.24,96.06,123.76,0.6075,-1,-1,-1
641,36,1197.08,962.37,75.90,117.21,0.4449,-1,-1,-1
641,41,806.42,143.96,58.46,176.40,0.4100,-1,-1,-1
641,67,334.44,1032.02,63.01,47.96,0.2843,-1,-1,-1
641,72,1564.93,604.84,107.60,222.32,0.3198,-1,-1,-1
641,87,1623.60,189.12,63.58,182.26,0.5626,-1,-1,-1
641,111,338.24,311.32,68.24,204.62,0.7134,-1,-1,-1
641,129,930.36,927.85,61.64,152.01,0.6147,-1,-1,-1
641,147,211.08,249.20,59.73,175.32,0.3862,-1,-1,-1
641,153,1409.00,975.00,84.31,105.00,0.5778,-1,-1,-1
641,156,1480.81,948.46,108.64,130.08,0.5458,-1,-1,-1
642,3,1716.29,452.65,80.28,214.42,0.7294,-1,-1,-1
642,5,489.27,538.83,89.59,237.92,0.7326,-1,-1,-1
642,16,1120.04,957.57,93.11,122.43,0.6291,-1,-1,-1
642,36,1195.16,964.12,76.06,115.83,0.5282,-1,-1,-1
642,41,806.36,144.89,58.32,175.39,0.4088,-1,-1,-1
642,67,336.73,1034.49,57.77,45.50,0.3240,-1,-1,-1
642,72,1564.09,609.51,106.06,217.85,0.2903,-1,-1,-1
642,87,1623.90,190.26,61.99,179.86,0.5612,-1,-1,-1
642,111,338.42,311.30,68.51,204.58,0.7162,-1,-1,-1
642,129,927.19,927.67,61.93,152.31,0.6153,-1,-1,-1
642,147,210.72,243.19,60.94,180.80,0.3441,-1,-1,-1
642,148,558.06,118.35,58.02,164.85,0.2148,-1,-1,-1
642,153,1406.64,972.34,83.84,107.65,0.6042,-1,-1,-1
642,156,1478.94,946.33,107.42,132.28,0.5385,-1,-1,-1
643,3,1715.84,454.08,80.18,213.12,0.7248,-1,-1,-1
643,5,484.50,539.04,83.71,236.24,0.7055,-1,-1,-1
643,16,1120.75,958.62,90.50,121.38,0.5928,-1,-1,-1
643,36,1195.42,966.32,74.94,113.36,0.3805,-1,-1,-1
643,41,806.29,145.43,58.34,175.02,0.4266,-1,-1,-1
643,67,338.57,1037.44,52.67,42.48,0.2228,-1,-1,-1
643,72,1564.81,617.93,102.54,209.64,0.2649,-1,-1,-1
643,87,1622.60,189.83,62.19,182.95,0.5622,-1,-1,-1
643,111,338.43,312.45,68.40,203.31,0.6934,-1,-1,-1
643,129,925.70,927.50,61.68,151.51,0.6340,-1,-1,-1
643,147,212.22,250.77,57.55,170.96,0.2100,-1,-1,-1
643,148,559.40,120.26,57.64,163.46,0.2189,-1,-1,-1
643,153,1404.14,969.64,84.15,110.35,0.6171,-1,-1,-1
643,156,1477.08,944.44,104.59,133.55,0.6202,-1,-1,-1
643,158,429.46,119.04,39.12,149.18,0.2268,-1,-1,-1
644,3,1715.55,452.45,80.75,214.02,0.7200,-1,-1,-1
644,5,478.72,539.40,77.80,237.57,0.7517,-1,-1,-1
644,16,1121.50,959.80,88.87,120.19,0.5938,-1,-1,-1
644,36,1197.12,966.57,74.77,113.37,0.3692,-1,-1,-1
644,41,806.07,145.66,58.64,175.81,0.4295,-1,-1,-1
644,72,1564.42,618.08,103.49,210.88,0.2640,-1,-1,-1
644,87,1622.60,188.76,60.36,180.08,0.6121,-1,-1,-1
644,111,337.91,313.31,68.72,202.09,0.7101,-1,-1,-1
644,129,923.62,928.33,61.51,151.17,0.6790,-1,-1,-1
644,147,213.60,252.76,56.87,169.85,0.2800,-1,-1,-1
644,148,559.60,122.14,57.04,161.91,0.2235,-1,-1,-1
644,153,1400.49,965.93,85.40,114.06,0.6073,-1,-1,-1
644,156,1475.42,943.98,102.89,134.31,0.5813,-1,-1,-1
644,157,1480.68,2.89,60.52,145.29,0.2101,-1,-1,-1
644,158,430.47,121.61,39.31,149.21,0.2137,-1,-1,-1
645,3,1715.98,452.83,80.81,213.92,0.7229,-1,-1,-1
645,5,473.51,539.94,75.15,238.52,0.7676,-1,-1,-1
645,16,1122.86,960.78,88.65,119.20,0.4906,-1,-1,-1
645,36,1196.93,965.67,75.17,114.31,0.2513,-1,-1,-1
645,41,805.97,145.57,58.61,175.50,0.4718,-1,-1,-1
645,72,1565.17,619.61,102.62,208.23,0.2435,-1,-1,-1
645,87,1622.26,188.16,59.26,178.77,0.6223,-1,-1,-1
645,111,338.05,314.80,68.57,199.91,0.6924,-1,-1,-1
645,129,921.91,928.81,61.55,150.43,0.6906,-1,-1,-1
645,147,213.48,251.34,56.73,171.32,0.2893,-1,-1,-1
645,148,559.57,122.63,56.47,160.47,0.2468,-1,-1,-1
645,153,1397.17,963.19,85.63,116.79,0.6027,-1,-1,-1
645,156,1471.62,943.44,102.47,135.33,0.5267,-1,-1,-1
645,157,1481.07,3.05,60.07,144.54,0.2052,-1,-1,-1
646,3,1715.79,454.15,80.96,213.18,0.7332,-1,-1,-1
646,5,469.23,538.73,75.54,239.44,0.7732,-1,-1,-1
646,16,1121.60,962.29,85.66,117.69,0.5773,-1,-1,-1
646,36,1197.00,969.07,73.45,110.93,0.4398,-1,-1,-1
646,41,806.44,145.73,58.26,174.43,0.4739,-1,-1,-1
646,72,1561.75,608.37,108.57,221.32,0.3774,-1,-1,-1
646,87,1622.05,186.19,58.90,178.35,0.6405,-1,-1,-1
646,111,337.47,317.41,68.60,197.86,0.7010,-1,-1,-1
646,129,919.78,928.41,61.97,150.69,0.6762,-1,-1,-1
646,148,557.18,118.42,57.88,164.97,0.2441,-1,-1,-1
646,153,1392.48,959.01,87.17,120.98,0.6705,-1,-1,-1
646,156,1466.89,941.79,103.01,137.09,0.4550,-1,-1,-1
646,157,1481.07,2.48,60.06,145.22,0.2678,-1,-1,-1
646,158,431.41,119.61,40.18,151.71,0.2119,-1,-1,-1
647,3,1715.76,453.07,81.58,214.16,0.7302,-1,-1,-1
647,5,466.70,538.33,75.82,239.54,0.7619,-1,-1,-1
647,16,1121.57,963.53,82.94,116.47,0.5147,-1,-1,-1
647,36,1198.50,971.94,71.82,108.09,0.3710,-1,-1,-1
647,41,806.58,145.75,58.09,173.93,0.4338,-1,-1,-1
647,72,1562.42,612.12,107.34,218.33,0.3846,-1,-1,-1
647,87,1621.60,183.92,59.66,181.54,0.6471,-1,-1,-1
647,111,336.41,320.27,68.65,196.85,0.7115,-1,-1,-1
647,129,915.68,928.65,62.82,149.91,0.6718,-1,-1,-1
647,145,467.85,108.52,51.60,164.96,0.2094,-1,-1,-1
647,148,557.35,119.62,57.36,164.17,0.2450,-1,-1,-1
647,153,1388.36,954.75,89.53,124.90,0.7061,-1,-1,-1
647,156,1463.86,939.81,102.53,140.07,0.5775,-1,-1,-1
647,157,1481.04,2.62,59.64,144.90,0.2136,-1,-1,-1
647,158,431.91,118.62,40.80,152.71,0.2514,-1,-1,-1
648,3,1716.27,453.03,80.95,212.74,0.7300,-1,-1,-1
648,5,462.92,537.78,76.90,239.59,0.7499,-1,-1,-1
648,16,1123.23,965.74,80.52,114.26,0.5521,-1,-1,-1
648,36,1199.53,975.84,69.77,104.17,0.4518,-1,-1,-1
648,41,806.49,145.68,58.03,173.80,0.4485,-1,-1,-1
648,72,1562.04,607.78,108.74,222.08,0.3636,-1,-1,-1
648,87,1621.09,182.40,58.56,176.69,0.6567,-1,-1,-1
648,111,335.93,320.39,68.89,198.18,0.7189,-1,-1,-1
648,129,913.02,929.44,64.43,149.16,0.6892,-1,-1,-1
648,147,215.40,253.37,54.52,166.90,0.2361,-1,-1,-1
648,148,556.43,118.01,57.65,165.50,0.2330,-1,-1,-1
648,153,1385.78,951.74,90.64,127.52,0.7037,-1,-1,-1
648,156,1462.77,937.62,100.12,141.20,0.6301,-1,-1,-1
648,157,1481.22,2.24,59.86,145.93,0.2481,-1,-1,-1
648,158,431.78,120.20,40.76,150.69,0.3075,-1,-1,-1
649,3,1717.28,453.70,81.69,213.33,0.7300,-1,-1,-1
649,5,460.61,538.78,77.51,237.63,0.7665,-1,-1,-1
649,16,1124.87,968.11,79.18,111.90,0.5285,-1,-1,-1
649,36,1198.38,977.95,69.34,102.08,0.4520,-1,-1,-1
649,41,806.54,145.34,58.16,174.07,0.4677,-1,-1,-1
649,72,1562.10,605.02,109.14,223.35,0.2829,-1,-1,-1
649,87,1619.77,181.28,59.62,178.40,0.6595,-1,-1,-1
649,111,334.57,321.24,69.23,200.50,0.7241,-1,-1,-1
649,129,908.74,929.67,66.24,149.00,0.7042,-1,-1,-1
649,147,215.71,252.47,54.12,168.69,0.2633,-1,-1,-1
649,148,556.80,117.74,57.53,165.45,0.2599,-1,-1,-1
649,153,1382.43,950.74,90.28,127.89,0.6953,-1,-1,-1
649,156,1458.84,933.24,100.54,144.44,0.6274,-1,-1,-1
649,157,1481.33,2.26,59.47,145.48,0.2727,-1,-1,-1
649,158,432.26,121.07,40.66,149.15,0.2497,-1,-1,-1
650,3,1716.97,453.35,80.97,212.84,0.7358,-1,-1,-1
650,5,456.67,536.89,79.58,238.98,0.7775,-1,-1,-1
650,16,1124.65,971.07,76.28,108.48,0.4842,-1,-1,-1
650,36,1197.53,981.77,68.19,98.26,0.4099,-1,-1,-1
650,41,806.08,144.38,58.69,176.02,0.4638,-1,-1,-1
650,72,1562.98,605.24,109.19,223.02,0.3270,-1,-1,-1
650,87,1619.08,179.99,60.45,179.40,0.6244,-1,-1,-1
650,111,333.67,322.47,69.52,204.54,0.7115,-1,-1,-1
650,129,906.12,931.73,67.06,146.86,0.7192,-1,-1,-1
650,148,558.08,119.89,56.72,163.48,0.2285,-1,-1,-1
650,153,1376.84,947.45,91.03,131.03,0.7016,-1,-1,-1
650,156,1453.31,929.33,101.64,148.72,0.6492,-1,-1,-1
650,157,1481.23,2.32,59.46,145.97,0.2149,-1,-1,-1
651,3,1717.24,453.77,80.64,212.43,0.7262,-1,-1,-1
651,5,455.22,537.17,80.57,238.55,0.7802,-1,-1,-1
651,16,1126.06,972.71,76.10,107.23,0.5221,-1,-1,-1
651,36,1196.64,983.25,68.49,96.77,0.4304,-1,-1,-1
651,41,805.52,143.58,59.13,177.24,0.4501,-1,-1,-1
651,72,1562.11,603.03,110.51,225.14,0.3183,-1,-1,-1
651,87,1618.35,177.50,60.97,178.21,0.6217,-1,-1,-1
651,111,333.05,323.10,69.06,205.33,0.7222,-1,-1,-1
651,129,903.60,931.32,68.68,147.73,0.7264,-1,-1,-1
651,148,557.11,116.24,57.90,167.52,0.2001,-1,-1,-1
651,153,1370.67,945.96,91.74,132.80,0.6956,-1,-1,-1
651,156,1452.55,927.15,101.10,152.26,0.6642,-1,-1,-1
651,157,1481.04,1.87,59.19,146.14,0.2001,-1,-1,-1
652,3,1716.88,453.78,80.17,212.41,0.7171,-1,-1,-1
652,5,453.57,536.66,81.72,238.56,0.7725,-1,-1,-1
652,16,1123.43,975.80,72.67,104.18,0.4874,-1,-1,-1
652,36,1192.65,987.39,68.29,92.61,0.4591,-1,-1,-1
652,41,806.99,144.03,58.51,175.97,0.4759,-1,-1,-1
652,72,1560.09,601.86,111.23,227.44,0.3287,-1,-1,-1
652,87,1617.47,174.84,61.91,178.77,0.6510,-1,-1,-1
652,111,332.58,325.52,68.38,205.42,0.7090,-1,-1,-1
652,129,901.30,930.86,69.06,147.15,0.6997,-1,-1,-1
652,148,555.81,115.93,58.01,169.06,0.2232,-1,-1,-1
652,153,1367.58,943.89,92.83,134.85,0.6665,-1,-1,-1
652,156,1450.71,923.59,100.46,155.03,0.6132,-1,-1,-1
652,157,1481.16,1.82,59.08,146.51,0.2126,-1,-1,-1
653,3,1717.88,452.95,80.00,213.24,0.7314,-1,-1,-1
653,5,452.13,536.57,83.16,238.18,0.7784,-1,-1,-1
653,16,1125.14,980.13,70.29,99.61,0.5599,-1,-1,-1
653,36,1194.32,989.15,68.83,89.92,0.5711,-1,-1,-1
653,41,806.39,145.04,58.25,175.15,0.5210,-1,-1,-1
653,72,1560.40,598.26,112.25,229.90,0.3987,-1,-1,-1
653,87,1617.41,174.78,62.14,175.36,0.6819,-1,-1,-1
653,111,332.64,327.17,67.41,205.46,0.7245,-1,-1,-1
653,129,899.08,931.70,68.50,145.91,0.6970,-1,-1,-1
653,145,470.11,106.54,53.18,168.51,0.2633,-1,-1,-1
653,148,557.25,116.32,57.65,168.14,0.2177,-1,-1,-1
653,153,1364.52,941.85,93.44,136.40,0.7052,-1,-1,-1
653,156,1446.19,917.32,101.69,161.99,0.6484,-1,-1,-1
653,157,1481.37,1.82,58.72,145.73,0.2597,-1,-1,-1
654,3,1718.56,452.68,79.54,212.84,0.7316,-1,-1,-1
654,5,453.03,536.30,83.67,238.53,0.7813,-1,-1,-1
654,16,1124.08,983.08,68.13,96.31,0.5158,-1,-1,-1
654,36,1197.86,991.48,67.38,86.72,0.5471,-1,-1,-1
654,41,806.72,145.28,57.81,173.64,0.5031,-1,-1,-1
654,72,1560.62,597.93,112.02,229.75,0.4418,-1,-1,-1
654,87,1616.49,173.79,63.75,177.20,0.6421,-1,-1,-1
654,111,332.70,328.77,66.47,206.19,0.7105,-1,-1,-1
654,129,897.65,932.43,67.25,145.29,0.6881,-1,-1,-1
654,145,471.28,107.71,53.20,167.10,0.2403,-1,-1,-1
654,148,558.51,118.61,56.72,165.28,0.2337,-1,-1,-1
654,153,1360.54,940.23,93.15,136.71,0.6924,-1,-1,-1
654,156,1444.55,914.59,100.66,164.88,0.6315,-1,-1,-1
654,157,1481.06,1.20,59.09,146.60,0.2685,-1,-1,-1
655,3,1718.16,452.54,79.55,213.41,0.7276,-1,-1,-1
655,5,452.80,536.20,83.21,238.63,0.7840,-1,-1,-1
655,16,1126.77,986.15,68.79,93.21,0.5832,-1,-1,-1
655,36,1201.50,993.76,66.23,84.22,0.5787,-1,-1,-1
655,41,806.45,144.56,58.34,175.15,0.4859,-1,-1,-1
655,72,1561.78,598.70,111.72,229.75,0.4130,-1,-1,-1
655,87,1615.47,168.42,66.10,182.30,0.5920,-1,-1,-1
655,111,332.34,330.45,65.39,204.76,0.6950,-1,-1,-1
655,129,894.62,932.22,66.87,145.31,0.6859,-1,-1,-1
655,145,471.30,109.51,54.18,168.05,0.2764,-1,-1,-1
655,148,558.96,119.57,56.20,163.64,0.2132,-1,-1,-1
655,153,1358.66,938.44,93.89,138.96,0.6731,-1,-1,-1
655,156,1442.27,915.10,98.49,164.85,0.6456,-1,-1,-1
655,157,1480.82,0.68,59.13,146.75,0.2650,-1,-1,-1
655,158,431.07,123.10,41.74,152.38,0.2357,-1,-1,-1
656,3,1718.31,452.11,79.37,214.21,0.7408,-1,-1,-1
656,5,453.93,534.78,82.21,239.75,0.7881,-1,-1,-1
656,16,1125.12,988.34,67.70,90.15,0.5592,-1,-1,-1
656,36,1202.34,995.17,66.58,83.21,0.5795,-1,-1,-1
656,41,806.97,144.79,58.09,175.14,0.4742,-1,-1,-1
656,72,1560.21,595.73,112.54,232.13,0.3194,-1,-1,-1
656,87,1615.09,166.72,66.59,181.64,0.5936,-1,-1,-1
656,111,331.38,331.59,65.65,206.17,0.6912,-1,-1,-1
656,129,891.61,932.43,66.77,144.93,0.7028,-1,-1,-1
656,145,471.86,112.53,54.18,166.35,0.2669,-1,-1,-1
656,153,1357.32,935.98,94.38,141.46,0.6797,-1,-1,-1
656,156,1438.07,911.27,99.51,168.57,0.6134,-1,-1,-1
656,157,1480.72,0.52,59.07,146.51,0.2357,-1,-1,-1
656,158,431.31,123.07,42.23,153.15,0.2171,-1,-1,-1
657,3,1718.53,452.12,79.30,213.93,0.7387,-1,-1,-1
657,5,454.31,535.11,80.96,239.67,0.7761,-1,-1,-1
657,16,1122.50,989.90,66.45,88.33,0.5343,-1,-1,-1
657,36,1200.74,996.51,67.58,82.06,0.5637,-1,-1,-1
657,41,805.77,145.34,58.53,175.67,0.4420,-1,-1,-1
657,72,1561.09,593.47,112.88,233.88,0.3849,-1,-1,-1
657,87,1614.83,168.52,66.59,177.85,0.6008,-1,-1,-1
657,111,329.91,332.94,65.49,205.85,0.6783,-1,-1,-1
657,129,888.11,931.88,67.59,146.01,0.6986,-1,-1,-1
657,145,471.96,111.96,54.87,168.30,0.2467,-1,-1,-1
657,153,1356.78,932.98,94.91,144.92,0.6722,-1,-1,-1
657,156,1433.18,907.75,100.29,171.32,0.6414,-1,-1,-1
657,157,1481.26,0.90,58.80,145.24,0.2305,-1,-1,-1
657,158,431.63,124.82,42.19,152.71,0.2238,-1,-1,-1
658,3,1718.47,451.94,79.16,214.99,0.7164,-1,-1,-1
658,5,452.74,533.76,80.55,240.90,0.7578,-1,-1,-1
658,16,1120.75,990.18,67.28,87.99,0.5450,-1,-1,-1
658,36,1199.66,998.03,69.48,80.84,0.5983,-1,-1,-1
658,41,806.31,144.24,58.49,175.23,0.4296,-1,-1,-1
658,72,1560.88,595.21,112.04,232.44,0.3064,-1,-1,-1
658,87,1613.96,167.96,67.61,176.34,0.5999,-1,-1,-1
658,111,328.38,333.55,65.42,205.57,0.6805,-1,-1,-1
658,129,885.82,932.48,68.00,145.87,0.7055,-1,-1,-1
658,145,472.06,114.55,54.65,167.06,0.2412,-1,-1,-1
658,153,1353.00,929.21,95.31,148.02,0.6750,-1,-1,-1
658,156,1430.30,906.00,99.74,172.72,0.6657,-1,-1,-1
658,158,431.58,125.92,42.26,152.31,0.2668,-1,-1,-1
659,3,1718.39,452.25,79.35,214.63,0.7405,-1,-1,-1
659,5,451.68,530.94,80.45,242.16,0.7662,-1,-1,-1
659,16,1121.53,991.48,69.41,87.08,0.6017,-1,-1,-1
659,36,1199.44,999.35,72.28,80.53,0.6217,-1,-1,-1
659,41,806.20,143.76,59.01,176.95,0.4360,-1,-1,-1
659,72,1561.74,598.55,109.39,228.70,0.2880,-1,-1,-1
659,87,1613.86,167.45,69.14,176.33,0.6066,-1,-1,-1
659,111,325.66,332.37,66.79,206.55,0.7248,-1,-1,-1
659,129,883.01,932.69,67.80,145.12,0.7052,-1,-1,-1
659,145,473.13,114.76,54.88,168.15,0.2970,-1,-1,-1
659,153,1350.35,926.63,95.57,150.85,0.6723,-1,-1,-1
659,156,1428.01,905.31,98.91,172.69,0.6155,-1,-1,-1
659,158,431.81,127.25,42.56,152.79,0.3092,-1,-1,-1
660,3,1717.95,451.79,79.19,214.51,0.7281,-1,-1,-1
660,5,448.81,530.30,78.80,239.92,0.7579,-1,-1,-1
660,16,1119.16,993.42,70.72,85.17,0.6365,-1,-1,-1
660,36,1199.07,1001.98,73.47,77.99,0.6206,-1,-1,-1
660,41,805.82,144.59,58.77,175.93,0.4491,-1,-1,-1
660,72,1561.80,598.94,109.27,228.33,0.2810,-1,-1,-1
660,87,1614.18,166.74,70.94,178.52,0.6504,-1,-1,-1
660,111,323.65,333.01,67.41,205.54,0.7227,-1,-1,-1
660,129,880.54,932.06,67.74,145.40,0.6978,-1,-1,-1
660,145,473.93,117.79,54.20,165.46,0.3010,-1,-1,-1
660,153,1348.42,923.28,95.54,153.03,0.6752,-1,-1,-1
660,156,1426.46,902.91,99.97,175.00,0.6228,-1,-1,-1
660,158,432.05,127.49,42.70,152.89,0.3232,-1,-1,-1
660,160,686.19,211.89,71.54,199.62,0.2123,-1,-1,-1
661,3,1718.53,451.92,79.07,213.13,0.7519,-1,-1,-1
661,5,444.98,530.73,75.25,239.16,0.7663,-1,-1,-1
661,16,1114.25,993.80,71.41,85.03,0.5997,-1,-1,-1
661,36,1198.53,1005.12,73.98,74.90,0.5822,-1,-1,-1
661,41,806.52,144.38,58.53,175.29,0.4406,-1,-1,-1
661,72,1561.94,602.34,108.48,224.52,0.3076,-1,-1,-1
661,87,1615.80,166.86,70.81,175.22,0.6517,-1,-1,-1
661,111,322.44,333.54,67.62,204.27,0.6933,-1,-1,-1
661,129,877.87,931.06,67.96,147.71,0.6722,-1,-1,-1
661,145,473.95,119.29,54.74,166.64,0.3062,-1,-1,-1
661,153,1346.06,920.69,95.03,155.38,0.6756,-1,-1,-1
661,156,1424.98,901.15,100.40,176.40,0.6329,-1,-1,-1
661,158,432.08,130.09,42.14,150.36,0.3154,-1,-1,-1
662,3,1718.10,451.73,79.53,213.69,0.7496,-1,-1,-1
662,5,441.18,530.27,73.51,240.14,0.7829,-1,-1,-1
662,16,1113.49,996.09,70.64,82.67,0.6012,-1,-1,-1
662,36,1198.46,1005.54,75.46,74.02,0.5335,-1,-1,-1
662,41,806.21,143.10,58.60,175.53,0.4638,-1,-1,-1
662,72,1561.61,596.38,112.16,231.40,0.3862,-1,-1,-1
662,87,1615.37,166.02,72.02,175.71,0.6382,-1,-1,-1
662,111,321.32,333.59,68.11,204.47,0.7002,-1,-1,-1
662,129,874.83,929.78,67.80,149.45,0.6624,-1,-1,-1
662,145,474.03,119.38,55.68,169.05,0.3226,-1,-1,-1
662,153,1341.53,915.61,95.86,160.73,0.6168,-1,-1,-1
662,156,1422.78,898.55,101.94,179.51,0.4911,-1,-1,-1
662,158,431.78,133.47,41.61,147.05,0.3284,-1,-1,-1
663,3,1718.72,452.55,80.03,212.68,0.7377,-1,-1,-1
663,5,437.27,529.16,71.34,239.36,0.8057,-1,-1,-1
663,16,1110.39,997.72,68.96,80.97,0.5350,-1,-1,-1
663,36,1198.34,1007.79,74.78,71.32,0.5120,-1,-1,-1
663,41,806.72,143.27,58.32,175.04,0.4405,-1,-1,-1
663,72,1563.74,600.14,110.28,226.67,0.3749,-1,-1,-1
663,87,1616.75,164.92,72.11,175.07,0.6153,-1,-1,-1
663,111,321.06,334.01,68.03,203.93,0.7130,-1,-1,-1
663,129,873.11,929.41,66.60,149.39,0.6632,-1,-1,-1
663,145,474.50,121.34,55.52,167.35,0.2701,-1,-1,-1
663,153,1337.70,910.77,96.14,167.11,0.6731,-1,-1,-1
663,156,1420.05,895.98,102.64,183.83,0.6283,-1,-1,-1
663,158,431.23,132.72,42.14,147.31,0.3312,-1,-1,-1
664,3,1718.46,452.70,80.96,213.55,0.7252,-1,-1,-1
664,5,432.91,527.93,70.20,241.20,0.7957,-1,-1,-1
664,16,1108.43,1000.44,66.54,78.47,0.5255,-1,-1,-1
664,36,1198.21,1009.67,74.74,69.86,0.4593,-1,-1,-1
664,41,805.74,143.06,58.47,175.34,0.4364,-1,-1,-1
664,72,1563.05,613.48,105.52,214.76,0.3208,-1,-1,-1
664,87,1616.75,163.89,73.73,179.21,0.6268,-1,-1,-1
664,111,320.54,335.08,67.72,202.77,0.7015,-1,-1,-1
664,129,871.36,929.55,65.67,148.37,0.6802,-1,-1,-1
664,145,475.56,122.55,55.45,166.10,0.2737,-1,-1,-1
664,153,1335.68,907.35,95.58,171.30,0.6328,-1,-1,-1
664,156,1417.79,892.71,102.21,187.27,0.6074,-1,-1,-1
664,158,431.55,130.61,42.87,149.31,0.3100,-1,-1,-1
665,3,1718.55,452.38,81.18,213.22,0.7288,-1,-1,-1
665,5,428.52,526.44,68.71,244.12,0.7424,-1,-1,-1
665,16,1109.77,1001.94,68.27,77.73,0.5655,-1,-1,-1
665,36,1196.28,1012.57,72.11,67.38,0.4696,-1,-1,-1
665,41,806.63,143.26,58.19,175.13,0.4678,-1,-1,-1
665,72,1561.53,601.48,110.85,225.36,0.3465,-1,-1,-1
665,87,1617.01,162.35,74.89,183.71,0.5983,-1,-1,-1
665,111,318.17,334.70,68.43,203.15,0.6931,-1,-1,-1
665,129,868.81,930.63,65.62,148.30,0.6747,-1,-1,-1
665,145,475.10,121.96,55.98,167.39,0.3013,-1,-1,-1
665,153,1333.08,904.17,93.53,174.21,0.6500,-1,-1,-1
665,156,1414.26,885.56,104.12,194.47,0.6324,-1,-1,-1
665,158,431.83,129.33,43.11,150.66,0.3358,-1,-1,-1
666,3,1717.92,452.06,81.58,214.28,0.7037,-1,-1,-1
666,5,426.11,526.67,67.56,247.40,0.7489,-1,-1,-1
666,16,1109.41,1004.76,68.30,74.46,0.5717,-1,-1,-1
666,36,1195.40,1014.79,69.97,65.22,0.4931,-1,-1,-1
666,41,807.13,143.13,57.47,173.55,0.4453,-1,-1,-1
666,72,1561.13,600.25,112.21,227.17,0.3517,-1,-1,-1
666,87,1618.05,160.97,74.19,183.33,0.6059,-1,-1,-1
666,111,314.87,335.57,69.93,203.91,0.6713,-1,-1,-1
666,129,867.21,930.20,65.65,148.14,0.6917,-1,-1,-1
666,145,475.45,119.87,56.57,169.21,0.2812,-1,-1,-1
666,153,1329.81,902.89,91.08,175.28,0.6548,-1,-1,-1
666,156,1411.81,882.40,104.83,197.62,0.6420,-1,-1,-1
666,158,432.04,130.49,43.05,149.80,0.3169,-1,-1,-1
667,3,1717.40,452.81,81.91,214.18,0.6936,-1,-1,-1
667,5,424.30,526.36,66.27,248.14,0.7494,-1,-1,-1
667,16,1105.99,1007.23,66.30,71.21,0.5468,-1,-1,-1
667,36,1195.85,1017.34,67.14,62.69,0.5358,-1,-1,-1
667,41,806.94,144.44,57.39,173.37,0.4432,-1,-1,-1
667,72,1560.37,598.95,112.69,227.66,0.4136,-1,-1,-1
667,87,1619.17,159.51,73.89,184.17,0.6140,-1,-1,-1
667,111,311.22,338.36,72.68,203.48,0.7022,-1,-1,-1
667,129,864.62,929.92,65.92,148.42,0.6827,-1,-1,-1
667,145,477.15,124.97,54.85,164.32,0.3187,-1,-1,-1
667,153,1327.46,899.90,90.14,179.13,0.6582,-1,-1,-1
667,156,1406.31,880.24,103.89,199.79,0.6887,-1,-1,-1
667,158,432.14,131.77,43.11,149.19,0.3315,-1,-1,-1
668,3,1717.68,452.70,82.46,214.06,0.7211,-1,-1,-1
668,5,422.38,527.01,65.06,245.28,0.7642,-1,-1,-1
668,16,1106.42,1009.93,64.48,67.72,0.5577,-1,-1,-1
668,36,1195.58,1020.18,63.59,59.53,0.5497,-1,-1,-1
668,41,807.46,143.09,57.21,173.74,0.4508,-1,-1,-1
668,72,1560.76,601.11,112.41,226.32,0.3893,-1,-1,-1
668,87,1621.43,156.81,73.11,182.89,0.5986,-1,-1,-1
668,111,311.29,341.49,73.94,204.26,0.6965,-1,-1,-1
668,129,862.53,929.59,66.14,148.59,0.6842,-1,-1,-1
668,145,477.66,123.21,54.77,165.67,0.3398,-1,-1,-1
668,147,226.15,238.91,55.00,168.20,0.2819,-1,-1,-1
668,153,1327.30,899.06,88.43,179.78,0.6540,-1,-1,-1
668,156,1404.00,876.62,103.83,203.41,0.6790,-1,-1,-1
668,158,431.90,131.46,43.50,150.35,0.2827,-1,-1,-1
669,3,1717.78,451.76,83.03,215.88,0.6930,-1,-1,-1
669,5,418.37,527.32,66.77,246.29,0.7522,-1,-1,-1
669,16,1104.86,1013.03,60.58,63.77,0.4825,-1,-1,-1
669,36,1196.80,1024.99,58.85,54.76,0.4728,-1,-1,-1
669,41,807.31,144.53,57.03,173.19,0.4310,-1,-1,-1
669,72,1561.08,601.56,112.57,225.92,0.3875,-1,-1,-1
669,87,1622.11,153.54,73.43,184.43,0.6092,-1,-1,-1
669,111,311.90,345.48,74.28,203.99,0.7222,-1,-1,-1
669,129,859.92,930.21,66.38,148.34,0.6618,-1,-1,-1
669,145,478.94,124.51,54.15,163.90,0.3489,-1,-1,-1
669,147,226.55,235.11,56.94,171.55,0.3010,-1,-1,-1
669,153,1326.63,898.21,86.25,180.44,0.6975,-1,-1,-1
669,156,1402.48,874.66,102.73,205.35,0.7231,-1,-1,-1
669,158,431.90,132.67,43.19,148.88,0.2677,-1,-1,-1
670,3,1717.44,452.18,83.19,214.78,0.7121,-1,-1,-1
670,5,412.50,527.86,69.98,245.13,0.7736,-1,-1,-1
670,16,1106.85,1016.30,58.42,60.44,0.4967,-1,-1,-1
670,36,1197.95,1028.45,54.90,50.64,0.4299,-1,-1,-1
670,41,806.37,144.81,57.52,174.19,0.4429,-1,-1,-1
670,72,1561.49,599.44,112.78,226.99,0.3952,-1,-1,-1
670,87,1623.55,153.14,72.88,183.94,0.6214,-1,-1,-1
670,111,311.39,346.61,74.41,205.71,0.7317,-1,-1,-1
670,129,857.93,929.56,67.08,149.24,0.6724,-1,-1,-1
670,145,478.38,117.28,56.16,170.96,0.3427,-1,-1,-1
670,147,227.71,233.13,58.41,171.84,0.2547,-1,-1,-1
670,148,555.84,122.39,55.74,159.78,0.2113,-1,-1,-1
670,153,1324.57,896.61,84.93,182.28,0.7181,-1,-1,-1
670,156,1400.66,870.91,104.05,209.10,0.6869,-1,-1,-1
670,158,431.54,134.96,42.65,146.55,0.2962,-1,-1,-1
671,3,1717.37,452.73,83.70,214.30,0.7191,-1,-1,-1
671,5,407.99,527.56,73.36,245.47,0.7843,-1,-1,-1
671,16,1103.45,1020.20,54.86,57.20,0.5073,-1,-1,-1
671,36,1197.81,1031.99,51.60,47.56,0.3961,-1,-1,-1
671,41,806.64,144.56,57.45,174.11,0.4940,-1,-1,-1
671,72,1562.23,601.26,112.58,226.21,0.4000,-1,-1,-1
671,87,1624.82,152.19,71.72,182.01,0.6195,-1,-1,-1
671,111,310.85,347.70,74.70,208.65,0.7608,-1,-1,-1
671,129,856.15,930.12,67.16,148.50,0.6828,-1,-1,-1
671,145,478.47,117.44,56.25,171.22,0.3796,-1,-1,-1
671,147,228.38,233.15,57.80,168.76,0.2615,-1,-1,-1
671,153,1322.55,895.65,83.27,183.33,0.7093,-1,-1,-1
671,156,1398.90,866.27,104.81,213.53,0.6959,-1,-1,-1
671,158,430.28,134.91,43.36,148.80,0.2873,-1,-1,-1
672,3,1716.99,451.75,84.10,214.81,0.7041,-1,-1,-1
672,5,405.22,528.85,75.79,243.77,0.7850,-1,-1,-1
672,16,1104.67,1024.80,51.01,53.85,0.4839,-1,-1,-1
672,36,1197.40,1034.46,49.14,45.32,0.3781,-1,-1,-1
672,41,806.08,143.69,57.96,175.88,0.4744,-1,-1,-1
672,72,1560.84,599.70,113.45,227.82,0.3610,-1,-1,-1
672,87,1626.90,156.12,68.89,175.11,0.5869,-1,-1,-1
672,111,311.23,348.72,73.55,207.63,0.7650,-1,-1,-1
672,129,854.58,929.11,67.42,149.23,0.6779,-1,-1,-1
672,145,479.63,123.97,54.24,165.77,0.3251,-1,-1,-1
672,147,228.85,233.96,58.14,168.36,0.2969,-1,-1,-1
672,153,1318.44,894.74,83.48,184.96,0.7340,-1,-1,-1
672,156,1398.68,861.73,104.86,218.27,0.7246,-1,-1,-1
672,158,430.22,135.44,44.24,151.37,0.3581,-1,-1,-1
673,3,1717.03,452.72,84.75,214.79,0.7261,-1,-1,-1
673,5,402.88,530.70,78.11,242.95,0.7856,-1,-1,-1
673,16,1106.74,1029.36,47.20,50.17,0.4311,-1,-1,-1
673,36,1195.88,1035.97,47.05,43.85,0.3754,-1,-1,-1
673,41,806.85,144.05,57.62,175.72,0.4711,-1,-1,-1
673,72,1560.11,600.26,112.91,226.84,0.3480,-1,-1,-1
673,87,1627.08,156.35,68.74,175.37,0.5827,-1,-1,-1
673,111,311.37,350.99,72.82,207.86,0.7739,-1,-1,-1
673,129,853.42,929.69,67.16,149.50,0.6823,-1,-1,-1
673,145,480.26,127.49,53.59,164.21,0.3662,-1,-1,-1
673,147,228.48,233.61,59.53,172.46,0.3534,-1,-1,-1
673,153,1315.54,892.10,84.06,187.90,0.7126,-1,-1,-1
673,156,1398.82,861.24,102.26,218.75,0.6946,-1,-1,-1
673,158,428.98,134.92,44.86,153.22,0.3555,-1,-1,-1
674,3,1716.69,452.54,85.83,215.09,0.7271,-1,-1,-1
674,5,399.82,530.57,80.57,243.56,0.7802,-1,-1,-1
674,16,1107.76,1031.57,45.13,48.40,0.4071,-1,-1,-1
674,36,1195.37,1037.12,45.61,42.86,0.3225,-1,-1,-1
674,41,806.95,144.51,57.29,174.95,0.4518,-1,-1,-1
674,72,1560.61,599.28,111.70,227.61,0.4025,-1,-1,-1
674,87,1627.68,156.49,67.91,173.50,0.5283,-1,-1,-1
674,111,310.96,351.64,72.94,209.03,0.7630,-1,-1,-1
674,129,850.67,929.10,67.06,150.62,0.6870,-1,-1,-1
674,145,479.23,128.83,53.97,166.27,0.4240,-1,-1,-1
674,147,229.62,232.19,60.31,173.47,0.2758,-1,-1,-1
674,153,1311.69,888.87,84.58,191.08,0.7251,-1,-1,-1
674,156,1395.98,859.34,101.39,220.68,0.5804,-1,-1,-1
674,158,429.05,134.59,45.41,155.06,0.3380,-1,-1,-1
675,3,1716.56,452.51,85.95,213.58,0.7088,-1,-1,-1
675,5,396.20,528.77,83.87,245.51,0.7812,-1,-1,-1
675,16,1109.16,1035.70,41.50,44.41,0.3530,-1,-1,-1
675,36,1196.76,1041.16,41.74,38.91,0.3339,-1,-1,-1
675,41,806.52,144.47,57.52,175.43,0.4834,-1,-1,-1
675,72,1562.30,611.88,107.55,216.98,0.4194,-1,-1,-1
675,87,1627.24,156.27,67.98,174.24,0.5498,-1,-1,-1
675,111,311.57,352.96,72.85,210.20,0.7547,-1,-1,-1
675,129,850.02,930.45,65.60,149.56,0.6792,-1,-1,-1
675,145,478.62,127.10,55.26,171.31,0.4519,-1,-1,-1
675,147,230.96,231.07,61.76,176.85,0.3060,-1,-1,-1
675,153,1305.55,886.10,85.56,193.38,0.7486,-1,-1,-1
675,156,1395.80,862.18,101.36,217.87,0.5470,-1,-1,-1
675,158,429.29,134.62,46.16,158.06,0.3502,-1,-1,-1
675,167,745.35,48.02,55.94,175.52,0.2339,-1,-1,-1
676,3,1716.92,453.26,85.84,212.69,0.7210,-1,-1,-1
676,5,392.75,530.81,86.67,244.12,0.7890,-1,-1,-1
676,16,1110.28,1038.90,38.80,41.25,0.2579,-1,-1,-1
676,36,1197.90,1043.26,40.19,36.82,0.3280,-1,-1,-1
676,41,807.10,144.86,57.22,174.76,0.4157,-1,-1,-1
676,72,1564.22,625.92,101.71,203.02,0.2864,-1,-1,-1
676,87,1626.22,155.06,69.40,180.21,0.5772,-1,-1,-1
676,111,311.62,355.27,71.91,208.97,0.7454,-1,-1,-1
676,129,848.25,930.73,64.53,149.32,0.6678,-1,-1,-1
676,145,480.10,128.73,55.38,171.83,0.4885,-1,-1,-1
676,147,234.84,232.87,61.23,172.49,0.2951,-1,-1,-1
676,153,1301.36,883.06,86.10,196.93,0.7680,-1,-1,-1
676,156,1383.99,862.07,102.69,217.98,0.6201,-1,-1,-1
676,158,429.31,139.72,45.47,153.98,0.3067,-1,-1,-1
677,3,1716.48,453.18,86.41,213.29,0.7146,-1,-1,-1
677,5,386.87,530.91,90.86,244.31,0.7918,-1,-1,-1
677,16,1111.11,1041.75,36.43,38.18,0.2353,-1,-1,-1
677,36,1199.43,1045.21,39.21,34.80,0.3254,-1,-1,-1
677,41,806.62,145.43,56.78,173.11,0.4295,-1,-1,-1
677,72,1560.82,607.14,110.08,220.64,0.2913,-1,-1,-1
677,87,1626.18,156.37,67.20,175.19,0.5569,-1,-1,-1
677,111,311.64,355.23,72.09,209.24,0.7470,-1,-1,-1
677,129,847.25,930.43,63.99,149.42,0.6736,-1,-1,-1
677,145,479.33,129.53,56.10,173.95,0.4870,-1,-1,-1
677,147,234.35,229.95,62.86,175.92,0.3570,-1,-1,-1
677,153,1298.99,879.09,86.34,199.60,0.7790,-1,-1,-1
677,156,1374.65,859.68,104.51,220.33,0.6728,-1,-1,-1
677,158,427.64,141.53,45.85,153.92,0.3163,-1,-1,-1
678,3,1716.47,453.30,86.69,213.55,0.6945,-1,-1,-1
678,5,381.99,531.54,95.29,243.53,0.7888,-1,-1,-1
678,16,1110.90,1043.30,35.34,36.31,0.2319,-1,-1,-1
678,36,1200.27,1047.70,38.13,32.30,0.3037,-1,-1,-1
678,41,806.70,144.85,56.86,173.25,0.4275,-1,-1,-1
678,72,1561.94,620.92,104.98,208.14,0.3366,-1,-1,-1
678,87,1625.37,156.62,66.68,173.51,0.5405,-1,-1,-1
678,111,311.63,356.54,71.91,209.00,0.7369,-1,-1,-1
678,129,846.09,929.22,64.04,150.37,0.6766,-1,-1,-1
678,145,480.13,130.59,56.08,173.61,0.4901,-1,-1,-1
678,147,234.38,232.72,61.08,172.35,0.3683,-1,-1,-1
678,153,1292.04,876.47,87.68,203.48,0.7790,-1,-1,-1
678,156,1371.27,859.74,105.22,220.27,0.6415,-1,-1,-1
678,158,427.40,143.23,45.79,152.12,0.2848,-1,-1,-1
678,167,744.43,48.64,56.74,178.74,0.2081,-1,-1,-1
679,3,1715.81,452.42,86.31,212.82,0.6947,-1,-1,-1
679,5,376.11,531.35,99.95,243.92,0.7829,-1,-1,-1
679,16,1110.49,1045.05,34.41,34.35,0.2603,-1,-1,-1
679,36,1201.51,1049.22,38.16,30.77,0.2803,-1,-1,-1
679,41,806.30,145.16,56.92,173.22,0.4359,-1,-1,-1
679,72,1560.55,602.71,112.79,224.92,0.4542,-1,-1,-1
679,87,1624.95,156.75,66.68,173.51,0.5725,-1,-1,-1
679,111,311.40,355.75,71.37,209.80,0.7147,-1,-1,-1
679,129,844.72,927.05,65.30,152.92,0.6984,-1,-1,-1
679,145,480.52,131.67,55.87,173.57,0.5016,-1,-1,-1
679,147,235.69,233.92,59.38,168.80,0.3749,-1,-1,-1
679,153,1287.72,873.83,89.25,206.17,0.7926,-1,-1,-1
679,156,1370.08,858.19,105.44,221.81,0.6364,-1,-1,-1
679,158,427.22,145.20,45.73,150.10,0.2634,-1,-1,-1
680,3,1716.31,453.15,87.00,213.57,0.7332,-1,-1,-1
680,5,370.89,530.41,104.21,244.91,0.7842,-1,-1,-1
680,16,1109.04,1046.51,34.33,33.35,0.2703,-1,-1,-1
680,36,1201.37,1050.72,37.82,29.26,0.2332,-1,-1,-1
680,41,805.76,145.27,56.90,173.56,0.4524,-1,-1,-1
680,72,1561.37,615.78,107.40,213.03,0.3474,-1,-1,-1
680,87,1624.63,155.26,66.45,172.79,0.5885,-1,-1,-1
680,111,311.15,356.58,71.06,207.94,0.7214,-1,-1,-1
680,129,843.75,927.36,64.77,152.64,0.7235,-1,-1,-1
680,145,480.19,132.90,56.16,173.27,0.4887,-1,-1,-1
680,147,236.91,233.19,58.42,167.59,0.3297,-1,-1,-1
680,153,1284.55,870.94,89.89,209.07,0.7654,-1,-1,-1
680,156,1366.40,857.29,104.60,222.71,0.6466,-1,-1,-1
680,167,744.25,48.77,57.04,180.58,0.2224,-1,-1,-1
681,3,1716.88,453.34,86.74,213.28,0.7224,-1,-1,-1
681,5,363.39,530.54,110.20,244.84,0.8075,-1,-1,-1
681,16,1107.91,1047.53,34.32,32.42,0.2723,-1,-1,-1
681,41,807.26,145.14,55.98,172.20,0.4537,-1,-1,-1
681,72,1562.28,622.61,104.96,206.29,0.3382,-1,-1,-1
681,87,1623.60,156.75,66.06,171.82,0.6201,-1,-1,-1
681,111,311.76,356.73,70.77,207.05,0.7005,-1,-1,-1
681,129,842.64,925.71,66.19,153.71,0.7214,-1,-1,-1
681,145,479.53,132.42,56.62,174.32,0.4733,-1,-1,-1
681,147,238.41,233.55,57.24,165.22,0.4024,-1,-1,-1
681,153,1279.40,868.27,90.52,211.05,0.7400,-1,-1,-1
681,156,1365.68,854.17,103.01,225.82,0.6771,-1,-1,-1
682,3,1716.28,453.34,86.77,213.66,0.7354,-1,-1,-1
682,5,360.88,530.54,113.74,244.06,0.8010,-1,-1,-1
682,16,1106.57,1048.70,34.02,31.29,0.2520,-1,-1,-1
682,41,806.48,144.74,56.05,173.26,0.4277,-1,-1,-1
682,72,1560.38,607.99,111.07,219.72,0.3477,-1,-1,-1
682,87,1623.23,155.41,66.79,174.01,0.5939,-1,-1,-1
682,111,310.77,357.85,71.26,206.93,0.7168,-1,-1,-1
682,129,840.10,924.15,68.22,155.29,0.7307,-1,-1,-1
682,145,479.74,131.93,56.89,174.52,0.4573,-1,-1,-1
682,147,239.12,231.79,58.91,169.26,0.3068,-1,-1,-1
682,153,1276.69,865.38,91.38,214.19,0.7595,-1,-1,-1
682,156,1366.48,850.40,99.99,229.60,0.7170,-1,-1,-1
682,158,426.76,145.49,45.72,149.97,0.2178,-1,-1,-1
683,3,1716.82,453.95,86.49,213.05,0.7296,-1,-1,-1
683,5,356.23,530.30,117.48,245.00,0.7991,-1,-1,-1
683,16,1105.04,1050.49,32.87,29.50,0.2115,-1,-1,-1
683,41,807.72,145.08,55.16,171.78,0.4263,-1,-1,-1
683,72,1561.03,603.93,112.69,223.82,0.3797,-1,-1,-1
683,87,1621.04,155.28,67.36,176.67,0.5770,-1,-1,-1
683,111,310.39,357.05,71.20,207.33,0.7243,-1,-1,-1
683,129,837.98,924.08,69.82,155.37,0.7290,-1,-1,-1
683,145,480.04,131.14,57.07,175.72,0.4437,-1,-1,-1
683,147,239.86,229.80,59.78,172.09,0.2757,-1,-1,-1
683,153,1272.33,863.84,92.68,215.62,0.7655,-1,-1,-1
683,156,1363.34,844.81,98.86,235.18,0.7204,-1,-1,-1
683,158,427.03,145.31,45.67,149.95,0.2644,-1,-1,-1
684,3,1715.72,453.29,86.60,214.11,0.7205,-1,-1,-1
684,5,353.71,527.69,119.35,247.48,0.7919,-1,-1,-1
684,41,806.46,145.12,55.45,173.26,0.4360,-1,-1,-1
684,72,1561.04,614.87,108.19,214.27,0.3500,-1,-1,-1
684,87,1619.44,155.37,67.15,178.02,0.5948,-1,-1,-1
684,111,309.83,357.60,70.78,206.89,0.7256,-1,-1,-1
684,129,835.69,923.37,71.70,156.17,0.7274,-1,-1,-1
684,145,481.54,134.87,55.83,171.69,0.4283,-1,-1,-1
684,147,239.97,224.28,60.87,176.86,0.2190,-1,-1,-1
684,153,1267.92,861.83,93.98,215.93,0.7917,-1,-1,-1
684,156,1357.81,840.10,98.70,239.90,0.7312,-1,-1,-1
684,158,426.33,143.32,46.42,152.42,0.3502,-1,-1,-1
685,3,1715.20,452.58,86.23,214.40,0.7321,-1,-1,-1
685,5,352.14,527.54,119.80,248.67,0.7988,-1,-1,-1
685,41,806.89,145.17,54.87,172.32,0.3861,-1,-1,-1
685,72,1560.43,604.41,112.05,223.68,0.4136,-1,-1,-1
685,87,1618.40,153.95,67.54,181.82,0.5787,-1,-1,-1
685,111,309.75,359.50,70.38,206.57,0.7166,-1,-1,-1
685,129,832.23,923.58,74.09,155.86,0.7385,-1,-1,-1
685,145,481.02,135.54,56.04,171.05,0.4336,-1,-1,-1
685,147,241.36,223.54,60.50,177.35,0.2314,-1,-1,-1
685,153,1266.04,860.08,93.64,217.04,0.7938,-1,-1,-1
685,156,1356.16,837.93,96.91,242.06,0.7493,-1,-1,-1
685,158,426.67,147.02,45.67,149.08,0.2719,-1,-1,-1
686,3,1715.39,451.61,86.40,215.03,0.7436,-1,-1,-1
686,5,351.38,528.77,118.05,247.78,0.8008,-1,-1,-1
686,41,806.64,145.07,54.43,171.82,0.3854,-1,-1,-1
686,72,1561.02,613.11,108.72,216.41,0.3928,-1,-1,-1
686,87,1617.79,151.82,67.12,181.93,0.5285,-1,-1,-1
686,111,308.71,363.00,69.77,206.66,0.7139,-1,-1,-1
686,129,830.61,922.31,76.40,156.33,0.7459,-1,-1,-1
686,145,480.68,136.31,55.95,170.11,0.4760,-1,-1,-1
686,147,243.22,223.79,59.93,176.58,0.2048,-1,-1,-1
686,153,1264.03,857.77,94.62,220.39,0.7990,-1,-1,-1
686,156,1354.33,833.86,96.15,245.77,0.7473,-1,-1,-1
686,158,425.28,144.32,47.52,154.32,0.3441,-1,-1,-1
687,3,1715.89,451.92,86.17,214.07,0.7522,-1,-1,-1
687,5,350.29,529.29,114.68,248.30,0.7980,-1,-1,-1
687,41,807.08,144.75,53.80,171.10,0.3754,-1,-1,-1
687,72,1559.53,602.94,112.71,225.05,0.4128,-1,-1,-1
687,87,1616.44,150.01,66.59,182.23,0.5445,-1,-1,-1
687,111,308.99,366.35,68.93,206.91,0.7049,-1,-1,-1
687,129,829.09,922.83,77.75,156.13,0.7347,-1,-1,-1
687,145,480.40,134.73,56.78,170.98,0.5019,-1,-1,-1
687,147,243.77,222.88,59.72,176.50,0.2376,-1,-1,-1
687,153,1260.79,856.25,94.29,223.66,0.7733,-1,-1,-1
687,156,1350.95,830.22,95.36,249.28,0.7660,-1,-1,-1
687,158,425.87,147.76,46.75,151.25,0.3644,-1,-1,-1
688,3,1715.99,452.96,86.88,214.23,0.7611,-1,-1,-1
688,5,351.05,528.81,110.80,249.26,0.8145,-1,-1,-1
688,41,806.63,143.68,53.73,171.71,0.3822,-1,-1,-1
688,72,1560.75,611.32,109.36,217.78,0.4330,-1,-1,-1
688,87,1614.87,147.40,64.55,176.43,0.5620,-1,-1,-1
688,111,309.19,368.81,68.03,207.05,0.7048,-1,-1,-1
688,129,826.71,923.29,79.34,155.56,0.7342,-1,-1,-1
688,145,481.07,134.99,56.86,171.03,0.4925,-1,-1,-1
688,153,1259.55,853.58,92.69,226.42,0.7828,-1,-1,-1
688,156,1347.17,830.49,93.86,249.49,0.7935,-1,-1,-1
688,158,426.87,148.26,46.67,151.53,0.2484,-1,-1,-1
689,3,1714.87,451.85,86.82,215.09,0.7512,-1,-1,-1
689,5,353.90,529.64,106.61,248.48,0.8144,-1,-1,-1
689,41,806.42,143.24,53.41,171.87,0.3374,-1,-1,-1
689,72,1558.66,599.93,114.18,227.90,0.4635,-1,-1,-1
689,87,1614.28,144.91,64.97,177.54,0.5713,-1,-1,-1
689,111,309.37,369.58,66.63,206.27,0.7069,-1,-1,-1
689,129,824.62,924.02,80.74,154.91,0.7300,-1,-1,-1
689,145,481.41,133.48,57.32,172.63,0.5106,-1,-1,-1
689,153,1257.50,851.05,91.15,228.95,0.7728,-1,-1,-1
689,156,1344.68,827.51,94.78,252.49,0.7898,-1,-1,-1
689,158,426.33,146.47,47.78,155.43,0.3173,-1,-1,-1
690,3,1715.62,451.01,87.50,217.01,0.7242,-1,-1,-1
690,5,356.11,529.21,102.54,250.20,0.8186,-1,-1,-1
690,41,804.92,141.19,52.90,171.40,0.3101,-1,-1,-1
690,72,1560.22,597.33,114.62,229.71,0.4750,-1,-1,-1
690,87,1612.80,143.44,65.37,178.36,0.5981,-1,-1,-1
690,111,308.88,372.46,65.89,207.56,0.6977,-1,-1,-1
690,129,824.28,925.67,81.67,152.62,0.7442,-1,-1,-1
690,145,480.93,133.34,57.74,173.86,0.4951,-1,-1,-1
690,153,1256.33,848.17,90.80,231.83,0.7244,-1,-1,-1
690,156,1339.71,824.27,94.89,255.73,0.7714,-1,-1,-1
690,158,426.44,148.82,47.62,155.04,0.3625,-1,-1,-1
691,3,1715.94,451.98,87.40,216.70,0.7420,-1,-1,-1
691,5,361.49,531.49,96.16,249.02,0.8249,-1,-1,-1
691,41,803.77,140.60,52.62,171.07,0.3557,-1,-1,-1
691,72,1562.48,597.86,113.78,229.83,0.5027,-1,-1,-1
691,87,1610.56,141.61,65.50,178.95,0.6323,-1,-1,-1
691,111,308.77,375.11,65.26,207.79,0.7123,-1,-1,-1
691,129,824.20,926.15,82.20,151.67,0.7384,-1,-1,-1
691,145,479.75,134.01,58.85,176.58,0.4977,-1,-1,-1
691,153,1255.44,845.26,88.95,233.45,0.7877,-1,-1,-1
691,156,1335.74,823.75,95.99,256.25,0.7799,-1,-1,-1
691,158,425.99,147.90,48.42,158.28,0.4164,-1,-1,-1
691,167,744.07,49.07,55.68,175.30,0.2006,-1,-1,-1
691,175,615.57,773.12,63.75,147.38,0.2916,-1,-1,-1
692,3,1716.46,452.75,86.86,214.94,0.7367,-1,-1,-1
692,5,366.00,533.85,91.34,248.98,0.8117,-1,-1,-1
692,41,804.27,141.37,52.93,173.14,0.3667,-1,-1,-1
692,72,1562.48,600.67,112.45,226.92,0.4431,-1,-1,-1
692,87,1609.19,140.56,65.78,179.37,0.6501,-1,-1,-1
692,111,307.79,374.54,65.65,211.41,0.7244,-1,-1,-1
692,129,824.15,928.23,81.50,148.50,0.7439,-1,-1,-1
692,145,480.20,135.40,59.50,179.45,0.5239,-1,-1,-1
692,153,1254.49,841.77,87.17,236.10,0.7949,-1,-1,-1
692,156,1332.20,823.17,96.14,256.84,0.7622,-1,-1,-1
692,158,426.72,150.85,47.87,157.39,0.4642,-1,-1,-1
692,175,615.08,772.17,64.19,148.50,0.2041,-1,-1,-1
693,3,1715.83,451.31,87.13,216.41,0.7273,-1,-1,-1
693,5,370.01,534.49,86.59,250.56,0.8112,-1,-1,-1
693,41,804.10,141.48,52.62,173.12,0.3685,-1,-1,-1
693,72,1562.37,601.27,112.19,226.22,0.4972,-1,-1,-1
693,87,1608.35,138.53,65.59,178.74,0.6570,-1,-1,-1
693,111,306.41,374.08,65.91,214.65,0.7135,-1,-1,-1
693,129,824.13,928.18,82.04,148.68,0.7416,-1,-1,-1
693,145,480.37,138.30,58.88,178.84,0.4969,-1,-1,-1
693,147,250.32,218.76,59.54,177.49,0.2064,-1,-1,-1
693,153,1252.20,838.31,85.91,241.48,0.8201,-1,-1,-1
693,156,1328.91,820.91,95.89,259.09,0.7656,-1,-1,-1
693,158,427.26,154.65,47.06,155.09,0.4494,-1,-1,-1
693,175,614.70,770.87,65.06,150.75,0.2743,-1,-1,-1
694,3,1715.72,451.58,87.38,217.17,0.7418,-1,-1,-1
694,5,374.64,534.98,81.58,249.45,0.8163,-1,-1,-1
694,41,803.95,140.75,52.33,173.51,0.3449,-1,-1,-1
694,72,1562.20,600.59,112.36,226.93,0.5118,-1,-1,-1
694,87,1606.74,135.88,65.90,179.23,0.6390,-1,-1,-1
694,111,305.41,374.59,65.94,215.67,0.7027,-1,-1,-1
694,129,824.02,928.62,82.97,148.21,0.7642,-1,-1,-1
694,145,480.42,140.40,58.35,178.07,0.5082,-1,-1,-1
694,153,1250.83,834.76,84.32,244.11,0.8163,-1,-1,-1
694,156,1326.97,819.30,95.61,260.69,0.7709,-1,-1,-1
694,158,427.25,154.96,47.23,155.72,0.4790,-1,-1,-1
694,175,614.73,769.90,65.61,152.31,0.2261,-1,-1,-1
695,3,1716.86,452.40,86.52,215.40,0.7253,-1,-1,-1
695,5,377.28,535.14,77.95,249.93,0.8111,-1,-1,-1
695,41,803.42,138.21,52.20,175.14,0.3660,-1,-1,-1
695,72,1561.66,599.88,112.63,227.88,0.4231,-1,-1,-1
695,87,1606.43,135.48,65.69,178.81,0.6304,-1,-1,-1
695,111,305.21,374.54,65.72,215.30,0.6669,-1,-1,-1
695,129,823.94,930.64,83.28,146.78,0.7505,-1,-1,-1
695,145,480.70,142.88,58.20,176.70,0.5267,-1,-1,-1
695,153,1248.35,831.29,83.76,246.82,0.7898,-1,-1,-1
695,156,1326.55,817.96,94.98,261.91,0.7505,-1,-1,-1
695,158,427.87,155.59,46.79,154.76,0.4007,-1,-1,-1
696,3,1717.18,452.16,86.30,214.74,0.7146,-1,-1,-1
696,5,379.05,535.34,74.85,250.89,0.8032,-1,-1,-1
696,41,803.28,137.54,51.63,175.02,0.3305,-1,-1,-1
696,72,1561.85,601.00,111.90,226.00,0.4138,-1,-1,-1
696,87,1605.18,134.79,66.01,179.88,0.6069,-1,-1,-1
696,111,303.87,374.92,66.04,214.60,0.6333,-1,-1,-1
696,129,824.21,931.52,83.66,146.60,0.7368,-1,-1,-1
696,145,481.79,147.36,57.07,172.57,0.5444,-1,-1,-1
696,147,251.63,216.60,58.43,178.38,0.2051,-1,-1,-1
696,153,1243.96,829.95,83.28,247.82,0.7861,-1,-1,-1
696,156,1324.69,815.52,94.75,264.48,0.7582,-1,-1,-1
696,158,428.01,157.71,46.10,151.80,0.4005,-1,-1,-1
697,3,1716.74,452.54,86.60,214.77,0.7071,-1,-1,-1
697,5,380.58,536.57,72.40,249.97,0.7921,-1,-1,-1
697,41,802.26,138.46,51.46,176.67,0.3468,-1,-1,-1
697,72,1561.81,601.41,111.46,224.95,0.4146,-1,-1,-1
697,87,1603.39,135.15,65.91,178.34,0.5440,-1,-1,-1
697,111,301.55,375.60,67.18,214.67,0.6338,-1,-1,-1
697,129,825.28,932.78,83.24,145.49,0.7474,-1,-1,-1
697,145,481.08,149.32,57.25,171.92,0.5389,-1,-1,-1
697,147,252.19,215.51,57.75,180.10,0.2065,-1,-1,-1
697,153,1241.38,828.59,83.34,249.58,0.7670,-1,-1,-1
697,156,1321.42,812.32,95.56,267.68,0.7815,-1,-1,-1
697,158,428.50,157.52,46.46,152.46,0.4383,-1,-1,-1
698,3,1717.25,452.52,86.26,214.56,0.7369,-1,-1,-1
698,5,382.32,537.37,70.42,248.69,0.7955,-1,-1,-1
698,41,802.32,138.91,50.67,176.38,0.3735,-1,-1,-1
698,72,1561.64,608.13,109.75,219.89,0.4400,-1,-1,-1
698,87,1603.25,134.79,66.10,178.18,0.5203,-1,-1,-1
698,111,300.84,376.12,68.03,214.13,0.6217,-1,-1,-1
698,129,826.18,931.68,83.45,146.88,0.7641,-1,-1,-1
698,145,480.50,150.51,57.11,170.89,0.5220,-1,-1,-1
698,147,254.54,219.84,55.08,173.36,0.2602,-1,-1,-1
698,153,1237.98,827.70,83.26,250.21,0.7712,-1,-1,-1
698,156,1318.10,809.53,96.32,270.47,0.7908,-1,-1,-1
698,158,427.78,155.44,47.28,154.67,0.4168,-1,-1,-1
699,3,1717.31,452.30,85.94,215.27,0.7188,-1,-1,-1
699,5,382.66,537.65,68.53,248.04,0.7807,-1,-1,-1
699,41,802.46,138.01,50.38,177.86,0.3273,-1,-1,-1
699,72,1563.55,601.46,112.04,225.17,0.4241,-1,-1,-1
699,87,1601.21,133.96,67.39,180.92,0.4055,-1,-1,-1
699,111,299.96,376.16,68.85,212.99,0.6502,-1,-1,-1
699,129,827.10,932.43,82.97,146.10,0.7653,-1,-1,-1
699,145,480.39,150.96,57.63,170.64,0.5514,-1,-1,-1
699,147,255.66,219.58,54.33,172.39,0.2473,-1,-1,-1
699,148,558.91,118.43,54.96,166.33,0.2209,-1,-1,-1
699,153,1233.66,825.22,84.84,252.36,0.7672,-1,-1,-1
699,156,1315.54,805.07,94.92,273.40,0.8004,-1,-1,-1
699,158,426.60,153.90,48.32,156.56,0.4545,-1,-1,-1
700,3,1717.61,452.66,85.16,213.81,0.7238,-1,-1,-1
700,5,383.68,539.00,67.00,247.26,0.7897,-1,-1,-1
700,41,801.78,135.17,50.50,179.77,0.3099,-1,-1,-1
700,72,1562.80,611.14,108.29,216.39,0.4453,-1,-1,-1
700,87,1600.01,133.75,67.82,180.86,0.3628,-1,-1,-1
700,111,298.26,376.05,69.76,212.87,0.6560,-1,-1,-1
700,129,828.92,932.69,82.63,146.04,0.7654,-1,-1,-1
700,145,480.08,150.03,58.34,171.85,0.5273,-1,-1,-1
700,153,1231.42,823.33,85.64,252.22,0.7665,-1,-1,-1
700,156,1313.38,802.09,93.51,274.19,0.7930,-1,-1,-1
700,158,427.46,153.57,48.41,156.79,0.3923,-1,-1,-1
701,3,1717.27,452.38,86.05,215.73,0.7201,-1,-1,-1
701,5,383.91,539.20,65.60,246.03,0.7570,-1,-1,-1
701,41,801.96,136.39,49.55,177.32,0.3478,-1,-1,-1
701,72,1561.87,602.71,112.31,224.30,0.3881,-1,-1,-1
701,87,1599.35,134.79,68.21,180.38,0.3538,-1,-1,-1
701,111,297.73,377.32,70.30,210.61,0.6498,-1,-1,-1
701,129,830.59,932.05,83.59,146.31,0.7711,-1,-1,-1
701,145,480.37,150.45,58.34,171.15,0.5429,-1,-1,-1
701,147,254.95,210.16,56.62,182.68,0.2626,-1,-1,-1
701,153,1227.97,819.85,88.30,256.37,0.8024,-1,-1,-1
701,156,1312.97,798.29,93.10,273.29,0.7865,-1,-1,-1
701,158,427.85,153.59,48.15,156.88,0.3802,-1,-1,-1
702,3,1717.30,451.41,86.28,215.85,0.7401,-1,-1,-1
702,5,384.28,539.83,63.98,245.03,0.7414,-1,-1,-1
702,41,800.38,137.42,49.79,176.56,0.3631,-1,-1,-1
702,72,1564.07,620.99,104.76,206.54,0.3462,-1,-1,-1
702,87,1599.21,134.99,68.44,180.07,0.3889,-1,-1,-1
702,111,296.98,376.28,71.70,212.13,0.6840,-1,-1,-1
702,129,832.70,933.29,82.94,145.34,0.7707,-1,-1,-1
702,145,480.45,149.23,58.37,171.59,0.5421,-1,-1,-1
702,147,255.43,207.36,56.07,183.91,0.2493,-1,-1,-1
702,153,1223.16,817.35,90.58,257.46,0.7633,-1,-1,-1
702,156,1311.90,793.03,90.78,262.41,0.7726,-1,-1,-1
702,158,428.90,151.87,48.64,159.35,0.3210,-1,-1,-1
703,3,1717.14,451.65,86.55,216.80,0.7372,-1,-1,-1
703,5,385.30,540.36,62.43,244.69,0.7364,-1,-1,-1
703,41,800.23,137.97,49.82,175.62,0.3602,-1,-1,-1
703,72,1560.89,606.21,112.05,221.10,0.3818,-1,-1,-1
703,87,1599.66,131.11,69.95,185.26,0.4385,-1,-1,-1
703,111,296.13,376.99,72.87,213.56,0.6903,-1,-1,-1
703,129,834.76,933.77,82.64,144.49,0.7770,-1,-1,-1
703,145,480.15,148.92,58.12,170.20,0.5236,-1,-1,-1
703,147,256.18,206.62,55.88,186.07,0.2740,-1,-1,-1
703,148,558.57,113.40,56.00,170.59,0.2058,-1,-1,-1
703,153,1221.15,815.96,90.64,257.86,0.7740,-1,-1,-1
703,156,1310.18,788.96,91.35,260.74,0.7814,-1,-1,-1
703,158,428.38,156.00,46.95,153.20,0.3402,-1,-1,-1
703,167,743.26,47.83,56.28,177.74,0.2016,-1,-1,-1
704,3,1717.38,451.42,86.30,214.65,0.7352,-1,-1,-1
704,5,386.24,540.57,61.80,246.20,0.7335,-1,-1,-1
704,41,800.29,138.12,49.77,173.67,0.3669,-1,-1,-1
704,72,1560.80,602.81,113.89,224.61,0.3536,-1,-1,-1
704,87,1599.21,133.32,68.87,182.72,0.5396,-1,-1,-1
704,111,295.07,378.83,73.79,214.74,0.6915,-1,-1,-1
704,129,836.86,933.87,83.19,144.43,0.7790,-1,-1,-1
704,145,479.77,149.33,58.18,169.17,0.5279,-1,-1,-1
704,147,257.16,206.85,55.29,186.68,0.3154,-1,-1,-1
704,153,1219.53,814.51,90.19,259.42,0.7759,-1,-1,-1
704,156,1309.36,786.15,91.83,263.59,0.7792,-1,-1,-1
704,158,427.51,157.31,47.73,155.50,0.3923,-1,-1,-1
705,3,1717.88,452.44,85.74,212.89,0.7269,-1,-1,-1
705,5,387.80,540.33,61.00,246.93,0.7420,-1,-1,-1
705,41,799.13,137.86,50.38,173.86,0.3708,-1,-1,-1
705,72,1561.65,595.92,115.19,228.43,0.6034,-1,-1,-1
705,87,1600.72,131.77,68.94,184.45,0.5506,-1,-1,-1
705,111,295.79,379.13,75.36,219.74,0.7031,-1,-1,-1
705,129,838.93,933.99,83.37,144.51,0.7726,-1,-1,-1
705,145,479.49,149.87,59.21,170.26,0.5469,-1,-1,-1
705,147,257.92,207.63,54.06,184.35,0.2882,-1,-1,-1
705,148,559.38,113.27,56.39,172.25,0.2240,-1,-1,-1
705,153,1217.96,812.34,89.40,262.44,0.7859,-1,-1,-1
705,156,1309.66,784.73,90.80,265.59,0.7673,-1,-1,-1
705,158,429.12,156.95,48.58,157.01,0.3687,-1,-1,-1
705,167,742.88,48.02,56.93,180.26,0.2100,-1,-1,-1
706,3,1717.33,452.35,86.26,214.02,0.7145,-1,-1,-1
706,5,388.77,540.78,60.31,245.28,0.7464,-1,-1,-1
706,41,798.27,138.90,50.68,173.16,0.3663,-1,-1,-1
706,72,1562.47,595.13,115.35,229.43,0.4985,-1,-1,-1
706,87,1601.40,130.34,68.15,184.78,0.5993,-1,-1,-1
706,111,294.56,383.53,76.12,219.56,0.7099,-1,-1,-1
706,129,839.96,933.35,83.87,145.69,0.7781,-1,-1,-1
706,145,479.38,151.77,58.61,167.97,0.5288,-1,-1,-1
706,147,258.14,207.49,53.93,184.90,0.2892,-1,-1,-1
706,148,559.81,114.59,56.46,171.19,0.2533,-1,-1,-1
706,153,1214.99,808.37,89.78,267.33,0.7791,-1,-1,-1
706,156,1307.57,783.35,89.15,266.27,0.7691,-1,-1,-1
706,158,427.61,159.30,49.03,157.81,0.3898,-1,-1,-1
707,3,1717.88,452.99,85.80,213.27,0.7274,-1,-1,-1
707,5,388.81,541.27,60.07,245.56,0.7635,-1,-1,-1
707,41,796.94,138.59,51.20,173.40,0.4003,-1,-1,-1
707,72,1563.79,597.20,114.43,228.40,0.4590,-1,-1,-1
707,87,1602.15,129.10,66.45,181.39,0.6222,-1,-1,-1
707,111,294.84,388.56,74.94,215.37,0.7153,-1,-1,-1
707,129,842.23,934.16,84.11,145.81,0.7790,-1,-1,-1
707,145,479.12,151.87,58.55,168.57,0.5194,-1,-1,-1
707,147,258.88,205.92,54.36,186.78,0.3241,-1,-1,-1
707,148,559.53,114.47,56.73,172.93,0.2651,-1,-1,-1
707,153,1213.60,806.16,87.39,262.39,0.7616,-1,-1,-1
707,156,1305.28,782.59,88.09,266.39,0.7674,-1,-1,-1
707,158,425.86,157.54,50.69,162.85,0.4238,-1,-1,-1
708,3,1717.41,452.68,86.03,213.91,0.7246,-1,-1,-1
708,5,389.75,541.70,59.48,246.31,0.7498,-1,-1,-1
708,41,796.30,139.28,51.61,173.20,0.3947,-1,-1,-1
708,72,1563.67,595.86,114.06,228.54,0.5004,-1,-1,-1
708,87,1602.71,128.59,64.52,175.78,0.6095,-1,-1,-1
708,111,294.81,390.63,74.41,214.52,0.7162,-1,-1,-1
708,129,843.36,934.22,84.57,145.79,0.7764,-1,-1,-1
708,145,478.97,153.39,58.07,167.69,0.4918,-1,-1,-1
708,147,259.19,204.01,52.73,182.78,0.3309,-1,-1,-1
708,148,559.61,113.66,56.88,173.72,0.3247,-1,-1,-1
708,153,1211.42,802.65,87.13,263.19,0.7514,-1,-1,-1
708,156,1302.62,781.06,87.77,265.44,0.7722,-1,-1,-1
708,158,424.95,156.18,51.59,166.26,0.4017,-1,-1,-1
709,3,1717.67,451.52,86.12,214.30,0.7199,-1,-1,-1
709,5,391.21,542.31,59.02,244.60,0.7567,-1,-1,-1
709,41,796.03,139.36,51.97,173.47,0.4194,-1,-1,-1
709,72,1562.70,595.37,114.52,230.41,0.4467,-1,-1,-1
709,87,1603.03,126.79,64.00,173.20,0.6340,-1,-1,-1
709,111,294.60,392.62,73.76,214.05,0.7234,-1,-1,-1
709,129,844.43,934.32,85.10,145.69,0.7834,-1,-1,-1
709,145,479.67,155.29,58.16,167.24,0.4909,-1,-1,-1
709,147,259.18,202.84,52.49,183.39,0.3041,-1,-1,-1
709,148,558.89,108.85,58.00,177.99,0.2727,-1,-1,-1
709,153,1208.39,799.57,85.47,260.20,0.7683,-1,-1,-1
709,156,1298.44,781.63,88.96,262.80,0.7591,-1,-1,-1
709,158,425.19,153.66,52.61,169.66,0.4148,-1,-1,-1
710,3,1718.39,452.08,85.86,213.90,0.7332,-1,-1,-1
710,5,391.94,542.64,59.41,242.62,0.7451,-1,-1,-1
710,41,794.55,139.46,51.78,172.45,0.3810,-1,-1,-1
710,72,1564.01,593.34,114.37,231.40,0.5031,-1,-1,-1
710,87,1602.74,125.60,64.27,173.85,0.6536,-1,-1,-1
710,111,294.97,393.99,73.36,215.28,0.7364,-1,-1,-1
710,129,845.33,935.57,84.67,144.44,0.7713,-1,-1,-1
710,145,479.46,158.73,58.17,167.17,0.5061,-1,-1,-1
710,147,260.59,206.06,52.10,181.96,0.3294,-1,-1,-1
710,148,558.72,108.77,57.92,178.61,0.2491,-1,-1,-1
710,153,1206.01,795.51,84.38,260.26,0.7846,-1,-1,-1
710,156,1290.65,781.19,92.60,264.05,0.7588,-1,-1,-1
710,158,424.14,155.13,52.04,169.19,0.3791,-1,-1,-1
710,175,614.44,769.74,66.40,155.53,0.2330,-1,-1,-1
711,3,1718.35,452.54,85.87,213.68,0.7142,-1,-1,-1
711,5,392.54,543.71,60.93,241.46,0.7452,-1,-1,-1
711,41,793.14,140.29,51.48,172.82,0.3782,-1,-1,-1
711,72,1564.03,599.52,111.57,226.42,0.3690,-1,-1,-1
711,87,1602.51,122.87,64.38,174.09,0.6322,-1,-1,-1
711,111,294.42,394.08,73.57,219.73,0.7365,-1,-1,-1
711,129,845.68,934.27,85.37,145.74,0.7832,-1,-1,-1
711,145,478.59,158.05,59.13,170.05,0.5222,-1,-1,-1
711,147,260.36,205.90,52.05,183.21,0.2990,-1,-1,-1
711,148,559.39,110.32,57.63,176.43,0.2283,-1,-1,-1
711,153,1203.20,793.69,84.13,258.92,0.7883,-1,-1,-1
711,156,1280.77,780.86,97.49,265.77,0.7515,-1,-1,-1
711,158,425.24,164.58,49.81,161.43,0.2809,-1,-1,-1
711,175,614.69,770.09,65.68,154.33,0.2416,-1,-1,-1
712,3,1717.56,451.44,87.15,216.67,0.7092,-1,-1,-1
712,5,393.17,544.14,62.37,240.94,0.7232,-1,-1,-1
712,41,792.97,140.29,50.68,170.84,0.3156,-1,-1,-1
712,72,1564.35,599.26,111.35,226.58,0.4520,-1,-1,-1
712,87,1602.72,122.37,64.42,174.78,0.6190,-1,-1,-1
712,111,296.08,395.53,72.82,219.57,0.7126,-1,-1,-1
712,129,847.22,934.37,85.09,145.64,0.7795,-1,-1,-1
712,145,478.71,159.23,59.31,170.54,0.5244,-1,-1,-1
712,147,260.34,206.59,51.42,182.17,0.2607,-1,-1,-1
712,148,559.15,110.88,58.51,176.39,0.3120,-1,-1,-1
712,153,1199.85,791.64,83.37,256.68,0.7992,-1,-1,-1
712,156,1277.70,779.86,99.21,266.06,0.7513,-1,-1,-1
712,158,424.76,171.13,48.43,155.85,0.2735,-1,-1,-1
712,180,305.54,214.94,56.20,162.72,0.2819,-1,-1,-1
713,3,1717.98,451.75,86.15,214.46,0.6983,-1,-1,-1
713,5,395.38,544.47,64.02,239.36,0.6744,-1,-1,-1
713,41,791.50,139.37,50.74,172.33,0.3766,-1,-1,-1
713,72,1567.81,598.09,110.09,226.21,0.6165,-1,-1,-1
713,87,1602.30,121.55,64.02,175.08,0.6737,-1,-1,-1
713,111,296.07,399.51,72.74,222.12,0.6889,-1,-1,-1
713,129,848.75,934.11,84.85,145.89,0.7793,-1,-1,-1
713,145,478.38,161.49,59.31,170.19,0.5193,-1,-1,-1
713,147,261.88,207.19,51.44,180.74,0.2737,-1,-1,-1
713,148,557.73,109.25,59.27,177.71,0.3073,-1,-1,-1
713,153,1194.70,790.55,85.19,259.32,0.7920,-1,-1,-1
713,156,1276.60,778.79,97.93,262.65,0.7623,-1,-1,-1
713,158,423.43,168.13,48.99,158.07,0.3024,-1,-1,-1
713,175,614.89,769.84,65.09,152.91,0.2130,-1,-1,-1
714,3,1718.16,451.65,86.26,214.59,0.6926,-1,-1,-1
714,5,395.38,544.89,67.02,239.14,0.6888,-1,-1,-1
714,41,790.76,139.69,50.70,173.44,0.3280,-1,-1,-1
714,72,1569.49,597.13,108.65,226.97,0.6241,-1,-1,-1
714,87,1601.76,120.52,63.92,175.97,0.6533,-1,-1,-1
714,111,296.76,401.12,72.29,221.47,0.6887,-1,-1,-1
714,129,851.23,934.41,83.87,145.60,0.7793,-1,-1,-1
714,145,477.43,162.56,59.67,171.81,0.5314,-1,-1,-1
714,147,262.25,207.81,51.72,181.62,0.3215,-1,-1,-1
714,148,557.16,109.33,59.56,178.09,0.2718,-1,-1,-1
714,153,1191.22,788.22,86.99,262.74,0.7901,-1,-1,-1
714,156,1274.60,776.44,96.26,258.12,0.7389,-1,-1,-1
714,158,423.15,166.54,49.48,159.49,0.2874,-1,-1,-1
715,3,1717.54,452.14,86.18,214.79,0.6745,-1,-1,-1
715,5,396.27,544.45,70.67,239.94,0.6993,-1,-1,-1
715,41,790.13,139.55,50.45,173.92,0.3436,-1,-1,-1
715,72,1570.85,597.93,107.30,226.73,0.6117,-1,-1,-1
715,87,1600.91,120.03,64.43,178.02,0.6154,-1,-1,-1
715,111,297.41,401.52,71.76,221.11,0.6818,-1,-1,-1
715,129,851.88,934.90,82.82,145.10,0.7796,-1,-1,-1
715,145,477.55,164.07,59.61,172.37,0.5132,-1,-1,-1
715,147,262.55,206.73,51.51,179.57,0.3238,-1,-1,-1
715,148,556.97,110.37,59.49,177.39,0.2691,-1,-1,-1
715,153,1188.94,787.02,84.86,263.15,0.7981,-1,-1,-1
715,156,1273.25,771.59,93.77,255.54,0.7946,-1,-1,-1
715,158,424.07,174.22,47.58,152.26,0.2618,-1,-1,-1
716,3,1717.26,452.44,85.99,213.76,0.6653,-1,-1,-1
716,5,396.61,545.89,74.45,239.37,0.7121,-1,-1,-1
716,41,789.75,139.91,49.84,172.35,0.3872,-1,-1,-1
716,72,1570.64,598.51,106.21,225.94,0.5770,-1,-1,-1
716,87,1600.20,119.69,64.48,179.88,0.6098,-1,-1,-1
716,111,297.83,401.75,71.52,220.71,0.6748,-1,-1,-1
716,129,852.81,935.43,82.11,144.57,0.7728,-1,-1,-1
716,145,477.10,164.43,59.69,172.44,0.4758,-1,-1,-1
716,147,262.95,206.04,51.96,180.81,0.3204,-1,-1,-1
716,148,556.44,111.78,59.11,176.38,0.2887,-1,-1,-1
716,153,1187.62,786.38,83.76,264.50,0.7998,-1,-1,-1
716,156,1271.87,768.46,92.19,255.53,0.8010,-1,-1,-1
716,158,423.05,175.01,47.81,153.53,0.2727,-1,-1,-1
717,3,1718.32,451.52,86.07,214.32,0.6949,-1,-1,-1
717,5,395.70,545.97,78.03,239.29,0.7082,-1,-1,-1
717,41,789.34,140.07,49.44,171.30,0.4002,-1,-1,-1
717,72,1570.84,598.88,106.28,225.96,0.5809,-1,-1,-1
717,87,1599.49,119.33,63.95,179.67,0.5446,-1,-1,-1
717,111,298.90,402.76,71.42,219.45,0.6754,-1,-1,-1
717,129,853.72,935.52,81.24,144.48,0.7801,-1,-1,-1
717,145,475.24,160.93,61.80,178.10,0.4701,-1,-1,-1
717,147,263.66,205.62,51.75,178.94,0.2912,-1,-1,-1
717,148,555.59,113.29,59.08,174.76,0.4226,-1,-1,-1
717,153,1186.02,785.07,83.50,264.37,0.8038,-1,-1,-1
717,156,1269.75,762.72,92.20,259.04,0.7825,-1,-1,-1
717,158,422.57,171.72,49.23,159.29,0.2793,-1,-1,-1
718,3,1718.38,450.47,86.18,215.14,0.6957,-1,-1,-1
718,5,394.76,546.45,80.86,239.70,0.7149,-1,-1,-1
718,41,789.35,140.74,48.52,168.61,0.4083,-1,-1,-1
718,72,1570.99,599.79,105.64,224.47,0.5935,-1,-1,-1
718,87,1598.96,118.96,63.80,181.16,0.5508,-1,-1,-1
718,111,298.95,403.18,71.64,219.02,0.6785,-1,-1,-1
718,129,853.60,935.70,81.04,144.30,0.7747,-1,-1,-1
718,145,474.14,161.11,62.34,179.09,0.5019,-1,-1,-1
718,147,263.34,203.43,52.82,182.12,0.2910,-1,-1,-1
718,148,554.86,112.67,59.32,175.24,0.3254,-1,-1,-1
718,153,1184.23,783.76,83.62,265.76,0.7978,-1,-1,-1
718,156,1266.42,759.13,89.87,255.28,0.7455,-1,-1,-1
718,158,422.10,166.21,49.83,161.70,0.2855,-1,-1,-1
719,3,1717.90,451.68,85.96,214.44,0.7019,-1,-1,-1
719,5,394.54,547.04,83.58,241.33,0.6979,-1,-1,-1
719,41,789.59,140.86,48.24,168.80,0.3422,-1,-1,-1
719,72,1568.84,596.20,107.58,228.42,0.5237,-1,-1,-1
719,87,1598.71,118.04,63.03,180.91,0.4605,-1,-1,-1
719,111,300.20,403.46,70.13,212.53,0.6651,-1,-1,-1
719,129,853.24,936.20,80.87,143.81,0.7828,-1,-1,-1
719,145,474.84,162.59,61.83,178.24,0.4774,-1,-1,-1
719,147,263.87,205.95,52.29,180.62,0.2954,-1,-1,-1
719,148,554.24,110.69,59.86,176.68,0.3233,-1,-1,-1
719,153,1182.99,783.20,82.89,264.26,0.7967,-1,-1,-1
719,156,1264.11,755.35,89.62,258.25,0.7407,-1,-1,-1
719,158,420.81,161.34,51.19,166.45,0.3037,-1,-1,-1
720,3,1718.19,451.71,85.76,214.39,0.7063,-1,-1,-1
720,5,394.33,547.97,84.95,240.78,0.6963,-1,-1,-1
720,41,788.05,139.64,48.68,169.68,0.3395,-1,-1,-1
720,72,1573.78,600.89,104.19,225.95,0.5020,-1,-1,-1
720,87,1598.81,118.35,61.96,179.32,0.4613,-1,-1,-1
720,111,300.62,405.87,70.04,209.13,0.7027,-1,-1,-1
720,129,852.80,937.97,80.52,142.04,0.7854,-1,-1,-1
720,145,475.49,165.53,59.97,173.01,0.4782,-1,-1,-1
720,147,264.29,204.86,51.61,179.38,0.2783,-1,-1,-1
720,148,553.93,114.07,58.84,173.33,0.3311,-1,-1,-1
720,153,1181.26,781.49,83.18,265.57,0.7844,-1,-1,-1
720,156,1261.99,750.60,89.11,262.10,0.7350,-1,-1,-1
720,158,420.00,160.31,52.29,170.58,0.3319,-1,-1,-1
720,182,682.98,213.00,71.07,123.19,0.2063,-1,-1,-1
721,3,1718.72,451.11,86.25,215.72,0.6963,-1,-1,-1
721,5,396.40,548.94,87.32,241.84,0.6839,-1,-1,-1
721,41,788.52,140.22,48.38,169.39,0.3120,-1,-1,-1
721,72,1569.67,598.10,104.92,226.73,0.5818,-1,-1,-1
721,87,1599.12,119.40,60.42,176.39,0.5483,-1,-1,-1
721,111,300.35,407.93,71.35,210.71,0.7199,-1,-1,-1
721,129,852.37,938.11,81.01,141.89,0.7845,-1,-1,-1
721,145,475.99,166.13,59.69,171.68,0.5103,-1,-1,-1
721,147,265.16,212.42,49.43,171.22,0.2946,-1,-1,-1
721,148,552.87,111.65,59.72,175.69,0.3899,-1,-1,-1
721,153,1179.12,779.32,82.47,265.70,0.7743,-1,-1,-1
721,156,1260.34,748.56,88.61,265.84,0.7339,-1,-1,-1
721,158,418.92,156.38,53.73,175.68,0.4117,-1,-1,-1
722,3,1718.62,452.27,85.88,213.75,0.7177,-1,-1,-1
722,5,397.28,550.27,89.14,241.20,0.7127,-1,-1,-1
722,41,787.96,138.29,48.51,170.20,0.2901,-1,-1,-1
722,72,1568.88,595.30,106.47,229.69,0.5764,-1,-1,-1
722,87,1599.30,119.67,59.37,174.86,0.5212,-1,-1,-1
722,111,299.42,409.24,72.50,213.65,0.7359,-1,-1,-1
722,129,851.47,938.56,81.47,141.44,0.7859,-1,-1,-1
722,145,475.00,164.40,59.98,171.89,0.5146,-1,-1,-1
722,147,265.50,215.42,48.82,168.75,0.2225,-1,-1,-1
722,148,552.02,114.49,59.33,172.70,0.4480,-1,-1,-1
722,153,1176.50,773.60,81.60,268.44,0.7862,-1,-1,-1
722,156,1256.59,747.90,87.53,261.31,0.7685,-1,-1,-1
722,158,419.70,156.98,53.77,175.61,0.4083,-1,-1,-1
723,3,1718.12,451.17,86.29,215.85,0.7177,-1,-1,-1
723,5,397.35,551.21,91.16,242.36,0.7217,-1,-1,-1
723,41,788.14,138.80,48.74,171.70,0.3044,-1,-1,-1
723,72,1566.86,594.31,107.38,230.91,0.5543,-1,-1,-1
723,87,1598.77,118.24,59.47,176.24,0.3252,-1,-1,-1
723,111,298.92,410.18,73.46,216.86,0.7556,-1,-1,-1
723,129,850.97,938.48,81.45,141.52,0.7832,-1,-1,-1
723,145,475.27,165.78,59.91,170.55,0.5331,-1,-1,-1
723,147,265.06,209.58,50.58,174.86,0.3313,-1,-1,-1
723,148,550.75,111.51,60.57,176.59,0.4181,-1,-1,-1
723,153,1175.58,770.59,78.93,260.30,0.7740,-1,-1,-1
723,156,1252.99,746.18,89.22,268.18,0.7719,-1,-1,-1
723,158,419.29,160.83,53.19,173.02,0.4880,-1,-1,-1
724,3,1718.90,451.81,85.99,215.40,0.6992,-1,-1,-1
724,5,397.80,551.58,91.77,243.30,0.7247,-1,-1,-1
724,41,788.77,140.99,48.01,169.99,0.2148,-1,-1,-1
724,72,1566.37,592.80,108.12,232.12,0.5174,-1,-1,-1
724,87,1597.88,116.90,59.64,178.09,0.3472,-1,-1,-1
724,111,298.54,411.94,73.56,218.45,0.7636,-1,-1,-1
724,129,849.55,939.01,81.64,140.99,0.7879,-1,-1,-1
724,145,473.69,165.18,60.55,171.39,0.5628,-1,-1,-1
724,147,265.05,211.25,50.21,173.58,0.2006,-1,-1,-1
724,148,550.67,116.94,58.76,170.71,0.4557,-1,-1,-1
724,153,1174.43,767.73,75.15,246.26,0.7736,-1,-1,-1
724,156,1248.18,744.95,88.13,267.50,0.7717,-1,-1,-1
724,158,418.01,163.45,53.67,174.45,0.4972,-1,-1,-1
725,3,1718.44,452.01,85.88,214.82,0.6960,-1,-1,-1
725,5,401.56,551.28,91.51,242.42,0.7175,-1,-1,-1
725,72,1566.49,595.26,107.25,229.31,0.5284,-1,-1,-1
725,87,1597.64,116.26,58.96,177.01,0.3819,-1,-1,-1
725,111,299.24,414.49,73.15,217.44,0.7556,-1,-1,-1
725,129,848.70,941.27,81.17,138.73,0.7785,-1,-1,-1
725,145,473.18,167.55,61.13,171.11,0.5597,-1,-1,-1
725,147,263.73,212.07,49.83,173.22,0.2202,-1,-1,-1
725,148,550.30,116.13,58.96,171.17,0.4512,-1,-1,-1
725,153,1171.91,764.00,75.95,248.27,0.7729,-1,-1,-1
725,156,1244.17,745.16,88.87,268.00,0.7701,-1,-1,-1
725,158,417.73,165.07,53.23,174.00,0.4807,-1,-1,-1
725,182,684.51,214.90,67.46,116.47,0.2012,-1,-1,-1
726,3,1717.77,452.28,85.70,214.04,0.6996,-1,-1,-1
726,5,404.11,552.46,92.16,242.73,0.7400,-1,-1,-1
726,72,1565.70,593.66,108.37,230.72,0.5158,-1,-1,-1
726,87,1597.20,115.48,58.30,176.45,0.4359,-1,-1,-1
726,111,299.01,415.97,72.88,217.54,0.7589,-1,-1,-1
726,129,847.05,942.38,81.81,137.63,0.7846,-1,-1,-1
726,145,472.78,169.32,61.91,173.52,0.5720,-1,-1,-1
726,147,263.91,214.14,49.20,171.17,0.3035,-1,-1,-1
726,148,549.82,119.01,58.30,168.88,0.4486,-1,-1,-1
726,153,1170.82,759.87,76.23,247.47,0.7817,-1,-1,-1
726,156,1241.60,744.09,89.23,269.80,0.7933,-1,-1,-1
726,158,418.20,167.40,53.06,173.60,0.5188,-1,-1,-1
726,180,314.14,206.96,58.58,168.32,0.2101,-1,-1,-1
726,182,684.27,213.95,67.74,116.56,0.2113,-1,-1,-1
727,3,1718.89,451.80,85.41,214.42,0.7039,-1,-1,-1
727,5,403.70,552.62,93.58,244.80,0.7689,-1,-1,-1
727,41,788.78,142.02,48.08,168.90,0.2072,-1,-1,-1
727,72,1565.46,597.24,107.91,228.64,0.4516,-1,-1,-1
727,87,1596.88,113.37,58.02,177.44,0.4516,-1,-1,-1
727,111,299.53,418.72,72.38,216.40,0.7686,-1,-1,-1
727,129,845.54,943.02,82.37,136.99,0.7869,-1,-1,-1
727,145,472.87,171.34,61.81,174.43,0.5438,-1,-1,-1
727,147,264.11,213.37,49.42,171.49,0.2770,-1,-1,-1
727,148,549.80,119.14,58.30,168.91,0.3396,-1,-1,-1
727,153,1168.45,756.15,76.40,243.55,0.7972,-1,-1,-1
727,156,1240.03,742.55,89.98,268.77,0.8175,-1,-1,-1
727,158,417.76,173.35,51.85,167.34,0.5382,-1,-1,-1
728,3,1718.87,452.33,85.03,213.18,0.7057,-1,-1,-1
728,5,404.31,551.93,93.71,245.34,0.7877,-1,-1,-1
728,72,1573.41,601.25,104.12,224.60,0.4383,-1,-1,-1
728,87,1596.72,112.11,58.02,179.37,0.5469,-1,-1,-1
728,111,298.40,419.07,73.68,220.90,0.7556,-1,-1,-1
728,129,843.75,942.35,83.47,137.64,0.7851,-1,-1,-1
728,145,472.34,171.19,61.97,176.81,0.5213,-1,-1,-1
728,147,263.61,214.72,49.06,170.00,0.3160,-1,-1,-1
728,148,549.04,115.64,59.32,172.06,0.3397,-1,-1,-1
728,153,1164.36,753.88,78.83,249.05,0.8115,-1,-1,-1
728,156,1238.33,742.52,90.23,268.31,0.8206,-1,-1,-1
728,158,419.39,174.56,53.05,170.34,0.4940,-1,-1,-1
728,180,317.74,208.46,57.98,164.32,0.2096,-1,-1,-1
729,3,1718.40,451.18,85.77,214.93,0.7095,-1,-1,-1
729,5,404.03,552.60,93.06,243.50,0.7756,-1,-1,-1
729,72,1568.30,597.72,106.62,228.16,0.4953,-1,-1,-1
729,87,1596.72,109.91,57.29,178.49,0.5599,-1,-1,-1
729,111,298.07,420.28,73.29,221.85,0.7511,-1,-1,-1
729,129,842.50,944.15,83.76,135.85,0.7929,-1,-1,-1
729,145,472.10,171.40,62.26,179.81,0.5287,-1,-1,-1
729,147,263.21,216.27,48.94,168.98,0.2356,-1,-1,-1
729,148,548.88,115.59,59.19,172.06,0.3833,-1,-1,-1
729,153,1161.89,750.84,79.23,253.33,0.8182,-1,-1,-1
729,156,1236.07,741.14,90.42,266.52,0.8278,-1,-1,-1
729,158,420.34,178.60,51.91,166.59,0.4526,-1,-1,-1
730,3,1718.85,451.88,85.87,214.47,0.7111,-1,-1,-1
730,5,405.62,552.73,92.32,243.52,0.7974,-1,-1,-1
730,41,790.29,141.69,48.58,169.12,0.2064,-1,-1,-1
730,72,1574.77,597.87,103.95,228.27,0.4972,-1,-1,-1
730,87,1596.91,108.37,56.60,177.00,0.4597,-1,-1,-1
730,111,297.77,421.10,73.02,222.82,0.7341,-1,-1,-1
730,129,840.74,943.93,84.75,135.76,0.7834,-1,-1,-1
730,145,469.75,168.36,63.27,183.51,0.4243,-1,-1,-1
730,147,262.63,214.05,50.51,173.76,0.3763,-1,-1,-1
730,148,549.17,116.58,58.74,170.65,0.4118,-1,-1,-1
730,153,1157.78,749.85,80.08,257.63,0.8185,-1,-1,-1
730,156,1232.83,739.55,91.70,269.06,0.8114,-1,-1,-1
730,158,419.38,181.24,51.93,164.96,0.4711,-1,-1,-1
730,180,320.61,208.19,58.38,164.73,0.3286,-1,-1,-1
731,3,1718.90,452.34,85.68,214.04,0.7040,-1,-1,-1
731,5,407.21,553.20,91.22,242.77,0.8102,-1,-1,-1
731,41,790.12,141.32,49.05,170.09,0.2606,-1,-1,-1
731,72,1569.60,596.58,105.06,228.00,0.5672,-1,-1,-1
731,87,1597.48,106.82,56.29,176.84,0.4633,-1,-1,-1
731,111,297.47,421.33,72.35,221.59,0.7149,-1,-1,-1
731,129,838.93,943.84,85.61,136.02,0.7831,-1,-1,-1
731,145,469.36,168.49,63.33,184.42,0.4296,-1,-1,-1
731,147,262.14,212.52,50.64,174.17,0.3868,-1,-1,-1
731,148,549.82,119.02,57.86,167.30,0.3687,-1,-1,-1
731,153,1155.06,748.31,79.76,258.59,0.8071,-1,-1,-1
731,156,1229.73,737.03,91.00,270.35,0.7996,-1,-1,-1
731,158,418.34,183.01,51.85,163.43,0.4705,-1,-1,-1
731,180,321.53,210.06,57.28,161.51,0.3860,-1,-1,-1
732,3,1717.97,451.96,86.40,214.81,0.6971,-1,-1,-1
732,5,411.49,553.22,89.77,243.38,0.8056,-1,-1,-1
732,41,790.12,140.29,49.28,170.81,0.2193,-1,-1,-1
732,72,1567.84,595.25,106.44,229.73,0.5126,-1,-1,-1
732,87,1598.61,105.34,55.75,176.69,0.5165,-1,-1,-1
732,111,297.41,421.74,72.38,221.43,0.6780,-1,-1,-1
732,129,838.48,944.69,85.20,135.25,0.7824,-1,-1,-1
732,145,470.08,172.83,62.40,181.52,0.4672,-1,-1,-1
732,147,262.46,213.63,50.04,172.31,0.3595,-1,-1,-1
732,148,549.24,114.42,59.62,172.18,0.4498,-1,-1,-1
732,153,1152.59,746.80,80.11,260.63,0.8076,-1,-1,-1
732,156,1229.13,734.53,89.84,268.58,0.8156,-1,-1,-1
732,158,417.47,181.83,52.51,165.25,0.4667,-1,-1,-1
732,180,322.08,208.56,58.39,164.24,0.3859,-1,-1,-1
733,3,1717.47,451.93,86.92,215.28,0.6983,-1,-1,-1
733,5,413.68,552.60,88.21,243.93,0.7859,-1,-1,-1
733,72,1567.13,593.01,107.92,231.81,0.5153,-1,-1,-1
733,87,1599.80,104.75,54.90,175.14,0.4988,-1,-1,-1
733,111,296.88,422.47,72.30,220.39,0.6548,-1,-1,-1
733,129,837.07,944.69,85.39,134.92,0.7718,-1,-1,-1
733,145,470.85,172.98,62.37,182.66,0.4834,-1,-1,-1
733,147,263.12,213.54,49.19,170.40,0.2892,-1,-1,-1
733,148,548.97,113.68,59.91,173.24,0.3828,-1,-1,-1
733,153,1149.79,746.10,80.54,263.24,0.7685,-1,-1,-1
733,156,1228.01,729.93,86.11,257.12,0.7856,-1,-1,-1
733,158,417.63,185.37,50.24,157.45,0.4663,-1,-1,-1
733,180,322.65,209.82,57.56,162.05,0.3586,-1,-1,-1
734,3,1717.06,452.07,87.72,217.68,0.7044,-1,-1,-1
734,5,418.08,552.92,85.76,245.72,0.7893,-1,-1,-1
734,72,1573.42,598.29,104.22,228.42,0.4537,-1,-1,-1
734,87,1600.48,103.94,54.86,175.38,0.3562,-1,-1,-1
734,111,296.55,423.13,72.26,219.18,0.6431,-1,-1,-1
734,129,836.40,944.80,85.55,134.73,0.7784,-1,-1,-1
734,145,471.19,173.21,61.95,182.34,0.4485,-1,-1,-1
734,147,263.54,213.99,48.18,167.38,0.3283,-1,-1,-1
734,148,548.59,112.90,60.07,174.56,0.4292,-1,-1,-1
734,153,1148.11,747.53,80.16,260.86,0.7759,-1,-1,-1
734,156,1227.81,727.47,83.28,248.48,0.7810,-1,-1,-1
734,158,418.60,183.51,50.43,159.18,0.4038,-1,-1,-1
734,180,324.10,208.50,58.20,163.96,0.4050,-1,-1,-1
735,3,1718.58,452.44,86.31,214.17,0.6874,-1,-1,-1
735,5,422.70,553.73,82.97,245.23,0.7805,-1,-1,-1
735,41,788.24,141.33,48.76,170.19,0.2813,-1,-1,-1
735,72,1578.93,598.07,100.79,229.15,0.5277,-1,-1,-1
735,87,1600.80,103.21,54.64,174.72,0.2927,-1,-1,-1
735,111,295.86,424.39,71.96,216.80,0.6148,-1,-1,-1
735,129,835.29,945.20,86.03,134.38,0.7784,-1,-1,-1
735,145,471.05,174.68,61.67,181.28,0.4441,-1,-1,-1
735,147,262.83,213.66,48.40,168.99,0.3011,-1,-1,-1
735,148,549.20,114.54,59.31,172.08,0.3827,-1,-1,-1
735,153,1144.47,744.98,81.78,263.08,0.7571,-1,-1,-1
735,156,1223.86,721.12,83.80,247.26,0.7750,-1,-1,-1
735,158,418.78,185.00,49.41,156.66,0.4331,-1,-1,-1
735,175,615.72,769.67,63.56,148.41,0.2075,-1,-1,-1
735,180,324.95,206.60,58.50,165.23,0.4045,-1,-1,-1
736,3,1718.44,451.44,86.09,213.54,0.6988,-1,-1,-1
736,5,429.43,553.51,79.00,246.00,0.8009,-1,-1,-1
736,41,787.83,140.58,48.60,170.82,0.2365,-1,-1,-1
736,72,1572.03,596.25,102.12,228.49,0.5900,-1,-1,-1
736,87,1600.91,103.63,54.29,173.57,0.2870,-1,-1,-1
736,111,295.43,425.20,72.26,216.00,0.6418,-1,-1,-1
736,129,834.46,945.06,86.77,134.85,0.7756,-1,-1,-1
736,145,471.86,173.34,62.05,183.47,0.4605,-1,-1,-1
736,147,263.41,212.37,48.19,168.86,0.2746,-1,-1,-1
736,148,548.82,112.78,60.48,174.99,0.4186,-1,-1,-1
736,153,1143.52,741.50,82.39,260.49,0.7663,-1,-1,-1
736,156,1220.83,716.34,84.25,247.47,0.7765,-1,-1,-1
736,158,418.75,185.78,49.18,156.24,0.4226,-1,-1,-1
736,180,325.35,207.26,58.51,165.91,0.4045,-1,-1,-1
737,3,1718.53,451.47,86.26,214.02,0.7115,-1,-1,-1
737,5,434.08,554.24,76.11,246.10,0.7951,-1,-1,-1
737,41,788.12,142.05,47.85,168.65,0.2514,-1,-1,-1
737,72,1578.18,595.96,100.76,230.56,0.5005,-1,-1,-1
737,87,1600.82,103.32,54.35,173.52,0.2985,-1,-1,-1
737,111,295.42,426.36,71.90,213.89,0.6173,-1,-1,-1
737,129,834.92,946.47,86.08,133.21,0.7825,-1,-1,-1
737,145,472.33,174.55,61.22,181.20,0.4152,-1,-1,-1
737,147,264.67,214.23,46.64,164.22,0.2273,-1,-1,-1
737,148,548.79,112.52,60.90,175.68,0.4126,-1,-1,-1
737,153,1140.41,739.41,83.58,260.31,0.7509,-1,-1,-1
737,156,1219.91,711.51,84.94,252.74,0.7644,-1,-1,-1
737,158,418.47,186.31,49.13,156.04,0.4047,-1,-1,-1
737,180,326.62,209.20,58.05,165.23,0.4223,-1,-1,-1
738,3,1718.29,451.38,86.12,213.71,0.7164,-1,-1,-1
738,5,437.79,554.74,73.82,247.97,0.8005,-1,-1,-1
738,41,788.47,140.85,47.74,169.57,0.3335,-1,-1,-1
738,72,1572.46,595.11,101.60,229.83,0.5389,-1,-1,-1
738,87,1601.00,103.41,53.98,171.70,0.2648,-1,-1,-1
738,111,295.08,427.12,72.61,214.28,0.6738,-1,-1,-1
738,129,834.92,946.11,86.40,133.42,0.7774,-1,-1,-1
738,145,470.55,169.72,62.33,185.94,0.3632,-1,-1,-1
738,147,264.49,217.30,45.64,160.72,0.2200,-1,-1,-1
738,148,549.14,110.19,62.11,178.55,0.4262,-1,-1,-1
738,153,1136.49,737.23,84.48,264.17,0.7494,-1,-1,-1
738,156,1218.88,709.63,84.12,256.95,0.7669,-1,-1,-1
738,158,416.81,186.32,49.66,157.34,0.3811,-1,-1,-1
738,175,615.58,769.52,63.97,149.35,0.2086,-1,-1,-1
738,180,328.12,211.88,57.14,162.07,0.4164,-1,-1,-1
739,3,1719.29,450.50,85.96,214.26,0.7204,-1,-1,-1
739,5,441.43,555.21,72.31,250.19,0.7881,-1,-1,-1
739,41,788.11,139.91,47.77,170.32,0.3078,-1,-1,-1
739,72,1571.68,589.35,104.02,235.16,0.5993,-1,-1,-1
739,87,1601.04,103.70,53.68,170.21,0.2877,-1,-1,-1
739,111,294.84,427.90,73.29,215.50,0.6556,-1,-1,-1
739,129,834.66,946.03,86.97,133.93,0.7797,-1,-1,-1
739,145,470.75,172.40,61.49,183.35,0.4530,-1,-1,-1
739,147,264.88,219.39,45.22,158.92,0.2408,-1,-1,-1
739,148,549.66,114.49,61.23,174.29,0.4710,-1,-1,-1
739,153,1135.27,735.51,82.50,258.69,0.7796,-1,-1,-1
739,156,1217.87,707.88,83.43,260.22,0.7537,-1,-1,-1
739,158,414.76,185.67,50.13,158.28,0.4281,-1,-1,-1
739,180,328.37,210.95,57.74,163.22,0.4294,-1,-1,-1
740,3,1718.62,452.66,85.76,212.58,0.7351,-1,-1,-1
740,5,444.29,554.89,71.27,250.47,0.7673,-1,-1,-1
740,72,1571.64,594.35,102.35,229.85,0.6083,-1,-1,-1
740,87,1601.33,103.15,54.08,170.86,0.2613,-1,-1,-1
740,111,294.83,430.14,74.71,218.18,0.6924,-1,-1,-1
740,129,834.88,945.95,87.05,133.91,0.7759,-1,-1,-1
740,145,470.04,169.75,62.24,185.84,0.4470,-1,-1,-1
740,147,265.11,217.15,45.56,160.12,0.2153,-1,-1,-1
740,148,549.63,112.17,62.26,176.32,0.5201,-1,-1,-1
740,153,1134.03,733.04,81.79,252.53,0.7807,-1,-1,-1
740,156,1216.40,706.72,82.61,263.23,0.7534,-1,-1,-1
740,158,413.68,186.80,51.00,159.96,0.4272,-1,-1,-1
740,180,328.69,207.64,58.80,166.32,0.3747,-1,-1,-1
741,3,1718.46,451.99,86.10,213.05,0.7291,-1,-1,-1
741,5,446.24,556.75,70.32,251.35,0.7568,-1,-1,-1
741,41,789.03,139.92,46.77,167.92,0.2092,-1,-1,-1
741,72,1572.23,593.81,102.45,230.67,0.6250,-1,-1,-1
741,87,1601.42,102.83,54.21,170.80,0.2674,-1,-1,-1
741,111,294.37,431.94,75.73,221.24,0.6889,-1,-1,-1
741,129,835.46,946.23,87.03,133.78,0.7820,-1,-1,-1
741,145,469.59,171.06,61.76,184.74,0.4810,-1,-1,-1
741,147,265.83,218.45,44.99,157.11,0.2092,-1,-1,-1
741,148,550.61,111.48,62.58,177.03,0.4599,-1,-1,-1
741,153,1131.10,730.48,80.59,248.45,0.7656,-1,-1,-1
741,156,1215.39,706.30,81.13,261.41,0.7452,-1,-1,-1
741,158,412.14,189.86,51.78,161.49,0.4197,-1,-1,-1
741,180,330.04,208.07,57.82,163.68,0.3601,-1,-1,-1
742,3,1718.45,452.54,85.93,213.41,0.7059,-1,-1,-1
742,5,448.87,556.27,69.75,252.23,0.7697,-1,-1,-1
742,72,1572.76,593.54,102.57,231.27,0.6461,-1,-1,-1
742,87,1601.49,103.04,53.83,169.11,0.2671,-1,-1,-1
742,111,294.51,434.37,74.65,220.12,0.6950,-1,-1,-1
742,129,836.14,946.27,87.17,133.74,0.7761,-1,-1,-1
742,145,469.01,171.59,61.63,184.08,0.4603,-1,-1,-1
742,147,266.35,218.77,45.70,158.05,0.2155,-1,-1,-1
742,148,551.42,111.51,62.42,177.06,0.3324,-1,-1,-1
742,153,1127.13,727.04,80.31,248.43,0.7711,-1,-1,-1
742,156,1210.01,705.92,82.86,261.61,0.7565,-1,-1,-1
742,158,411.35,195.45,51.89,157.98,0.5112,-1,-1,-1
742,180,331.94,209.10,56.53,160.49,0.3222,-1,-1,-1
743,3,1718.58,452.10,85.12,213.63,0.7183,-1,-1,-1
743,5,454.35,557.33,71.09,250.76,0.7574,-1,-1,-1
743,41,789.17,138.79,46.54,168.19,0.2162,-1,-1,-1
743,72,1571.78,591.58,103.39,232.87,0.5904,-1,-1,-1
743,111,295.13,437.51,74.21,219.77,0.7118,-1,-1,-1
743,129,837.04,946.66,86.92,133.34,0.7722,-1,-1,-1
743,145,466.88,169.16,62.40,188.04,0.3448,-1,-1,-1
743,148,550.99,106.05,63.90,182.35,0.3088,-1,-1,-1
743,153,1124.00,722.94,80.54,249.60,0.7671,-1,-1,-1
743,156,1205.05,705.94,84.24,260.76,0.7493,-1,-1,-1
743,158,411.37,199.80,51.83,155.37,0.5356,-1,-1,-1
743,180,333.43,210.12,55.63,158.08,0.2961,-1,-1,-1
744,3,1719.26,453.46,84.65,213.23,0.7285,-1,-1,-1
744,5,458.08,559.60,74.28,247.40,0.7515,-1,-1,-1
744,72,1571.65,593.42,102.54,231.02,0.6367,-1,-1,-1
744,111,295.79,440.47,73.51,219.06,0.7045,-1,-1,-1
744,129,838.08,947.61,86.37,132.39,0.7752,-1,-1,-1
744,145,465.91,174.95,61.10,184.64,0.3913,-1,-1,-1
744,148,552.03,110.71,62.46,178.43,0.3502,-1,-1,-1
744,153,1122.68,721.13,79.95,249.10,0.7697,-1,-1,-1
744,156,1201.12,705.22,84.76,260.34,0.7383,-1,-1,-1
744,158,410.91,201.06,52.47,156.07,0.5225,-1,-1,-1
744,180,333.45,209.86,55.85,159.18,0.3413,-1,-1,-1
745,3,1718.89,452.78,84.90,213.42,0.7261,-1,-1,-1
745,5,460.06,560.75,79.94,244.40,0.7883,-1,-1,-1
745,72,1572.40,593.04,102.68,231.62,0.6408,-1,-1,-1
745,111,296.47,442.18,73.33,220.34,0.6978,-1,-1,-1
745,129,839.27,947.83,86.48,132.17,0.7741,-1,-1,-1
745,145,464.28,175.94,61.94,187.91,0.4127,-1,-1,-1
745,148,552.22,110.59,62.32,178.64,0.3844,-1,-1,-1
745,153,1121.55,719.19,80.39,253.06,0.7687,-1,-1,-1
745,156,1199.37,705.69,84.57,257.42,0.7429,-1,-1,-1
745,158,410.18,202.72,53.07,158.03,0.5489,-1,-1,-1
745,180,334.00,211.65,55.10,157.65,0.3424,-1,-1,-1
746,3,1719.71,453.54,84.90,212.20,0.7104,-1,-1,-1
746,5,460.53,561.72,86.82,244.22,0.8045,-1,-1,-1
746,72,1573.97,596.12,101.22,228.59,0.6676,-1,-1,-1
746,111,297.08,444.19,73.16,222.21,0.6974,-1,-1,-1
746,129,840.72,948.20,86.29,131.80,0.7822,-1,-1,-1
746,145,464.83,180.83,61.76,184.27,0.5114,-1,-1,-1
746,147,266.57,220.25,46.15,157.69,0.2065,-1,-1,-1
746,148,552.33,109.99,62.12,178.66,0.2568,-1,-1,-1
746,153,1119.36,718.38,80.73,254.32,0.7647,-1,-1,-1
746,156,1195.91,702.98,85.82,259.26,0.7508,-1,-1,-1
746,158,408.30,201.69,53.35,160.82,0.5130,-1,-1,-1
746,180,335.10,214.32,53.95,153.72,0.3258,-1,-1,-1
747,3,1719.30,452.86,85.07,212.84,0.7109,-1,-1,-1
747,5,459.77,562.00,92.48,245.91,0.8200,-1,-1,-1
747,72,1571.63,591.52,103.62,233.21,0.5972,-1,-1,-1
747,111,298.10,444.94,72.78,224.25,0.7232,-1,-1,-1
747,129,842.54,948.26,86.06,131.74,0.7861,-1,-1,-1
747,145,465.10,184.16,61.15,181.88,0.5620,-1,-1,-1
747,147,267.00,222.16,45.97,155.34,0.2125,-1,-1,-1
747,148,553.04,109.49,62.22,179.21,0.2653,-1,-1,-1
747,153,1116.86,715.94,80.21,256.17,0.7762,-1,-1,-1
747,156,1190.02,700.77,87.75,263.95,0.7580,-1,-1,-1
747,158,409.15,203.53,52.16,157.41,0.5429,-1,-1,-1
747,180,335.15,213.96,54.34,154.28,0.3559,-1,-1,-1
748,3,1718.55,453.99,84.68,212.30,0.6996,-1,-1,-1
748,5,459.42,563.65,96.93,245.56,0.8213,-1,-1,-1
748,72,1567.87,595.93,103.24,230.92,0.5215,-1,-1,-1
748,111,298.77,445.40,72.15,222.80,0.7085,-1,-1,-1
748,129,844.00,948.66,85.53,131.35,0.7901,-1,-1,-1
748,145,464.56,186.93,61.01,179.94,0.5506,-1,-1,-1
748,147,266.59,217.02,47.88,158.77,0.2374,-1,-1,-1
748,153,1115.33,714.79,78.97,255.95,0.8039,-1,-1,-1
748,156,1187.63,698.47,86.04,258.74,0.8099,-1,-1,-1
748,158,408.39,202.98,52.26,159.38,0.5541,-1,-1,-1
748,180,334.66,208.83,56.37,159.61,0.4271,-1,-1,-1
749,3,1718.66,454.40,84.67,213.68,0.6838,-1,-1,-1
749,5,460.00,564.87,100.45,246.61,0.8096,-1,-1,-1
749,72,1570.52,589.02,105.11,235.59,0.5857,-1,-1,-1
749,111,299.99,445.56,72.25,223.94,0.6980,-1,-1,-1
749,129,846.29,950.03,84.57,129.97,0.7890,-1,-1,-1
749,145,463.54,188.02,60.91,181.31,0.5753,-1,-1,-1
749,147,266.74,216.10,48.23,159.22,0.2458,-1,-1,-1
749,148,553.17,110.35,61.89,178.40,0.2188,-1,-1,-1
749,153,1114.12,712.45,77.47,255.88,0.8258,-1,-1,-1
749,156,1185.71,696.50,84.12,248.35,0.8110,-1,-1,-1
749,158,407.99,204.26,51.16,157.75,0.5303,-1,-1,-1
749,180,334.07,209.72,56.39,159.63,0.3666,-1,-1,-1
750,3,1718.55,453.53,84.93,214.05,0.7083,-1,-1,-1
750,5,459.96,565.01,102.98,247.55,0.8153,-1,-1,-1
750,72,1571.91,591.85,103.42,232.57,0.6222,-1,-1,-1
750,111,300.77,446.53,71.90,222.56,0.6979,-1,-1,-1
750,129,848.97,951.73,83.22,128.27,0.7690,-1,-1,-1
750,145,462.66,186.73,61.78,185.12,0.5019,-1,-1,-1
750,147,269.43,214.12,49.10,159.48,0.2948,-1,-1,-1
750,153,1112.55,711.99,77.11,257.72,0.8172,-1,-1,-1
750,156,1182.50,693.19,86.67,257.17,0.7882,-1,-1,-1
750,158,408.14,203.09,51.93,160.21,0.5511,-1,-1,-1
750,180,333.64,207.90,56.65,161.00,0.3703,-1,-1,-1
751,3,1717.24,454.93,84.51,211.41,0.6830,-1,-1,-1
751,5,460.19,565.63,104.05,246.69,0.8109,-1,-1,-1
751,72,1572.06,592.39,103.32,231.90,0.6172,-1,-1,-1
751,111,302.19,446.74,72.32,221.31,0.7015,-1,-1,-1
751,129,851.56,952.45,82.78,127.56,0.7662,-1,-1,-1
751,145,462.71,194.43,60.23,180.18,0.4754,-1,-1,-1
751,147,269.39,208.08,51.97,164.07,0.4221,-1,-1,-1
751,148,552.66,109.16,62.14,179.52,0.2278,-1,-1,-1
751,153,1109.29,709.45,74.66,254.16,0.8050,-1,-1,-1
751,156,1181.36,688.25,82.64,244.86,0.7994,-1,-1,-1
751,158,408.50,203.54,50.84,157.92,0.5034,-1,-1,-1
751,180,333.46,206.14,56.58,161.26,0.3877,-1,-1,-1
751,182,685.16,217.06,68.58,116.24,0.2058,-1,-1,-1
752,3,1716.78,453.73,85.32,213.46,0.6898,-1,-1,-1
752,5,463.63,565.75,103.58,246.12,0.7858,-1,-1,-1
752,72,1568.92,595.04,103.16,231.11,0.5349,-1,-1,-1
752,111,302.28,447.62,73.39,221.56,0.7224,-1,-1,-1
752,129,853.15,952.16,83.05,127.83,0.7692,-1,-1,-1
752,145,462.11,195.08,60.70,180.91,0.4693,-1,-1,-1
752,147,268.92,207.81,52.95,164.53,0.4067,-1,-1,-1
752,153,1106.98,710.42,74.67,254.60,0.7866,-1,-1,-1
752,156,1179.57,684.57,81.73,242.67,0.7705,-1,-1,-1
752,158,408.06,204.44,50.53,157.97,0.4695,-1,-1,-1
752,180,333.39,204.71,56.69,162.39,0.3595,-1,-1,-1
753,3,1716.07,452.76,85.54,214.59,0.6771,-1,-1,-1
753,5,466.59,566.12,102.39,245.98,0.7557,-1,-1,-1
753,72,1571.24,591.85,103.93,232.36,0.5767,-1,-1,-1
753,111,302.50,448.48,74.16,219.74,0.7255,-1,-1,-1
753,129,854.93,952.45,82.91,127.54,0.7730,-1,-1,-1
753,145,460.56,194.21,61.14,182.40,0.4561,-1,-1,-1
753,147,269.15,205.92,53.72,166.22,0.3659,-1,-1,-1
753,148,551.29,106.03,63.40,183.62,0.2170,-1,-1,-1
753,153,1105.38,707.97,74.06,255.97,0.7785,-1,-1,-1
753,156,1174.35,679.66,84.01,250.61,0.7472,-1,-1,-1
753,158,407.89,205.75,49.28,154.66,0.5112,-1,-1,-1
753,180,332.40,201.49,57.66,165.68,0.3520,-1,-1,-1
754,3,1716.16,453.91,84.94,212.38,0.6706,-1,-1,-1
754,5,471.29,566.26,99.62,246.28,0.7266,-1,-1,-1
754,72,1570.27,591.45,104.31,233.11,0.5054,-1,-1,-1
754,111,302.55,449.95,74.74,216.50,0.7189,-1,-1,-1
754,129,856.66,952.25,83.12,127.40,0.7783,-1,-1,-1
754,145,460.43,192.94,61.52,184.08,0.4169,-1,-1,-1
754,147,266.67,204.50,54.07,169.82,0.3810,-1,-1,-1
754,153,1103.13,704.31,74.72,261.49,0.7822,-1,-1,-1
754,156,1172.36,676.36,84.29,252.62,0.7506,-1,-1,-1
754,158,406.57,204.66,49.62,156.80,0.4999,-1,-1,-1
754,180,332.01,201.84,57.54,165.56,0.3110,-1,-1,-1
755,3,1715.73,452.20,84.78,214.09,0.6755,-1,-1,-1
755,5,475.26,567.52,95.32,246.65,0.7216,-1,-1,-1
755,72,1571.38,590.73,104.36,234.23,0.5949,-1,-1,-1
755,111,302.45,451.16,75.90,215.32,0.7352,-1,-1,-1
755,129,858.56,952.15,83.29,127.83,0.7789,-1,-1,-1
755,145,457.84,191.44,62.80,187.47,0.4008,-1,-1,-1
755,147,268.95,203.45,54.26,169.29,0.3179,-1,-1,-1
755,153,1101.15,701.93,73.84,259.52,0.7652,-1,-1,-1
755,156,1169.37,672.84,84.97,257.65,0.7573,-1,-1,-1
755,158,406.56,207.35,49.08,153.96,0.4300,-1,-1,-1
755,180,331.81,201.41,57.53,165.67,0.2696,-1,-1,-1
756,3,1715.88,453.69,84.18,214.41,0.6730,-1,-1,-1
756,5,482.29,567.31,90.27,247.55,0.6988,-1,-1,-1
756,72,1570.61,589.56,104.55,235.29,0.5732,-1,-1,-1
756,111,302.82,452.73,77.57,214.76,0.7341,-1,-1,-1
756,129,859.41,952.01,83.99,127.76,0.7797,-1,-1,-1
756,145,457.71,192.49,62.07,184.63,0.4601,-1,-1,-1
756,147,269.77,202.42,54.47,169.10,0.3257,-1,-1,-1
756,148,549.70,106.00,63.40,183.77,0.2471,-1,-1,-1
756,153,1100.64,697.38,71.64,249.31,0.7612,-1,-1,-1
756,156,1168.04,672.16,84.63,259.14,0.7702,-1,-1,-1
756,158,405.04,207.01,49.59,154.56,0.4654,-1,-1,-1
756,180,331.37,200.50,57.60,166.16,0.2869,-1,-1,-1
757,3,1716.63,453.42,82.84,213.40,0.6811,-1,-1,-1
757,5,492.03,566.93,83.92,245.54,0.7099,-1,-1,-1
757,72,1570.80,594.16,103.10,231.69,0.4594,-1,-1,-1
757,111,301.82,455.24,79.46,217.42,0.7444,-1,-1,-1
757,129,860.54,953.42,84.28,126.57,0.7813,-1,-1,-1
757,145,455.25,189.96,63.67,186.95,0.5039,-1,-1,-1
757,147,270.96,205.41,53.79,166.26,0.2699,-1,-1,-1
757,148,549.15,106.97,63.42,182.97,0.2797,-1,-1,-1
757,153,1098.85,693.75,72.27,246.77,0.7604,-1,-1,-1
757,156,1167.67,671.41,83.92,259.09,0.7719,-1,-1,-1
757,158,403.94,204.70,50.89,158.77,0.4464,-1,-1,-1
757,180,329.51,200.28,56.84,165.14,0.2902,-1,-1,-1
758,3,1717.00,452.87,81.68,213.16,0.7091,-1,-1,-1
758,5,497.83,565.31,80.39,248.14,0.7178,-1,-1,-1
758,72,1570.59,591.01,104.31,233.43,0.4381,-1,-1,-1
758,111,300.81,458.45,80.66,219.99,0.7483,-1,-1,-1
758,129,861.53,953.51,85.04,126.49,0.7724,-1,-1,-1
758,145,454.36,188.63,64.88,190.15,0.4780,-1,-1,-1
758,147,271.15,201.85,54.67,169.55,0.3164,-1,-1,-1
758,148,547.88,107.95,63.95,182.46,0.2296,-1,-1,-1
758,153,1097.52,690.50,72.18,236.97,0.7667,-1,-1,-1
758,156,1166.40,671.53,84.34,258.81,0.7700,-1,-1,-1
758,158,403.30,204.74,51.52,162.26,0.4706,-1,-1,-1
758,180,330.95,200.63,56.71,165.24,0.2261,-1,-1,-1
759,3,1717.30,452.80,80.77,213.19,0.6912,-1,-1,-1
759,5,503.46,565.14,77.14,249.31,0.7153,-1,-1,-1
759,41,791.60,136.44,48.92,168.29,0.2077,-1,-1,-1
759,72,1570.84,593.70,103.67,230.34,0.5469,-1,-1,-1
759,111,300.40,459.13,81.60,223.40,0.7500,-1,-1,-1
759,129,863.80,954.58,85.35,125.41,0.7556,-1,-1,-1
759,145,453.72,188.52,65.07,189.32,0.4775,-1,-1,-1
759,147,272.70,205.90,53.05,165.12,0.2907,-1,-1,-1
759,148,546.69,109.91,64.19,180.73,0.2334,-1,-1,-1
759,153,1094.78,687.93,74.22,240.59,0.7500,-1,-1,-1
759,156,1163.83,671.16,86.26,259.96,0.7585,-1,-1,-1
759,158,403.54,205.69,51.24,163.00,0.5147,-1,-1,-1
759,180,331.51,201.56,56.05,163.81,0.2236,-1,-1,-1
760,3,1717.53,452.96,79.84,212.85,0.6993,-1,-1,-1
760,5,509.03,564.94,75.01,249.76,0.7246,-1,-1,-1
760,72,1571.57,594.13,103.67,229.91,0.6334,-1,-1,-1
760,111,300.63,462.52,81.55,224.11,0.7340,-1,-1,-1
760,129,865.56,954.67,86.70,125.33,0.7562,-1,-1,-1
760,145,452.51,186.75,65.64,189.07,0.4787,-1,-1,-1
760,147,273.50,205.52,52.76,165.82,0.3733,-1,-1,-1
760,148,545.67,111.25,64.94,179.82,0.2040,-1,-1,-1
760,153,1092.26,686.86,75.96,244.62,0.7463,-1,-1,-1
760,156,1161.83,669.66,87.17,259.32,0.7646,-1,-1,-1
760,158,404.05,207.13,52.12,166.55,0.4920,-1,-1,-1
760,180,333.45,208.73,53.88,157.36,0.2347,-1,-1,-1
761,3,1716.32,453.18,79.45,211.80,0.7148,-1,-1,-1
761,5,513.70,565.40,73.58,248.49,0.7487,-1,-1,-1
761,72,1570.82,594.69,103.84,229.34,0.6087,-1,-1,-1
761,111,300.73,464.85,81.03,222.90,0.7136,-1,-1,-1
761,129,866.72,954.62,88.22,125.38,0.7727,-1,-1,-1
761,145,452.20,189.69,65.55,185.60,0.4992,-1,-1,-1
761,147,273.88,203.20,52.90,167.90,0.2960,-1,-1,-1
761,148,544.44,110.40,66.60,181.08,0.2580,-1,-1,-1
761,153,1089.90,685.59,76.12,244.18,0.7419,-1,-1,-1
761,156,1158.74,668.21,88.53,261.36,0.7653,-1,-1,-1
761,158,404.08,208.04,52.50,167.99,0.4128,-1,-1,-1
761,180,333.75,213.71,52.41,152.95,0.2158,-1,-1,-1
762,3,1717.17,453.91,78.84,210.40,0.7040,-1,-1,-1
762,5,517.69,567.44,73.50,246.55,0.7712,-1,-1,-1
762,72,1571.05,594.17,104.38,230.55,0.6259,-1,-1,-1
762,111,300.82,467.13,80.63,222.80,0.7273,-1,-1,-1
762,129,867.44,955.22,88.27,124.78,0.7772,-1,-1,-1
762,145,452.56,192.11,66.07,185.46,0.5033,-1,-1,-1
762,147,274.52,204.09,51.71,166.16,0.3849,-1,-1,-1
762,153,1087.78,683.41,76.21,245.95,0.7445,-1,-1,-1
762,156,1156.48,667.23,88.91,262.09,0.7527,-1,-1,-1
762,158,404.87,209.08,53.09,169.76,0.5095,-1,-1,-1
762,180,333.45,213.17,52.92,154.07,0.2607,-1,-1,-1
763,3,1718.31,454.80,79.19,211.87,0.7112,-1,-1,-1
763,5,520.28,567.86,74.00,245.73,0.7638,-1,-1,-1
763,72,1570.46,594.35,104.29,230.25,0.6032,-1,-1,-1
763,111,300.04,468.76,80.05,224.32,0.7418,-1,-1,-1
763,129,867.84,955.70,88.41,124.31,0.7777,-1,-1,-1
763,145,453.80,201.13,63.45,178.29,0.4843,-1,-1,-1
763,147,275.34,200.53,51.88,169.14,0.4184,-1,-1,-1
763,148,543.26,111.47,67.19,180.17,0.2806,-1,-1,-1
763,153,1082.92,682.78,77.93,247.68,0.7471,-1,-1,-1
763,156,1154.17,664.58,87.52,260.45,0.7501,-1,-1,-1
763,158,405.01,209.46,53.04,170.30,0.5250,-1,-1,-1
763,180,331.49,205.11,55.63,162.20,0.3031,-1,-1,-1
764,3,1718.30,453.78,79.24,212.19,0.7213,-1,-1,-1
764,5,521.98,568.37,74.96,245.20,0.7563,-1,-1,-1
764,72,1570.39,593.09,104.67,231.38,0.5364,-1,-1,-1
764,111,298.21,468.81,80.01,227.63,0.7412,-1,-1,-1
764,129,868.34,956.36,88.23,123.63,0.7730,-1,-1,-1
764,145,453.82,203.93,63.10,178.50,0.5304,-1,-1,-1
764,147,275.37,196.44,52.17,173.25,0.3949,-1,-1,-1
764,148,541.98,109.06,68.39,181.79,0.2729,-1,-1,-1
764,153,1080.93,680.01,78.76,252.78,0.7459,-1,-1,-1
764,156,1151.82,660.18,87.56,261.73,0.7565,-1,-1,-1
764,158,403.99,208.60,53.67,172.97,0.5257,-1,-1,-1
764,180,331.45,203.84,55.60,162.23,0.2967,-1,-1,-1
764,182,685.50,217.02,67.58,112.09,0.2009,-1,-1,-1
764,186,409.03,64.48,46.42,151.65,0.2603,-1,-1,-1
765,3,1718.35,453.19,79.20,213.54,0.7132,-1,-1,-1
765,5,524.27,568.43,78.21,245.84,0.7480,-1,-1,-1
765,72,1570.83,592.85,104.57,231.30,0.5511,-1,-1,-1
765,111,297.42,469.48,79.39,229.68,0.7123,-1,-1,-1
765,129,868.58,957.01,87.85,123.00,0.7693,-1,-1,-1
765,145,453.95,205.31,62.95,179.57,0.5461,-1,-1,-1
765,147,275.86,190.37,53.15,179.48,0.3451,-1,-1,-1
765,148,541.86,108.14,69.20,181.87,0.3543,-1,-1,-1
765,153,1078.51,678.33,78.56,254.22,0.7335,-1,-1,-1
765,156,1149.93,660.16,86.53,258.88,0.7424,-1,-1,-1
765,158,402.20,209.14,54.17,173.69,0.5030,-1,-1,-1
765,180,330.76,198.29,57.09,167.71,0.2646,-1,-1,-1
765,186,410.34,66.48,47.77,155.90,0.2236,-1,-1,-1
766,3,1718.57,455.43,77.73,209.77,0.7407,-1,-1,-1
766,5,527.65,569.62,82.71,245.53,0.7485,-1,-1,-1
766,72,1570.16,591.20,105.21,233.35,0.6027,-1,-1,-1
766,111,295.72,470.32,78.05,228.63,0.6357,-1,-1,-1
766,129,869.17,956.86,87.72,123.14,0.7581,-1,-1,-1
766,145,452.65,203.54,63.97,184.73,0.4860,-1,-1,-1
766,147,278.14,197.56,50.85,172.04,0.3799,-1,-1,-1
766,148,541.85,106.12,69.78,183.47,0.2263,-1,-1,-1
766,153,1076.51,677.77,79.52,255.79,0.7214,-1,-1,-1
766,156,1147.65,656.85,86.72,256.46,0.7226,-1,-1,-1
766,158,401.24,210.78,53.92,171.76,0.4876,-1,-1,-1
766,180,326.60,194.20,58.02,171.45,0.3611,-1,-1,-1
767,3,1718.44,455.38,78.15,211.44,0.7278,-1,-1,-1
767,5,526.42,569.68,85.33,246.80,0.7563,-1,-1,-1
767,72,1576.26,597.19,101.06,229.03,0.5039,-1,-1,-1
767,111,294.70,471.73,77.04,227.44,0.5967,-1,-1,-1
767,129,869.09,957.35,87.61,122.65,0.7592,-1,-1,-1
767,145,452.17,202.93,63.80,186.52,0.4779,-1,-1,-1
767,147,278.93,197.50,50.38,170.20,0.3815,-1,-1,-1
767,148,541.48,104.12,70.85,187.23,0.2710,-1,-1,-1
767,153,1074.68,675.62,79.69,255.48,0.7359,-1,-1,-1
767,156,1145.46,653.41,85.55,252.43,0.7163,-1,-1,-1
767,158,401.05,211.04,54.27,172.21,0.4535,-1,-1,-1
767,180,327.49,193.22,57.91,172.10,0.3797,-1,-1,-1
767,186,411.54,68.83,49.06,158.92,0.2580,-1,-1,-1
768,3,1719.25,453.01,78.19,213.51,0.7125,-1,-1,-1
768,5,525.76,569.76,87.09,247.11,0.7619,-1,-1,-1
768,72,1571.85,591.20,103.28,233.50,0.5467,-1,-1,-1
768,111,293.65,472.61,76.23,226.37,0.6006,-1,-1,-1
768,129,869.51,957.40,87.72,122.59,0.7704,-1,-1,-1
768,145,450.65,198.89,65.26,193.31,0.5080,-1,-1,-1
768,147,279.32,193.61,51.30,173.50,0.3627,-1,-1,-1
768,148,541.76,108.54,68.80,182.10,0.2511,-1,-1,-1
768,153,1073.97,673.78,79.55,255.57,0.7416,-1,-1,-1
768,156,1142.96,650.40,84.24,247.07,0.7493,-1,-1,-1
768,158,401.45,209.36,54.64,174.13,0.3988,-1,-1,-1
768,180,326.72,192.91,57.10,169.49,0.3650,-1,-1,-1
768,186,411.63,71.32,48.78,156.90,0.2375,-1,-1,-1
769,3,1719.73,454.10,76.82,210.49,0.7260,-1,-1,-1
769,5,526.15,572.07,87.99,244.27,0.7593,-1,-1,-1
769,72,1570.77,593.95,101.61,232.35,0.3886,-1,-1,-1
769,111,293.68,472.95,76.09,226.48,0.6544,-1,-1,-1
769,129,869.74,958.24,87.94,121.75,0.7755,-1,-1,-1
769,145,450.42,195.51,65.68,196.87,0.4047,-1,-1,-1
769,147,280.07,196.37,50.18,169.92,0.3346,-1,-1,-1
769,148,541.60,110.66,68.69,181.18,0.2405,-1,-1,-1
769,153,1070.47,670.59,79.40,253.53,0.7823,-1,-1,-1
769,156,1141.01,647.81,82.40,243.52,0.7915,-1,-1,-1
769,158,401.78,205.67,55.62,178.03,0.3597,-1,-1,-1
769,180,328.48,193.28,56.36,167.76,0.3346,-1,-1,-1
770,3,1720.52,455.21,76.29,209.51,0.7265,-1,-1,-1
770,5,526.03,571.85,89.86,244.70,0.7694,-1,-1,-1
770,72,1574.72,595.13,100.03,231.15,0.4257,-1,-1,-1
770,111,293.86,473.99,75.51,224.61,0.6360,-1,-1,-1
770,129,870.01,957.28,89.19,122.72,0.7877,-1,-1,-1
770,145,450.60,197.24,64.53,194.82,0.3878,-1,-1,-1
770,147,280.47,198.96,49.39,166.73,0.3310,-1,-1,-1
770,148,542.77,113.58,67.54,178.06,0.2965,-1,-1,-1
770,153,1066.70,669.51,79.22,250.28,0.7978,-1,-1,-1
770,156,1139.69,646.23,80.50,240.56,0.8173,-1,-1,-1
770,158,402.38,207.59,55.03,177.65,0.3622,-1,-1,-1
770,180,327.83,192.82,55.96,166.71,0.3093,-1,-1,-1
770,186,412.83,73.38,49.25,158.76,0.2137,-1,-1,-1
771,3,1721.49,452.75,76.91,213.67,0.7257,-1,-1,-1
771,5,526.24,572.09,90.32,243.84,0.7605,-1,-1,-1
771,72,1568.60,599.26,100.19,227.81,0.4342,-1,-1,-1
771,111,292.46,474.13,75.22,224.18,0.6694,-1,-1,-1
771,129,870.22,957.62,89.41,122.38,0.7910,-1,-1,-1
771,145,450.66,200.24,63.25,193.58,0.5155,-1,-1,-1
771,147,281.07,200.90,48.52,163.47,0.3338,-1,-1,-1
771,148,543.40,113.54,67.38,177.98,0.2775,-1,-1,-1
771,153,1064.93,667.10,78.43,241.40,0.8046,-1,-1,-1
771,156,1137.66,644.53,80.39,242.75,0.8068,-1,-1,-1
771,158,402.32,207.52,54.66,177.89,0.3458,-1,-1,-1
771,180,331.34,195.04,56.34,166.38,0.3070,-1,-1,-1
771,182,683.13,214.90,70.75,118.16,0.2038,-1,-1,-1
772,3,1722.21,453.31,75.95,212.16,0.7253,-1,-1,-1
772,5,527.89,571.21,90.24,243.38,0.7489,-1,-1,-1
772,72,1569.55,588.00,104.55,236.64,0.5402,-1,-1,-1
772,111,292.37,475.60,74.64,222.88,0.6665,-1,-1,-1
772,129,870.83,957.97,90.03,122.03,0.7936,-1,-1,-1
772,145,451.40,202.37,61.92,191.00,0.5194,-1,-1,-1
772,147,281.37,200.08,48.31,162.82,0.2694,-1,-1,-1
772,148,543.60,115.44,65.85,174.46,0.2506,-1,-1,-1
772,153,1063.08,664.49,79.87,240.72,0.8000,-1,-1,-1
772,156,1135.86,642.05,80.90,246.44,0.7853,-1,-1,-1
772,158,402.69,212.06,52.97,173.40,0.4034,-1,-1,-1
772,180,327.07,193.75,56.42,165.69,0.2936,-1,-1,-1
773,3,1721.47,451.85,75.19,211.90,0.7319,-1,-1,-1
773,5,532.38,570.04,89.25,243.74,0.7279,-1,-1,-1
773,72,1571.68,598.86,100.35,227.21,0.4880,-1,-1,-1
773,111,292.51,476.41,74.70,222.49,0.6810,-1,-1,-1
773,129,870.91,957.98,90.21,122.02,0.8031,-1,-1,-1
773,145,451.75,206.05,60.56,186.76,0.4466,-1,-1,-1
773,147,281.13,198.50,48.87,165.50,0.2835,-1,-1,-1
773,153,1060.83,660.97,78.57,238.27,0.8113,-1,-1,-1
773,156,1134.42,641.03,80.14,246.53,0.7657,-1,-1,-1
773,158,402.99,213.50,51.57,169.33,0.4178,-1,-1,-1
773,180,325.64,193.24,57.02,166.58,0.2765,-1,-1,-1
773,182,683.31,216.25,70.29,117.51,0.2176,-1,-1,-1
773,186,416.70,77.09,48.09,153.88,0.2988,-1,-1,-1
774,3,1722.62,452.06,74.40,212.00,0.7186,-1,-1,-1
774,5,535.27,569.54,87.49,244.39,0.7209,-1,-1,-1
774,41,795.71,138.28,48.31,166.30,0.2246,-1,-1,-1
774,72,1572.28,599.85,99.94,226.66,0.5101,-1,-1,-1
774,111,292.24,477.59,75.50,221.92,0.7174,-1,-1,-1
774,129,871.20,957.86,90.66,122.13,0.7985,-1,-1,-1
774,145,451.64,204.45,60.57,187.37,0.3814,-1,-1,-1
774,147,282.36,198.18,48.84,165.50,0.2905,-1,-1,-1
774,148,543.50,110.39,67.57,180.36,0.2316,-1,-1,-1
774,153,1058.44,660.51,77.20,237.34,0.7758,-1,-1,-1
774,156,1132.74,640.03,80.37,246.44,0.7608,-1,-1,-1
774,158,401.76,213.22,51.88,171.37,0.3985,-1,-1,-1
774,180,331.07,193.04,57.70,168.01,0.2390,-1,-1,-1
774,186,417.63,77.03,47.50,153.06,0.2120,-1,-1,-1
775,3,1723.01,453.19,73.25,209.76,0.7300,-1,-1,-1
775,5,539.97,570.11,85.08,243.70,0.7002,-1,-1,-1
775,72,1568.53,596.96,101.85,229.75,0.4846,-1,-1,-1
775,111,291.16,478.60,76.15,222.32,0.7412,-1,-1,-1
775,129,871.34,957.79,90.97,122.21,0.8050,-1,-1,-1
775,145,450.96,203.21,60.56,187.95,0.4347,-1,-1,-1
775,147,282.17,195.55,49.39,168.34,0.2513,-1,-1,-1
775,148,543.46,112.26,66.11,177.99,0.2651,-1,-1,-1
775,153,1055.55,658.17,76.67,238.67,0.7550,-1,-1,-1
775,156,1127.81,639.16,83.11,250.66,0.7753,-1,-1,-1
775,158,401.84,218.40,51.13,168.08,0.4483,-1,-1,-1
775,180,325.54,192.39,58.00,169.10,0.2146,-1,-1,-1
776,3,1722.70,452.44,73.27,211.07,0.7378,-1,-1,-1
776,5,544.57,571.24,81.82,242.71,0.6930,-1,-1,-1
776,72,1569.90,597.85,101.45,228.60,0.5496,-1,-1,-1
776,111,290.15,479.99,76.59,222.98,0.7495,-1,-1,-1
776,129,871.45,958.81,90.41,121.18,0.7918,-1,-1,-1
776,145,450.27,201.31,61.04,189.77,0.3954,-1,-1,-1
776,147,281.82,195.86,48.62,166.34,0.2711,-1,-1,-1
776,148,544.80,117.59,63.53,172.00,0.2198,-1,-1,-1
776,153,1053.11,654.42,75.92,241.18,0.7632,-1,-1,-1
776,156,1127.36,637.07,82.95,253.04,0.7786,-1,-1,-1
776,158,400.70,216.15,51.68,171.12,0.4295,-1,-1,-1
777,3,1723.48,452.34,72.63,210.24,0.7362,-1,-1,-1
777,5,548.95,571.58,79.07,244.35,0.7096,-1,-1,-1
777,72,1569.84,595.35,102.41,230.32,0.4930,-1,-1,-1
777,111,289.14,480.95,77.48,226.60,0.7678,-1,-1,-1
777,129,872.47,959.41,90.01,120.59,0.7871,-1,-1,-1
777,145,449.30,202.84,60.66,188.43,0.2716,-1,-1,-1
777,147,282.37,191.89,49.92,171.27,0.2335,-1,-1,-1
777,148,546.03,119.40,62.85,170.17,0.2221,-1,-1,-1
777,153,1050.92,651.84,76.56,245.64,0.7512,-1,-1,-1
777,156,1125.06,635.62,82.80,254.39,0.7132,-1,-1,-1
777,158,401.40,218.21,51.00,169.47,0.3459,-1,-1,-1
778,3,1723.37,452.55,72.62,210.42,0.7488,-1,-1,-1
778,5,555.45,571.81,75.01,245.41,0.7167,-1,-1,-1
778,72,1570.10,591.38,104.02,233.07,0.5973,-1,-1,-1
778,111,289.58,484.11,76.52,224.90,0.7582,-1,-1,-1
778,129,872.68,959.16,90.34,120.84,0.7885,-1,-1,-1
778,145,448.77,203.30,60.48,187.36,0.3153,-1,-1,-1
778,147,281.76,192.87,49.25,170.21,0.2392,-1,-1,-1
778,148,546.02,119.59,62.78,169.98,0.3344,-1,-1,-1
778,153,1049.92,649.67,76.22,247.96,0.7582,-1,-1,-1
778,156,1125.06,633.94,81.55,253.29,0.7310,-1,-1,-1
778,158,400.39,217.74,51.32,171.00,0.2925,-1,-1,-1
779,3,1722.66,452.15,73.05,211.15,0.7450,-1,-1,-1
779,5,561.15,571.96,72.61,249.65,0.7199,-1,-1,-1
779,72,1570.90,588.21,104.84,235.96,0.6000,-1,-1,-1
779,111,289.01,487.05,75.88,224.28,0.7575,-1,-1,-1
779,129,873.13,959.07,90.33,120.93,0.7902,-1,-1,-1
779,145,448.46,209.60,59.49,183.90,0.2516,-1,-1,-1
779,147,282.41,198.32,47.94,166.04,0.2379,-1,-1,-1
779,148,546.41,121.79,61.55,166.91,0.2134,-1,-1,-1
779,153,1048.28,646.67,76.09,251.03,0.7556,-1,-1,-1
779,156,1119.51,632.01,82.74,254.40,0.7262,-1,-1,-1
779,158,399.44,221.95,51.59,171.11,0.3516,-1,-1,-1
780,3,1723.06,452.15,73.20,211.64,0.7450,-1,-1,-1
780,5,565.40,572.66,69.35,246.88,0.7030,-1,-1,-1
780,72,1570.29,587.83,104.81,236.00,0.6142,-1,-1,-1
780,111,289.11,489.80,75.59,225.11,0.7532,-1,-1,-1
780,129,873.00,959.31,90.12,120.69,0.7825,-1,-1,-1
780,145,448.05,217.24,57.62,178.70,0.2784,-1,-1,-1
780,147,282.77,200.57,47.53,165.05,0.2220,-1,-1,-1
780,148,545.40,118.18,62.43,170.48,0.2338,-1,-1,-1
780,153,1047.13,646.06,75.66,251.28,0.7531,-1,-1,-1
780,156,1117.50,629.41,83.36,255.93,0.7424,-1,-1,-1
780,158,399.54,224.83,51.48,170.29,0.3894,-1,-1,-1
781,3,1723.38,451.54,72.80,211.39,0.7390,-1,-1,-1
781,5,567.59,570.67,69.29,253.96,0.6855,-1,-1,-1
781,72,1571.81,590.88,103.15,232.67,0.6602,-1,-1,-1
781,111,288.82,491.13,75.51,226.80,0.7640,-1,-1,-1
781,129,873.39,958.96,89.88,121.04,0.7804,-1,-1,-1
781,145,448.20,216.66,58.29,182.70,0.3346,-1,-1,-1
781,147,282.88,200.26,47.66,165.66,0.2046,-1,-1,-1
781,148,546.04,121.17,61.36,167.45,0.2019,-1,-1,-1
781,153,1046.22,649.06,74.53,242.72,0.7498,-1,-1,-1
781,156,1113.47,627.09,83.51,255.34,0.7634,-1,-1,-1
781,158,400.28,224.44,51.80,171.24,0.3666,-1,-1,-1
782,3,1722.84,451.22,72.93,211.07,0.7387,-1,-1,-1
782,5,568.67,572.20,69.47,257.42,0.6345,-1,-1,-1
782,72,1570.83,592.12,103.00,231.77,0.5852,-1,-1,-1
782,111,289.01,492.52,75.82,230.95,0.7719,-1,-1,-1
782,129,873.79,958.56,89.39,121.44,0.7724,-1,-1,-1
782,145,447.02,215.84,59.00,185.60,0.3242,-1,-1,-1
782,147,282.81,199.38,47.73,166.16,0.2256,-1,-1,-1
782,153,1043.81,645.61,75.54,248.30,0.7432,-1,-1,-1
782,156,1111.44,624.77,81.01,245.95,0.7756,-1,-1,-1
782,158,400.78,226.62,51.40,168.72,0.3824,-1,-1,-1
782,180,323.25,190.05,57.13,168.01,0.2537,-1,-1,-1
783,3,1723.44,452.25,73.37,210.89,0.7192,-1,-1,-1
783,5,571.33,572.74,69.38,259.09,0.6387,-1,-1,-1
783,72,1572.01,593.19,102.78,230.77,0.6506,-1,-1,-1
783,111,289.17,493.62,75.70,234.15,0.7752,-1,-1,-1
783,129,874.49,958.13,88.70,121.88,0.7677,-1,-1,-1
783,145,445.51,216.51,59.82,188.49,0.3801,-1,-1,-1
783,147,282.66,199.35,47.83,166.66,0.2286,-1,-1,-1
783,153,1043.20,644.94,74.94,248.47,0.7380,-1,-1,-1
783,156,1110.30,622.11,79.60,241.78,0.7566,-1,-1,-1
783,158,398.91,223.89,51.85,170.07,0.3815,-1,-1,-1
783,180,323.07,188.79,57.87,169.77,0.2049,-1,-1,-1
783,186,421.48,80.77,47.78,152.02,0.2296,-1,-1,-1
784,3,1722.82,451.99,74.01,212.38,0.7112,-1,-1,-1
784,5,575.50,573.12,66.19,246.14,0.5582,-1,-1,-1
784,41,789.81,139.79,47.30,165.22,0.2243,-1,-1,-1
784,72,1572.97,597.29,101.02,226.80,0.6964,-1,-1,-1
784,111,289.49,494.58,75.24,234.39,0.7647,-1,-1,-1
784,129,875.08,958.12,87.63,121.89,0.7523,-1,-1,-1
784,145,446.42,217.47,60.36,189.05,0.3650,-1,-1,-1
784,147,282.83,193.83,48.47,169.94,0.2323,-1,-1,-1
784,153,1042.29,643.65,72.78,245.10,0.7439,-1,-1,-1
784,156,1107.34,618.76,78.83,237.96,0.7694,-1,-1,-1
784,158,399.81,227.22,51.34,168.72,0.4665,-1,-1,-1
784,186,422.11,82.19,47.68,150.96,0.2085,-1,-1,-1
785,3,1722.93,452.08,74.04,211.53,0.7247,-1,-1,-1
785,5,579.56,573.51,65.20,243.53,0.5794,-1,-1,-1
785,72,1571.78,593.88,102.50,230.32,0.6273,-1,-1,-1
785,111,290.11,495.53,74.60,233.68,0.7665,-1,-1,-1
785,129,876.02,956.55,86.78,123.46,0.7630,-1,-1,-1
785,145,445.78,218.19,61.25,190.44,0.4171,-1,-1,-1
785,147,283.09,190.60,49.07,172.86,0.2366,-1,-1,-1
785,148,545.16,118.52,62.69,170.78,0.2084,-1,-1,-1
785,153,1041.40,642.19,72.45,246.00,0.7484,-1,-1,-1
785,156,1104.92,615.80,79.48,239.62,0.7503,-1,-1,-1
785,158,399.27,227.26,51.29,169.02,0.4634,-1,-1,-1
785,186,424.26,81.37,47.64,150.53,0.2338,-1,-1,-1
786,3,1722.52,451.25,73.77,211.82,0.7273,-1,-1,-1
786,5,583.31,575.60,64.57,239.97,0.5835,-1,-1,-1
786,41,788.98,139.70,47.21,164.59,0.2030,-1,-1,-1
786,72,1570.97,593.92,102.46,230.50,0.6485,-1,-1,-1
786,111,290.22,496.74,74.36,232.55,0.7664,-1,-1,-1
786,129,876.61,956.23,85.15,123.78,0.7567,-1,-1,-1
786,145,445.35,220.27,61.24,189.64,0.4394,-1,-1,-1
786,147,282.92,191.65,48.29,171.10,0.2246,-1,-1,-1
786,148,545.21,119.73,62.28,169.79,0.2277,-1,-1,-1
786,153,1040.05,639.78,71.71,244.66,0.7315,-1,-1,-1
786,156,1101.99,615.29,78.18,238.32,0.7509,-1,-1,-1
786,158,399.27,229.27,50.59,166.55,0.4733,-1,-1,-1
786,193,469.13,72.26,63.46,175.16,0.3815,-1,-1,-1
787,3,1723.35,452.64,73.81,211.09,0.7241,-1,-1,-1
787,5,588.74,577.68,66.57,237.75,0.5935,-1,-1,-1
787,72,1571.76,595.18,102.16,229.19,0.6592,-1,-1,-1
787,111,290.83,497.82,74.56,230.87,0.7491,-1,-1,-1
787,129,877.61,955.59,83.44,124.42,0.7692,-1,-1,-1
787,145,444.54,221.38,61.19,186.71,0.4268,-1,-1,-1
787,147,282.17,191.05,48.61,173.76,0.3077,-1,-1,-1
787,148,544.80,114.66,63.75,175.12,0.2909,-1,-1,-1
787,153,1037.80,636.40,71.35,244.09,0.7424,-1,-1,-1
787,156,1100.87,611.83,77.91,244.00,0.7829,-1,-1,-1
787,158,399.02,232.32,49.98,163.87,0.4858,-1,-1,-1
787,180,328.77,188.52,58.81,173.00,0.2175,-1,-1,-1
787,193,468.54,72.05,64.69,178.81,0.4261,-1,-1,-1
788,3,1722.97,452.70,73.95,211.72,0.7080,-1,-1,-1
788,5,590.83,579.24,68.07,238.00,0.5398,-1,-1,-1
788,72,1573.34,594.37,102.19,229.77,0.6772,-1,-1,-1
788,111,290.35,499.06,75.19,229.33,0.7403,-1,-1,-1
788,129,877.55,955.30,82.30,124.72,0.7729,-1,-1,-1
788,145,443.83,222.30,61.40,187.02,0.4997,-1,-1,-1
788,147,282.23,189.78,48.27,173.64,0.2719,-1,-1,-1
788,148,544.62,112.47,64.56,178.46,0.3171,-1,-1,-1
788,153,1035.92,633.77,70.16,238.00,0.7377,-1,-1,-1
788,156,1098.98,610.79,77.48,246.20,0.7646,-1,-1,-1
788,158,397.78,230.52,50.88,165.49,0.4637,-1,-1,-1
788,193,468.43,73.09,64.93,180.07,0.4461,-1,-1,-1
789,3,1723.42,452.94,74.18,213.23,0.7222,-1,-1,-1
789,5,592.70,581.04,69.53,236.16,0.5916,-1,-1,-1
789,72,1571.20,594.39,102.73,230.13,0.6652,-1,-1,-1
789,111,289.68,500.63,76.05,227.40,0.7457,-1,-1,-1
789,129,877.84,955.64,81.22,124.37,0.7685,-1,-1,-1
789,145,443.30,222.91,60.73,186.32,0.4825,-1,-1,-1
789,147,281.98,185.31,49.16,178.25,0.2313,-1,-1,-1
789,148,544.47,114.79,63.87,177.70,0.3209,-1,-1,-1
789,153,1033.33,630.79,70.61,234.35,0.7267,-1,-1,-1
789,156,1095.92,609.00,78.46,250.69,0.7914,-1,-1,-1
789,158,397.47,229.20,52.14,167.84,0.4556,-1,-1,-1
789,182,684.14,216.43,69.92,115.90,0.2081,-1,-1,-1
789,193,467.85,74.04,66.31,184.64,0.4624,-1,-1,-1
790,3,1722.89,452.11,73.26,212.39,0.7279,-1,-1,-1
790,5,594.10,582.37,70.65,235.47,0.5954,-1,-1,-1
790,72,1571.30,593.99,102.78,229.97,0.6712,-1,-1,-1
790,111,289.91,501.64,76.25,224.38,0.7442,-1,-1,-1
790,129,877.74,953.69,81.59,126.32,0.7736,-1,-1,-1
790,145,443.74,224.75,60.08,185.09,0.4171,-1,-1,-1
790,147,282.33,187.07,48.50,177.32,0.2593,-1,-1,-1
790,148,545.24,114.49,63.54,177.47,0.3036,-1,-1,-1
790,153,1032.93,629.23,68.74,221.03,0.7179,-1,-1,-1
790,156,1095.05,607.60,78.74,251.61,0.7809,-1,-1,-1
790,158,398.70,231.50,52.49,168.30,0.4159,-1,-1,-1
790,193,469.71,73.68,65.51,183.72,0.4613,-1,-1,-1
791,3,1722.88,452.96,73.73,213.03,0.7326,-1,-1,-1
791,5,596.69,583.31,71.48,233.90,0.6070,-1,-1,-1
791,72,1570.27,593.37,103.13,230.99,0.7025,-1,-1,-1
791,111,289.19,502.32,77.23,224.90,0.7398,-1,-1,-1
791,129,878.80,953.84,80.02,126.17,0.7571,-1,-1,-1
791,145,442.80,223.15,60.45,185.65,0.4587,-1,-1,-1
791,147,282.71,186.25,48.44,178.00,0.2701,-1,-1,-1
791,148,545.45,112.53,63.73,178.90,0.3360,-1,-1,-1
791,153,1030.33,626.71,71.51,225.47,0.7301,-1,-1,-1
791,156,1093.58,607.05,80.14,253.50,0.7685,-1,-1,-1
791,158,397.52,231.64,52.93,169.09,0.4136,-1,-1,-1
791,193,470.27,72.67,64.85,182.91,0.4285,-1,-1,-1
792,3,1722.51,452.50,73.61,212.40,0.7484,-1,-1,-1
792,5,597.83,584.10,72.33,233.09,0.5912,-1,-1,-1
792,72,1569.05,590.07,104.47,234.25,0.6773,-1,-1,-1
792,111,288.68,503.49,77.72,224.46,0.7439,-1,-1,-1
792,129,879.52,953.24,78.25,126.76,0.7580,-1,-1,-1
792,145,442.42,224.82,60.44,185.28,0.4488,-1,-1,-1
792,147,282.94,183.31,48.90,180.59,0.2993,-1,-1,-1
792,148,546.05,112.73,63.27,179.03,0.3211,-1,-1,-1
792,153,1027.11,623.84,74.51,235.03,0.7440,-1,-1,-1
792,156,1092.72,606.79,81.67,255.59,0.7663,-1,-1,-1
792,158,396.49,233.11,53.79,170.45,0.4270,-1,-1,-1
792,180,334.15,186.42,57.57,175.30,0.2159,-1,-1,-1
792,193,469.67,72.27,65.80,186.93,0.3986,-1,-1,-1
793,3,1722.75,452.41,73.21,211.99,0.7369,-1,-1,-1
793,5,600.21,585.41,71.81,229.16,0.5969,-1,-1,-1
793,72,1569.73,592.02,103.50,231.91,0.7006,-1,-1,-1
793,111,288.62,506.64,78.39,225.81,0.7209,-1,-1,-1
793,129,879.88,952.40,76.89,127.60,0.7587,-1,-1,-1
793,145,441.88,225.89,60.11,184.49,0.4411,-1,-1,-1
793,147,282.98,182.37,48.77,182.15,0.4088,-1,-1,-1
793,148,546.25,113.68,62.28,177.36,0.3214,-1,-1,-1
793,153,1024.50,620.32,75.98,241.22,0.7594,-1,-1,-1
793,156,1091.54,605.98,82.39,255.77,0.7804,-1,-1,-1
793,158,395.42,235.85,53.88,169.97,0.4424,-1,-1,-1
793,180,335.81,185.70,56.09,175.25,0.2708,-1,-1,-1
793,186,427.15,87.92,46.45,146.08,0.2642,-1,-1,-1
793,193,468.93,72.39,67.17,192.13,0.3894,-1,-1,-1
794,3,1722.84,452.65,74.01,212.71,0.7553,-1,-1,-1
794,5,601.08,584.77,74.09,237.59,0.5290,-1,-1,-1
794,72,1569.43,589.82,104.23,234.12,0.6838,-1,-1,-1
794,111,288.32,509.46,79.34,228.87,0.7037,-1,-1,-1
794,129,879.34,950.78,75.19,129.21,0.7508,-1,-1,-1
794,145,440.96,226.96,60.43,184.62,0.4774,-1,-1,-1
794,147,283.38,183.79,48.18,180.85,0.3825,-1,-1,-1
794,148,547.06,114.76,61.71,176.54,0.2521,-1,-1,-1
794,153,1023.39,618.73,76.47,243.70,0.7601,-1,-1,-1
794,156,1090.51,606.34,83.38,255.19,0.7447,-1,-1,-1
794,158,395.96,239.79,52.83,166.59,0.4559,-1,-1,-1
794,180,337.64,185.54,54.41,175.27,0.2877,-1,-1,-1
794,186,426.40,88.12,47.65,150.44,0.2163,-1,-1,-1
794,193,468.74,73.18,67.04,192.02,0.4191,-1,-1,-1
795,3,1722.20,452.72,73.53,210.97,0.7574,-1,-1,-1
795,5,600.63,583.84,79.00,257.63,0.4698,-1,-1,-1
795,72,1569.25,589.63,104.60,234.82,0.6853,-1,-1,-1
795,111,287.49,511.20,79.55,232.06,0.7140,-1,-1,-1
795,129,879.52,949.59,73.16,130.40,0.7325,-1,-1,-1
795,145,439.66,225.18,61.49,186.94,0.4588,-1,-1,-1
795,147,283.71,183.24,48.25,181.84,0.3837,-1,-1,-1
795,153,1020.90,616.14,76.86,245.36,0.7831,-1,-1,-1
795,156,1088.22,604.30,84.91,256.22,0.7677,-1,-1,-1
795,158,394.98,234.98,55.24,174.06,0.4297,-1,-1,-1
795,180,339.51,185.72,53.07,174.32,0.2945,-1,-1,-1
795,186,426.84,88.21,46.89,147.52,0.2689,-1,-1,-1
795,193,469.46,73.80,66.92,192.30,0.4335,-1,-1,-1
796,3,1723.01,452.02,73.60,211.86,0.7578,-1,-1,-1
796,5,601.58,584.71,82.95,278.08,0.4861,-1,-1,-1
796,72,1569.65,588.23,104.97,236.66,0.6230,-1,-1,-1
796,111,287.36,513.48,79.43,234.26,0.7402,-1,-1,-1
796,129,879.80,949.23,70.72,130.77,0.7514,-1,-1,-1
796,145,440.40,226.96,61.21,186.21,0.4974,-1,-1,-1
796,147,284.03,184.53,47.97,180.85,0.3458,-1,-1,-1
796,148,547.36,116.86,60.97,174.34,0.2321,-1,-1,-1
796,153,1018.66,616.26,76.09,245.18,0.8021,-1,-1,-1
796,156,1086.23,602.86,84.23,254.02,0.7898,-1,-1,-1
796,158,394.06,238.92,54.23,171.55,0.4845,-1,-1,-1
796,180,340.71,185.95,51.77,172.59,0.3591,-1,-1,-1
796,186,426.96,88.18,46.75,146.30,0.2207,-1,-1,-1
796,193,469.96,75.09,66.17,189.02,0.3838,-1,-1,-1
797,3,1723.17,451.35,73.87,213.92,0.7450,-1,-1,-1
797,5,604.14,584.56,81.70,280.78,0.4508,-1,-1,-1
797,72,1568.51,590.96,104.10,235.87,0.5980,-1,-1,-1
797,111,287.05,515.68,78.15,233.15,0.7352,-1,-1,-1
797,129,879.81,948.05,69.35,131.95,0.7461,-1,-1,-1
797,145,441.94,234.52,58.16,180.65,0.5165,-1,-1,-1
797,147,284.37,185.88,46.89,176.19,0.3084,-1,-1,-1
797,148,546.87,111.11,62.86,180.17,0.2182,-1,-1,-1
797,153,1016.72,615.10,75.82,247.39,0.8128,-1,-1,-1
797,156,1084.87,600.40,83.72,255.40,0.8018,-1,-1,-1
797,158,394.80,240.91,53.48,170.00,0.4827,-1,-1,-1
797,180,341.34,186.99,50.64,171.12,0.3615,-1,-1,-1
797,186,426.89,88.26,47.44,146.86,0.2662,-1,-1,-1
797,193,471.58,76.05,64.29,182.41,0.3105,-1,-1,-1
798,3,1723.15,451.84,73.24,212.57,0.7493,-1,-1,-1
798,5,606.72,585.52,78.05,274.39,0.4425,-1,-1,-1
798,72,1571.31,590.82,103.04,234.13,0.6813,-1,-1,-1
798,111,286.42,516.30,78.33,236.22,0.7570,-1,-1,-1
798,129,879.66,946.53,68.15,133.46,0.7295,-1,-1,-1
798,145,442.21,235.31,58.03,183.19,0.5096,-1,-1,-1
798,147,284.17,185.03,47.35,178.04,0.3240,-1,-1,-1
798,148,546.53,110.73,63.02,180.57,0.2301,-1,-1,-1
798,153,1016.07,614.16,75.29,246.93,0.8079,-1,-1,-1
798,156,1083.47,598.47,83.27,254.52,0.8042,-1,-1,-1
798,158,395.04,238.11,54.83,174.62,0.4818,-1,-1,-1
798,180,341.53,186.97,50.21,170.96,0.3554,-1,-1,-1
798,186,427.02,88.16,48.06,147.18,0.2454,-1,-1,-1
798,193,472.60,76.93,62.98,178.32,0.2668,-1,-1,-1
799,3,1723.62,451.96,72.57,212.13,0.7431,-1,-1,-1
799,72,1569.94,585.69,104.74,238.91,0.6099,-1,-1,-1
799,111,286.21,519.53,77.18,233.62,0.7684,-1,-1,-1
799,129,879.71,945.28,66.90,134.71,0.7112,-1,-1,-1
799,145,442.91,237.27,57.78,184.12,0.5635,-1,-1,-1
799,147,284.01,185.98,47.31,177.31,0.3131,-1,-1,-1
799,148,546.36,106.08,65.03,184.82,0.2150,-1,-1,-1
799,153,1013.84,616.59,74.07,244.92,0.7762,-1,-1,-1
799,156,1082.25,594.47,82.33,252.20,0.7762,-1,-1,-1
799,158,394.88,239.67,54.47,173.74,0.5211,-1,-1,-1
799,180,342.70,187.48,48.69,166.25,0.2713,-1,-1,-1
799,186,425.81,88.65,49.91,152.13,0.2834,-1,-1,-1
799,193,473.90,77.89,61.09,172.68,0.2886,-1,-1,-1
800,3,1723.30,452.17,72.36,211.21,0.7390,-1,-1,-1
800,72,1570.63,587.70,103.86,237.38,0.6165,-1,-1,-1
800,111,284.57,522.43,77.74,236.77,0.7765,-1,-1,-1
800,129,880.14,944.23,65.77,135.77,0.6971,-1,-1,-1
800,145,441.12,235.54,58.62,187.95,0.5498,-1,-1,-1
800,147,284.07,186.27,46.84,174.68,0.2995,-1,-1,-1
800,148,546.89,108.79,64.14,182.54,0.2394,-1,-1,-1
800,153,1012.14,615.65,74.01,244.46,0.7837,-1,-1,-1
800,156,1083.11,590.82,79.86,241.59,0.7349,-1,-1,-1
800,158,395.02,238.84,54.60,174.53,0.5141,-1,-1,-1
800,180,343.63,188.10,48.54,166.32,0.3340,-1,-1,-1
800,186,424.72,88.91,51.35,155.95,0.2965,-1,-1,-1
800,193,474.51,79.51,61.41,173.20,0.3130,-1,-1,-1
801,3,1722.66,452.55,72.85,212.38,0.7339,-1,-1,-1
801,72,1570.31,594.55,102.16,233.48,0.5835,-1,-1,-1
801,111,283.21,522.93,77.48,236.64,0.8035,-1,-1,-1
801,129,879.71,942.82,65.34,137.18,0.6649,-1,-1,-1
801,145,441.32,236.49,58.63,188.87,0.5207,-1,-1,-1
801,147,283.68,185.71,47.68,177.48,0.2863,-1,-1,-1
801,153,1009.05,613.19,74.22,243.82,0.7724,-1,-1,-1
801,156,1080.08,587.92,79.35,235.47,0.7592,-1,-1,-1
801,158,396.28,240.79,53.20,170.94,0.5210,-1,-1,-1
801,180,345.09,188.87,47.89,164.31,0.2844,-1,-1,-1
801,186,424.53,89.86,52.78,159.67,0.2943,-1,-1,-1
801,193,475.01,81.32,62.03,175.83,0.3017,-1,-1,-1
802,3,1722.80,451.83,72.70,211.61,0.7443,-1,-1,-1
802,72,1568.79,594.96,102.57,233.58,0.5782,-1,-1,-1
802,111,282.14,524.19,76.64,234.82,0.8037,-1,-1,-1
802,129,879.75,941.72,64.49,138.27,0.6456,-1,-1,-1
802,145,441.52,236.57,58.57,190.14,0.5692,-1,-1,-1
802,147,284.12,187.13,47.12,174.31,0.2525,-1,-1,-1
802,153,1008.51,611.66,73.99,245.50,0.7646,-1,-1,-1
802,156,1077.79,584.77,78.54,231.39,0.7485,-1,-1,-1
802,158,395.95,239.44,54.09,173.37,0.4900,-1,-1,-1
802,180,345.76,189.30,47.69,164.32,0.2895,-1,-1,-1
802,186,424.60,90.00,52.26,158.71,0.2391,-1,-1,-1
802,193,476.14,82.95,60.19,170.89,0.2240,-1,-1,-1
802,198,1611.01,1.59,50.93,127.78,0.2153,-1,-1,-1
803,3,1722.59,452.79,72.85,212.05,0.7406,-1,-1,-1
803,72,1568.89,596.94,101.79,230.70,0.5040,-1,-1,-1
803,111,281.58,525.11,76.67,234.44,0.7999,-1,-1,-1
803,129,879.36,942.60,62.87,137.40,0.6701,-1,-1,-1
803,145,441.56,238.32,57.89,189.25,0.5478,-1,-1,-1
803,147,284.06,188.18,47.24,174.10,0.2562,-1,-1,-1
803,153,1006.55,608.80,74.41,247.14,0.7585,-1,-1,-1
803,156,1076.03,582.57,78.74,235.47,0.7597,-1,-1,-1
803,158,395.52,238.67,54.25,174.33,0.4962,-1,-1,-1
803,180,346.56,190.70,46.66,161.30,0.2444,-1,-1,-1
803,186,424.62,90.74,51.66,158.40,0.2242,-1,-1,-1
803,193,473.94,83.92,63.35,181.46,0.3117,-1,-1,-1
804,3,1722.41,452.55,72.99,212.31,0.7466,-1,-1,-1
804,72,1568.18,596.11,102.75,231.41,0.5803,-1,-1,-1
804,111,280.49,526.61,75.75,232.55,0.7956,-1,-1,-1
804,129,879.23,941.35,62.64,138.65,0.6738,-1,-1,-1
804,145,441.83,239.26,57.50,189.17,0.5598,-1,-1,-1
804,147,283.83,187.55,47.31,173.59,0.2703,-1,-1,-1
804,148,547.91,109.10,64.36,181.59,0.2530,-1,-1,-1
804,153,1004.24,605.59,73.97,245.35,0.7367,-1,-1,-1
804,156,1074.94,579.46,78.05,238.62,0.7574,-1,-1,-1
804,158,395.53,239.65,53.68,172.99,0.5354,-1,-1,-1
804,180,347.33,192.48,45.57,157.83,0.2692,-1,-1,-1
804,186,424.16,92.26,51.07,157.55,0.2163,-1,-1,-1
804,193,473.67,84.20,63.56,185.02,0.4084,-1,-1,-1
804,198,1612.40,1.73,52.27,132.14,0.2310,-1,-1,-1
805,3,1721.86,453.17,73.43,212.40,0.7360,-1,-1,-1
805,72,1568.00,594.74,103.72,232.53,0.6026,-1,-1,-1
805,111,279.14,527.18,76.09,232.26,0.8018,-1,-1,-1
805,129,879.36,939.40,62.77,140.60,0.6636,-1,-1,-1
805,145,442.81,240.26,57.12,187.79,0.6113,-1,-1,-1
805,147,282.61,180.35,49.33,181.58,0.2591,-1,-1,-1
805,148,548.69,112.01,63.88,179.29,0.2805,-1,-1,-1
805,153,1002.21,602.09,72.23,239.70,0.7569,-1,-1,-1
805,156,1074.05,577.42,77.43,243.07,0.7711,-1,-1,-1
805,158,395.03,242.07,52.82,170.92,0.5300,-1,-1,-1
805,180,347.15,193.17,44.87,155.67,0.2773,-1,-1,-1
805,186,423.74,95.43,51.01,158.08,0.2543,-1,-1,-1
805,193,473.32,83.42,63.31,186.26,0.3924,-1,-1,-1
805,198,1615.14,1.80,52.20,131.97,0.2117,-1,-1,-1
806,3,1721.92,452.60,73.68,212.35,0.7467,-1,-1,-1
806,72,1569.29,595.71,103.28,232.24,0.6058,-1,-1,-1
806,111,278.07,528.10,76.44,231.37,0.8027,-1,-1,-1
806,129,879.37,938.41,62.61,141.60,0.6660,-1,-1,-1
806,145,443.38,239.26,57.05,188.43,0.4956,-1,-1,-1
806,147,282.76,176.18,50.52,186.57,0.2643,-1,-1,-1
806,148,549.61,112.82,63.79,177.09,0.2888,-1,-1,-1
806,153,1000.12,599.49,71.68,237.71,0.7663,-1,-1,-1
806,156,1074.30,575.17,75.96,245.83,0.7756,-1,-1,-1
806,158,394.18,237.37,54.48,176.88,0.4840,-1,-1,-1
806,180,347.33,192.91,45.11,157.17,0.3197,-1,-1,-1
806,186,424.69,99.60,50.36,155.76,0.2423,-1,-1,-1
806,193,473.00,83.31,63.23,187.36,0.4025,-1,-1,-1
806,198,1615.17,2.00,52.68,133.84,0.2300,-1,-1,-1
806,199,1066.62,0.03,43.53,62.58,0.2246,-1,-1,-1
807,3,1722.32,454.15,74.34,212.95,0.7261,-1,-1,-1
807,72,1569.68,598.03,102.21,229.74,0.6048,-1,-1,-1
807,111,277.76,528.99,76.54,229.94,0.7918,-1,-1,-1
807,129,879.07,937.47,62.33,142.54,0.6362,-1,-1,-1
807,145,443.48,238.85,56.66,187.88,0.4908,-1,-1,-1
807,147,283.43,184.03,48.81,179.08,0.3114,-1,-1,-1
807,148,549.31,110.77,64.62,179.14,0.2752,-1,-1,-1
807,153,998.24,597.17,71.14,234.81,0.7667,-1,-1,-1
807,156,1073.85,574.30,74.62,245.52,0.7758,-1,-1,-1
807,158,393.64,238.21,55.03,178.72,0.4864,-1,-1,-1
807,180,347.53,192.88,44.47,155.37,0.2597,-1,-1,-1
807,186,425.62,102.87,50.30,155.82,0.2432,-1,-1,-1
807,193,474.63,83.32,63.06,188.33,0.3514,-1,-1,-1
807,198,1617.23,2.07,51.81,131.65,0.2203,-1,-1,-1
808,3,1722.42,453.95,74.45,212.40,0.7252,-1,-1,-1
808,41,775.69,105.39,57.53,201.26,0.2122,-1,-1,-1
808,72,1570.93,592.88,103.64,232.27,0.6522,-1,-1,-1
808,111,277.28,530.13,76.41,228.91,0.7946,-1,-1,-1
808,129,878.99,936.60,62.00,143.40,0.6371,-1,-1,-1
808,145,443.25,241.20,56.69,186.05,0.5661,-1,-1,-1
808,147,283.86,186.16,48.07,175.04,0.3020,-1,-1,-1
808,148,549.67,106.27,66.48,183.74,0.2211,-1,-1,-1
808,153,997.63,595.24,70.00,231.29,0.7692,-1,-1,-1
808,156,1071.96,573.59,74.56,245.08,0.7735,-1,-1,-1
808,158,393.72,245.52,53.44,172.61,0.4969,-1,-1,-1
808,180,349.24,203.51,41.54,144.56,0.2167,-1,-1,-1
808,186,426.95,105.34,50.38,155.47,0.2417,-1,-1,-1
808,193,474.52,84.88,63.77,190.96,0.3447,-1,-1,-1
809,3,1722.21,455.56,73.97,209.93,0.7297,-1,-1,-1
809,72,1570.49,595.04,102.87,229.61,0.6825,-1,-1,-1
809,111,276.45,531.58,76.74,228.41,0.8008,-1,-1,-1
809,129,879.51,936.96,61.15,142.77,0.6370,-1,-1,-1
809,145,441.57,240.54,57.79,186.49,0.5266,-1,-1,-1
809,147,283.64,187.00,48.71,176.96,0.3138,-1,-1,-1
809,148,549.16,102.63,67.75,187.53,0.2155,-1,-1,-1
809,153,995.65,593.65,69.95,234.36,0.7697,-1,-1,-1
809,156,1069.82,573.39,75.41,246.04,0.7827,-1,-1,-1
809,158,392.27,247.91,53.99,173.99,0.4410,-1,-1,-1
809,180,349.18,199.69,42.81,148.98,0.2007,-1,-1,-1
809,193,473.66,84.16,64.38,192.55,0.2671,-1,-1,-1
809,199,1066.81,0.00,43.70,63.09,0.2023,-1,-1,-1
810,3,1721.86,452.42,74.68,213.58,0.7340,-1,-1,-1
810,41,776.00,104.12,58.49,203.17,0.2040,-1,-1,-1
810,72,1570.58,596.06,103.03,228.93,0.6893,-1,-1,-1
810,111,275.80,533.21,77.06,228.98,0.7915,-1,-1,-1
810,129,879.48,936.23,60.90,142.65,0.6510,-1,-1,-1
810,145,441.33,244.44,57.93,182.97,0.5847,-1,-1,-1
810,147,283.49,182.00,49.64,180.65,0.2833,-1,-1,-1
810,148,551.62,112.66,64.61,177.24,0.2318,-1,-1,-1
810,153,994.49,592.50,70.28,236.94,0.7627,-1,-1,-1
810,156,1067.43,573.43,75.74,244.21,0.7690,-1,-1,-1
810,158,389.61,250.88,54.62,173.97,0.4381,-1,-1,-1
810,182,684.21,217.46,68.08,113.26,0.2010,-1,-1,-1
810,193,473.47,84.55,63.62,189.87,0.3249,-1,-1,-1
810,199,1067.45,0.01,43.24,62.73,0.2229,-1,-1,-1
811,3,1722.12,452.29,73.80,211.99,0.7313,-1,-1,-1
811,72,1571.55,598.82,101.93,225.51,0.6999,-1,-1,-1
811,111,275.26,535.29,77.98,231.53,0.7991,-1,-1,-1
811,129,879.48,935.65,61.71,143.20,0.6637,-1,-1,-1
811,145,441.26,244.44,58.84,183.75,0.5261,-1,-1,-1
811,147,283.82,179.32,49.77,181.33,0.2836,-1,-1,-1
811,148,551.75,106.82,66.92,183.31,0.2285,-1,-1,-1
811,153,991.87,592.01,69.81,236.98,0.7654,-1,-1,-1
811,156,1066.05,571.72,76.62,245.86,0.7718,-1,-1,-1
811,158,390.82,252.35,55.04,175.16,0.4032,-1,-1,-1
811,193,473.48,84.28,65.29,194.32,0.3101,-1,-1,-1
811,199,1068.63,0.01,43.13,62.81,0.2312,-1,-1,-1
812,3,1722.93,451.89,73.80,213.37,0.7280,-1,-1,-1
812,41,789.36,132.77,50.43,174.89,0.2079,-1,-1,-1
812,72,1570.78,594.36,103.37,229.80,0.6660,-1,-1,-1
812,111,274.71,536.81,78.34,233.62,0.7987,-1,-1,-1
812,129,878.91,935.54,62.09,143.40,0.6738,-1,-1,-1
812,145,441.82,244.22,58.76,182.52,0.5487,-1,-1,-1
812,147,284.26,179.38,49.80,180.69,0.2839,-1,-1,-1
812,148,554.36,116.68,63.30,171.99,0.2161,-1,-1,-1
812,153,990.69,590.92,69.29,238.95,0.7566,-1,-1,-1
812,156,1063.56,570.97,76.17,245.21,0.7598,-1,-1,-1
812,158,390.23,254.70,54.06,172.33,0.4489,-1,-1,-1
812,193,473.53,84.88,65.24,192.28,0.2398,-1,-1,-1
812,199,1069.15,-0.02,42.79,62.85,0.2199,-1,-1,-1
813,3,1722.98,452.02,73.38,213.12,0.7347,-1,-1,-1
813,41,790.49,135.27,50.48,173.57,0.2958,-1,-1,-1
813,72,1571.24,597.21,102.68,227.20,0.6661,-1,-1,-1
813,111,273.41,538.20,79.15,237.71,0.7923,-1,-1,-1
813,129,878.40,935.68,62.57,143.28,0.6733,-1,-1,-1
813,145,440.88,242.08,59.65,184.74,0.4710,-1,-1,-1
813,147,283.96,175.38,50.30,182.24,0.2780,-1,-1,-1
813,148,554.89,117.66,63.14,171.10,0.2352,-1,-1,-1
813,153,988.39,590.75,68.94,239.44,0.7701,-1,-1,-1
813,156,1062.43,569.36,75.88,247.52,0.7508,-1,-1,-1
813,158,389.17,256.10,54.25,173.64,0.4937,-1,-1,-1
813,193,473.76,87.56,63.60,186.11,0.2978,-1,-1,-1
813,199,1069.52,-0.00,42.73,63.23,0.2285,-1,-1,-1
814,3,1723.55,452.63,72.89,212.18,0.7231,-1,-1,-1
814,41,791.47,136.88,50.41,171.84,0.3232,-1,-1,-1
814,72,1571.27,597.30,102.93,227.56,0.6815,-1,-1,-1
814,111,273.03,540.06,78.54,235.15,0.7850,-1,-1,-1
814,129,877.73,935.37,62.89,143.33,0.6511,-1,-1,-1
814,145,440.35,245.02,59.56,182.56,0.5469,-1,-1,-1
814,147,284.52,176.16,50.08,180.95,0.2726,-1,-1,-1
814,148,556.29,117.58,63.10,170.42,0.2048,-1,-1,-1
814,153,986.48,589.76,67.73,236.00,0.7690,-1,-1,-1
814,156,1061.80,567.18,74.11,242.24,0.7253,-1,-1,-1
814,158,387.84,257.53,54.68,176.64,0.4727,-1,-1,-1
814,193,473.36,89.17,63.42,184.48,0.3125,-1,-1,-1
815,3,1723.67,452.92,72.53,211.28,0.7360,-1,-1,-1
815,41,794.03,141.43,50.33,167.41,0.2877,-1,-1,-1
815,72,1571.69,596.05,103.49,228.31,0.6789,-1,-1,-1
815,111,272.45,542.31,78.58,235.18,0.7996,-1,-1,-1
815,129,877.53,935.01,63.41,144.14,0.6604,-1,-1,-1
815,145,439.15,244.33,61.12,186.19,0.4968,-1,-1,-1
815,147,285.67,183.04,49.11,175.52,0.3370,-1,-1,-1
815,148,555.22,110.33,66.13,178.34,0.2079,-1,-1,-1
815,153,985.93,589.83,66.70,231.56,0.7668,-1,-1,-1
815,156,1061.35,565.39,71.02,232.24,0.7497,-1,-1,-1
815,158,387.44,260.11,53.74,174.61,0.4831,-1,-1,-1
815,193,472.45,89.79,63.54,184.50,0.3853,-1,-1,-1
815,198,1625.78,5.49,51.25,131.67,0.2411,-1,-1,-1
816,3,1723.77,452.11,72.63,213.07,0.7306,-1,-1,-1
816,41,795.43,141.16,51.45,166.84,0.2956,-1,-1,-1
816,72,1571.79,596.53,103.19,228.04,0.6860,-1,-1,-1
816,111,271.38,545.48,79.71,238.35,0.8064,-1,-1,-1
816,129,876.57,934.26,63.89,144.90,0.6881,-1,-1,-1
816,145,437.72,248.55,61.64,186.33,0.5220,-1,-1,-1
816,147,286.40,184.87,49.18,173.53,0.3141,-1,-1,-1
816,148,556.54,115.59,64.11,171.92,0.2071,-1,-1,-1
816,153,984.46,588.67,66.28,225.92,0.7578,-1,-1,-1
816,156,1060.07,564.20,69.73,229.03,0.7784,-1,-1,-1
816,158,386.99,261.70,53.75,173.87,0.4869,-1,-1,-1
816,193,472.10,89.85,63.01,183.41,0.3827,-1,-1,-1
816,198,1627.05,5.12,50.70,132.00,0.3218,-1,-1,-1
816,199,1068.15,-0.04,44.99,68.25,0.2088,-1,-1,-1
817,3,1724.02,455.01,71.85,209.18,0.7355,-1,-1,-1
817,41,795.38,141.60,52.60,168.30,0.2608,-1,-1,-1
817,72,1571.22,597.41,103.11,227.08,0.6832,-1,-1,-1
817,111,271.37,548.40,79.43,235.69,0.8117,-1,-1,-1
817,129,875.72,934.13,63.67,144.73,0.6947,-1,-1,-1
817,145,437.95,251.66,61.19,184.51,0.5880,-1,-1,-1
817,147,287.23,184.92,49.51,172.58,0.2871,-1,-1,-1
817,148,556.37,118.67,63.21,169.42,0.2295,-1,-1,-1
817,153,982.46,586.73,66.07,221.86,0.7637,-1,-1,-1
817,156,1057.54,560.88,68.75,229.66,0.8024,-1,-1,-1
817,158,387.16,264.46,52.98,169.42,0.5317,-1,-1,-1
817,193,471.96,91.61,62.87,184.18,0.4440,-1,-1,-1
817,198,1628.16,3.52,50.62,134.38,0.3795,-1,-1,-1
818,3,1722.55,452.14,73.33,213.85,0.7291,-1,-1,-1
818,41,792.62,132.21,57.35,178.54,0.3253,-1,-1,-1
818,72,1569.29,593.45,105.04,231.63,0.6823,-1,-1,-1
818,111,271.56,550.46,80.25,239.19,0.8095,-1,-1,-1
818,129,874.61,933.69,64.26,145.60,0.7191,-1,-1,-1
818,145,437.98,255.72,60.95,183.85,0.5598,-1,-1,-1
818,147,287.52,185.16,50.07,172.47,0.3161,-1,-1,-1
818,148,556.61,120.68,62.74,167.77,0.2659,-1,-1,-1
818,153,981.76,585.64,65.44,216.66,0.7787,-1,-1,-1
818,156,1055.24,558.37,68.67,230.57,0.7992,-1,-1,-1
818,158,386.14,266.61,52.26,166.71,0.5093,-1,-1,-1
818,186,429.35,108.17,52.20,160.24,0.2075,-1,-1,-1
818,193,472.15,93.42,62.03,183.64,0.3772,-1,-1,-1
818,198,1628.51,2.54,51.22,137.70,0.2812,-1,-1,-1
818,199,1065.93,-0.01,47.61,73.99,0.2303,-1,-1,-1
818,200,1424.12,45.43,58.40,165.13,0.2695,-1,-1,-1
819,3,1723.64,453.69,73.04,212.41,0.7254,-1,-1,-1
819,41,792.91,132.20,58.33,178.45,0.3425,-1,-1,-1
819,72,1570.53,597.05,103.16,227.83,0.7097,-1,-1,-1
819,111,271.94,551.59,79.67,238.92,0.7907,-1,-1,-1
819,129,874.15,934.59,64.73,144.84,0.7204,-1,-1,-1
819,145,436.44,256.03,61.65,186.60,0.6077,-1,-1,-1
819,147,288.75,185.24,51.08,173.17,0.2884,-1,-1,-1
819,148,556.89,123.16,61.74,164.55,0.3194,-1,-1,-1
819,153,979.47,583.86,65.01,216.61,0.8196,-1,-1,-1
819,156,1051.54,554.13,71.11,235.55,0.8177,-1,-1,-1
819,158,385.18,264.89,52.81,167.57,0.5216,-1,-1,-1
819,186,429.81,109.45,52.91,162.06,0.2251,-1,-1,-1
819,193,471.23,94.91,62.52,187.14,0.4015,-1,-1,-1
819,199,1066.21,-0.01,47.80,75.12,0.2316,-1,-1,-1
819,200,1425.41,44.13,57.14,161.58,0.2444,-1,-1,-1
820,3,1723.37,455.83,72.58,209.40,0.7247,-1,-1,-1
820,41,791.93,131.31,59.82,180.14,0.3460,-1,-1,-1
820,72,1570.82,596.14,103.49,228.31,0.7059,-1,-1,-1
820,111,272.69,552.12,79.10,239.61,0.8012,-1,-1,-1
820,129,873.06,935.04,64.77,144.91,0.7121,-1,-1,-1
820,145,436.93,260.45,61.13,183.97,0.6611,-1,-1,-1
820,147,289.26,186.41,51.76,172.80,0.2756,-1,-1,-1
820,148,556.60,121.09,62.64,166.90,0.2927,-1,-1,-1
820,153,977.13,579.63,65.84,219.40,0.8336,-1,-1,-1
820,156,1047.37,553.30,73.28,236.18,0.8185,-1,-1,-1
820,158,384.18,265.19,53.57,168.81,0.5371,-1,-1,-1
820,186,429.06,110.12,52.99,161.92,0.2411,-1,-1,-1
820,193,470.84,93.50,62.98,192.40,0.5040,-1,-1,-1
820,199,1064.72,-0.06,49.17,78.14,0.2226,-1,-1,-1
820,200,1425.53,42.79,56.13,157.94,0.2102,-1,-1,-1
821,3,1723.11,452.60,73.34,212.84,0.7162,-1,-1,-1
821,41,791.53,132.65,60.31,179.35,0.3238,-1,-1,-1
821,72,1570.65,597.09,103.23,227.62,0.6981,-1,-1,-1
821,111,272.98,552.56,78.57,238.22,0.7831,-1,-1,-1
821,129,873.10,934.78,64.95,145.22,0.7218,-1,-1,-1
821,145,435.52,260.48,62.68,188.07,0.6443,-1,-1,-1
821,147,289.24,184.89,53.09,175.05,0.2930,-1,-1,-1
821,148,556.95,121.57,62.57,166.08,0.2483,-1,-1,-1
821,153,975.21,576.52,66.50,220.97,0.8350,-1,-1,-1
821,156,1045.08,551.80,75.86,236.45,0.8371,-1,-1,-1
821,158,382.48,264.72,54.41,170.63,0.5338,-1,-1,-1
821,186,428.87,111.61,53.47,163.48,0.2897,-1,-1,-1
821,193,470.22,89.22,64.47,200.74,0.4887,-1,-1,-1
821,199,1063.78,-0.01,50.41,80.42,0.2093,-1,-1,-1
822,3,1722.87,453.19,73.36,212.43,0.7219,-1,-1,-1
822,41,790.98,133.67,60.67,177.45,0.3746,-1,-1,-1
822,72,1571.71,596.15,103.13,228.24,0.7121,-1,-1,-1
822,111,273.30,554.06,78.67,237.60,0.7676,-1,-1,-1
822,129,872.78,935.61,64.92,144.39,0.7199,-1,-1,-1
822,145,436.06,261.34,62.46,187.32,0.6091,-1,-1,-1
822,147,288.60,182.35,54.33,178.68,0.2751,-1,-1,-1
822,148,556.66,120.99,62.85,166.31,0.2478,-1,-1,-1
822,153,974.05,573.54,66.02,215.21,0.8115,-1,-1,-1
822,156,1042.84,550.63,78.45,237.56,0.8328,-1,-1,-1
822,158,382.99,264.23,54.32,171.03,0.4873,-1,-1,-1
822,186,428.51,112.63,52.95,163.46,0.2555,-1,-1,-1
822,193,470.23,89.59,63.90,202.37,0.4755,-1,-1,-1
822,199,1063.65,-0.01,51.16,80.91,0.2108,-1,-1,-1
823,3,1722.51,453.27,73.40,212.51,0.7328,-1,-1,-1
823,41,790.70,134.05,61.47,177.53,0.3531,-1,-1,-1
823,72,1570.95,595.35,103.35,228.86,0.6896,-1,-1,-1
823,111,273.56,554.77,78.72,236.57,0.7801,-1,-1,-1
823,129,872.18,936.47,64.66,143.51,0.7138,-1,-1,-1
823,145,436.95,261.77,61.99,187.13,0.6339,-1,-1,-1
823,147,289.66,183.55,54.22,176.89,0.2552,-1,-1,-1
823,148,556.42,121.79,62.35,164.94,0.2733,-1,-1,-1
823,153,971.56,569.37,69.04,226.44,0.8126,-1,-1,-1
823,156,1042.01,549.59,80.90,240.92,0.8220,-1,-1,-1
823,158,382.35,267.90,53.97,167.98,0.5639,-1,-1,-1
823,186,428.76,115.29,51.77,159.20,0.2313,-1,-1,-1
823,193,470.29,91.13,63.10,201.44,0.4619,-1,-1,-1
824,3,1722.96,456.13,73.03,209.95,0.7124,-1,-1,-1
824,41,790.35,133.26,62.50,178.43,0.3810,-1,-1,-1
824,72,1571.03,596.35,103.40,228.26,0.6776,-1,-1,-1
824,111,273.34,555.44,79.28,236.20,0.7698,-1,-1,-1
824,129,871.78,936.74,64.76,142.07,0.7265,-1,-1,-1
824,145,436.69,262.13,61.73,187.36,0.6669,-1,-1,-1
824,147,290.41,185.07,53.90,175.33,0.2141,-1,-1,-1
824,148,555.51,114.84,65.14,172.43,0.2213,-1,-1,-1
824,153,966.91,568.33,70.22,231.64,0.7732,-1,-1,-1
824,156,1038.85,548.09,84.06,243.66,0.7980,-1,-1,-1
824,158,382.78,270.51,53.76,166.90,0.5496,-1,-1,-1
824,186,429.00,116.48,51.24,158.20,0.2488,-1,-1,-1
824,193,470.77,92.28,62.27,201.00,0.4805,-1,-1,-1
825,3,1722.17,454.33,74.23,211.95,0.7154,-1,-1,-1
825,41,791.37,133.78,62.66,178.10,0.3888,-1,-1,-1
825,72,1571.78,599.30,101.91,225.00,0.6944,-1,-1,-1
825,111,273.06,557.22,79.43,233.91,0.7742,-1,-1,-1
825,129,870.68,937.46,65.03,142.03,0.6985,-1,-1,-1
825,145,436.36,262.64,61.64,187.41,0.6560,-1,-1,-1
825,147,291.09,181.58,54.88,178.23,0.3281,-1,-1,-1
825,148,555.24,117.26,64.04,169.86,0.2567,-1,-1,-1
825,153,965.48,566.78,69.74,232.89,0.7745,-1,-1,-1
825,156,1038.63,548.42,87.09,244.68,0.7935,-1,-1,-1
825,158,382.08,271.42,54.21,168.41,0.5607,-1,-1,-1
825,186,428.54,117.79,50.76,157.68,0.2455,-1,-1,-1
825,193,470.95,94.00,61.66,199.86,0.4358,-1,-1,-1
825,198,1635.11,5.49,52.75,144.65,0.2066,-1,-1,-1
826,3,1721.33,455.77,74.41,209.18,0.7347,-1,-1,-1
826,41,793.09,133.88,62.45,179.08,0.3371,-1,-1,-1
826,72,1572.06,596.81,102.67,227.10,0.6841,-1,-1,-1
826,111,272.89,559.09,79.80,231.96,0.7890,-1,-1,-1
826,129,869.38,937.84,65.72,142.13,0.7043,-1,-1,-1
826,145,435.49,263.74,61.70,186.56,0.6904,-1,-1,-1
826,147,292.82,178.60,55.10,180.14,0.2603,-1,-1,-1
826,148,555.61,116.70,63.93,169.71,0.2582,-1,-1,-1
826,153,963.31,565.28,69.56,234.42,0.7712,-1,-1,-1
826,156,1037.70,547.69,88.09,241.93,0.7725,-1,-1,-1
826,158,381.93,271.96,53.86,167.61,0.5283,-1,-1,-1
826,186,428.47,119.68,49.36,153.29,0.2264,-1,-1,-1
826,193,471.21,93.08,61.45,199.51,0.4358,-1,-1,-1
826,198,1637.12,5.77,51.70,142.98,0.2909,-1,-1,-1
827,3,1721.42,454.42,75.44,211.27,0.7303,-1,-1,-1
827,41,792.17,132.21,63.16,180.04,0.3418,-1,-1,-1
827,72,1571.61,596.77,103.04,227.43,0.6698,-1,-1,-1
827,111,272.48,560.00,80.37,231.10,0.7894,-1,-1,-1
827,129,869.62,939.13,65.80,140.88,0.7118,-1,-1,-1
827,145,435.99,264.42,61.24,185.26,0.6709,-1,-1,-1
827,147,295.75,181.58,54.22,176.31,0.2243,-1,-1,-1
827,148,555.69,115.63,64.71,171.68,0.2414,-1,-1,-1
827,153,962.71,563.85,68.29,231.60,0.7662,-1,-1,-1
827,156,1035.72,546.77,89.60,241.64,0.7690,-1,-1,-1
827,158,380.55,271.88,54.44,169.07,0.5155,-1,-1,-1
827,186,426.74,119.80,49.83,154.83,0.2216,-1,-1,-1
827,193,471.60,95.82,60.59,196.07,0.4095,-1,-1,-1
827,198,1637.58,5.69,51.40,143.62,0.3149,-1,-1,-1
827,199,1064.75,-0.03,52.17,82.09,0.2017,-1,-1,-1
828,3,1720.79,453.27,75.32,212.12,0.7416,-1,-1,-1
828,41,792.25,132.65,63.25,179.25,0.3351,-1,-1,-1
828,72,1572.36,595.87,103.20,228.45,0.6726,-1,-1,-1
828,111,272.27,561.67,80.73,231.01,0.7897,-1,-1,-1
828,129,869.01,939.38,66.12,140.63,0.7060,-1,-1,-1
828,145,436.24,264.11,61.01,185.10,0.6805,-1,-1,-1
828,148,556.11,117.24,64.02,169.92,0.2252,-1,-1,-1
828,153,960.38,563.39,68.44,230.68,0.7608,-1,-1,-1
828,156,1034.81,544.76,91.67,243.70,0.7913,-1,-1,-1
828,158,377.31,271.80,56.22,173.06,0.5264,-1,-1,-1
828,193,471.78,96.70,60.27,194.63,0.4337,-1,-1,-1
828,198,1638.99,7.56,50.58,142.24,0.2489,-1,-1,-1
828,199,1065.24,0.02,52.00,81.80,0.2352,-1,-1,-1
829,3,1721.42,452.82,74.98,212.57,0.7356,-1,-1,-1
829,41,793.89,133.34,63.22,178.68,0.3183,-1,-1,-1
829,72,1571.97,596.23,102.99,227.57,0.6824,-1,-1,-1
829,111,271.74,562.40,81.71,234.14,0.7947,-1,-1,-1
829,129,869.85,939.47,65.82,140.53,0.7155,-1,-1,-1
829,145,436.41,264.30,60.92,185.17,0.6978,-1,-1,-1
829,153,959.14,561.79,69.09,232.72,0.7777,-1,-1,-1
829,156,1032.59,543.13,91.83,244.02,0.7742,-1,-1,-1
829,158,377.73,272.47,56.99,175.54,0.5468,-1,-1,-1
829,186,426.94,121.10,48.64,150.89,0.2320,-1,-1,-1
829,193,472.07,98.79,60.57,195.81,0.4350,-1,-1,-1
829,199,1066.53,0.01,51.79,82.15,0.3061,-1,-1,-1
830,3,1721.25,452.62,74.83,212.79,0.7458,-1,-1,-1
830,41,795.27,134.02,62.96,178.67,0.3170,-1,-1,-1
830,72,1571.59,593.85,103.56,230.06,0.6841,-1,-1,-1
830,111,271.76,563.60,82.06,238.70,0.7990,-1,-1,-1
830,129,868.93,941.00,65.87,139.01,0.7040,-1,-1,-1
830,145,435.97,266.01,60.63,183.50,0.6679,-1,-1,-1
830,153,958.27,562.26,68.49,232.39,0.7996,-1,-1,-1
830,156,1032.74,540.81,92.37,245.70,0.7964,-1,-1,-1
830,158,373.73,272.47,58.30,177.24,0.5586,-1,-1,-1
830,186,426.34,120.95,48.45,150.81,0.2518,-1,-1,-1
830,193,472.77,102.12,60.00,193.97,0.3677,-1,-1,-1
830,199,1067.69,0.02,52.13,83.15,0.2557,-1,-1,-1
831,3,1722.13,455.84,74.31,210.06,0.7314,-1,-1,-1
831,41,796.63,134.27,62.53,179.69,0.3394,-1,-1,-1
831,72,1572.18,593.76,102.94,230.49,0.7001,-1,-1,-1
831,111,271.46,566.06,82.07,242.84,0.8093,-1,-1,-1
831,129,869.31,941.40,65.78,138.61,0.7115,-1,-1,-1
831,145,435.67,266.58,60.90,183.89,0.6207,-1,-1,-1
831,153,957.06,562.73,68.35,232.76,0.8019,-1,-1,-1
831,156,1031.52,538.26,92.26,247.00,0.7988,-1,-1,-1
831,158,372.02,273.58,59.44,180.28,0.5296,-1,-1,-1
831,186,426.20,120.98,47.99,149.96,0.2136,-1,-1,-1
831,193,473.05,103.55,60.67,194.56,0.3572,-1,-1,-1
832,3,1720.90,452.96,75.11,212.80,0.7499,-1,-1,-1
832,41,797.48,134.35,62.27,179.46,0.3397,-1,-1,-1
832,72,1572.64,592.39,102.95,231.65,0.6929,-1,-1,-1
832,111,271.50,569.20,81.47,242.66,0.8219,-1,-1,-1
832,129,869.77,942.35,65.77,137.65,0.6851,-1,-1,-1
832,145,436.39,267.65,61.38,183.97,0.6227,-1,-1,-1
832,153,955.43,562.57,68.05,231.26,0.7728,-1,-1,-1
832,156,1029.66,535.38,89.89,245.27,0.7805,-1,-1,-1
832,158,371.51,273.64,60.04,181.53,0.5159,-1,-1,-1
832,186,425.95,121.25,47.55,149.30,0.2250,-1,-1,-1
832,193,477.60,105.03,54.19,168.86,0.2592,-1,-1,-1
832,199,1067.52,0.24,55.58,90.54,0.2150,-1,-1,-1
833,3,1720.55,452.87,75.34,213.30,0.7513,-1,-1,-1
833,41,798.07,134.99,61.62,177.98,0.3584,-1,-1,-1
833,72,1571.90,590.88,103.25,233.21,0.6643,-1,-1,-1
833,111,270.49,571.73,81.66,243.97,0.8197,-1,-1,-1
833,129,869.98,943.46,65.84,136.55,0.7041,-1,-1,-1
833,145,435.59,267.39,62.59,187.32,0.6191,-1,-1,-1
833,148,555.06,113.58,65.09,173.48,0.2353,-1,-1,-1
833,153,953.48,560.28,68.44,232.25,0.7714,-1,-1,-1
833,156,1030.75,532.99,85.10,232.01,0.7928,-1,-1,-1
833,158,370.21,272.12,61.06,184.12,0.4356,-1,-1,-1
833,193,480.69,106.21,49.93,150.10,0.2323,-1,-1,-1
834,3,1720.49,455.26,75.50,210.15,0.7542,-1,-1,-1
834,41,799.03,135.23,61.68,178.36,0.3470,-1,-1,-1
834,72,1571.83,590.24,103.60,234.00,0.6828,-1,-1,-1
834,111,269.87,574.09,81.34,243.62,0.8161,-1,-1,-1
834,129,870.14,943.96,66.78,136.05,0.7142,-1,-1,-1
834,145,435.31,267.83,63.19,190.02,0.5849,-1,-1,-1
834,148,554.66,115.15,64.52,171.40,0.2402,-1,-1,-1
834,153,951.07,554.13,70.03,239.38,0.7566,-1,-1,-1
834,156,1030.61,528.47,83.83,231.50,0.8008,-1,-1,-1
834,158,368.80,272.51,61.05,183.41,0.3894,-1,-1,-1
835,3,1720.00,453.14,77.23,214.18,0.7453,-1,-1,-1
835,41,801.48,135.32,60.44,176.74,0.3550,-1,-1,-1
835,72,1570.78,588.82,104.24,235.26,0.6455,-1,-1,-1
835,111,269.34,576.38,80.66,245.15,0.8264,-1,-1,-1
835,129,869.36,943.28,68.49,136.72,0.6990,-1,-1,-1
835,145,437.03,271.03,62.27,189.32,0.6504,-1,-1,-1
835,148,554.65,117.44,63.88,169.21,0.2132,-1,-1,-1
835,153,949.05,552.40,69.64,238.53,0.7588,-1,-1,-1
835,156,1029.94,525.86,82.29,231.53,0.7954,-1,-1,-1
835,158,371.92,279.06,57.91,174.19,0.4340,-1,-1,-1
836,3,1719.42,456.23,76.66,210.09,0.7407,-1,-1,-1
836,41,802.54,135.79,59.75,176.25,0.3888,-1,-1,-1
836,72,1570.81,591.00,103.66,233.40,0.6672,-1,-1,-1
836,111,269.02,579.02,80.24,244.77,0.8160,-1,-1,-1
836,129,867.45,943.01,71.63,136.99,0.7306,-1,-1,-1
836,145,437.60,273.66,61.30,189.45,0.6299,-1,-1,-1
836,148,554.60,117.15,64.38,170.44,0.2072,-1,-1,-1
836,153,949.42,550.02,66.87,227.07,0.7773,-1,-1,-1
836,156,1030.28,523.06,80.24,233.53,0.7916,-1,-1,-1
836,158,372.35,279.86,57.55,173.35,0.4681,-1,-1,-1
837,3,1719.96,453.97,77.61,213.60,0.7496,-1,-1,-1
837,41,801.61,135.08,60.82,177.94,0.3657,-1,-1,-1
837,72,1570.04,589.74,104.93,234.90,0.6250,-1,-1,-1
837,111,268.26,580.20,79.88,244.16,0.8028,-1,-1,-1
837,129,867.09,943.26,73.15,136.74,0.7275,-1,-1,-1
837,145,438.80,277.60,59.62,187.31,0.6277,-1,-1,-1
837,153,947.38,547.70,67.10,226.43,0.7744,-1,-1,-1
837,156,1030.46,520.42,77.71,234.26,0.7735,-1,-1,-1
837,158,371.79,280.12,57.54,172.89,0.4106,-1,-1,-1
837,186,419.38,125.19,50.48,159.55,0.2132,-1,-1,-1
838,3,1719.43,456.01,76.77,207.90,0.7585,-1,-1,-1
838,41,803.36,135.52,60.32,177.31,0.3662,-1,-1,-1
838,72,1571.48,591.99,103.90,232.06,0.6791,-1,-1,-1
838,111,267.81,581.66,79.21,242.15,0.7859,-1,-1,-1
838,129,866.63,943.36,74.21,136.57,0.7208,-1,-1,-1
838,145,435.77,273.33,61.77,193.21,0.6384,-1,-1,-1
838,153,944.84,545.85,67.27,227.48,0.7841,-1,-1,-1
838,156,1031.37,519.48,75.31,234.87,0.7756,-1,-1,-1
838,158,362.45,277.24,61.11,176.90,0.4528,-1,-1,-1
839,3,1719.08,452.63,77.56,212.42,0.7573,-1,-1,-1
839,41,804.45,136.75,60.05,176.36,0.3829,-1,-1,-1
839,72,1571.16,591.58,104.35,232.27,0.6137,-1,-1,-1
839,111,266.78,582.83,79.08,240.22,0.7657,-1,-1,-1
839,129,866.31,942.38,75.46,137.28,0.7165,-1,-1,-1
839,145,436.09,276.46,61.17,191.20,0.6192,-1,-1,-1
839,153,944.23,543.28,67.30,229.16,0.7773,-1,-1,-1
839,156,1032.58,519.42,73.48,235.00,0.7686,-1,-1,-1
839,158,368.29,280.43,59.20,172.85,0.4415,-1,-1,-1
839,186,418.57,127.23,51.36,162.56,0.2054,-1,-1,-1
840,3,1719.77,452.79,76.91,212.08,0.7559,-1,-1,-1
840,41,805.79,137.26,59.49,175.39,0.4503,-1,-1,-1
840,72,1571.02,594.07,104.27,230.32,0.6460,-1,-1,-1
840,111,264.51,583.95,79.40,239.16,0.7395,-1,-1,-1
840,129,866.48,943.63,75.52,135.89,0.7148,-1,-1,-1
840,145,434.89,274.36,62.14,193.11,0.6562,-1,-1,-1
840,147,309.42,179.40,53.41,172.69,0.2561,-1,-1,-1
840,153,942.75,541.52,67.06,229.31,0.7689,-1,-1,-1
840,156,1032.68,519.05,71.90,233.71,0.7631,-1,-1,-1
840,158,359.57,276.11,63.01,177.40,0.5059,-1,-1,-1
840,186,419.93,128.67,50.71,160.68,0.2585,-1,-1,-1
840,203,473.05,109.44,61.70,198.31,0.2684,-1,-1,-1
841,3,1719.63,452.23,76.97,212.68,0.7449,-1,-1,-1
841,41,805.57,136.30,60.24,175.47,0.3898,-1,-1,-1
841,72,1571.54,593.99,104.67,230.70,0.6776,-1,-1,-1
841,111,263.89,585.23,79.82,236.99,0.7609,-1,-1,-1
841,129,868.09,943.57,76.44,135.96,0.7294,-1,-1,-1
841,145,436.06,278.87,60.38,190.56,0.6530,-1,-1,-1
841,147,310.43,184.14,52.23,167.95,0.2022,-1,-1,-1
841,153,941.25,540.12,67.21,231.06,0.7721,-1,-1,-1
841,156,1031.45,518.59,71.04,233.28,0.7483,-1,-1,-1
841,158,358.27,275.68,64.83,179.35,0.5058,-1,-1,-1
841,186,420.89,130.09,49.71,157.86,0.2408,-1,-1,-1
841,203,473.20,108.60,61.12,196.26,0.3444,-1,-1,-1
842,3,1720.10,455.95,76.31,209.30,0.7272,-1,-1,-1
842,41,805.60,136.58,60.47,175.00,0.4144,-1,-1,-1
842,72,1572.62,594.62,104.24,229.75,0.6518,-1,-1,-1
842,111,263.23,585.62,80.82,236.85,0.7748,-1,-1,-1
842,129,867.43,943.48,77.34,136.25,0.7153,-1,-1,-1
842,145,437.17,278.74,59.57,189.68,0.6421,-1,-1,-1
842,153,939.18,539.43,67.04,232.55,0.7716,-1,-1,-1
842,156,1028.26,517.28,71.56,232.90,0.7373,-1,-1,-1
842,158,365.72,282.25,61.22,173.32,0.5131,-1,-1,-1
842,186,421.08,131.08,49.51,158.10,0.2246,-1,-1,-1
842,199,1066.87,0.01,60.09,102.36,0.2168,-1,-1,-1
842,203,471.65,111.76,61.93,199.06,0.2916,-1,-1,-1
843,3,1719.65,455.98,77.00,208.55,0.7326,-1,-1,-1
843,41,806.70,137.18,60.64,174.95,0.3590,-1,-1,-1
843,72,1571.01,593.16,105.26,231.87,0.6284,-1,-1,-1
843,111,261.90,586.51,81.89,235.74,0.7887,-1,-1,-1
843,129,867.99,943.72,78.01,135.78,0.7209,-1,-1,-1
843,145,438.03,280.77,58.85,187.62,0.6733,-1,-1,-1
843,147,314.05,187.45,51.19,162.89,0.2147,-1,-1,-1
843,153,938.23,538.84,66.55,232.19,0.7837,-1,-1,-1
843,156,1025.21,516.97,73.19,233.49,0.7527,-1,-1,-1
843,158,365.95,283.22,61.22,175.26,0.5540,-1,-1,-1
843,203,469.94,111.07,62.84,201.60,0.3011,-1,-1,-1
844,3,1719.31,453.51,78.31,212.26,0.7412,-1,-1,-1
844,41,806.89,137.07,60.83,174.55,0.3834,-1,-1,-1
844,72,1570.72,592.37,104.97,232.32,0.6321,-1,-1,-1
844,111,261.88,587.57,82.35,235.28,0.7974,-1,-1,-1
844,129,867.81,943.23,78.73,136.37,0.7208,-1,-1,-1
844,145,438.18,281.72,58.64,186.94,0.6716,-1,-1,-1
844,147,314.35,187.52,52.07,163.90,0.2423,-1,-1,-1
844,148,554.25,119.46,63.32,170.43,0.2203,-1,-1,-1
844,153,937.54,536.74,66.40,233.71,0.7891,-1,-1,-1
844,156,1022.44,516.74,73.77,231.76,0.7795,-1,-1,-1
844,158,361.29,280.71,63.86,181.55,0.5285,-1,-1,-1
844,203,469.86,111.68,62.50,200.05,0.3061,-1,-1,-1
845,3,1718.70,456.49,77.47,207.86,0.7514,-1,-1,-1
845,41,806.77,137.45,61.14,174.30,0.3504,-1,-1,-1
845,72,1570.34,592.78,104.40,231.46,0.6418,-1,-1,-1
845,111,261.55,588.33,82.89,235.59,0.7995,-1,-1,-1
845,129,867.35,943.55,79.14,136.04,0.7120,-1,-1,-1
845,145,438.00,280.93,58.66,188.30,0.6712,-1,-1,-1
845,147,311.44,183.63,54.60,170.57,0.2369,-1,-1,-1
845,153,936.50,536.31,66.58,233.99,0.7750,-1,-1,-1
845,156,1021.68,516.85,72.88,228.94,0.7743,-1,-1,-1
845,158,360.87,282.76,63.96,181.92,0.5546,-1,-1,-1
846,3,1718.63,455.90,78.10,208.30,0.7434,-1,-1,-1
846,41,806.69,137.35,61.65,175.08,0.3674,-1,-1,-1
846,72,1570.45,595.21,103.68,229.16,0.6630,-1,-1,-1
846,111,261.19,589.44,83.76,237.05,0.7939,-1,-1,-1
846,129,867.33,944.53,79.23,134.83,0.7197,-1,-1,-1
846,145,438.25,282.13,57.92,186.75,0.6581,-1,-1,-1
846,147,310.38,181.40,55.15,171.58,0.2260,-1,-1,-1
846,148,554.69,119.68,62.34,169.66,0.2048,-1,-1,-1
846,153,934.95,535.47,66.46,232.25,0.7835,-1,-1,-1
846,156,1020.57,515.65,73.32,229.12,0.7743,-1,-1,-1
846,158,359.69,284.21,64.38,181.93,0.5688,-1,-1,-1
846,203,469.86,115.43,62.49,198.85,0.2123,-1,-1,-1
847,3,1718.04,454.03,79.45,210.98,0.7454,-1,-1,-1
847,41,805.66,138.00,62.68,174.70,0.3744,-1,-1,-1
847,72,1569.99,593.90,104.22,230.12,0.6545,-1,-1,-1
847,111,261.16,593.30,83.95,236.51,0.7786,-1,-1,-1
847,129,867.79,944.62,79.99,134.94,0.6938,-1,-1,-1
847,145,438.53,281.47,57.39,186.31,0.6359,-1,-1,-1
847,147,311.10,183.61,54.49,168.21,0.2085,-1,-1,-1
847,153,934.04,534.45,66.26,230.31,0.7623,-1,-1,-1
847,156,1018.27,512.84,74.28,234.06,0.7548,-1,-1,-1
847,158,359.82,288.09,63.99,179.78,0.5599,-1,-1,-1
847,199,1065.74,0.01,62.21,108.63,0.2012,-1,-1,-1
848,3,1717.41,452.84,79.39,211.75,0.7519,-1,-1,-1
848,41,806.40,138.99,63.08,173.31,0.3565,-1,-1,-1
848,72,1570.45,593.65,104.30,230.05,0.6401,-1,-1,-1
848,111,261.63,595.62,84.11,237.98,0.7984,-1,-1,-1
848,129,867.25,944.57,80.54,134.75,0.7062,-1,-1,-1
848,145,437.07,280.41,57.89,188.27,0.6348,-1,-1,-1
848,148,556.11,121.68,61.21,166.79,0.2265,-1,-1,-1
848,153,933.00,532.70,66.29,230.23,0.7651,-1,-1,-1
848,156,1017.35,510.80,72.00,227.42,0.7525,-1,-1,-1
848,158,358.43,288.47,64.45,180.26,0.5680,-1,-1,-1
848,199,1066.89,0.01,62.46,110.88,0.2506,-1,-1,-1
848,203,472.63,117.94,59.93,187.71,0.2095,-1,-1,-1
849,3,1718.00,453.53,79.27,211.10,0.7520,-1,-1,-1
849,41,807.05,137.92,63.56,174.14,0.3704,-1,-1,-1
849,72,1572.09,594.64,103.62,229.83,0.6753,-1,-1,-1
849,111,261.27,597.62,85.10,242.60,0.7930,-1,-1,-1
849,129,867.46,945.32,80.87,134.03,0.6869,-1,-1,-1
849,145,436.37,279.58,57.92,189.34,0.6427,-1,-1,-1
849,153,931.72,530.23,66.17,231.26,0.7692,-1,-1,-1
849,156,1014.87,509.18,69.74,222.29,0.7447,-1,-1,-1
849,158,357.26,293.81,64.51,177.29,0.6082,-1,-1,-1
849,203,472.33,116.89,60.90,188.42,0.2018,-1,-1,-1
850,3,1718.08,453.28,79.60,213.26,0.7482,-1,-1,-1
850,41,807.65,137.64,63.77,174.39,0.3724,-1,-1,-1
850,72,1572.54,595.02,103.31,229.31,0.6768,-1,-1,-1
850,111,261.82,599.52,84.60,241.53,0.7985,-1,-1,-1
850,129,867.85,945.06,81.23,133.75,0.6974,-1,-1,-1
850,145,437.83,276.67,60.08,196.07,0.6309,-1,-1,-1
850,153,930.95,527.51,65.39,232.40,0.7859,-1,-1,-1
850,156,1012.72,506.12,69.19,224.47,0.8031,-1,-1,-1
850,158,355.60,296.83,65.50,175.93,0.5993,-1,-1,-1
850,199,1066.32,0.02,64.14,115.09,0.2028,-1,-1,-1
850,203,470.90,120.50,61.28,188.40,0.2560,-1,-1,-1
851,3,1717.51,452.80,78.67,210.97,0.7407,-1,-1,-1
851,41,806.63,138.88,64.09,172.70,0.3804,-1,-1,-1
851,72,1572.13,593.58,103.77,230.74,0.6590,-1,-1,-1
851,111,261.93,600.85,84.90,243.07,0.8083,-1,-1,-1
851,129,868.68,945.04,81.93,133.82,0.7021,-1,-1,-1
851,145,437.72,284.77,58.23,190.98,0.6276,-1,-1,-1
851,153,929.02,525.52,65.65,235.30,0.7966,-1,-1,-1
851,156,1008.70,503.50,69.79,225.34,0.8157,-1,-1,-1
851,158,354.01,298.65,66.14,174.19,0.5639,-1,-1,-1
851,199,1068.06,0.01,63.72,115.40,0.2164,-1,-1,-1
851,203,469.81,123.42,61.66,189.25,0.3289,-1,-1,-1
852,3,1718.09,456.37,78.36,208.43,0.7367,-1,-1,-1
852,41,807.92,137.92,64.23,173.56,0.3584,-1,-1,-1
852,72,1571.43,593.68,104.04,230.46,0.6423,-1,-1,-1
852,111,263.72,603.67,84.28,243.72,0.8042,-1,-1,-1
852,129,869.27,945.12,82.37,133.94,0.7008,-1,-1,-1
852,145,436.93,288.69,57.05,188.44,0.5885,-1,-1,-1
852,153,929.73,522.91,61.53,217.22,0.7426,-1,-1,-1
852,156,1006.86,501.87,69.87,226.50,0.8067,-1,-1,-1
852,158,352.10,298.72,67.69,175.36,0.5338,-1,-1,-1
852,186,424.58,136.92,50.33,166.53,0.2046,-1,-1,-1
852,199,1068.50,-0.03,63.71,116.54,0.2164,-1,-1,-1
852,203,468.79,124.15,61.83,188.15,0.4052,-1,-1,-1
853,3,1718.85,453.51,79.14,211.25,0.7236,-1,-1,-1
853,41,807.23,137.78,64.61,174.81,0.3890,-1,-1,-1
853,72,1570.60,593.18,104.29,231.16,0.6007,-1,-1,-1
853,111,264.82,606.30,84.24,243.90,0.8003,-1,-1,-1
853,129,868.96,945.15,82.67,134.16,0.6998,-1,-1,-1
853,145,437.23,291.33,57.37,188.62,0.5942,-1,-1,-1
853,153,928.74,520.52,61.96,210.35,0.7779,-1,-1,-1
853,156,1003.17,500.47,71.17,227.52,0.8231,-1,-1,-1
853,158,349.86,297.89,69.20,176.98,0.4830,-1,-1,-1
853,199,1069.58,-0.01,63.51,117.13,0.2167,-1,-1,-1
853,203,466.08,123.67,64.07,193.04,0.4542,-1,-1,-1
854,3,1718.04,456.86,78.55,207.57,0.7261,-1,-1,-1
854,41,807.44,137.74,64.57,174.71,0.3739,-1,-1,-1
854,72,1569.68,594.19,104.47,230.06,0.5999,-1,-1,-1
854,111,264.71,606.81,84.88,245.84,0.8175,-1,-1,-1
854,129,869.13,944.84,82.95,134.09,0.7023,-1,-1,-1
854,145,436.73,289.11,58.68,194.08,0.6084,-1,-1,-1
854,153,927.20,517.90,65.07,219.70,0.7967,-1,-1,-1
854,156,998.76,498.78,74.18,229.79,0.8228,-1,-1,-1
854,158,348.74,296.75,70.12,178.10,0.4767,-1,-1,-1
854,199,1070.36,-0.02,63.41,118.42,0.2719,-1,-1,-1
854,203,463.76,122.21,66.09,197.11,0.4866,-1,-1,-1
855,3,1717.84,456.68,79.05,207.61,0.7336,-1,-1,-1
855,41,807.02,137.62,65.10,176.14,0.3574,-1,-1,-1
855,72,1570.26,592.86,105.02,231.45,0.6227,-1,-1,-1
855,111,266.38,608.66,84.41,246.07,0.8214,-1,-1,-1
855,129,869.78,944.50,83.00,134.42,0.7195,-1,-1,-1
855,145,435.91,290.66,58.85,194.61,0.6364,-1,-1,-1
855,153,926.10,515.25,65.37,221.74,0.7904,-1,-1,-1
855,156,997.80,496.81,75.65,231.88,0.7963,-1,-1,-1
855,158,346.54,300.29,70.04,175.05,0.4915,-1,-1,-1
855,199,1071.96,0.01,62.14,117.72,0.3088,-1,-1,-1
855,203,465.00,124.17,65.96,197.33,0.5021,-1,-1,-1
856,3,1717.68,457.11,79.95,209.27,0.7428,-1,-1,-1
856,41,806.95,137.25,64.84,175.54,0.3599,-1,-1,-1
856,72,1571.13,592.08,105.33,232.51,0.6383,-1,-1,-1
856,111,267.45,610.27,83.64,243.24,0.8048,-1,-1,-1
856,129,871.65,944.53,82.38,134.20,0.7284,-1,-1,-1
856,145,435.26,292.48,58.94,195.45,0.6013,-1,-1,-1
856,153,925.04,512.30,65.73,223.76,0.8040,-1,-1,-1
856,156,996.58,495.44,77.90,233.70,0.8202,-1,-1,-1
856,158,345.49,299.62,71.23,176.97,0.4824,-1,-1,-1
856,199,1073.14,-0.03,61.87,118.43,0.2514,-1,-1,-1
856,203,466.24,125.40,64.98,195.75,0.4602,-1,-1,-1
857,3,1717.57,454.91,80.45,212.86,0.7293,-1,-1,-1
857,41,807.37,137.44,64.38,174.59,0.3360,-1,-1,-1
857,72,1571.79,592.49,105.00,232.11,0.6289,-1,-1,-1
857,111,268.98,610.66,82.95,241.56,0.7872,-1,-1,-1
857,129,872.04,943.68,81.99,134.94,0.7172,-1,-1,-1
857,145,435.11,294.03,58.97,195.05,0.6069,-1,-1,-1
857,153,921.62,511.09,66.63,226.02,0.7819,-1,-1,-1
857,156,996.27,495.04,79.19,234.85,0.8034,-1,-1,-1
857,158,348.67,303.99,68.14,170.15,0.5089,-1,-1,-1
857,198,1670.20,35.90,50.97,149.15,0.2190,-1,-1,-1
857,199,1074.47,-0.05,60.87,118.24,0.2776,-1,-1,-1
857,203,467.04,128.23,64.60,196.15,0.4170,-1,-1,-1
857,204,1411.53,1023.92,52.18,55.20,0.2202,-1,-1,-1
858,3,1717.34,457.56,79.39,208.57,0.7340,-1,-1,-1
858,41,806.77,137.41,64.22,173.52,0.3390,-1,-1,-1
858,72,1572.79,594.77,103.57,229.73,0.6804,-1,-1,-1
858,111,270.06,611.46,82.96,242.24,0.7962,-1,-1,-1
858,129,872.89,943.47,81.62,135.41,0.7255,-1,-1,-1
858,145,435.02,293.97,60.13,194.43,0.5712,-1,-1,-1
858,153,920.58,510.19,66.30,224.21,0.7668,-1,-1,-1
858,156,992.86,494.35,81.54,235.34,0.7997,-1,-1,-1
858,158,347.22,304.15,69.95,172.86,0.5352,-1,-1,-1
858,199,1075.20,-0.00,61.60,121.97,0.3706,-1,-1,-1
858,203,467.38,130.40,64.11,195.42,0.3979,-1,-1,-1
858,204,1409.99,1022.55,54.06,56.73,0.3313,-1,-1,-1
859,3,1715.98,457.54,80.51,209.68,0.7308,-1,-1,-1
859,41,807.17,137.25,64.26,173.80,0.3454,-1,-1,-1
859,72,1572.89,593.87,103.92,230.73,0.6460,-1,-1,-1
859,111,269.82,610.90,84.04,243.75,0.8008,-1,-1,-1
859,129,874.22,943.91,80.84,135.26,0.7379,-1,-1,-1
859,145,435.78,299.29,58.62,188.50,0.5971,-1,-1,-1
859,153,918.11,507.12,67.17,228.07,0.7696,-1,-1,-1
859,156,993.23,494.72,82.22,234.26,0.7927,-1,-1,-1
859,158,346.92,303.50,70.96,174.04,0.5205,-1,-1,-1
859,199,1076.29,-0.02,61.08,122.63,0.3132,-1,-1,-1
859,203,468.82,132.69,63.58,194.53,0.3143,-1,-1,-1
859,204,1408.38,1019.32,58.02,59.87,0.4431,-1,-1,-1
860,3,1715.86,456.26,80.85,210.05,0.7424,-1,-1,-1
860,41,806.77,137.68,64.07,172.75,0.3372,-1,-1,-1
860,72,1572.78,593.39,104.03,230.65,0.6052,-1,-1,-1
860,111,270.42,611.63,84.02,241.77,0.8106,-1,-1,-1
860,129,874.66,942.35,81.24,137.16,0.7249,-1,-1,-1
860,145,434.57,300.43,58.81,188.54,0.6099,-1,-1,-1
860,153,916.39,505.57,67.27,229.26,0.7682,-1,-1,-1
860,156,990.63,493.89,84.10,234.87,0.7726,-1,-1,-1
860,158,346.08,301.06,72.74,178.16,0.5333,-1,-1,-1
860,199,1077.92,-0.00,60.48,122.88,0.3297,-1,-1,-1
860,203,468.60,132.88,63.74,195.02,0.4127,-1,-1,-1
860,204,1406.60,1017.12,62.26,62.76,0.5021,-1,-1,-1
861,3,1715.58,456.34,81.32,209.66,0.7502,-1,-1,-1
861,41,806.46,137.60,64.30,173.14,0.3155,-1,-1,-1
861,72,1572.53,598.35,102.20,225.91,0.6541,-1,-1,-1
861,111,270.70,612.94,84.65,240.58,0.8141,-1,-1,-1
861,129,876.32,942.98,80.81,137.00,0.7457,-1,-1,-1
861,145,433.43,300.02,59.96,188.33,0.5885,-1,-1,-1
861,153,914.70,503.17,67.52,232.41,0.7792,-1,-1,-1
861,156,989.92,492.93,85.39,234.50,0.7825,-1,-1,-1
861,158,346.04,302.18,71.69,178.51,0.5316,-1,-1,-1
861,199,1078.96,0.02,59.96,122.94,0.2605,-1,-1,-1
861,203,469.00,132.51,63.96,195.81,0.4183,-1,-1,-1
861,204,1403.97,1015.05,66.93,64.95,0.5852,-1,-1,-1
862,3,1716.05,456.61,81.73,210.49,0.7354,-1,-1,-1
862,41,806.62,137.43,64.51,174.27,0.3178,-1,-1,-1
862,72,1572.45,597.00,103.16,226.88,0.6380,-1,-1,-1
862,111,270.23,612.67,84.85,240.20,0.8133,-1,-1,-1
862,129,877.35,943.82,79.80,136.20,0.7283,-1,-1,-1
862,145,433.59,299.48,59.59,187.27,0.5818,-1,-1,-1
862,153,914.10,502.18,67.25,233.93,0.7651,-1,-1,-1
862,156,988.79,491.24,85.01,234.19,0.7788,-1,-1,-1
862,158,345.97,303.11,71.73,181.03,0.4917,-1,-1,-1
862,199,1080.60,0.03,60.01,123.75,0.3267,-1,-1,-1
862,203,470.62,132.91,64.15,196.30,0.4270,-1,-1,-1
862,204,1397.59,1012.46,72.59,67.55,0.6171,-1,-1,-1
863,3,1716.29,456.51,81.55,210.35,0.7412,-1,-1,-1
863,41,806.05,138.23,64.23,172.98,0.2907,-1,-1,-1
863,72,1571.83,594.52,104.40,229.24,0.6396,-1,-1,-1
863,111,270.44,613.42,85.34,240.75,0.8160,-1,-1,-1
863,129,878.95,942.51,79.62,137.12,0.7321,-1,-1,-1
863,145,433.09,301.02,59.79,187.35,0.5948,-1,-1,-1
863,153,912.91,501.27,66.58,232.58,0.7730,-1,-1,-1
863,156,989.32,489.03,85.11,235.09,0.7992,-1,-1,-1
863,158,345.59,307.71,70.76,180.34,0.5692,-1,-1,-1
863,199,1081.79,0.01,59.83,124.28,0.3441,-1,-1,-1
863,203,472.33,134.16,63.50,193.25,0.3790,-1,-1,-1
863,204,1392.80,1009.38,77.56,70.63,0.6324,-1,-1,-1
864,3,1716.58,457.30,81.63,209.81,0.7389,-1,-1,-1
864,41,806.21,138.20,64.38,173.18,0.2932,-1,-1,-1
864,72,1572.56,594.17,104.48,229.51,0.6338,-1,-1,-1
864,111,271.18,614.93,85.23,239.84,0.8133,-1,-1,-1
864,129,880.43,942.44,79.18,137.05,0.7422,-1,-1,-1
864,145,433.37,302.41,60.13,187.05,0.5664,-1,-1,-1
864,153,912.61,500.67,66.12,232.16,0.7635,-1,-1,-1
864,156,986.13,486.07,85.18,236.27,0.8030,-1,-1,-1
864,158,345.62,309.82,69.54,178.77,0.5451,-1,-1,-1
864,199,1082.48,0.02,60.40,126.81,0.3951,-1,-1,-1
864,203,473.62,136.73,62.41,188.99,0.3038,-1,-1,-1
864,204,1388.23,1005.11,83.02,74.90,0.6629,-1,-1,-1
865,3,1717.30,456.68,80.95,208.15,0.7301,-1,-1,-1
865,41,806.35,137.45,64.34,173.74,0.2982,-1,-1,-1
865,72,1572.08,594.13,104.75,229.83,0.6471,-1,-1,-1
865,111,272.13,617.92,85.55,244.66,0.8342,-1,-1,-1
865,129,881.99,942.70,79.14,137.27,0.7300,-1,-1,-1
865,145,433.22,302.90,60.66,187.00,0.5807,-1,-1,-1
865,153,911.36,499.10,65.13,228.12,0.7620,-1,-1,-1
865,156,985.79,484.00,84.43,235.74,0.7994,-1,-1,-1
865,158,346.75,312.32,69.68,178.85,0.5938,-1,-1,-1
865,186,421.48,154.32,49.07,161.89,0.2003,-1,-1,-1
865,199,1083.41,1.11,60.40,127.94,0.3846,-1,-1,-1
865,203,473.82,138.24,61.86,186.10,0.2995,-1,-1,-1
865,204,1385.22,1001.26,87.76,78.75,0.6825,-1,-1,-1
865,206,1403.66,13.42,55.40,155.55,0.2337,-1,-1,-1
866,3,1717.80,456.94,80.87,208.97,0.7195,-1,-1,-1
866,41,805.80,137.50,64.09,172.61,0.3059,-1,-1,-1
866,72,1572.38,594.33,104.59,229.23,0.6126,-1,-1,-1
866,111,272.72,619.98,85.42,248.44,0.8294,-1,-1,-1
866,129,883.67,942.64,79.46,137.36,0.7354,-1,-1,-1
866,145,433.26,303.87,60.83,186.28,0.5394,-1,-1,-1
866,153,910.07,497.46,65.33,226.25,0.7879,-1,-1,-1
866,156,985.00,481.32,83.71,233.76,0.7924,-1,-1,-1
866,158,345.92,313.91,69.82,177.78,0.5720,-1,-1,-1
866,199,1083.80,1.22,61.31,131.14,0.3089,-1,-1,-1
866,203,473.10,138.56,62.02,185.60,0.3209,-1,-1,-1
866,204,1382.05,997.86,91.45,82.15,0.6804,-1,-1,-1
866,206,1404.51,13.82,54.59,152.65,0.2502,-1,-1,-1
867,3,1717.78,456.91,80.99,210.17,0.7130,-1,-1,-1
867,41,805.05,137.43,64.06,172.42,0.3255,-1,-1,-1
867,72,1572.19,592.98,105.04,230.67,0.6158,-1,-1,-1
867,111,273.31,620.83,85.39,251.14,0.8261,-1,-1,-1
867,129,885.93,941.77,79.59,138.23,0.7371,-1,-1,-1
867,145,431.65,300.77,61.68,190.65,0.5465,-1,-1,-1
867,153,908.18,496.39,65.58,221.10,0.7791,-1,-1,-1
867,156,984.79,478.10,82.07,228.62,0.7732,-1,-1,-1
867,158,345.67,318.35,68.91,174.82,0.5582,-1,-1,-1
867,199,1084.00,0.32,61.68,133.43,0.3158,-1,-1,-1
867,203,472.28,137.90,62.10,185.64,0.3146,-1,-1,-1
867,204,1379.82,993.81,94.98,86.19,0.6755,-1,-1,-1
867,206,1405.16,13.65,54.52,151.72,0.2634,-1,-1,-1
868,3,1717.78,456.85,80.09,208.95,0.7020,-1,-1,-1
868,41,805.24,137.92,64.28,173.09,0.2842,-1,-1,-1
868,72,1572.64,592.45,104.36,230.82,0.6526,-1,-1,-1
868,111,272.66,622.10,86.04,253.31,0.8356,-1,-1,-1
868,129,888.20,941.43,79.42,138.56,0.7426,-1,-1,-1
868,145,430.78,300.32,62.46,196.82,0.5583,-1,-1,-1
868,153,906.01,494.80,66.36,218.43,0.7652,-1,-1,-1
868,156,986.35,475.52,78.80,221.75,0.7793,-1,-1,-1
868,158,345.15,318.20,69.02,174.88,0.5313,-1,-1,-1
868,199,1084.06,0.06,61.21,135.20,0.3574,-1,-1,-1
868,203,471.85,138.65,61.58,182.80,0.2258,-1,-1,-1
868,204,1376.99,987.95,99.38,92.04,0.6574,-1,-1,-1
868,206,1405.22,13.22,54.94,151.50,0.2759,-1,-1,-1
869,3,1718.27,457.32,80.02,208.72,0.7088,-1,-1,-1
869,41,805.53,137.53,64.59,174.34,0.2824,-1,-1,-1
869,72,1573.10,594.23,103.65,229.28,0.6356,-1,-1,-1
869,111,273.76,625.23,85.06,248.77,0.8312,-1,-1,-1
869,129,891.81,940.85,79.08,139.14,0.7291,-1,-1,-1
869,145,431.08,301.76,62.83,199.05,0.4980,-1,-1,-1
869,153,905.03,492.59,66.90,213.07,0.7704,-1,-1,-1
869,156,986.35,473.06,77.92,224.07,0.7588,-1,-1,-1
869,158,345.90,315.04,69.69,177.45,0.4887,-1,-1,-1
869,186,418.03,156.73,48.44,157.07,0.2308,-1,-1,-1
869,199,1084.65,0.43,59.99,134.75,0.3376,-1,-1,-1
869,203,471.34,139.15,60.46,177.44,0.2411,-1,-1,-1
869,204,1376.27,984.35,100.22,95.64,0.6839,-1,-1,-1
869,206,1405.47,14.30,54.82,149.81,0.2674,-1,-1,-1
870,3,1718.36,458.00,79.39,205.88,0.7184,-1,-1,-1
870,41,806.01,137.17,64.49,175.02,0.2737,-1,-1,-1
870,72,1573.72,594.75,103.23,229.13,0.6507,-1,-1,-1
870,111,273.94,627.94,85.87,251.33,0.8334,-1,-1,-1
870,129,893.69,940.73,78.32,139.26,0.7350,-1,-1,-1
870,145,433.03,314.33,59.65,191.57,0.5620,-1,-1,-1
870,153,902.35,490.91,68.34,215.30,0.7288,-1,-1,-1
870,156,987.09,472.30,75.21,223.39,0.7479,-1,-1,-1
870,158,354.06,318.45,65.95,172.17,0.5095,-1,-1,-1
870,186,416.65,157.14,49.36,157.70,0.2509,-1,-1,-1
870,199,1084.67,0.06,59.09,135.07,0.3204,-1,-1,-1
870,203,470.39,139.33,60.63,175.36,0.2071,-1,-1,-1
870,204,1376.57,982.77,98.86,97.22,0.7184,-1,-1,-1
870,206,1405.67,13.89,55.32,149.71,0.2599,-1,-1,-1
871,3,1717.61,457.47,80.46,208.40,0.7024,-1,-1,-1
871,41,805.52,137.41,64.39,175.54,0.2903,-1,-1,-1
871,72,1573.17,594.69,103.26,229.88,0.6152,-1,-1,-1
871,111,275.02,630.62,86.33,254.51,0.8329,-1,-1,-1
871,129,896.07,941.75,76.89,138.26,0.7383,-1,-1,-1
871,145,433.49,315.87,58.38,190.42,0.5787,-1,-1,-1
871,153,900.50,488.42,69.09,215.84,0.7345,-1,-1,-1
871,156,987.04,469.75,73.31,225.61,0.7531,-1,-1,-1
871,158,352.66,316.07,65.94,176.00,0.4938,-1,-1,-1
871,186,416.80,159.04,50.00,157.86,0.3009,-1,-1,-1
871,199,1084.96,0.04,57.97,134.64,0.3006,-1,-1,-1
871,203,469.40,142.76,64.56,186.27,0.2088,-1,-1,-1
871,204,1375.10,980.01,99.24,100.00,0.7134,-1,-1,-1
871,206,1405.58,15.51,55.20,147.31,0.2320,-1,-1,-1
872,3,1717.31,458.04,80.58,208.33,0.7101,-1,-1,-1
872,41,805.49,137.94,64.17,175.35,0.2937,-1,-1,-1
872,72,1572.19,595.86,103.08,228.52,0.6097,-1,-1,-1
872,111,276.44,633.05,84.77,255.12,0.8345,-1,-1,-1
872,129,897.86,941.62,76.80,138.39,0.7319,-1,-1,-1
872,145,432.90,317.71,57.88,191.63,0.5833,-1,-1,-1
872,153,898.77,487.48,70.00,217.43,0.7402,-1,-1,-1
872,156,986.74,468.52,71.66,226.67,0.7477,-1,-1,-1
872,158,352.24,313.55,65.59,179.30,0.4973,-1,-1,-1
872,186,416.40,158.70,50.77,161.07,0.3157,-1,-1,-1
872,199,1084.69,0.00,57.97,137.00,0.3737,-1,-1,-1
872,203,465.09,141.97,69.01,197.63,0.2777,-1,-1,-1
872,204,1373.17,976.67,100.60,103.33,0.7117,-1,-1,-1
872,206,1405.35,14.02,56.60,149.35,0.2749,-1,-1,-1
873,3,1717.15,458.15,80.47,207.86,0.7080,-1,-1,-1
873,41,805.40,137.94,63.57,174.05,0.2890,-1,-1,-1
873,72,1571.93,596.23,103.29,227.86,0.5866,-1,-1,-1
873,111,276.75,633.96,84.42,255.21,0.8348,-1,-1,-1
873,129,900.16,941.58,76.69,138.41,0.7335,-1,-1,-1
873,145,433.20,316.67,58.45,193.94,0.6029,-1,-1,-1
873,153,898.11,486.66,70.81,220.61,0.7343,-1,-1,-1
873,156,987.80,468.15,69.63,225.16,0.7412,-1,-1,-1
873,158,353.07,314.58,63.71,177.54,0.5168,-1,-1,-1
873,186,415.05,159.25,50.85,162.26,0.3099,-1,-1,-1
873,199,1084.53,1.76,58.84,141.35,0.3505,-1,-1,-1
873,203,465.43,141.30,69.46,198.97,0.2949,-1,-1,-1
873,204,1371.40,975.06,100.49,104.94,0.7210,-1,-1,-1
873,206,1405.59,12.59,57.56,150.56,0.3320,-1,-1,-1
874,3,1718.06,458.35,80.24,208.13,0.6924,-1,-1,-1
874,41,804.32,137.62,63.51,173.97,0.2804,-1,-1,-1
874,72,1572.99,597.23,103.24,226.98,0.6298,-1,-1,-1
874,111,277.50,634.96,84.82,254.50,0.8304,-1,-1,-1
874,129,900.33,940.88,77.16,139.12,0.7366,-1,-1,-1
874,145,431.77,313.65,59.37,196.67,0.6155,-1,-1,-1
874,147,314.31,170.22,58.19,179.09,0.2254,-1,-1,-1
874,153,897.66,483.95,70.79,222.08,0.7175,-1,-1,-1
874,156,988.58,467.80,68.56,225.03,0.7300,-1,-1,-1
874,158,352.46,315.27,62.36,177.64,0.5340,-1,-1,-1
874,186,413.49,160.34,50.02,161.86,0.2975,-1,-1,-1
874,199,1085.40,1.20,58.39,141.50,0.3402,-1,-1,-1
874,203,467.56,143.27,69.10,197.98,0.2872,-1,-1,-1
874,204,1370.06,974.48,99.84,105.52,0.7276,-1,-1,-1
874,206,1406.04,11.25,58.43,152.00,0.3252,-1,-1,-1
875,3,1717.79,458.47,79.72,207.00,0.6881,-1,-1,-1
875,41,804.02,137.75,63.45,174.10,0.2884,-1,-1,-1
875,72,1573.11,597.33,103.19,226.36,0.6244,-1,-1,-1
875,111,279.47,635.35,83.78,253.00,0.8215,-1,-1,-1
875,129,901.81,940.06,77.24,139.94,0.7270,-1,-1,-1
875,145,431.75,312.30,59.99,198.53,0.5709,-1,-1,-1
875,147,314.09,166.46,59.67,183.20,0.2136,-1,-1,-1
875,153,895.91,483.15,70.12,221.10,0.7285,-1,-1,-1
875,156,988.96,467.44,67.76,225.41,0.7283,-1,-1,-1
875,158,353.53,318.47,60.94,175.04,0.5192,-1,-1,-1
875,186,412.84,161.51,49.51,161.23,0.2797,-1,-1,-1
875,199,1085.55,0.34,58.96,143.62,0.2980,-1,-1,-1
875,203,468.45,145.14,69.07,198.20,0.2619,-1,-1,-1
875,204,1368.49,972.61,100.17,107.40,0.7072,-1,-1,-1
875,206,1406.68,9.97,59.17,153.36,0.3095,-1,-1,-1
876,3,1718.47,457.87,79.74,207.73,0.6895,-1,-1,-1
876,41,803.96,137.21,63.05,173.25,0.2768,-1,-1,-1
876,72,1572.97,598.46,102.56,225.33,0.6197,-1,-1,-1
876,111,280.23,635.88,84.40,253.39,0.8137,-1,-1,-1
876,129,902.32,940.03,77.83,139.98,0.7458,-1,-1,-1
876,145,432.13,313.71,59.44,196.26,0.5743,-1,-1,-1
876,153,895.24,482.73,69.98,223.04,0.7299,-1,-1,-1
876,156,988.38,467.63,67.32,226.52,0.7277,-1,-1,-1
876,158,353.39,319.41,61.44,175.92,0.4857,-1,-1,-1
876,186,412.16,161.27,49.29,162.34,0.3113,-1,-1,-1
876,199,1085.69,0.11,59.76,146.41,0.3061,-1,-1,-1
876,203,468.85,145.74,67.98,194.57,0.2934,-1,-1,-1
876,204,1366.21,971.36,100.19,108.65,0.7048,-1,-1,-1
876,206,1407.79,9.22,58.99,152.48,0.2908,-1,-1,-1
877,3,1718.49,457.98,79.68,207.67,0.6722,-1,-1,-1
877,41,804.66,136.82,62.88,174.06,0.2806,-1,-1,-1
877,72,1573.25,597.52,103.11,226.47,0.6011,-1,-1,-1
877,111,280.83,637.37,83.42,252.56,0.7987,-1,-1,-1
877,129,902.68,939.27,78.27,140.72,0.7298,-1,-1,-1
877,145,431.93,314.15,59.61,195.20,0.5503,-1,-1,-1
877,153,895.25,482.76,69.68,223.46,0.7212,-1,-1,-1
877,156,986.92,466.40,67.48,227.41,0.7179,-1,-1,-1
877,158,352.90,321.40,61.79,177.95,0.5164,-1,-1,-1
877,186,411.96,163.32,48.09,159.52,0.2222,-1,-1,-1
877,199,1085.62,-0.01,60.47,148.77,0.3408,-1,-1,-1
877,203,470.06,148.32,66.67,189.91,0.2864,-1,-1,-1
877,204,1363.94,968.69,101.42,111.30,0.6993,-1,-1,-1
877,206,1409.40,7.83,58.82,152.62,0.2638,-1,-1,-1
878,3,1718.79,457.49,79.27,207.55,0.6348,-1,-1,-1
878,41,805.08,136.47,62.73,175.12,0.2770,-1,-1,-1
878,72,1573.46,597.04,103.24,227.38,0.5762,-1,-1,-1
878,111,283.08,638.87,83.62,251.28,0.7850,-1,-1,-1
878,129,904.20,939.21,78.88,140.79,0.7349,-1,-1,-1
878,145,430.59,316.63,59.61,193.70,0.5511,-1,-1,-1
878,153,894.56,480.81,69.20,224.43,0.7169,-1,-1,-1
878,156,986.64,465.28,66.93,226.77,0.7103,-1,-1,-1
878,158,353.19,321.52,62.36,182.19,0.4853,-1,-1,-1
878,186,411.60,165.88,47.18,157.71,0.2352,-1,-1,-1
878,199,1085.59,0.00,60.75,149.58,0.4427,-1,-1,-1
878,204,1360.97,966.37,103.05,113.63,0.7178,-1,-1,-1
878,206,1411.09,8.03,57.54,149.46,0.2961,-1,-1,-1
878,207,1780.16,684.30,53.22,221.09,0.3673,-1,-1,-1
879,3,1718.86,457.06,79.26,208.15,0.6268,-1,-1,-1
879,41,805.72,136.31,62.20,175.56,0.2869,-1,-1,-1
879,72,1573.35,599.54,101.99,225.24,0.5909,-1,-1,-1
879,111,283.98,640.39,84.08,249.82,0.7807,-1,-1,-1
879,129,903.86,939.01,79.59,141.00,0.7361,-1,-1,-1
879,145,429.42,313.70,60.80,197.08,0.5044,-1,-1,-1
879,153,893.94,480.81,68.14,223.25,0.7189,-1,-1,-1
879,156,984.65,464.64,66.91,226.42,0.6852,-1,-1,-1
879,158,351.95,323.17,62.60,183.41,0.4128,-1,-1,-1
879,199,1085.38,0.02,61.62,152.35,0.4383,-1,-1,-1
879,204,1360.09,963.73,103.92,116.28,0.7321,-1,-1,-1
879,206,1411.92,7.65,57.92,150.04,0.2900,-1,-1,-1
879,207,1774.91,681.16,60.23,247.90,0.3979,-1,-1,-1
880,3,1719.41,457.33,78.67,207.88,0.6361,-1,-1,-1
880,41,805.26,136.61,62.08,176.79,0.2797,-1,-1,-1
880,72,1573.66,597.07,102.28,226.83,0.6107,-1,-1,-1
880,111,284.39,641.31,83.70,249.10,0.7549,-1,-1,-1
880,129,904.69,937.94,80.05,142.07,0.7403,-1,-1,-1
880,145,429.57,318.70,59.63,190.32,0.5745,-1,-1,-1
880,153,893.94,478.46,67.79,223.27,0.6963,-1,-1,-1
880,156,983.89,462.55,66.71,225.31,0.6941,-1,-1,-1
880,158,344.59,323.38,65.26,185.09,0.4249,-1,-1,-1
880,199,1085.62,0.04,62.21,154.23,0.3934,-1,-1,-1
880,204,1359.67,960.16,104.93,119.85,0.7308,-1,-1,-1
880,206,1412.80,7.19,57.81,149.89,0.2665,-1,-1,-1
880,207,1770.68,680.13,63.60,259.93,0.4023,-1,-1,-1
881,3,1719.58,457.55,78.71,208.06,0.6278,-1,-1,-1
881,41,805.52,137.09,60.97,174.89,0.2911,-1,-1,-1
881,72,1573.65,598.68,101.96,225.66,0.5643,-1,-1,-1
881,111,285.60,642.33,84.19,248.09,0.7754,-1,-1,-1
881,129,904.88,937.73,80.40,142.28,0.7478,-1,-1,-1
881,145,429.23,320.43,59.42,188.57,0.5264,-1,-1,-1
881,153,894.02,477.03,66.77,220.89,0.6613,-1,-1,-1
881,156,982.18,459.82,66.03,223.63,0.7034,-1,-1,-1
881,158,342.00,324.74,67.33,187.58,0.4006,-1,-1,-1
881,199,1086.34,0.01,62.41,155.87,0.3398,-1,-1,-1
881,204,1357.90,956.97,104.91,123.04,0.7436,-1,-1,-1
881,206,1413.67,6.68,57.49,148.74,0.2167,-1,-1,-1
881,207,1770.03,680.86,64.15,258.29,0.3957,-1,-1,-1
882,3,1719.82,457.87,78.18,208.19,0.6414,-1,-1,-1
882,41,805.75,137.70,60.51,175.28,0.3035,-1,-1,-1
882,72,1574.09,597.45,102.06,226.89,0.6030,-1,-1,-1
882,111,286.19,643.62,84.60,246.93,0.7641,-1,-1,-1
882,129,905.30,937.21,81.06,142.79,0.7535,-1,-1,-1
882,145,429.38,321.26,59.29,187.36,0.5302,-1,-1,-1
882,147,312.74,169.20,59.62,181.35,0.2044,-1,-1,-1
882,153,892.91,474.34,67.48,225.98,0.6657,-1,-1,-1
882,156,980.50,456.41,65.47,221.86,0.6953,-1,-1,-1
882,158,341.20,328.52,67.28,184.80,0.3440,-1,-1,-1
882,199,1087.47,0.02,62.61,156.40,0.2642,-1,-1,-1
882,204,1355.93,952.08,105.70,127.92,0.7454,-1,-1,-1
882,206,1413.61,6.67,58.29,150.60,0.2261,-1,-1,-1
882,207,1767.63,681.25,64.13,252.65,0.4362,-1,-1,-1
883,3,1720.87,457.89,77.55,207.73,0.6435,-1,-1,-1
883,41,805.53,136.96,59.82,173.79,0.2916,-1,-1,-1
883,72,1573.96,596.84,101.59,227.41,0.5788,-1,-1,-1
883,111,286.91,645.20,85.34,245.73,0.7838,-1,-1,-1
883,129,904.74,937.06,81.33,142.94,0.7434,-1,-1,-1
883,145,428.09,319.97,60.04,188.14,0.5487,-1,-1,-1
883,147,313.50,170.50,59.57,180.77,0.2008,-1,-1,-1
883,153,894.04,470.80,62.63,207.90,0.6735,-1,-1,-1
883,156,979.55,454.24,65.18,218.62,0.7288,-1,-1,-1
883,158,340.06,331.46,67.87,182.51,0.4039,-1,-1,-1
883,203,470.63,159.46,66.21,185.50,0.2995,-1,-1,-1
883,204,1355.61,948.65,103.68,130.61,0.7890,-1,-1,-1
883,206,1413.50,5.98,58.95,152.64,0.2381,-1,-1,-1
883,207,1767.37,683.09,64.16,245.00,0.4763,-1,-1,-1
884,3,1721.31,457.70,76.97,207.81,0.6224,-1,-1,-1
884,41,804.60,136.34,60.39,176.05,0.2873,-1,-1,-1
884,72,1575.03,598.06,100.59,226.35,0.5566,-1,-1,-1
884,111,287.44,648.40,85.10,243.65,0.7818,-1,-1,-1
884,129,906.10,938.15,80.99,141.85,0.7342,-1,-1,-1
884,145,427.49,319.58,60.77,191.17,0.5487,-1,-1,-1
884,153,891.06,466.91,65.02,218.70,0.6513,-1,-1,-1
884,156,976.89,451.68,65.95,219.46,0.6875,-1,-1,-1
884,158,337.84,334.63,68.46,179.64,0.3963,-1,-1,-1
884,203,469.85,159.98,66.94,186.73,0.2425,-1,-1,-1
884,204,1353.62,943.45,102.71,135.35,0.7979,-1,-1,-1
884,206,1415.91,6.41,57.97,150.87,0.2365,-1,-1,-1
884,207,1766.96,683.86,62.69,228.30,0.5456,-1,-1,-1
885,3,1721.63,457.83,76.45,207.08,0.6053,-1,-1,-1
885,41,804.74,137.04,60.08,175.61,0.2644,-1,-1,-1
885,72,1574.72,599.47,99.91,224.94,0.5470,-1,-1,-1
885,111,287.21,649.93,85.51,244.56,0.7681,-1,-1,-1
885,129,906.92,937.42,81.19,142.58,0.7217,-1,-1,-1
885,145,426.89,319.20,62.02,196.31,0.5350,-1,-1,-1
885,147,312.03,167.69,60.94,183.96,0.2061,-1,-1,-1
885,153,890.77,464.59,64.67,220.90,0.6925,-1,-1,-1
885,156,975.10,449.20,66.88,219.80,0.7027,-1,-1,-1
885,158,338.56,332.89,69.92,181.59,0.3670,-1,-1,-1
885,199,1092.17,-0.00,63.54,158.84,0.2335,-1,-1,-1
885,203,468.58,160.17,68.89,192.30,0.2435,-1,-1,-1
885,204,1353.51,939.16,101.47,140.80,0.8062,-1,-1,-1
885,206,1417.48,6.73,57.58,150.70,0.2309,-1,-1,-1
885,207,1765.42,684.48,63.68,221.33,0.5178,-1,-1,-1
886,3,1721.15,457.52,76.32,207.59,0.6142,-1,-1,-1
886,41,804.89,137.81,59.63,174.78,0.2349,-1,-1,-1
886,72,1575.30,598.31,100.61,226.36,0.5651,-1,-1,-1
886,111,287.75,652.14,85.64,246.48,0.7482,-1,-1,-1
886,129,906.69,936.76,81.58,143.25,0.7281,-1,-1,-1
886,145,426.18,320.40,62.03,198.16,0.4821,-1,-1,-1
886,153,890.75,460.92,63.94,220.17,0.6868,-1,-1,-1
886,156,971.90,446.17,68.93,222.67,0.7011,-1,-1,-1
886,158,337.03,335.60,70.19,178.58,0.3752,-1,-1,-1
886,199,1094.73,0.00,63.01,158.01,0.2044,-1,-1,-1
886,204,1352.84,935.18,99.44,144.47,0.8075,-1,-1,-1
886,207,1763.77,684.60,66.92,224.31,0.4771,-1,-1,-1
887,3,1721.28,457.05,76.17,207.93,0.6175,-1,-1,-1
887,41,805.13,137.88,59.66,175.43,0.2460,-1,-1,-1
887,72,1575.28,599.64,99.97,224.74,0.5510,-1,-1,-1
887,111,287.95,654.22,85.04,246.95,0.7588,-1,-1,-1
887,129,908.10,937.31,81.18,142.69,0.7179,-1,-1,-1
887,145,426.02,323.13,62.33,199.47,0.4812,-1,-1,-1
887,153,890.98,462.13,62.49,214.39,0.7270,-1,-1,-1
887,156,971.11,444.75,70.21,224.16,0.7183,-1,-1,-1
887,158,334.54,337.32,70.85,176.49,0.3580,-1,-1,-1
887,199,1096.78,0.96,62.35,156.77,0.2487,-1,-1,-1
887,203,467.58,160.71,70.17,196.35,0.2998,-1,-1,-1
887,204,1352.05,931.24,99.13,146.53,0.7671,-1,-1,-1
887,206,1416.37,5.18,58.33,153.77,0.2127,-1,-1,-1
887,207,1762.02,684.67,68.17,222.90,0.5121,-1,-1,-1
888,3,1721.04,458.20,75.89,206.65,0.6288,-1,-1,-1
888,41,804.57,137.42,59.92,176.59,0.2585,-1,-1,-1
888,72,1575.65,599.23,100.51,225.75,0.5524,-1,-1,-1
888,111,288.93,655.80,84.49,248.49,0.7446,-1,-1,-1
888,129,908.32,937.04,81.00,142.95,0.7097,-1,-1,-1
888,145,426.46,325.92,62.19,199.79,0.5072,-1,-1,-1
888,153,890.35,457.91,64.03,221.22,0.7330,-1,-1,-1
888,156,970.37,444.30,71.25,223.08,0.7354,-1,-1,-1
888,158,333.18,338.53,71.76,175.18,0.4270,-1,-1,-1
888,199,1098.61,2.05,61.46,154.85,0.2758,-1,-1,-1
888,203,468.76,160.55,70.77,199.41,0.3336,-1,-1,-1
888,204,1351.54,930.15,98.63,149.73,0.7714,-1,-1,-1
888,206,1418.66,5.94,56.28,148.83,0.2075,-1,-1,-1
888,207,1759.98,685.35,70.34,223.70,0.5527,-1,-1,-1
889,3,1720.77,456.92,76.72,208.28,0.6432,-1,-1,-1
889,41,805.22,137.41,59.44,175.77,0.2459,-1,-1,-1
889,72,1575.12,599.68,99.80,224.75,0.5393,-1,-1,-1
889,111,290.49,658.87,82.93,247.32,0.7296,-1,-1,-1
889,129,909.54,937.55,80.61,142.45,0.7265,-1,-1,-1
889,145,426.62,324.71,61.89,199.85,0.5059,-1,-1,-1
889,153,890.15,456.48,63.83,222.23,0.7350,-1,-1,-1
889,156,969.48,443.80,73.06,224.49,0.7417,-1,-1,-1
889,158,333.25,340.06,71.87,173.13,0.4198,-1,-1,-1
889,199,1099.67,0.92,62.52,159.33,0.3401,-1,-1,-1
889,203,467.95,162.23,70.60,199.06,0.3031,-1,-1,-1
889,204,1348.91,926.08,99.95,153.48,0.7714,-1,-1,-1
889,207,1759.11,683.66,72.89,229.22,0.5112,-1,-1,-1
890,3,1720.41,456.40,77.58,209.82,0.6655,-1,-1,-1
890,41,806.53,137.20,59.08,175.93,0.2406,-1,-1,-1
890,72,1574.87,599.82,99.81,224.99,0.5304,-1,-1,-1
890,111,290.39,659.69,83.22,251.01,0.7117,-1,-1,-1
890,129,910.69,937.31,79.87,142.68,0.7379,-1,-1,-1
890,145,424.01,328.67,62.39,201.13,0.5099,-1,-1,-1
890,153,889.94,457.21,62.73,218.89,0.7161,-1,-1,-1
890,156,967.23,443.43,74.37,224.84,0.7268,-1,-1,-1
890,158,333.97,341.64,71.25,171.10,0.4888,-1,-1,-1
890,199,1101.23,4.75,61.19,156.36,0.3591,-1,-1,-1
890,203,466.94,162.92,70.94,199.17,0.3463,-1,-1,-1
890,204,1346.08,925.37,100.22,154.60,0.7561,-1,-1,-1
890,207,1756.78,682.80,75.53,236.03,0.4963,-1,-1,-1
891,3,1720.85,456.96,76.89,209.03,0.6456,-1,-1,-1
891,41,806.95,137.21,58.52,175.05,0.2353,-1,-1,-1
891,72,1575.31,597.48,100.47,227.26,0.5408,-1,-1,-1
891,111,292.07,662.10,82.47,252.53,0.7007,-1,-1,-1
891,129,910.61,937.79,79.42,142.21,0.7346,-1,-1,-1
891,145,423.12,329.65,62.60,201.27,0.5167,-1,-1,-1
891,153,889.24,455.35,62.62,218.97,0.7333,-1,-1,-1
891,156,965.65,443.49,76.83,225.95,0.7229,-1,-1,-1
891,158,335.67,340.62,71.12,173.36,0.4813,-1,-1,-1
891,199,1102.43,5.48,61.04,156.46,0.3882,-1,-1,-1
891,203,469.01,165.42,69.57,195.89,0.3702,-1,-1,-1
891,204,1345.42,926.13,99.65,153.88,0.7916,-1,-1,-1
891,207,1755.40,683.02,76.47,236.65,0.5379,-1,-1,-1
892,3,1720.86,456.54,76.94,209.18,0.6454,-1,-1,-1
892,41,807.72,139.95,57.36,172.27,0.2265,-1,-1,-1
892,72,1573.88,596.29,100.97,228.44,0.5353,-1,-1,-1
892,111,293.76,664.22,81.21,253.52,0.7617,-1,-1,-1
892,129,910.77,937.73,79.01,142.27,0.7292,-1,-1,-1
892,145,422.18,331.58,62.72,199.96,0.5441,-1,-1,-1
892,153,887.96,456.31,62.82,219.85,0.6965,-1,-1,-1
892,156,964.16,443.67,79.14,226.71,0.7299,-1,-1,-1
892,158,336.36,342.02,69.61,172.24,0.5024,-1,-1,-1
892,199,1103.84,7.48,60.42,156.11,0.4667,-1,-1,-1
892,203,468.92,165.66,70.01,197.32,0.4123,-1,-1,-1
892,204,1342.64,924.35,101.94,155.65,0.7788,-1,-1,-1
892,207,1754.97,682.43,76.67,235.07,0.5392,-1,-1,-1
893,3,1721.43,457.07,76.61,208.62,0.6377,-1,-1,-1
893,41,808.07,137.21,57.78,175.27,0.2393,-1,-1,-1
893,72,1574.31,595.42,100.99,229.01,0.5345,-1,-1,-1
893,111,296.22,664.33,80.33,255.44,0.7769,-1,-1,-1
893,129,912.14,937.94,78.42,142.06,0.7336,-1,-1,-1
893,145,422.93,333.64,62.37,197.09,0.5463,-1,-1,-1
893,153,885.87,455.66,62.86,219.31,0.7197,-1,-1,-1
893,156,963.15,442.10,80.71,226.84,0.7440,-1,-1,-1
893,158,337.89,344.95,68.58,171.21,0.5255,-1,-1,-1
893,199,1104.32,8.53,60.38,156.42,0.3933,-1,-1,-1
893,203,474.36,171.34,66.54,191.05,0.4136,-1,-1,-1
893,204,1338.78,921.05,104.97,158.95,0.7805,-1,-1,-1
893,207,1754.03,681.88,78.31,237.58,0.5605,-1,-1,-1
894,3,1720.73,457.30,76.74,208.23,0.6375,-1,-1,-1
894,41,808.04,136.71,57.77,176.79,0.2629,-1,-1,-1
894,72,1573.36,593.25,102.04,231.76,0.5018,-1,-1,-1
894,111,297.07,666.63,79.77,254.72,0.7547,-1,-1,-1
894,129,912.36,937.96,77.62,142.04,0.7382,-1,-1,-1
894,145,421.82,333.39,63.21,198.14,0.5132,-1,-1,-1
894,153,885.65,455.66,62.56,218.62,0.6967,-1,-1,-1
894,156,962.81,441.27,81.93,226.79,0.7480,-1,-1,-1
894,158,338.93,345.45,68.62,172.91,0.4431,-1,-1,-1
894,199,1105.07,11.25,60.26,156.19,0.2990,-1,-1,-1
894,203,472.05,169.51,67.19,192.10,0.4283,-1,-1,-1
894,204,1334.45,917.41,107.00,162.60,0.7874,-1,-1,-1
894,207,1752.78,680.42,80.52,242.40,0.5685,-1,-1,-1
895,3,1720.30,456.79,77.02,208.73,0.6305,-1,-1,-1
895,41,807.86,136.21,57.68,177.67,0.2574,-1,-1,-1
895,72,1573.41,595.87,100.92,228.87,0.5244,-1,-1,-1
895,111,298.21,668.07,79.39,252.98,0.7253,-1,-1,-1
895,129,913.03,938.32,77.19,141.68,0.7412,-1,-1,-1
895,145,420.90,333.50,63.49,197.91,0.5181,-1,-1,-1
895,147,312.77,164.10,62.43,188.04,0.2251,-1,-1,-1
895,153,883.55,455.36,62.49,218.78,0.7144,-1,-1,-1
895,156,963.11,441.00,82.43,225.85,0.7438,-1,-1,-1
895,158,337.62,345.81,69.60,178.68,0.4960,-1,-1,-1
895,199,1106.15,13.80,59.55,154.49,0.3731,-1,-1,-1
895,203,474.23,170.84,66.50,191.38,0.4867,-1,-1,-1
895,204,1331.63,917.14,106.82,162.86,0.7864,-1,-1,-1
895,207,1752.53,681.65,80.06,238.55,0.5805,-1,-1,-1
896,3,1719.91,457.24,77.11,208.58,0.6306,-1,-1,-1
896,41,807.97,136.69,57.40,178.04,0.2489,-1,-1,-1
896,72,1573.45,597.65,100.45,227.09,0.5775,-1,-1,-1
896,111,299.55,668.11,79.93,252.01,0.7383,-1,-1,-1
896,129,912.76,938.65,76.54,141.35,0.7136,-1,-1,-1
896,145,420.79,333.75,63.61,197.57,0.5071,-1,-1,-1
896,153,884.24,455.60,61.32,216.02,0.6944,-1,-1,-1
896,156,962.59,438.78,83.16,226.44,0.7393,-1,-1,-1
896,158,337.73,346.74,68.64,178.93,0.5129,-1,-1,-1
896,199,1107.48,15.84,58.71,152.39,0.4135,-1,-1,-1
896,203,474.44,170.25,66.57,191.56,0.4867,-1,-1,-1
896,204,1330.14,913.49,106.72,166.52,0.7729,-1,-1,-1
896,207,1751.54,682.03,81.04,238.80,0.5837,-1,-1,-1
897,3,1720.10,457.14,76.95,207.64,0.6416,-1,-1,-1
897,41,808.39,138.04,56.50,176.17,0.2523,-1,-1,-1
897,72,1573.67,598.58,100.20,226.13,0.5726,-1,-1,-1
897,111,299.64,668.68,82.24,253.33,0.7479,-1,-1,-1
897,129,913.00,939.06,76.25,140.95,0.7347,-1,-1,-1
897,145,420.80,335.17,63.31,195.03,0.4863,-1,-1,-1
897,153,882.64,452.10,62.34,219.47,0.7087,-1,-1,-1
897,156,962.75,436.01,83.02,227.29,0.7405,-1,-1,-1
897,158,338.21,348.93,68.57,180.37,0.4858,-1,-1,-1
897,186,395.00,186.20,49.22,167.29,0.2047,-1,-1,-1
897,199,1107.70,16.44,58.86,153.23,0.3378,-1,-1,-1
897,203,471.77,170.44,67.48,192.58,0.4455,-1,-1,-1
897,204,1328.13,908.36,106.54,171.65,0.7778,-1,-1,-1
897,207,1750.83,680.68,81.23,238.70,0.5729,-1,-1,-1
898,3,1720.02,457.06,77.20,208.54,0.6436,-1,-1,-1
898,41,809.57,138.47,55.61,174.53,0.2446,-1,-1,-1
898,72,1574.63,597.21,100.87,227.08,0.5845,-1,-1,-1
898,111,300.01,669.97,84.76,251.47,0.7628,-1,-1,-1
898,129,911.62,939.97,75.70,139.94,0.7345,-1,-1,-1
898,145,419.59,334.74,63.59,194.64,0.5058,-1,-1,-1
898,153,881.35,450.48,62.18,218.68,0.6759,-1,-1,-1
898,156,962.30,433.78,82.06,225.79,0.7273,-1,-1,-1
898,158,337.69,354.06,67.31,179.60,0.4901,-1,-1,-1
898,199,1107.79,17.07,58.15,152.36,0.3030,-1,-1,-1
898,203,471.51,171.65,67.91,190.64,0.4351,-1,-1,-1
898,204,1325.80,903.74,105.46,176.27,0.7874,-1,-1,-1
898,207,1750.85,680.68,81.28,239.31,0.5421,-1,-1,-1
899,3,1719.79,457.04,76.92,208.99,0.6370,-1,-1,-1
899,41,809.79,137.82,55.45,175.35,0.2762,-1,-1,-1
899,72,1575.45,600.11,99.94,224.00,0.5773,-1,-1,-1
899,111,300.07,670.04,87.35,252.29,0.7682,-1,-1,-1
899,129,911.83,940.97,74.73,138.97,0.7417,-1,-1,-1
899,145,419.18,336.11,63.65,193.22,0.5084,-1,-1,-1
899,153,880.42,447.05,60.99,212.48,0.6645,-1,-1,-1
899,156,962.21,431.52,80.65,222.48,0.7276,-1,-1,-1
899,158,337.94,356.65,66.53,178.02,0.5336,-1,-1,-1
899,199,1107.93,17.04,57.38,152.35,0.3596,-1,-1,-1
899,203,470.91,170.96,69.45,192.49,0.4394,-1,-1,-1
899,204,1324.72,899.51,103.47,180.49,0.7947,-1,-1,-1
899,207,1750.38,680.17,81.30,240.34,0.5102,-1,-1,-1
900,3,1720.10,455.91,76.90,209.71,0.6200,-1,-1,-1
900,41,809.90,137.61,55.36,176.38,0.2636,-1,-1,-1
900,72,1575.02,600.76,99.76,223.44,0.5744,-1,-1,-1
900,111,300.47,670.98,90.22,252.27,0.7702,-1,-1,-1
900,129,912.34,942.68,73.24,136.85,0.7254,-1,-1,-1
900,145,418.17,335.93,64.99,196.56,0.5176,-1,-1,-1
900,153,878.21,445.20,61.41,213.62,0.6726,-1,-1,-1
900,156,961.85,428.27,80.08,222.47,0.7234,-1,-1,-1
900,158,336.39,355.96,67.04,180.68,0.5390,-1,-1,-1
900,199,1108.05,15.50,57.30,154.77,0.3771,-1,-1,-1
900,203,471.17,171.37,69.88,190.85,0.4054,-1,-1,-1
900,204,1324.46,895.27,102.54,184.73,0.7993,-1,-1,-1
900,207,1750.83,680.98,80.15,238.62,0.5391,-1,-1,-1
901,3,1721.42,457.23,75.97,207.31,0.6041,-1,-1,-1
901,41,808.50,137.56,55.19,175.08,0.2471,-1,-1,-1
901,72,1575.94,598.99,100.89,225.52,0.5797,-1,-1,-1
901,111,300.34,672.68,92.51,249.28,0.7861,-1,-1,-1
901,129,912.65,943.38,72.45,135.84,0.7376,-1,-1,-1
901,145,416.60,337.82,65.76,197.39,0.5251,-1,-1,-1
901,153,877.38,442.27,61.33,211.03,0.6630,-1,-1,-1
901,156,962.75,424.56,78.69,222.57,0.7155,-1,-1,-1
901,158,335.82,353.06,67.74,181.51,0.4905,-1,-1,-1
901,199,1107.97,15.25,57.51,157.37,0.3346,-1,-1,-1
901,203,471.94,172.79,70.44,189.51,0.3444,-1,-1,-1
901,204,1323.11,892.16,101.29,187.84,0.8133,-1,-1,-1
901,207,1749.21,682.78,79.36,237.10,0.5596,-1,-1,-1
902,3,1721.18,456.78,76.02,208.00,0.6083,-1,-1,-1
902,41,809.24,137.54,55.48,177.19,0.2546,-1,-1,-1
902,72,1576.73,598.99,100.30,225.03,0.5811,-1,-1,-1
902,111,299.40,675.02,95.58,249.70,0.8122,-1,-1,-1
902,129,912.83,944.34,71.10,134.82,0.7258,-1,-1,-1
902,145,417.24,338.12,66.84,201.45,0.5158,-1,-1,-1
902,153,875.75,440.29,61.85,210.71,0.6949,-1,-1,-1
902,156,964.34,422.51,75.57,217.81,0.7300,-1,-1,-1
902,158,335.51,352.46,68.29,181.39,0.4251,-1,-1,-1
902,199,1108.23,16.81,57.12,158.29,0.3092,-1,-1,-1
902,203,473.26,173.82,69.62,184.84,0.3176,-1,-1,-1
902,204,1321.06,888.97,100.15,191.03,0.8059,-1,-1,-1
902,207,1749.13,682.20,79.55,238.65,0.5493,-1,-1,-1
903,3,1720.67,457.37,76.07,208.37,0.5954,-1,-1,-1
903,41,809.00,137.65,55.21,176.73,0.2578,-1,-1,-1
903,72,1577.36,598.83,99.94,225.54,0.5928,-1,-1,-1
903,111,298.47,676.70,97.86,254.36,0.8223,-1,-1,-1
903,129,912.60,945.41,70.52,134.55,0.7349,-1,-1,-1
903,145,416.07,340.66,67.27,202.26,0.5506,-1,-1,-1
903,147,321.37,168.56,69.00,186.25,0.2342,-1,-1,-1
903,153,875.03,438.24,62.21,210.78,0.6910,-1,-1,-1
903,156,964.82,420.94,73.92,217.54,0.7163,-1,-1,-1
903,158,334.36,351.88,69.12,181.92,0.3668,-1,-1,-1
903,199,1108.68,18.21,56.88,159.49,0.3009,-1,-1,-1
903,203,473.70,174.28,69.70,182.78,0.3100,-1,-1,-1
903,204,1318.93,884.85,100.21,195.14,0.7814,-1,-1,-1
903,207,1750.29,680.58,80.16,241.81,0.5651,-1,-1,-1
904,3,1721.81,457.19,75.47,207.54,0.6274,-1,-1,-1
904,41,808.13,137.99,55.33,176.44,0.2711,-1,-1,-1
904,72,1577.00,599.38,99.50,224.63,0.5474,-1,-1,-1
904,111,299.01,678.92,97.64,254.04,0.8373,-1,-1,-1
904,129,913.19,946.38,69.58,133.62,0.7201,-1,-1,-1
904,145,417.97,343.63,66.81,202.57,0.4943,-1,-1,-1
904,147,319.80,169.26,72.53,185.84,0.2444,-1,-1,-1
904,153,873.90,437.04,63.32,214.46,0.7102,-1,-1,-1
904,156,965.49,420.51,72.42,217.12,0.7098,-1,-1,-1
904,158,330.94,353.31,69.80,179.99,0.3802,-1,-1,-1
904,199,1109.58,19.86,56.14,158.78,0.3786,-1,-1,-1
904,203,470.18,173.82,71.54,188.89,0.3135,-1,-1,-1
904,204,1315.93,880.92,99.76,199.08,0.7713,-1,-1,-1
904,207,1751.62,682.18,79.82,240.41,0.5868,-1,-1,-1
905,3,1721.80,456.78,75.45,208.18,0.6410,-1,-1,-1
905,41,807.66,138.34,55.13,174.40,0.2629,-1,-1,-1
905,72,1576.56,598.58,99.94,225.96,0.5767,-1,-1,-1
905,111,300.06,680.49,98.04,259.16,0.8371,-1,-1,-1
905,129,913.11,947.60,68.95,132.40,0.7267,-1,-1,-1
905,145,417.59,348.36,65.57,199.54,0.4790,-1,-1,-1
905,147,318.44,169.22,74.73,186.22,0.2449,-1,-1,-1
905,153,873.82,435.18,62.56,213.57,0.7178,-1,-1,-1
905,156,965.35,418.75,72.13,219.11,0.7308,-1,-1,-1
905,158,340.21,354.68,67.19,179.12,0.4183,-1,-1,-1
905,199,1110.00,21.39,56.19,159.78,0.3492,-1,-1,-1
905,203,468.46,173.81,72.78,194.31,0.2665,-1,-1,-1
905,204,1314.45,878.03,98.77,200.66,0.7484,-1,-1,-1
905,207,1751.92,682.56,80.45,243.83,0.5758,-1,-1,-1
906,3,1720.83,456.60,75.57,209.03,0.6351,-1,-1,-1
906,41,807.56,137.76,55.35,174.16,0.2311,-1,-1,-1
906,72,1577.64,599.01,99.37,225.32,0.5942,-1,-1,-1
906,111,302.01,682.65,96.59,261.37,0.8409,-1,-1,-1
906,129,913.15,949.36,68.33,130.63,0.7252,-1,-1,-1
906,145,414.82,348.99,66.08,201.54,0.5884,-1,-1,-1
906,147,318.04,169.89,75.89,185.79,0.2490,-1,-1,-1
906,153,872.55,434.87,62.33,214.75,0.7389,-1,-1,-1
906,156,965.37,418.04,70.86,217.83,0.7330,-1,-1,-1
906,158,343.20,354.11,65.35,180.78,0.4336,-1,-1,-1
906,199,1109.91,22.62,56.15,159.68,0.3369,-1,-1,-1
906,203,467.59,170.80,74.24,200.27,0.3099,-1,-1,-1
906,204,1312.94,876.45,97.21,202.61,0.7586,-1,-1,-1
906,207,1752.85,683.00,79.09,239.17,0.6094,-1,-1,-1
907,3,1721.11,457.31,75.08,207.71,0.6204,-1,-1,-1
907,41,807.28,137.85,55.85,175.00,0.2478,-1,-1,-1
907,72,1578.80,599.34,98.44,224.71,0.5615,-1,-1,-1
907,111,304.56,685.18,93.11,255.48,0.8388,-1,-1,-1
907,129,910.36,949.15,70.25,130.85,0.7460,-1,-1,-1
907,145,414.02,345.10,68.31,206.80,0.5853,-1,-1,-1
907,147,317.09,169.03,76.86,186.43,0.2464,-1,-1,-1
907,153,871.87,432.82,62.56,215.03,0.7305,-1,-1,-1
907,156,965.77,417.81,71.02,220.21,0.6830,-1,-1,-1
907,158,343.92,358.55,62.21,176.62,0.4179,-1,-1,-1
907,199,1109.63,25.01,56.69,160.25,0.3287,-1,-1,-1
907,203,467.19,169.89,74.76,202.74,0.3328,-1,-1,-1
907,204,1311.85,876.85,96.55,203.09,0.7327,-1,-1,-1
907,207,1753.39,683.04,79.56,240.53,0.6236,-1,-1,-1
908,3,1721.55,457.50,74.66,206.78,0.6245,-1,-1,-1
908,41,807.56,137.39,55.94,174.47,0.2565,-1,-1,-1
908,72,1576.82,598.25,98.89,226.41,0.6038,-1,-1,-1
908,111,306.31,687.71,91.96,257.35,0.8393,-1,-1,-1
908,129,911.44,950.91,69.96,129.09,0.7262,-1,-1,-1
908,145,413.48,346.19,68.71,206.81,0.5882,-1,-1,-1
908,147,316.51,168.86,77.39,186.51,0.2328,-1,-1,-1
908,153,870.58,432.17,63.26,218.74,0.7239,-1,-1,-1
908,156,965.64,417.74,69.80,219.79,0.7232,-1,-1,-1
908,158,331.05,356.30,65.62,178.27,0.4345,-1,-1,-1
908,199,1110.01,27.68,57.07,160.13,0.2386,-1,-1,-1
908,203,467.08,171.58,75.37,205.86,0.3506,-1,-1,-1
908,204,1309.29,876.37,96.49,203.62,0.7338,-1,-1,-1
908,207,1754.61,684.11,79.38,240.74,0.6295,-1,-1,-1
909,3,1721.37,457.08,74.48,207.28,0.6057,-1,-1,-1
909,41,807.71,137.36,55.75,173.09,0.2479,-1,-1,-1
909,72,1577.85,597.38,98.33,226.72,0.5931,-1,-1,-1
909,111,307.00,689.92,91.36,260.12,0.8418,-1,-1,-1
909,129,909.35,950.22,71.31,129.79,0.7385,-1,-1,-1
909,145,414.49,354.46,65.41,198.41,0.5978,-1,-1,-1
909,153,870.15,431.98,62.93,219.29,0.7266,-1,-1,-1
909,156,965.12,417.23,69.80,223.15,0.7148,-1,-1,-1
909,158,326.97,358.55,68.48,179.37,0.5397,-1,-1,-1
909,199,1110.18,30.36,57.45,160.47,0.2490,-1,-1,-1
909,203,469.87,173.26,76.95,207.83,0.2794,-1,-1,-1
909,204,1306.97,874.41,96.20,205.60,0.7358,-1,-1,-1
909,207,1755.43,684.41,78.77,238.83,0.6273,-1,-1,-1
910,3,1721.59,456.57,74.85,208.76,0.6291,-1,-1,-1
910,41,807.92,137.29,55.99,173.22,0.2970,-1,-1,-1
910,72,1575.98,598.29,98.70,226.02,0.5753,-1,-1,-1
910,111,307.04,692.02,91.13,262.66,0.8391,-1,-1,-1
910,129,908.91,951.08,72.04,128.92,0.7346,-1,-1,-1
910,145,413.58,351.11,66.23,201.14,0.6175,-1,-1,-1
910,147,314.99,169.92,77.13,185.29,0.2491,-1,-1,-1
910,153,870.32,431.45,62.85,219.36,0.7137,-1,-1,-1
910,156,964.15,417.21,69.40,222.63,0.7153,-1,-1,-1
910,158,325.20,358.43,72.04,183.50,0.5745,-1,-1,-1
910,199,1110.68,32.06,57.68,159.71,0.2482,-1,-1,-1
910,203,473.70,177.04,76.23,199.05,0.3875,-1,-1,-1
910,204,1305.73,872.39,95.45,207.61,0.7561,-1,-1,-1
910,207,1755.94,683.50,78.68,239.97,0.6105,-1,-1,-1
911,3,1722.08,457.58,74.76,206.88,0.6297,-1,-1,-1
911,41,807.74,137.32,56.57,174.77,0.2772,-1,-1,-1
911,72,1575.69,599.18,98.75,225.17,0.5510,-1,-1,-1
911,111,307.19,693.72,90.06,261.96,0.8373,-1,-1,-1
911,129,908.77,951.69,72.50,128.32,0.7430,-1,-1,-1
911,145,414.01,356.11,64.08,196.61,0.6222,-1,-1,-1
911,147,314.95,171.16,76.71,183.58,0.2325,-1,-1,-1
911,153,869.71,430.54,62.97,220.53,0.7107,-1,-1,-1
911,156,964.43,415.88,69.00,223.71,0.7068,-1,-1,-1
911,158,325.99,363.71,72.68,181.96,0.5644,-1,-1,-1
911,203,472.19,177.85,77.28,200.23,0.3048,-1,-1,-1
911,204,1303.08,869.40,94.56,210.61,0.7713,-1,-1,-1
911,207,1756.50,683.56,78.27,240.02,0.6088,-1,-1,-1
912,3,1721.98,456.60,75.14,207.66,0.6291,-1,-1,-1
912,41,807.76,137.37,56.64,174.60,0.2922,-1,-1,-1
912,72,1574.77,597.88,99.71,226.37,0.5373,-1,-1,-1
912,111,307.31,695.24,89.54,263.30,0.8344,-1,-1,-1
912,129,909.90,953.05,72.21,126.95,0.7403,-1,-1,-1
912,145,412.44,352.63,65.17,201.23,0.6220,-1,-1,-1
912,147,314.75,170.23,78.09,186.19,0.2714,-1,-1,-1
912,153,869.80,429.23,62.44,218.48,0.6911,-1,-1,-1
912,156,963.87,415.04,67.60,220.22,0.7012,-1,-1,-1
912,158,326.01,366.76,72.85,181.26,0.5700,-1,-1,-1
912,199,1111.81,34.07,59.67,163.11,0.2034,-1,-1,-1
912,203,470.04,179.07,76.70,197.91,0.2208,-1,-1,-1
912,204,1301.43,866.46,94.02,213.51,0.7658,-1,-1,-1
912,207,1757.11,683.59,78.05,240.68,0.6182,-1,-1,-1
913,3,1721.68,455.96,75.46,208.39,0.5950,-1,-1,-1
913,41,808.26,137.62,56.38,173.65,0.3027,-1,-1,-1
913,72,1575.50,598.45,99.35,225.82,0.5475,-1,-1,-1
913,111,307.34,696.27,88.56,261.81,0.8276,-1,-1,-1
913,129,909.63,952.81,72.53,127.19,0.7401,-1,-1,-1
913,145,412.03,351.98,65.47,201.91,0.6024,-1,-1,-1
913,147,314.71,170.43,78.26,186.26,0.2336,-1,-1,-1
913,153,868.67,426.52,63.37,221.96,0.7048,-1,-1,-1
913,156,963.02,412.63,66.89,217.75,0.6852,-1,-1,-1
913,158,327.33,367.70,73.69,182.91,0.5164,-1,-1,-1
913,199,1112.58,33.98,59.98,162.47,0.2731,-1,-1,-1
913,203,468.01,180.41,74.49,192.67,0.2437,-1,-1,-1
913,204,1299.90,861.16,93.93,218.83,0.7719,-1,-1,-1
913,207,1757.22,681.91,78.21,242.06,0.6180,-1,-1,-1
914,3,1722.18,456.07,75.14,208.32,0.6204,-1,-1,-1
914,41,808.08,137.42,56.64,174.42,0.2720,-1,-1,-1
914,72,1575.02,597.76,99.95,226.35,0.4642,-1,-1,-1
914,111,307.50,696.72,88.21,261.07,0.8218,-1,-1,-1
914,129,908.95,953.18,73.07,126.82,0.7459,-1,-1,-1
914,145,412.29,355.39,64.18,197.65,0.5553,-1,-1,-1
914,147,313.26,170.13,78.27,186.08,0.2221,-1,-1,-1
914,153,868.15,425.94,62.05,217.38,0.6764,-1,-1,-1
914,156,962.19,410.25,65.72,212.49,0.6973,-1,-1,-1
914,158,327.42,367.08,74.59,185.20,0.5371,-1,-1,-1
914,199,1112.57,34.37,59.83,161.01,0.2440,-1,-1,-1
914,203,466.72,181.34,74.89,194.47,0.2172,-1,-1,-1
914,204,1297.41,857.24,93.97,222.77,0.7723,-1,-1,-1
914,207,1757.86,680.58,78.32,244.18,0.5932,-1,-1,-1
914,208,1719.09,93.09,52.27,165.49,0.3682,-1,-1,-1
915,3,1721.80,456.60,74.45,207.41,0.6135,-1,-1,-1
915,41,809.12,137.44,55.87,172.40,0.3111,-1,-1,-1
915,72,1574.75,598.62,99.90,225.72,0.5304,-1,-1,-1
915,111,307.38,697.78,87.73,260.06,0.8161,-1,-1,-1
915,129,908.02,953.66,73.57,126.34,0.7469,-1,-1,-1
915,145,411.82,355.60,64.19,197.04,0.5396,-1,-1,-1
915,147,312.20,170.80,78.23,185.86,0.2050,-1,-1,-1
915,153,868.76,422.05,59.17,205.15,0.6626,-1,-1,-1
915,156,961.06,408.51,65.08,209.62,0.7017,-1,-1,-1
915,158,328.27,368.65,74.12,185.32,0.5383,-1,-1,-1
915,199,1113.85,34.27,60.21,161.91,0.2611,-1,-1,-1
915,203,463.88,180.99,75.27,195.92,0.2498,-1,-1,-1
915,204,1297.32,853.47,94.35,226.53,0.7732,-1,-1,-1
915,207,1757.22,677.87,78.36,246.13,0.5833,-1,-1,-1
915,208,1720.34,92.86,51.98,165.35,0.3629,-1,-1,-1
916,3,1721.76,456.15,74.64,208.10,0.6019,-1,-1,-1
916,41,807.54,137.89,57.29,176.00,0.3084,-1,-1,-1
916,72,1574.14,599.98,99.32,223.87,0.5460,-1,-1,-1
916,111,307.06,699.46,87.14,258.23,0.7992,-1,-1,-1
916,129,907.63,953.78,74.15,126.22,0.7433,-1,-1,-1
916,145,408.51,348.51,67.28,204.69,0.4994,-1,-1,-1
916,147,309.77,168.24,79.37,189.63,0.2710,-1,-1,-1
916,153,868.22,420.00,59.72,206.52,0.6696,-1,-1,-1
916,156,959.54,406.54,64.46,206.98,0.7077,-1,-1,-1
916,158,327.61,371.18,73.05,183.73,0.5289,-1,-1,-1
916,199,1114.43,34.32,59.96,161.87,0.2920,-1,-1,-1
916,203,464.09,181.75,74.07,194.51,0.3003,-1,-1,-1
916,204,1295.08,849.71,94.97,230.29,0.7697,-1,-1,-1
916,207,1756.05,676.53,79.38,251.69,0.5579,-1,-1,-1
916,208,1722.06,92.43,51.31,165.40,0.4354,-1,-1,-1
917,3,1721.14,456.46,74.46,207.91,0.6346,-1,-1,-1
917,41,807.41,137.47,57.39,175.96,0.3113,-1,-1,-1
917,72,1574.26,599.78,99.69,224.23,0.4534,-1,-1,-1
917,111,306.70,701.96,86.50,255.89,0.8084,-1,-1,-1
917,129,907.12,953.71,74.65,126.30,0.7443,-1,-1,-1
917,145,409.80,354.53,64.88,197.93,0.5344,-1,-1,-1
917,147,309.17,169.87,78.64,188.57,0.2903,-1,-1,-1
917,153,866.95,415.97,60.85,212.12,0.6912,-1,-1,-1
917,156,957.56,403.88,64.85,208.76,0.7379,-1,-1,-1
917,158,327.70,371.45,72.88,183.70,0.5519,-1,-1,-1
917,199,1115.37,34.09,60.11,163.94,0.3199,-1,-1,-1
917,203,460.43,182.98,73.61,195.94,0.4040,-1,-1,-1
917,204,1293.89,845.21,96.00,234.80,0.7740,-1,-1,-1
917,207,1757.07,675.72,78.80,251.58,0.5489,-1,-1,-1
917,208,1723.25,93.99,49.87,163.13,0.4413,-1,-1,-1
918,3,1721.14,455.71,74.61,209.23,0.6125,-1,-1,-1
918,41,807.95,137.03,57.28,176.04,0.2962,-1,-1,-1
918,72,1574.49,600.73,99.37,223.41,0.5702,-1,-1,-1
918,111,306.81,702.54,85.98,254.09,0.7995,-1,-1,-1
918,129,907.32,954.52,74.59,125.48,0.7493,-1,-1,-1
918,145,409.09,350.97,67.13,202.65,0.5581,-1,-1,-1
918,147,309.58,171.43,77.23,186.08,0.2345,-1,-1,-1
918,153,866.39,414.61,60.61,212.40,0.7007,-1,-1,-1
918,156,954.45,400.91,65.69,210.71,0.7143,-1,-1,-1
918,158,327.79,371.56,72.76,183.64,0.5271,-1,-1,-1
918,199,1116.05,34.57,60.49,166.80,0.3414,-1,-1,-1
918,203,458.22,181.20,74.69,202.71,0.4236,-1,-1,-1
918,204,1290.21,841.65,96.51,238.35,0.7655,-1,-1,-1
918,207,1755.92,674.33,78.86,252.84,0.5492,-1,-1,-1
918,208,1724.07,93.96,49.77,165.65,0.4066,-1,-1,-1
918,210,1607.82,65.78,51.07,158.96,0.2880,-1,-1,-1
919,3,1721.36,455.47,74.82,210.40,0.6043,-1,-1,-1
919,41,807.68,136.63,57.25,175.84,0.2970,-1,-1,-1
919,72,1574.29,598.97,99.86,224.82,0.5445,-1,-1,-1
919,111,307.25,703.39,85.72,252.32,0.7887,-1,-1,-1
919,129,907.36,954.73,75.03,125.27,0.7415,-1,-1,-1
919,145,407.69,351.54,68.90,206.40,0.5695,-1,-1,-1
919,147,309.17,167.90,78.12,188.67,0.2471,-1,-1,-1
919,153,866.03,413.16,61.20,214.03,0.7216,-1,-1,-1
919,156,953.30,398.67,66.73,212.88,0.7156,-1,-1,-1
919,158,327.22,373.29,72.49,182.10,0.4922,-1,-1,-1
919,199,1118.47,34.98,59.95,165.86,0.3071,-1,-1,-1
919,203,456.39,183.43,74.76,204.81,0.4638,-1,-1,-1
919,204,1289.85,839.07,96.73,240.93,0.7653,-1,-1,-1
919,207,1757.71,676.71,77.68,251.11,0.5595,-1,-1,-1
919,208,1724.37,95.28,49.33,166.04,0.3181,-1,-1,-1
919,210,1608.70,66.85,51.94,162.24,0.2790,-1,-1,-1
920,3,1721.03,455.91,74.59,209.11,0.6082,-1,-1,-1
920,41,808.19,137.21,56.63,173.60,0.2898,-1,-1,-1
920,72,1574.85,599.73,99.32,224.12,0.5432,-1,-1,-1
920,111,306.91,705.43,86.92,253.72,0.7922,-1,-1,-1
920,129,907.07,955.57,75.14,124.42,0.7419,-1,-1,-1
920,145,407.88,353.98,68.55,205.76,0.5468,-1,-1,-1
920,147,309.08,168.07,77.82,188.39,0.2650,-1,-1,-1
920,153,866.02,408.40,61.15,214.33,0.7460,-1,-1,-1
920,156,951.36,396.29,67.97,215.56,0.7448,-1,-1,-1
920,158,328.24,373.81,72.72,182.20,0.4559,-1,-1,-1
920,199,1119.07,35.61,60.33,167.28,0.3686,-1,-1,-1
920,203,456.31,184.89,74.36,205.23,0.3798,-1,-1,-1
920,204,1286.90,835.62,97.27,244.38,0.7746,-1,-1,-1
920,207,1758.66,678.35,77.21,250.69,0.5527,-1,-1,-1
920,208,1724.16,95.32,50.02,169.85,0.2349,-1,-1,-1
920,210,1610.46,68.68,51.25,160.27,0.2579,-1,-1,-1
921,3,1720.92,455.37,75.07,210.52,0.6012,-1,-1,-1
921,41,807.68,137.31,56.88,173.88,0.2912,-1,-1,-1
921,72,1575.06,601.07,99.07,223.02,0.5395,-1,-1,-1
921,111,306.56,706.80,87.25,254.39,0.7886,-1,-1,-1
921,129,906.21,955.02,75.36,124.86,0.7195,-1,-1,-1
921,145,406.90,355.82,69.06,207.41,0.5529,-1,-1,-1
921,147,309.97,169.52,76.72,185.92,0.2479,-1,-1,-1
921,153,865.55,407.77,61.66,217.21,0.7616,-1,-1,-1
921,156,949.24,394.90,69.78,217.01,0.7418,-1,-1,-1
921,158,327.97,373.97,72.66,181.40,0.4747,-1,-1,-1
921,199,1120.04,38.17,60.15,167.29,0.3983,-1,-1,-1
921,203,455.85,185.78,74.75,208.45,0.3454,-1,-1,-1
921,204,1286.46,833.86,96.30,246.14,0.7704,-1,-1,-1
921,207,1758.92,678.79,76.83,250.12,0.5598,-1,-1,-1
921,210,1611.37,70.21,50.94,159.95,0.2610,-1,-1,-1
922,3,1720.65,455.37,74.79,209.73,0.6094,-1,-1,-1
922,41,807.07,136.43,57.68,176.39,0.3111,-1,-1,-1
922,72,1575.25,599.86,99.28,223.94,0.4984,-1,-1,-1
922,111,306.22,708.36,88.02,257.80,0.7726,-1,-1,-1
922,129,905.95,955.13,75.69,124.86,0.7304,-1,-1,-1
922,145,406.07,358.90,68.36,205.04,0.5427,-1,-1,-1
922,147,308.37,168.75,76.87,188.06,0.2797,-1,-1,-1
922,153,865.66,407.23,61.04,216.45,0.7642,-1,-1,-1
922,156,947.95,393.55,71.22,218.16,0.7355,-1,-1,-1
922,158,327.41,374.39,73.36,181.28,0.4927,-1,-1,-1
922,199,1121.30,41.27,59.24,164.73,0.4620,-1,-1,-1
922,203,456.34,189.71,72.80,203.41,0.4117,-1,-1,-1
922,204,1284.48,832.02,95.54,247.64,0.7847,-1,-1,-1
922,207,1759.00,677.65,76.83,250.89,0.5386,-1,-1,-1
922,210,1612.28,72.63,50.58,160.04,0.2748,-1,-1,-1
923,3,1720.02,455.89,75.09,210.00,0.6225,-1,-1,-1
923,41,806.81,137.45,57.38,175.15,0.2888,-1,-1,-1
923,72,1574.24,598.60,100.26,225.45,0.5140,-1,-1,-1
923,111,306.30,710.17,87.85,258.43,0.7699,-1,-1,-1
923,129,906.59,955.63,75.83,124.37,0.7330,-1,-1,-1
923,145,405.30,360.76,68.45,205.03,0.5231,-1,-1,-1
923,147,307.68,169.25,76.25,188.42,0.2595,-1,-1,-1
923,153,865.37,406.79,60.73,217.61,0.7652,-1,-1,-1
923,156,946.97,392.98,73.21,219.91,0.7378,-1,-1,-1
923,158,327.34,374.69,73.39,181.16,0.4715,-1,-1,-1
923,186,377.08,217.68,45.00,140.33,0.2006,-1,-1,-1
923,199,1121.48,42.19,60.05,167.73,0.4182,-1,-1,-1
923,203,455.42,191.96,72.00,199.98,0.4586,-1,-1,-1
923,204,1284.15,830.31,95.10,249.44,0.7879,-1,-1,-1
923,207,1758.29,677.70,76.04,250.02,0.5799,-1,-1,-1
923,208,1727.91,98.89,49.66,169.13,0.2331,-1,-1,-1
923,210,1613.31,73.56,50.04,159.31,0.2439,-1,-1,-1
924,3,1719.90,455.55,75.53,209.83,0.6284,-1,-1,-1
924,41,806.65,137.36,57.58,175.39,0.3321,-1,-1,-1
924,72,1574.23,598.58,100.25,225.59,0.4692,-1,-1,-1
924,111,306.17,711.65,88.18,262.36,0.7529,-1,-1,-1
924,129,906.50,955.77,76.04,124.23,0.7353,-1,-1,-1
924,145,404.15,362.05,70.06,208.93,0.5484,-1,-1,-1
924,147,307.62,169.02,75.88,189.19,0.2873,-1,-1,-1
924,153,865.61,406.45,60.09,215.29,0.7512,-1,-1,-1
924,156,945.38,392.20,75.68,221.95,0.7562,-1,-1,-1
924,158,327.82,376.23,72.62,180.13,0.5056,-1,-1,-1
924,186,376.22,217.53,46.62,141.50,0.2303,-1,-1,-1
924,199,1122.98,44.59,59.03,164.95,0.4018,-1,-1,-1
924,203,456.36,193.98,71.50,198.68,0.4403,-1,-1,-1
924,204,1282.73,829.67,94.95,248.22,0.7901,-1,-1,-1
924,207,1756.04,675.64,75.73,248.75,0.5560,-1,-1,-1
924,208,1727.61,99.00,51.72,177.53,0.3197,-1,-1,-1
924,210,1614.52,74.60,50.07,160.16,0.3121,-1,-1,-1
925,3,1719.06,455.32,76.05,210.54,0.6063,-1,-1,-1
925,41,806.26,137.17,57.75,175.72,0.2985,-1,-1,-1
925,72,1574.60,598.02,100.70,228.17,0.3539,-1,-1,-1
925,111,307.16,714.62,87.08,261.48,0.7442,-1,-1,-1
925,129,906.13,954.84,76.29,125.15,0.7232,-1,-1,-1
925,145,402.15,363.36,71.09,211.56,0.5779,-1,-1,-1
925,147,307.83,168.49,75.49,190.13,0.2950,-1,-1,-1
925,153,864.87,406.26,60.33,215.35,0.7586,-1,-1,-1
925,156,943.45,392.22,76.86,221.95,0.7579,-1,-1,-1
925,158,327.34,377.27,72.14,180.23,0.5638,-1,-1,-1
925,186,375.30,218.28,48.10,144.69,0.2050,-1,-1,-1
925,199,1122.88,46.46,58.44,163.32,0.4262,-1,-1,-1
925,203,456.00,195.97,71.75,198.93,0.3686,-1,-1,-1
925,204,1280.66,829.42,95.59,247.35,0.7774,-1,-1,-1
925,207,1756.28,676.43,75.79,248.20,0.5357,-1,-1,-1
925,208,1728.28,100.59,51.50,178.28,0.2233,-1,-1,-1
925,210,1616.06,74.93,50.02,160.19,0.3153,-1,-1,-1
926,3,1719.46,455.99,75.86,209.48,0.5818,-1,-1,-1
926,41,806.26,136.84,57.89,176.05,0.3228,-1,-1,-1
926,72,1574.98,598.23,100.20,228.63,0.3214,-1,-1,-1
926,111,308.05,717.65,86.87,261.13,0.7453,-1,-1,-1
926,129,907.30,955.37,76.24,124.63,0.7306,-1,-1,-1
926,145,401.04,363.69,71.71,212.53,0.5012,-1,-1,-1
926,147,310.24,167.76,74.51,188.27,0.2757,-1,-1,-1
926,153,864.34,405.79,60.40,215.36,0.7059,-1,-1,-1
926,156,941.85,392.09,78.30,221.94,0.7609,-1,-1,-1
926,158,327.84,379.12,71.50,180.19,0.5356,-1,-1,-1
926,199,1123.51,46.63,58.79,164.36,0.4182,-1,-1,-1
926,203,455.23,199.53,72.26,200.31,0.4078,-1,-1,-1
926,204,1278.61,827.51,95.51,250.70,0.7913,-1,-1,-1
926,207,1756.84,677.10,76.54,250.09,0.5894,-1,-1,-1
926,210,1616.32,74.82,50.19,161.03,0.2505,-1,-1,-1
927,3,1719.34,456.13,75.93,209.28,0.6102,-1,-1,-1
927,41,806.41,137.07,57.71,175.45,0.3418,-1,-1,-1
927,72,1574.45,597.87,99.58,226.65,0.4290,-1,-1,-1
927,111,308.19,720.55,87.21,264.10,0.7486,-1,-1,-1
927,129,906.91,954.89,76.01,125.11,0.7388,-1,-1,-1
927,145,401.40,364.96,71.45,211.83,0.4950,-1,-1,-1
927,147,309.06,168.69,74.02,188.62,0.2889,-1,-1,-1
927,153,863.74,405.07,60.17,213.61,0.7403,-1,-1,-1
927,156,941.57,391.32,78.94,220.36,0.7727,-1,-1,-1
927,158,327.99,382.64,70.82,181.03,0.5715,-1,-1,-1
927,199,1124.22,47.08,58.52,164.13,0.4173,-1,-1,-1
927,203,455.54,201.54,72.15,200.45,0.3874,-1,-1,-1
927,204,1275.92,825.50,95.28,252.28,0.8028,-1,-1,-1
927,207,1756.93,676.77,77.40,253.06,0.5862,-1,-1,-1
927,210,1617.44,75.41,50.48,161.73,0.3152,-1,-1,-1
928,3,1719.04,456.34,75.92,208.84,0.6034,-1,-1,-1
928,41,805.66,136.97,57.88,175.22,0.3213,-1,-1,-1
928,72,1576.00,598.05,99.36,228.36,0.4129,-1,-1,-1
928,111,310.55,725.56,85.80,264.17,0.7731,-1,-1,-1
928,129,906.82,954.72,76.11,125.28,0.7213,-1,-1,-1
928,145,400.07,363.96,71.95,212.39,0.5128,-1,-1,-1
928,147,308.86,169.16,73.89,189.62,0.3384,-1,-1,-1
928,153,862.84,404.20,60.63,214.64,0.7359,-1,-1,-1
928,156,941.53,389.98,79.43,220.85,0.7677,-1,-1,-1
928,158,327.85,384.22,71.42,184.77,0.5215,-1,-1,-1
928,186,371.57,214.82,50.31,152.92,0.2680,-1,-1,-1
928,199,1124.79,46.59,58.95,166.43,0.4997,-1,-1,-1
928,203,455.61,204.15,71.21,198.68,0.3635,-1,-1,-1
928,204,1273.05,822.46,95.28,256.22,0.7778,-1,-1,-1
928,207,1756.46,675.87,77.59,253.07,0.5873,-1,-1,-1
928,208,1729.67,100.05,51.66,180.87,0.2220,-1,-1,-1
928,210,1618.47,76.05,50.28,160.26,0.2899,-1,-1,-1
929,3,1718.68,456.17,76.20,209.34,0.6077,-1,-1,-1
929,41,806.79,136.85,57.85,176.03,0.3260,-1,-1,-1
929,72,1577.49,598.58,98.17,227.88,0.3661,-1,-1,-1
929,111,312.30,726.97,85.22,265.17,0.7941,-1,-1,-1
929,129,907.39,954.97,75.99,125.02,0.7308,-1,-1,-1
929,145,399.32,364.36,72.33,211.97,0.5722,-1,-1,-1
929,147,310.01,170.29,72.80,187.79,0.2666,-1,-1,-1
929,153,861.37,401.66,61.71,216.60,0.7441,-1,-1,-1
929,156,940.79,388.34,79.37,221.39,0.7689,-1,-1,-1
929,158,328.58,385.55,71.93,187.22,0.5337,-1,-1,-1
929,186,370.15,214.46,51.21,158.38,0.2718,-1,-1,-1
929,199,1125.74,46.30,57.96,164.34,0.5012,-1,-1,-1
929,203,455.43,204.73,71.80,199.47,0.3305,-1,-1,-1
929,204,1271.62,817.11,94.93,260.65,0.7775,-1,-1,-1
929,207,1756.26,676.70,77.67,251.69,0.5928,-1,-1,-1
929,208,1729.64,100.98,50.54,180.04,0.3089,-1,-1,-1
929,210,1619.19,77.03,50.67,160.00,0.3465,-1,-1,-1
930,3,1719.26,456.34,76.03,209.15,0.5972,-1,-1,-1
930,41,807.16,137.27,57.45,175.13,0.3354,-1,-1,-1
930,72,1578.01,598.32,97.21,227.90,0.3744,-1,-1,-1
930,111,313.95,728.87,83.78,261.19,0.7748,-1,-1,-1
930,129,905.99,954.39,76.34,125.47,0.7199,-1,-1,-1
930,145,398.70,364.79,71.63,208.93,0.5125,-1,-1,-1
930,147,308.99,168.58,73.37,190.59,0.3109,-1,-1,-1
930,153,861.40,399.31,61.56,214.35,0.7166,-1,-1,-1
930,156,940.47,385.82,79.42,222.74,0.7702,-1,-1,-1
930,158,329.31,387.22,72.16,187.90,0.4991,-1,-1,-1
930,186,369.00,217.91,51.42,159.29,0.2966,-1,-1,-1
930,199,1125.85,45.69,57.53,163.71,0.4965,-1,-1,-1
930,203,455.30,203.90,71.95,200.11,0.2848,-1,-1,-1
930,204,1270.33,813.68,95.08,266.23,0.7959,-1,-1,-1
930,207,1754.55,677.19,78.92,251.28,0.5852,-1,-1,-1
930,208,1731.72,105.27,49.94,179.28,0.3696,-1,-1,-1
930,210,1619.71,78.37,50.94,159.26,0.3850,-1,-1,-1
931,3,1719.26,456.33,75.98,208.84,0.5655,-1,-1,-1
931,41,807.66,137.51,56.96,173.82,0.3164,-1,-1,-1
931,72,1576.62,597.70,96.88,226.62,0.5214,-1,-1,-1
931,111,315.83,730.56,83.26,258.32,0.7860,-1,-1,-1
931,129,907.23,955.04,76.44,124.96,0.7312,-1,-1,-1
931,145,398.05,367.33,70.95,204.81,0.4992,-1,-1,-1
931,147,311.46,169.88,72.21,187.70,0.2639,-1,-1,-1
931,153,861.82,399.34,59.13,202.08,0.6985,-1,-1,-1
931,156,940.78,383.75,77.94,220.09,0.7591,-1,-1,-1
931,158,328.70,388.32,72.58,189.34,0.5052,-1,-1,-1
931,186,367.19,222.63,52.13,164.05,0.2342,-1,-1,-1
931,199,1125.81,46.36,57.50,164.10,0.4466,-1,-1,-1
931,204,1269.07,809.45,94.46,270.56,0.7848,-1,-1,-1
931,207,1752.42,675.70,80.50,252.66,0.6228,-1,-1,-1
931,208,1732.85,106.79,49.44,178.28,0.3081,-1,-1,-1
931,210,1620.95,78.83,50.81,158.46,0.3547,-1,-1,-1
932,3,1719.60,455.99,76.02,209.63,0.5773,-1,-1,-1
932,41,807.79,137.00,57.20,175.09,0.3141,-1,-1,-1
932,72,1576.74,598.07,96.72,226.08,0.5558,-1,-1,-1
932,111,317.54,731.48,82.76,256.11,0.7789,-1,-1,-1
932,129,907.48,954.43,76.72,125.56,0.7311,-1,-1,-1
932,145,397.35,365.38,72.38,208.72,0.4776,-1,-1,-1
932,147,311.83,169.52,72.04,187.56,0.2891,-1,-1,-1
932,153,860.93,396.51,59.62,201.32,0.6496,-1,-1,-1
932,156,942.17,381.07,76.72,217.50,0.7427,-1,-1,-1
932,158,328.62,388.75,71.87,187.76,0.4633,-1,-1,-1
932,186,366.31,225.03,51.56,163.04,0.2395,-1,-1,-1
932,199,1125.73,47.54,58.05,165.70,0.4084,-1,-1,-1
932,204,1268.12,804.83,94.03,275.17,0.7908,-1,-1,-1
932,207,1751.54,675.54,81.58,251.98,0.6170,-1,-1,-1
932,208,1734.27,107.65,48.93,176.86,0.3084,-1,-1,-1
932,210,1621.21,79.59,51.04,159.25,0.3490,-1,-1,-1
933,3,1719.53,455.90,75.86,209.88,0.5541,-1,-1,-1
933,41,808.22,137.11,56.97,175.24,0.2998,-1,-1,-1
933,72,1575.62,595.67,98.08,228.68,0.5280,-1,-1,-1
933,111,318.20,733.03,83.76,256.98,0.7948,-1,-1,-1
933,129,907.69,954.48,76.85,125.52,0.7420,-1,-1,-1
933,145,395.72,366.18,72.62,207.57,0.5203,-1,-1,-1
933,147,312.84,169.26,71.49,186.73,0.3067,-1,-1,-1
933,153,860.29,394.95,59.66,198.51,0.6489,-1,-1,-1
933,156,942.19,378.81,75.69,213.32,0.7366,-1,-1,-1
933,158,328.55,389.89,71.42,187.24,0.4267,-1,-1,-1
933,186,365.61,228.31,51.17,161.54,0.2243,-1,-1,-1
933,199,1126.13,49.81,57.94,165.61,0.3778,-1,-1,-1
933,204,1268.13,801.96,92.44,274.86,0.7758,-1,-1,-1
933,207,1749.98,674.76,82.75,254.01,0.6317,-1,-1,-1
933,208,1735.57,106.94,49.12,176.72,0.3049,-1,-1,-1
933,210,1622.19,80.89,50.98,159.58,0.3198,-1,-1,-1
934,3,1719.61,455.88,75.64,210.13,0.5782,-1,-1,-1
934,41,807.70,137.34,56.95,175.71,0.3123,-1,-1,-1
934,72,1576.18,595.97,97.97,228.58,0.5555,-1,-1,-1
934,111,318.84,734.21,84.59,256.09,0.8049,-1,-1,-1
934,129,907.67,953.81,77.35,126.19,0.7528,-1,-1,-1
934,145,394.55,368.01,72.82,206.33,0.5506,-1,-1,-1
934,147,313.45,170.35,70.64,184.81,0.2729,-1,-1,-1
934,153,859.08,392.99,61.27,201.79,0.6633,-1,-1,-1
934,156,942.57,376.32,75.43,213.60,0.7234,-1,-1,-1
934,158,329.54,391.34,71.02,186.55,0.3420,-1,-1,-1
934,199,1127.41,53.25,56.98,162.67,0.3722,-1,-1,-1
934,204,1267.59,799.12,90.72,272.58,0.7781,-1,-1,-1
934,207,1750.06,675.44,82.88,252.04,0.6110,-1,-1,-1
934,208,1737.19,106.47,48.78,174.48,0.3333,-1,-1,-1
934,210,1622.29,82.87,50.68,157.67,0.2791,-1,-1,-1
935,3,1720.21,456.36,75.27,209.40,0.5750,-1,-1,-1
935,41,807.81,137.27,56.83,175.69,0.3047,-1,-1,-1
935,72,1576.03,596.04,98.25,228.95,0.5815,-1,-1,-1
935,111,319.63,735.88,86.74,256.26,0.8270,-1,-1,-1
935,129,907.32,953.53,77.52,126.47,0.7409,-1,-1,-1
935,145,393.34,369.20,73.60,205.69,0.5367,-1,-1,-1
935,147,311.73,169.22,71.66,188.43,0.2698,-1,-1,-1
935,153,858.90,390.82,61.73,201.74,0.6729,-1,-1,-1
935,156,943.33,374.11,73.15,210.72,0.7351,-1,-1,-1
935,158,337.10,394.61,68.12,182.52,0.3328,-1,-1,-1
935,199,1127.63,55.70,57.33,163.61,0.4230,-1,-1,-1
935,204,1267.56,796.22,90.23,272.33,0.7687,-1,-1,-1
935,207,1750.03,674.38,84.58,255.09,0.6210,-1,-1,-1
935,208,1737.59,108.86,48.57,171.63,0.3071,-1,-1,-1
935,210,1621.99,84.52,51.20,157.29,0.3244,-1,-1,-1
936,3,1720.38,455.93,74.65,208.83,0.5626,-1,-1,-1
936,41,807.19,137.07,56.88,175.39,0.2635,-1,-1,-1
936,72,1576.93,596.57,97.76,227.56,0.5664,-1,-1,-1
936,111,320.05,736.57,88.07,254.42,0.8217,-1,-1,-1
936,129,907.41,951.86,77.71,127.56,0.7263,-1,-1,-1
936,145,390.98,368.69,76.89,213.42,0.6004,-1,-1,-1
936,147,311.64,170.66,71.81,190.32,0.2548,-1,-1,-1
936,153,858.48,388.89,63.29,208.09,0.6694,-1,-1,-1
936,156,943.10,373.83,71.86,210.27,0.7074,-1,-1,-1
936,158,338.56,395.04,66.41,181.09,0.3713,-1,-1,-1
936,186,364.09,232.05,51.19,160.93,0.2751,-1,-1,-1
936,199,1127.79,57.62,57.87,164.20,0.4376,-1,-1,-1
936,204,1266.37,793.00,91.58,278.11,0.7683,-1,-1,-1
936,207,1750.12,674.34,84.68,253.94,0.6006,-1,-1,-1
936,208,1738.56,110.81,48.49,169.06,0.2496,-1,-1,-1
936,210,1621.59,85.37,53.10,162.26,0.2625,-1,-1,-1
937,3,1720.76,456.43,74.35,208.94,0.5534,-1,-1,-1
937,41,807.74,136.75,56.81,175.72,0.2693,-1,-1,-1
937,72,1576.20,595.94,98.44,228.26,0.5386,-1,-1,-1
937,111,320.54,737.77,90.47,253.42,0.8362,-1,-1,-1
937,129,907.89,952.48,77.53,127.48,0.7434,-1,-1,-1
937,145,389.30,368.84,78.81,218.29,0.6123,-1,-1,-1
937,147,312.76,170.71,71.49,190.77,0.2231,-1,-1,-1
937,153,858.11,388.47,63.30,209.56,0.6903,-1,-1,-1
937,156,943.12,373.18,70.80,211.08,0.6928,-1,-1,-1
937,158,339.40,394.86,65.29,181.54,0.3771,-1,-1,-1
937,199,1126.94,58.91,59.04,166.64,0.4212,-1,-1,-1
937,204,1264.95,790.91,92.06,279.67,0.7771,-1,-1,-1
937,207,1749.47,674.09,85.38,255.21,0.6187,-1,-1,-1
937,208,1739.18,111.27,49.86,172.08,0.2095,-1,-1,-1
937,210,1623.39,89.80,51.99,158.04,0.2057,-1,-1,-1
938,3,1720.32,456.73,74.37,208.90,0.5749,-1,-1,-1
938,41,807.43,137.09,56.62,174.83,0.2726,-1,-1,-1
938,72,1576.35,597.02,98.13,227.40,0.5618,-1,-1,-1
938,111,320.34,738.29,92.90,255.09,0.8321,-1,-1,-1
938,129,908.73,951.41,77.40,128.59,0.7529,-1,-1,-1
938,145,389.92,371.00,78.75,218.26,0.5653,-1,-1,-1
938,147,312.09,169.45,72.73,196.57,0.2437,-1,-1,-1
938,153,857.73,386.43,63.01,209.65,0.6811,-1,-1,-1
938,156,942.38,370.76,70.11,214.44,0.7000,-1,-1,-1
938,158,340.54,394.04,64.41,182.12,0.3945,-1,-1,-1
938,186,363.46,231.41,51.74,162.32,0.2478,-1,-1,-1
938,199,1127.85,60.90,58.95,165.52,0.4439,-1,-1,-1
938,204,1262.75,788.28,92.63,283.79,0.7855,-1,-1,-1
938,207,1748.68,673.71,85.74,254.82,0.6238,-1,-1,-1
938,208,1739.68,109.48,51.34,175.83,0.2254,-1,-1,-1
938,210,1623.98,91.42,52.66,159.04,0.2215,-1,-1,-1
939,3,1720.34,456.47,74.43,209.99,0.5561,-1,-1,-1
939,41,808.00,136.96,56.39,174.37,0.2713,-1,-1,-1
939,72,1575.03,594.82,99.04,229.54,0.5186,-1,-1,-1
939,111,319.82,739.62,94.29,258.50,0.8307,-1,-1,-1
939,129,910.82,950.50,77.01,129.50,0.7237,-1,-1,-1
939,145,391.40,379.00,77.25,213.24,0.5984,-1,-1,-1
939,153,857.73,386.72,62.92,210.65,0.6648,-1,-1,-1
939,156,942.98,370.03,69.05,214.74,0.6714,-1,-1,-1
939,158,340.86,393.46,63.75,183.20,0.3961,-1,-1,-1
939,199,1127.55,61.93,59.82,166.77,0.4561,-1,-1,-1
939,204,1262.03,786.25,92.20,284.78,0.7899,-1,-1,-1
939,207,1747.38,674.97,85.60,254.05,0.6270,-1,-1,-1
939,210,1622.94,93.01,53.91,161.70,0.2270,-1,-1,-1
940,3,1720.42,456.16,74.23,209.97,0.5598,-1,-1,-1
940,41,807.76,136.72,56.33,174.37,0.2873,-1,-1,-1
940,72,1574.93,595.45,98.74,228.79,0.5332,-1,-1,-1
940,111,320.08,740.68,94.75,262.86,0.8254,-1,-1,-1
940,129,911.23,949.33,76.59,130.67,0.7619,-1,-1,-1
940,145,391.43,383.11,76.12,210.15,0.5956,-1,-1,-1
940,147,312.32,171.32,70.54,192.23,0.2037,-1,-1,-1
940,153,858.34,386.66,62.50,210.95,0.6759,-1,-1,-1
940,156,942.55,369.84,68.23,214.81,0.6936,-1,-1,-1
940,158,340.29,393.37,62.97,183.63,0.4060,-1,-1,-1
940,199,1127.82,63.69,60.71,167.65,0.4518,-1,-1,-1
940,204,1260.03,784.92,91.24,284.99,0.7855,-1,-1,-1
940,207,1746.65,673.91,85.66,253.58,0.6361,-1,-1,-1
940,210,1624.49,94.83,53.83,161.56,0.2609,-1,-1,-1
941,3,1719.83,456.49,74.01,208.81,0.5794,-1,-1,-1
941,41,807.36,136.83,56.63,175.32,0.2795,-1,-1,-1
941,72,1574.62,595.39,98.95,229.44,0.5657,-1,-1,-1
941,111,320.80,743.22,95.60,269.26,0.8184,-1,-1,-1
941,129,911.70,948.34,76.60,131.66,0.7510,-1,-1,-1
941,145,390.03,383.37,76.87,212.46,0.6215,-1,-1,-1
941,147,312.45,171.77,68.29,187.69,0.2249,-1,-1,-1
941,153,858.21,386.13,62.47,211.85,0.7097,-1,-1,-1
941,156,941.32,368.81,67.79,216.51,0.7170,-1,-1,-1
941,158,339.69,393.98,61.90,183.60,0.3773,-1,-1,-1
941,199,1128.91,65.22,60.96,167.51,0.4479,-1,-1,-1
941,204,1258.24,783.69,91.13,287.71,0.7844,-1,-1,-1
941,207,1747.51,674.12,86.32,254.25,0.6634,-1,-1,-1
941,210,1625.97,96.28,53.07,159.94,0.2742,-1,-1,-1
942,3,1719.86,456.17,74.35,210.08,0.5558,-1,-1,-1
942,41,807.32,137.15,56.43,174.42,0.2695,-1,-1,-1
942,72,1574.48,594.85,99.15,229.99,0.5416,-1,-1,-1
942,111,321.83,747.39,94.44,269.15,0.8173,-1,-1,-1
942,129,912.46,947.16,76.20,132.85,0.7628,-1,-1,-1
942,145,391.00,385.71,76.50,211.90,0.5921,-1,-1,-1
942,153,858.30,385.14,62.46,212.62,0.7000,-1,-1,-1
942,156,941.16,368.61,67.05,215.80,0.7131,-1,-1,-1
942,158,339.62,393.62,61.89,185.46,0.3791,-1,-1,-1
942,199,1129.82,66.30,61.63,168.51,0.4671,-1,-1,-1
942,204,1256.61,783.65,90.47,286.16,0.7773,-1,-1,-1
942,207,1747.31,672.42,86.71,253.67,0.6571,-1,-1,-1
942,210,1627.53,96.26,52.64,159.69,0.2871,-1,-1,-1
942,211,484.45,211.95,51.63,179.08,0.2981,-1,-1,-1
943,3,1719.88,456.32,74.03,209.38,0.5679,-1,-1,-1
943,41,809.32,136.29,56.02,174.13,0.2706,-1,-1,-1
943,72,1574.93,595.61,98.61,228.70,0.5493,-1,-1,-1
943,111,322.95,750.96,93.24,266.37,0.8184,-1,-1,-1
943,129,913.28,945.54,76.03,134.46,0.7552,-1,-1,-1
943,145,392.23,387.34,75.84,210.66,0.5718,-1,-1,-1
943,153,858.25,383.74,62.39,212.17,0.6829,-1,-1,-1
943,156,940.16,366.98,67.37,217.21,0.7132,-1,-1,-1
943,158,337.66,395.93,61.55,185.97,0.3421,-1,-1,-1
943,199,1130.20,66.58,61.31,167.08,0.4229,-1,-1,-1
943,204,1255.36,782.48,89.93,286.04,0.7748,-1,-1,-1
943,207,1746.09,671.35,87.36,255.06,0.6662,-1,-1,-1
943,210,1628.68,96.46,52.56,160.42,0.2449,-1,-1,-1
943,211,482.43,213.13,52.89,182.53,0.3024,-1,-1,-1
944,3,1719.74,456.46,74.04,210.31,0.5650,-1,-1,-1
944,41,807.62,137.14,56.31,174.44,0.2613,-1,-1,-1
944,72,1574.58,594.58,98.82,229.79,0.5490,-1,-1,-1
944,111,323.66,754.44,91.98,262.55,0.8223,-1,-1,-1
944,129,914.80,944.30,75.90,135.71,0.7344,-1,-1,-1
944,145,392.30,387.96,75.41,209.44,0.5440,-1,-1,-1
944,153,857.81,381.83,62.69,213.96,0.6917,-1,-1,-1
944,156,938.59,366.18,67.14,216.80,0.6967,-1,-1,-1
944,158,337.00,401.24,61.31,186.56,0.3285,-1,-1,-1
944,199,1131.78,65.40,60.97,165.92,0.4178,-1,-1,-1
944,204,1253.36,779.90,90.25,286.46,0.7731,-1,-1,-1
944,207,1745.71,673.39,87.00,253.97,0.6759,-1,-1,-1
944,210,1630.00,96.89,51.98,158.96,0.2268,-1,-1,-1
944,211,481.07,214.65,53.72,184.44,0.2881,-1,-1,-1
945,3,1719.43,455.95,74.27,211.31,0.5424,-1,-1,-1
945,41,807.01,137.08,56.63,175.08,0.2671,-1,-1,-1
945,72,1575.45,595.96,98.25,228.54,0.5612,-1,-1,-1
945,111,323.61,756.62,91.78,263.59,0.8237,-1,-1,-1
945,129,915.44,943.70,75.51,136.30,0.7561,-1,-1,-1
945,145,392.75,388.45,75.36,209.29,0.5449,-1,-1,-1
945,153,857.61,379.13,62.49,212.46,0.6940,-1,-1,-1
945,156,939.29,364.30,66.11,216.60,0.6919,-1,-1,-1
945,158,338.20,410.15,60.69,184.27,0.3736,-1,-1,-1
945,199,1132.89,65.76,60.31,164.27,0.4168,-1,-1,-1
945,204,1252.29,777.30,90.34,288.61,0.7645,-1,-1,-1
945,207,1745.26,673.78,86.83,253.09,0.6790,-1,-1,-1
945,210,1628.71,93.95,53.70,163.93,0.2191,-1,-1,-1
945,211,478.88,214.73,54.76,185.80,0.3325,-1,-1,-1
946,3,1719.85,457.21,73.52,208.57,0.5699,-1,-1,-1
946,41,807.18,135.91,56.97,176.96,0.3119,-1,-1,-1
946,72,1576.42,597.37,97.09,226.08,0.5642,-1,-1,-1
946,111,324.08,759.85,91.56,264.56,0.8211,-1,-1,-1
946,129,917.51,943.58,74.39,136.42,0.7576,-1,-1,-1
946,145,391.01,388.32,75.57,209.78,0.5928,-1,-1,-1
946,153,857.38,376.73,63.38,214.33,0.6500,-1,-1,-1
946,156,938.01,362.46,65.26,215.93,0.6461,-1,-1,-1
946,158,330.95,409.42,63.40,187.97,0.4692,-1,-1,-1
946,199,1134.25,66.13,60.15,164.62,0.4416,-1,-1,-1
946,204,1250.87,774.72,88.91,282.17,0.7755,-1,-1,-1
946,207,1743.78,673.15,87.54,252.90,0.6623,-1,-1,-1
946,210,1630.75,96.19,52.78,161.33,0.2437,-1,-1,-1
946,211,478.96,215.32,55.12,185.35,0.3409,-1,-1,-1
947,3,1719.72,457.74,73.50,208.75,0.5719,-1,-1,-1
947,41,807.26,135.76,56.90,177.12,0.2344,-1,-1,-1
947,72,1576.76,597.27,97.56,226.94,0.5836,-1,-1,-1
947,111,323.45,760.42,92.14,267.96,0.8233,-1,-1,-1
947,129,917.82,941.50,74.36,138.51,0.7545,-1,-1,-1
947,145,391.61,388.17,75.34,210.17,0.5913,-1,-1,-1
947,153,857.06,374.19,63.00,211.10,0.6626,-1,-1,-1
947,156,937.22,360.80,63.38,210.52,0.6498,-1,-1,-1
947,158,330.53,411.65,64.09,187.70,0.4783,-1,-1,-1
947,199,1136.29,67.16,58.75,162.38,0.3952,-1,-1,-1
947,204,1249.60,771.43,88.57,280.20,0.7636,-1,-1,-1
947,207,1743.99,668.79,88.40,254.85,0.6922,-1,-1,-1
947,210,1632.58,96.82,52.56,160.75,0.2445,-1,-1,-1
947,211,478.59,215.70,55.76,185.46,0.3209,-1,-1,-1
948,3,1719.63,457.23,73.44,209.02,0.5736,-1,-1,-1
948,41,807.31,135.15,56.95,177.58,0.2497,-1,-1,-1
948,72,1576.10,595.42,98.31,228.64,0.5923,-1,-1,-1
948,111,322.59,762.59,91.61,269.34,0.8271,-1,-1,-1
948,129,918.75,940.06,74.27,139.93,0.7534,-1,-1,-1
948,145,391.46,388.24,75.11,209.93,0.5565,-1,-1,-1
948,153,856.47,370.77,63.40,211.55,0.6633,-1,-1,-1
948,156,936.42,357.58,62.26,207.86,0.6509,-1,-1,-1
948,158,329.81,412.87,64.45,188.14,0.4738,-1,-1,-1
948,199,1138.43,68.05,58.77,163.12,0.4265,-1,-1,-1
948,204,1247.82,768.63,87.16,277.19,0.7740,-1,-1,-1
948,207,1741.92,669.50,90.22,255.35,0.6816,-1,-1,-1
948,210,1633.72,96.95,52.77,161.61,0.2922,-1,-1,-1
948,211,478.81,215.52,56.21,184.95,0.3202,-1,-1,-1
949,3,1719.51,456.76,73.27,208.95,0.5777,-1,-1,-1
949,41,807.48,135.63,56.46,176.16,0.2817,-1,-1,-1
949,72,1576.52,594.59,98.61,229.96,0.5765,-1,-1,-1
949,111,323.36,763.79,91.05,268.13,0.8215,-1,-1,-1
949,129,919.97,939.14,73.94,140.87,0.7384,-1,-1,-1
949,145,391.75,390.07,74.32,208.16,0.5626,-1,-1,-1
949,153,855.87,368.54,63.71,211.54,0.6659,-1,-1,-1
949,156,934.63,355.51,62.81,209.63,0.6396,-1,-1,-1
949,158,325.51,413.04,66.14,190.76,0.5549,-1,-1,-1
949,199,1140.16,68.76,59.51,165.51,0.3904,-1,-1,-1
949,204,1247.74,763.73,85.83,273.66,0.7646,-1,-1,-1
949,207,1743.06,670.41,88.47,250.39,0.6772,-1,-1,-1
949,210,1634.40,97.79,52.74,161.16,0.2046,-1,-1,-1
949,211,478.13,216.30,56.26,182.56,0.3140,-1,-1,-1
950,3,1719.64,456.12,73.59,210.22,0.5724,-1,-1,-1
950,41,807.91,135.66,56.39,176.62,0.2635,-1,-1,-1
950,72,1575.99,594.97,98.31,228.87,0.5690,-1,-1,-1
950,111,322.43,764.82,90.44,266.95,0.8230,-1,-1,-1
950,129,921.15,937.32,73.30,142.68,0.7546,-1,-1,-1
950,145,390.59,389.74,74.65,209.16,0.5825,-1,-1,-1
950,153,857.06,366.63,62.40,204.82,0.6532,-1,-1,-1
950,156,931.69,352.08,63.42,209.48,0.6464,-1,-1,-1
950,158,326.28,413.96,66.15,190.05,0.5082,-1,-1,-1
950,199,1143.08,68.48,60.32,167.45,0.3585,-1,-1,-1
950,204,1247.09,758.83,84.04,265.94,0.7694,-1,-1,-1
950,207,1742.34,667.20,90.39,256.91,0.6781,-1,-1,-1
950,211,477.20,216.68,56.58,181.05,0.3311,-1,-1,-1
951,3,1719.53,456.05,73.79,211.09,0.5724,-1,-1,-1
951,41,808.36,135.93,56.04,176.33,0.2907,-1,-1,-1
951,72,1576.08,594.77,98.69,229.35,0.5811,-1,-1,-1
951,111,322.29,766.55,90.19,265.13,0.8161,-1,-1,-1
951,129,921.44,936.76,72.78,143.25,0.7622,-1,-1,-1
951,145,390.97,390.44,74.05,207.14,0.5044,-1,-1,-1
951,153,856.05,365.15,63.40,205.59,0.6683,-1,-1,-1
951,156,930.72,349.35,64.24,210.62,0.6525,-1,-1,-1
951,158,324.67,414.41,67.19,189.71,0.4985,-1,-1,-1
951,199,1145.09,70.73,59.58,164.08,0.3802,-1,-1,-1
951,204,1245.37,753.98,84.47,266.19,0.7678,-1,-1,-1
951,207,1742.75,667.55,89.54,255.11,0.6549,-1,-1,-1
951,210,1635.95,105.06,51.39,156.36,0.2073,-1,-1,-1
951,211,477.38,218.09,56.99,179.54,0.3399,-1,-1,-1
952,3,1719.29,456.34,73.67,211.03,0.5726,-1,-1,-1
952,41,808.54,135.68,55.58,175.28,0.2666,-1,-1,-1
952,72,1576.01,595.99,98.64,228.03,0.5729,-1,-1,-1
952,111,322.21,768.08,89.91,264.30,0.8045,-1,-1,-1
952,129,922.86,935.96,72.35,144.04,0.7728,-1,-1,-1
952,145,391.97,390.55,73.76,206.72,0.5189,-1,-1,-1
952,153,855.25,363.83,64.30,205.92,0.6919,-1,-1,-1
952,156,929.91,347.03,65.08,212.67,0.6930,-1,-1,-1
952,158,325.26,414.67,67.46,189.30,0.4294,-1,-1,-1
952,199,1146.57,73.29,59.35,163.57,0.3473,-1,-1,-1
952,204,1242.86,751.30,85.52,267.40,0.7631,-1,-1,-1
952,207,1742.44,668.09,90.27,256.51,0.6676,-1,-1,-1
952,208,1756.48,140.96,51.36,174.53,0.2242,-1,-1,-1
952,210,1637.01,105.97,51.56,156.14,0.2060,-1,-1,-1
952,211,477.49,220.14,57.18,176.97,0.3207,-1,-1,-1
953,3,1719.51,456.97,73.36,209.64,0.5683,-1,-1,-1
953,41,808.69,136.17,55.74,176.38,0.2916,-1,-1,-1
953,72,1576.26,594.65,99.22,229.19,0.6081,-1,-1,-1
953,111,321.41,769.69,89.43,262.79,0.8138,-1,-1,-1
953,129,924.15,935.34,71.96,144.66,0.7791,-1,-1,-1
953,145,391.45,393.89,74.41,207.99,0.5562,-1,-1,-1
953,153,853.98,362.43,65.77,207.17,0.6847,-1,-1,-1
953,156,928.07,346.18,65.56,211.78,0.7090,-1,-1,-1
953,158,323.69,413.87,68.59,190.61,0.4314,-1,-1,-1
953,199,1146.47,74.44,59.91,165.62,0.3897,-1,-1,-1
953,204,1241.76,750.54,85.59,266.05,0.7807,-1,-1,-1
953,207,1742.32,668.57,90.19,255.52,0.6717,-1,-1,-1
953,208,1757.44,141.03,51.91,176.50,0.2208,-1,-1,-1
953,210,1637.55,107.44,51.69,155.59,0.2114,-1,-1,-1
953,211,478.28,220.50,57.82,176.42,0.3691,-1,-1,-1
954,3,1719.99,456.61,73.45,209.63,0.5800,-1,-1,-1
954,41,808.20,136.41,55.38,175.46,0.3041,-1,-1,-1
954,72,1576.41,596.49,98.67,228.00,0.5787,-1,-1,-1
954,111,322.42,771.24,88.82,261.49,0.8180,-1,-1,-1
954,129,924.76,934.63,71.60,145.38,0.7647,-1,-1,-1
954,145,389.38,394.12,75.87,211.11,0.6113,-1,-1,-1
954,153,852.88,360.92,66.50,208.23,0.6716,-1,-1,-1
954,156,926.58,345.36,66.49,211.82,0.7074,-1,-1,-1
954,158,322.42,414.44,68.33,189.45,0.4585,-1,-1,-1
954,199,1147.14,76.95,59.90,165.88,0.3978,-1,-1,-1
954,204,1238.62,748.91,87.05,266.84,0.7781,-1,-1,-1
954,207,1742.39,669.67,90.21,254.79,0.6836,-1,-1,-1
954,208,1757.68,142.38,51.43,175.52,0.2205,-1,-1,-1
954,210,1638.47,109.04,52.05,155.58,0.2136,-1,-1,-1
954,211,478.89,221.47,58.47,175.81,0.3807,-1,-1,-1
955,3,1719.45,455.99,73.95,210.42,0.5747,-1,-1,-1
955,41,807.99,137.07,55.28,175.13,0.2799,-1,-1,-1
955,72,1576.12,593.86,99.50,230.11,0.5886,-1,-1,-1
955,111,322.39,772.92,88.30,259.63,0.8190,-1,-1,-1
955,129,925.51,934.42,70.66,145.58,0.7775,-1,-1,-1
955,145,389.62,396.76,76.82,212.88,0.5808,-1,-1,-1
955,153,852.62,360.61,66.81,208.95,0.6666,-1,-1,-1
955,156,926.58,344.08,67.25,211.97,0.6881,-1,-1,-1
955,158,322.50,417.37,66.00,180.49,0.4147,-1,-1,-1
955,199,1148.72,79.30,59.67,164.68,0.3767,-1,-1,-1
955,204,1237.29,746.41,87.70,268.87,0.7886,-1,-1,-1
955,207,1742.36,668.63,90.08,253.91,0.6737,-1,-1,-1
955,211,479.24,222.76,59.69,176.55,0.3835,-1,-1,-1
956,3,1719.84,456.49,73.85,210.20,0.5833,-1,-1,-1
956,41,807.57,137.36,55.59,176.16,0.2890,-1,-1,-1
956,72,1578.00,594.67,98.61,229.27,0.5545,-1,-1,-1
956,111,321.89,772.85,88.49,259.25,0.8289,-1,-1,-1
956,129,925.74,933.59,70.69,146.41,0.7815,-1,-1,-1
956,145,389.63,400.53,76.85,212.68,0.6056,-1,-1,-1
956,153,851.56,360.67,67.35,210.41,0.6588,-1,-1,-1
956,156,925.19,344.15,69.17,215.20,0.6929,-1,-1,-1
956,158,322.32,418.42,66.46,180.44,0.4541,-1,-1,-1
956,199,1150.23,80.68,59.46,163.44,0.3009,-1,-1,-1
956,203,422.49,234.01,64.93,190.86,0.3117,-1,-1,-1
956,204,1235.00,744.31,87.86,269.79,0.7904,-1,-1,-1
956,207,1742.03,667.84,90.34,254.09,0.6592,-1,-1,-1
956,210,1640.31,108.81,52.49,155.99,0.2280,-1,-1,-1
956,211,480.21,221.93,61.42,179.76,0.4050,-1,-1,-1
957,3,1719.32,456.19,73.94,210.15,0.5699,-1,-1,-1
957,41,807.38,136.82,55.55,176.01,0.2791,-1,-1,-1
957,72,1579.81,593.43,97.99,230.48,0.5680,-1,-1,-1
957,111,321.82,773.67,88.31,259.58,0.8345,-1,-1,-1
957,129,926.05,933.27,70.92,146.73,0.7782,-1,-1,-1
957,145,388.42,404.23,77.23,213.29,0.6145,-1,-1,-1
957,153,851.05,361.17,66.67,207.55,0.6745,-1,-1,-1
957,156,922.88,344.08,70.50,215.08,0.6919,-1,-1,-1
957,158,322.59,418.87,66.73,181.43,0.4293,-1,-1,-1
957,199,1150.70,80.55,59.14,162.08,0.2780,-1,-1,-1
957,203,423.06,235.31,62.69,189.71,0.4072,-1,-1,-1
957,204,1234.73,743.40,86.08,256.70,0.7515,-1,-1,-1
957,207,1740.92,669.65,90.61,250.96,0.6707,-1,-1,-1
957,210,1641.73,108.94,52.78,156.00,0.2612,-1,-1,-1
957,211,480.21,224.73,62.04,177.85,0.4349,-1,-1,-1
958,3,1719.27,455.88,74.19,210.60,0.5799,-1,-1,-1
958,41,807.06,136.55,55.88,177.28,0.2891,-1,-1,-1
958,72,1579.65,595.34,96.83,228.28,0.5441,-1,-1,-1
958,111,321.60,774.84,88.79,263.40,0.8283,-1,-1,-1
958,129,926.71,932.85,71.03,147.15,0.7847,-1,-1,-1
958,145,387.20,405.17,77.94,215.61,0.5994,-1,-1,-1
958,153,850.50,360.33,67.08,207.73,0.6789,-1,-1,-1
958,156,924.00,343.75,71.26,215.54,0.6937,-1,-1,-1
958,158,323.23,419.35,67.28,183.65,0.4483,-1,-1,-1
958,199,1151.00,80.22,59.40,162.70,0.3162,-1,-1,-1
958,203,422.60,236.70,62.52,193.40,0.4598,-1,-1,-1
958,204,1232.44,742.06,88.37,259.81,0.7563,-1,-1,-1
958,207,1740.18,667.84,92.45,254.15,0.6617,-1,-1,-1
958,210,1642.80,109.20,53.06,156.96,0.2775,-1,-1,-1
958,211,481.91,227.96,62.29,176.98,0.3704,-1,-1,-1
959,3,1719.36,456.47,73.86,209.16,0.5786,-1,-1,-1
959,41,806.99,136.62,55.68,176.24,0.2548,-1,-1,-1
959,72,1580.08,596.56,96.08,227.73,0.5639,-1,-1,-1
959,111,321.38,777.32,88.24,263.37,0.7966,-1,-1,-1
959,129,927.09,932.95,70.87,147.05,0.7850,-1,-1,-1
959,145,386.40,408.79,77.26,213.68,0.6066,-1,-1,-1
959,153,850.92,359.32,66.73,205.31,0.6789,-1,-1,-1
959,156,924.34,343.29,71.40,216.17,0.6845,-1,-1,-1
959,158,321.53,420.87,68.28,186.71,0.5237,-1,-1,-1
959,199,1151.38,80.36,60.00,164.61,0.3734,-1,-1,-1
959,203,422.34,237.13,62.24,194.08,0.4960,-1,-1,-1
959,204,1230.49,740.96,88.09,250.83,0.7574,-1,-1,-1
959,207,1740.81,668.65,91.01,251.94,0.6471,-1,-1,-1
959,210,1643.84,109.80,53.41,158.54,0.2696,-1,-1,-1
959,211,485.13,231.60,62.08,176.62,0.3643,-1,-1,-1
960,3,1719.19,455.56,74.47,210.61,0.5896,-1,-1,-1
960,41,807.36,136.70,55.49,175.79,0.2660,-1,-1,-1
960,72,1579.32,592.56,97.54,231.36,0.5780,-1,-1,-1
960,111,321.39,779.77,87.67,263.04,0.8038,-1,-1,-1
960,129,927.33,932.34,71.19,147.66,0.7891,-1,-1,-1
960,145,390.24,412.49,75.98,211.15,0.5336,-1,-1,-1
960,153,849.98,355.56,67.31,207.29,0.6894,-1,-1,-1
960,156,924.36,341.48,71.35,216.23,0.6971,-1,-1,-1
960,158,321.83,420.04,67.98,188.49,0.4973,-1,-1,-1
960,199,1151.52,80.54,60.39,166.24,0.4258,-1,-1,-1
960,203,421.97,237.26,62.55,196.14,0.5241,-1,-1,-1
960,204,1225.78,739.10,91.97,257.91,0.7923,-1,-1,-1
960,207,1741.60,668.90,91.04,252.22,0.6832,-1,-1,-1
960,210,1645.39,110.83,53.34,158.75,0.2768,-1,-1,-1
960,211,486.59,232.44,62.54,178.23,0.3804,-1,-1,-1
961,3,1719.52,455.52,74.56,210.62,0.5976,-1,-1,-1
961,41,807.36,136.57,55.16,174.43,0.2374,-1,-1,-1
961,72,1577.92,593.41,97.58,230.37,0.5437,-1,-1,-1
961,111,322.38,784.67,86.60,260.92,0.8184,-1,-1,-1
961,129,927.75,931.95,71.14,148.04,0.7791,-1,-1,-1
961,145,390.59,412.82,75.66,211.06,0.5707,-1,-1,-1
961,153,848.79,352.20,66.55,205.54,0.6868,-1,-1,-1
961,156,924.55,340.33,71.64,217.21,0.6919,-1,-1,-1
961,158,319.78,421.87,68.14,191.43,0.5794,-1,-1,-1
961,199,1151.85,78.93,60.40,168.09,0.4793,-1,-1,-1
961,203,422.00,238.96,62.51,196.60,0.4800,-1,-1,-1
961,204,1222.78,736.57,92.91,256.72,0.7770,-1,-1,-1
961,207,1741.52,669.98,91.12,252.45,0.6776,-1,-1,-1
961,210,1646.15,110.59,53.64,159.57,0.2721,-1,-1,-1
961,211,487.11,230.02,63.60,182.18,0.3736,-1,-1,-1
962,3,1719.34,455.42,74.15,209.65,0.5948,-1,-1,-1
962,41,807.52,137.13,55.03,173.93,0.2347,-1,-1,-1
962,72,1577.28,590.50,99.19,233.27,0.5474,-1,-1,-1
962,111,322.47,786.83,86.07,260.11,0.8295,-1,-1,-1
962,129,928.06,932.07,71.13,147.92,0.7877,-1,-1,-1
962,145,391.94,415.10,74.72,208.97,0.5330,-1,-1,-1
962,153,848.59,349.39,66.00,203.14,0.6832,-1,-1,-1
962,156,925.57,338.37,71.34,216.48,0.6872,-1,-1,-1
962,158,318.28,420.68,69.14,196.77,0.5732,-1,-1,-1
962,199,1152.91,80.96,60.07,168.06,0.4084,-1,-1,-1
962,203,421.16,242.16,62.60,196.00,0.4939,-1,-1,-1
962,204,1220.85,732.71,93.02,256.51,0.7650,-1,-1,-1
962,207,1741.00,665.98,93.39,259.88,0.6720,-1,-1,-1
962,210,1646.32,111.78,53.67,158.81,0.2319,-1,-1,-1
962,211,488.43,231.55,63.25,182.10,0.3574,-1,-1,-1
963,3,1719.44,455.34,74.19,209.77,0.5758,-1,-1,-1
963,41,807.20,137.29,55.14,174.07,0.2271,-1,-1,-1
963,72,1576.28,591.61,99.91,232.41,0.5526,-1,-1,-1
963,111,323.22,789.72,86.95,263.97,0.8183,-1,-1,-1
963,129,928.44,931.85,71.14,148.16,0.7773,-1,-1,-1
963,145,392.00,415.29,74.60,208.96,0.5554,-1,-1,-1
963,153,848.26,347.92,65.48,202.93,0.6767,-1,-1,-1
963,156,924.22,335.93,71.58,218.37,0.6826,-1,-1,-1
963,158,318.12,419.81,69.55,200.96,0.5817,-1,-1,-1
963,199,1153.54,82.69,59.59,167.00,0.2928,-1,-1,-1
963,203,420.51,242.14,63.02,196.43,0.4977,-1,-1,-1
963,204,1218.47,730.07,93.57,261.20,0.7674,-1,-1,-1
963,207,1741.57,668.18,91.60,254.49,0.6636,-1,-1,-1
963,210,1646.34,113.33,54.24,159.35,0.2391,-1,-1,-1
963,211,489.06,231.85,63.11,181.74,0.3811,-1,-1,-1
964,3,1718.99,455.73,74.27,210.19,0.5691,-1,-1,-1
964,41,805.90,136.75,55.51,174.57,0.2032,-1,-1,-1
964,72,1575.25,589.11,101.16,235.40,0.5430,-1,-1,-1
964,111,324.02,792.59,86.81,268.49,0.8268,-1,-1,-1
964,129,928.25,932.15,71.15,147.85,0.7843,-1,-1,-1
964,145,391.97,416.48,74.10,207.68,0.5666,-1,-1,-1
964,153,847.26,346.66,64.79,202.42,0.6549,-1,-1,-1
964,156,923.32,333.57,71.23,217.22,0.6622,-1,-1,-1
964,158,319.26,424.02,67.26,197.82,0.6053,-1,-1,-1
964,199,1152.78,85.69,59.74,166.64,0.3104,-1,-1,-1
964,203,419.46,242.75,63.66,199.92,0.4690,-1,-1,-1
964,204,1216.67,727.20,93.46,269.02,0.7785,-1,-1,-1
964,207,1741.11,665.11,92.71,258.23,0.6716,-1,-1,-1
964,208,1768.55,152.38,49.48,162.13,0.2445,-1,-1,-1
964,210,1645.89,114.85,55.44,161.62,0.2425,-1,-1,-1
964,211,489.95,231.29,62.92,181.68,0.3879,-1,-1,-1
965,3,1719.55,455.80,74.02,209.23,0.5920,-1,-1,-1
965,41,806.59,136.29,55.69,175.56,0.2516,-1,-1,-1
965,72,1575.37,589.48,100.86,234.89,0.5984,-1,-1,-1
965,111,325.07,795.42,86.71,273.48,0.8258,-1,-1,-1
965,129,928.41,931.94,71.27,147.93,0.7782,-1,-1,-1
965,145,392.07,417.10,73.59,206.50,0.5657,-1,-1,-1
965,153,847.92,344.03,63.37,200.87,0.6580,-1,-1,-1
965,156,924.43,331.15,70.46,213.72,0.6826,-1,-1,-1
965,158,318.81,428.51,66.40,194.24,0.6129,-1,-1,-1
965,199,1154.29,88.51,59.65,164.76,0.3248,-1,-1,-1
965,203,418.85,243.75,63.13,199.48,0.4527,-1,-1,-1
965,204,1216.10,722.65,91.36,266.54,0.7902,-1,-1,-1
965,207,1742.19,669.29,91.73,254.44,0.6871,-1,-1,-1
965,208,1768.50,153.11,50.00,159.92,0.2959,-1,-1,-1
965,210,1646.81,117.94,54.98,157.81,0.2992,-1,-1,-1
965,211,490.57,230.69,63.42,183.26,0.4312,-1,-1,-1
966,3,1719.07,455.92,74.20,209.85,0.5744,-1,-1,-1
966,41,806.82,136.34,55.97,177.23,0.2159,-1,-1,-1
966,72,1575.59,590.85,100.72,233.25,0.6056,-1,-1,-1
966,111,326.42,798.10,85.55,276.69,0.8304,-1,-1,-1
966,129,928.22,932.29,71.53,147.70,0.7738,-1,-1,-1
966,145,389.06,414.52,74.90,209.37,0.5524,-1,-1,-1
966,153,848.35,342.78,62.50,200.29,0.6739,-1,-1,-1
966,156,925.40,330.12,68.97,207.31,0.7017,-1,-1,-1
966,158,319.76,433.86,64.82,188.84,0.6082,-1,-1,-1
966,199,1154.35,90.91,60.52,165.32,0.3649,-1,-1,-1
966,203,418.58,244.08,62.75,199.69,0.4300,-1,-1,-1
966,204,1216.45,719.24,89.40,260.24,0.7831,-1,-1,-1
966,207,1742.56,669.49,92.05,254.93,0.6888,-1,-1,-1
966,208,1770.12,151.96,51.71,161.44,0.2791,-1,-1,-1
966,210,1647.51,120.20,55.66,158.10,0.3063,-1,-1,-1
966,211,491.34,230.76,63.27,182.74,0.4289,-1,-1,-1
967,3,1719.04,455.83,74.27,210.20,0.5819,-1,-1,-1
967,41,808.03,137.04,55.47,177.08,0.2005,-1,-1,-1
967,72,1574.77,590.47,101.66,233.59,0.5917,-1,-1,-1
967,111,328.13,799.08,83.87,273.94,0.7979,-1,-1,-1
967,129,928.02,932.16,72.00,147.84,0.7771,-1,-1,-1
967,145,392.00,418.08,73.11,204.89,0.5480,-1,-1,-1
967,153,849.14,340.83,62.46,202.38,0.6837,-1,-1,-1
967,156,926.42,328.28,68.84,207.22,0.7081,-1,-1,-1
967,158,316.74,433.13,66.72,191.35,0.5865,-1,-1,-1
967,199,1154.42,92.32,61.26,165.97,0.2847,-1,-1,-1
967,203,418.40,245.25,62.49,197.80,0.3978,-1,-1,-1
967,204,1216.51,715.44,88.61,260.36,0.7860,-1,-1,-1
967,207,1741.82,670.13,91.66,253.98,0.7121,-1,-1,-1
967,208,1770.11,150.40,54.27,167.74,0.2473,-1,-1,-1
967,210,1648.14,121.79,56.77,160.24,0.2517,-1,-1,-1
967,211,492.29,231.02,63.23,183.05,0.4406,-1,-1,-1
968,3,1718.76,455.99,74.26,210.58,0.5836,-1,-1,-1
968,72,1574.80,589.45,102.37,234.76,0.6147,-1,-1,-1
968,111,329.63,799.99,84.14,274.98,0.7966,-1,-1,-1
968,129,927.47,931.62,72.35,148.38,0.7810,-1,-1,-1
968,145,393.16,418.74,72.45,203.49,0.5532,-1,-1,-1
968,153,847.84,339.73,62.74,204.51,0.6941,-1,-1,-1
968,156,926.68,325.34,69.05,208.23,0.7234,-1,-1,-1
968,158,314.63,433.19,67.93,191.69,0.5846,-1,-1,-1
968,199,1153.89,93.23,63.20,170.36,0.3210,-1,-1,-1
968,203,417.35,245.55,62.81,196.88,0.3630,-1,-1,-1
968,204,1214.86,712.39,88.85,262.19,0.7839,-1,-1,-1
968,207,1741.20,668.71,92.81,255.94,0.6957,-1,-1,-1
968,210,1647.88,123.54,58.09,163.83,0.3136,-1,-1,-1
968,211,492.70,231.26,63.12,183.65,0.5040,-1,-1,-1
969,3,1718.76,456.42,74.07,210.47,0.5891,-1,-1,-1
969,72,1575.36,590.65,102.67,233.44,0.6184,-1,-1,-1
969,111,331.12,801.82,84.18,273.10,0.7833,-1,-1,-1
969,129,927.38,932.19,71.91,147.82,0.7818,-1,-1,-1
969,145,393.42,420.69,72.04,202.70,0.5213,-1,-1,-1
969,153,847.97,338.95,62.50,206.01,0.6958,-1,-1,-1
969,156,927.02,323.98,68.69,207.64,0.7281,-1,-1,-1
969,158,311.04,433.02,70.46,192.22,0.5694,-1,-1,-1
969,199,1154.41,94.56,64.06,170.76,0.2322,-1,-1,-1
969,203,416.92,246.87,63.20,196.82,0.2230,-1,-1,-1
969,204,1213.51,709.42,89.87,264.60,0.7817,-1,-1,-1
969,207,1740.49,668.26,92.48,254.27,0.6977,-1,-1,-1
969,210,1648.21,124.94,58.41,164.78,0.3086,-1,-1,-1
969,211,492.94,233.16,63.24,184.16,0.4677,-1,-1,-1
970,3,1718.97,455.82,73.89,210.09,0.5880,-1,-1,-1
970,72,1575.78,591.69,102.60,232.73,0.6187,-1,-1,-1
970,111,332.18,803.35,84.71,271.86,0.7936,-1,-1,-1
970,129,926.92,932.05,71.90,147.95,0.7810,-1,-1,-1
970,145,390.15,417.27,75.03,210.69,0.5194,-1,-1,-1
970,153,848.02,338.64,62.12,206.47,0.6995,-1,-1,-1
970,156,926.86,323.31,68.07,208.23,0.7032,-1,-1,-1
970,158,308.35,435.81,71.51,189.28,0.4561,-1,-1,-1
970,203,415.59,247.12,64.06,198.63,0.2341,-1,-1,-1
970,204,1212.00,707.83,90.76,266.97,0.7811,-1,-1,-1
970,207,1740.40,668.32,92.51,253.09,0.6942,-1,-1,-1
970,210,1648.83,125.52,58.26,164.85,0.3215,-1,-1,-1
970,211,494.04,234.96,63.58,185.04,0.4765,-1,-1,-1
971,3,1719.28,456.12,74.16,210.57,0.5860,-1,-1,-1
971,72,1575.52,590.58,103.21,233.73,0.5853,-1,-1,-1
971,111,331.69,803.44,86.55,271.29,0.7871,-1,-1,-1
971,129,926.75,932.45,71.56,147.55,0.7793,-1,-1,-1
971,145,391.32,422.20,75.80,213.82,0.5196,-1,-1,-1
971,153,847.89,338.16,61.93,207.98,0.7053,-1,-1,-1
971,156,927.20,322.92,67.34,207.83,0.7117,-1,-1,-1
971,158,307.06,435.25,73.34,190.20,0.3813,-1,-1,-1
971,203,415.29,248.47,63.34,195.68,0.2965,-1,-1,-1
971,204,1210.22,707.23,91.13,268.73,0.7932,-1,-1,-1
971,207,1740.20,670.43,92.05,251.90,0.6852,-1,-1,-1
971,208,1774.89,157.64,55.78,168.69,0.2127,-1,-1,-1
971,210,1649.33,126.58,57.93,164.47,0.3210,-1,-1,-1
971,211,494.04,236.20,64.14,186.76,0.4628,-1,-1,-1
972,3,1719.57,455.88,73.80,209.83,0.5870,-1,-1,-1
972,72,1575.30,590.33,103.29,233.73,0.5742,-1,-1,-1
972,111,331.83,804.40,88.39,269.66,0.7704,-1,-1,-1
972,129,926.36,932.65,70.89,147.35,0.7637,-1,-1,-1
972,145,388.01,418.99,77.25,217.04,0.5281,-1,-1,-1
972,153,847.82,338.12,61.63,208.45,0.6763,-1,-1,-1
972,156,927.11,322.24,66.77,207.25,0.6948,-1,-1,-1
972,158,317.98,437.47,71.08,187.97,0.3572,-1,-1,-1
972,203,419.49,250.08,53.64,161.11,0.2204,-1,-1,-1
972,204,1208.18,707.02,91.68,268.82,0.7898,-1,-1,-1
972,207,1740.15,668.94,93.03,255.40,0.6968,-1,-1,-1
972,210,1650.58,128.01,57.11,162.41,0.2629,-1,-1,-1
972,211,494.18,238.70,63.87,185.41,0.4040,-1,-1,-1
973,3,1718.98,455.80,74.08,210.60,0.5752,-1,-1,-1
973,41,808.05,137.44,55.23,177.50,0.2067,-1,-1,-1
973,72,1575.08,591.05,103.24,233.25,0.6067,-1,-1,-1
973,111,331.90,806.20,90.47,266.97,0.7738,-1,-1,-1
973,129,926.24,933.62,70.48,146.37,0.7776,-1,-1,-1
973,145,387.53,419.24,77.89,219.22,0.5476,-1,-1,-1
973,153,847.39,336.44,61.63,208.13,0.6858,-1,-1,-1
973,156,927.19,321.69,66.31,207.48,0.6986,-1,-1,-1
973,158,321.28,435.37,69.97,191.48,0.4687,-1,-1,-1
973,203,415.23,250.22,61.67,184.83,0.3060,-1,-1,-1
973,204,1206.33,705.34,90.83,268.68,0.7941,-1,-1,-1
973,207,1740.43,668.34,92.91,254.63,0.6941,-1,-1,-1
973,210,1651.00,128.89,56.43,160.33,0.2211,-1,-1,-1
973,211,494.62,240.59,63.51,184.70,0.4473,-1,-1,-1
974,3,1718.98,455.38,73.66,209.99,0.5481,-1,-1,-1
974,72,1576.14,589.21,103.43,234.79,0.6294,-1,-1,-1
974,111,331.03,807.13,92.96,266.36,0.7683,-1,-1,-1
974,129,925.53,932.83,70.31,147.17,0.7694,-1,-1,-1
974,145,387.08,421.66,77.48,219.00,0.5676,-1,-1,-1
974,153,847.40,335.45,61.65,208.57,0.6666,-1,-1,-1
974,156,926.64,321.72,65.88,207.14,0.7105,-1,-1,-1
974,158,322.69,436.02,67.86,190.92,0.4757,-1,-1,-1
974,203,414.45,250.75,62.99,188.01,0.3226,-1,-1,-1
974,204,1205.32,703.32,91.28,270.38,0.7965,-1,-1,-1
974,207,1740.24,670.60,92.32,253.13,0.6885,-1,-1,-1
974,210,1652.66,127.33,55.58,156.68,0.2403,-1,-1,-1
974,211,495.59,242.84,63.24,184.75,0.4492,-1,-1,-1
974,214,326.03,258.51,64.26,186.73,0.2512,-1,-1,-1
975,3,1718.72,455.14,73.95,210.83,0.5843,-1,-1,-1
975,72,1577.17,589.75,102.87,234.41,0.6047,-1,-1,-1
975,111,330.41,808.82,94.98,264.46,0.7802,-1,-1,-1
975,129,924.55,933.72,69.90,146.28,0.7595,-1,-1,-1
975,145,387.35,423.86,77.12,218.22,0.5703,-1,-1,-1
975,153,846.98,333.41,61.62,208.51,0.6640,-1,-1,-1
975,156,926.14,320.98,65.95,209.21,0.6908,-1,-1,-1
975,158,323.20,437.30,66.20,191.11,0.4973,-1,-1,-1
975,199,1165.95,100.36,63.32,167.97,0.2025,-1,-1,-1
975,203,413.03,251.43,64.86,190.69,0.4291,-1,-1,-1
975,204,1203.28,702.68,90.33,270.29,0.7914,-1,-1,-1
975,207,1738.83,669.19,93.91,254.68,0.6918,-1,-1,-1
975,208,1777.88,163.51,57.60,171.62,0.2181,-1,-1,-1
975,210,1652.52,127.57,57.41,161.35,0.3283,-1,-1,-1
975,211,495.78,244.35,63.86,186.95,0.4647,-1,-1,-1
975,214,323.92,252.97,65.31,190.36,0.2704,-1,-1,-1
976,3,1719.41,457.17,73.25,208.70,0.5698,-1,-1,-1
976,41,808.09,137.68,54.64,176.27,0.2180,-1,-1,-1
976,72,1577.90,588.77,102.74,235.22,0.6039,-1,-1,-1
976,111,330.20,811.24,96.86,264.39,0.7742,-1,-1,-1
976,129,923.82,934.03,69.42,145.97,0.7337,-1,-1,-1
976,145,387.58,426.26,76.83,218.46,0.5746,-1,-1,-1
976,153,846.86,332.29,60.88,204.74,0.6726,-1,-1,-1
976,156,924.64,320.36,66.30,211.59,0.6926,-1,-1,-1
976,158,322.76,436.88,65.05,191.33,0.5091,-1,-1,-1
976,199,1168.27,100.36,63.66,168.94,0.3276,-1,-1,-1
976,203,412.32,252.36,65.54,190.99,0.4364,-1,-1,-1
976,204,1201.12,700.84,90.08,270.33,0.8038,-1,-1,-1
976,207,1738.78,671.23,94.07,252.04,0.7112,-1,-1,-1
976,208,1777.59,160.91,58.72,175.67,0.2819,-1,-1,-1
976,210,1655.48,127.82,56.06,158.34,0.3450,-1,-1,-1
976,211,495.83,245.67,64.42,189.15,0.4552,-1,-1,-1
976,214,322.54,249.96,66.56,194.55,0.2845,-1,-1,-1
977,3,1719.18,456.66,73.66,210.06,0.5578,-1,-1,-1
977,41,807.23,138.04,54.72,175.93,0.2124,-1,-1,-1
977,72,1577.30,588.28,103.15,236.14,0.6107,-1,-1,-1
977,111,329.84,813.45,99.04,265.81,0.7843,-1,-1,-1
977,129,922.20,933.71,69.77,146.29,0.7405,-1,-1,-1
977,145,386.99,428.57,76.13,216.78,0.5711,-1,-1,-1
977,153,846.77,330.34,60.61,202.77,0.6665,-1,-1,-1
977,156,922.10,317.44,66.57,214.12,0.6804,-1,-1,-1
977,158,322.25,436.53,65.74,194.66,0.4865,-1,-1,-1
977,199,1170.38,102.79,63.51,168.86,0.2521,-1,-1,-1
977,203,410.13,255.25,65.82,188.76,0.4148,-1,-1,-1
977,204,1200.04,698.55,89.42,273.53,0.7905,-1,-1,-1
977,207,1737.83,669.44,94.92,252.64,0.7134,-1,-1,-1
977,208,1779.15,161.95,58.11,175.10,0.3457,-1,-1,-1
977,210,1657.26,129.25,56.00,158.75,0.4568,-1,-1,-1
977,211,495.43,247.68,64.20,188.29,0.4387,-1,-1,-1
978,3,1719.40,457.41,73.35,208.99,0.5440,-1,-1,-1
978,41,807.46,137.11,54.71,176.24,0.2094,-1,-1,-1
978,72,1577.37,589.39,102.61,234.91,0.6092,-1,-1,-1
978,111,329.86,816.36,98.93,263.67,0.7920,-1,-1,-1
978,129,921.98,934.35,69.14,145.65,0.7364,-1,-1,-1
978,145,387.03,429.81,75.52,216.24,0.5471,-1,-1,-1
978,153,846.37,328.04,60.44,199.57,0.6665,-1,-1,-1
978,156,922.52,316.94,65.58,211.57,0.6793,-1,-1,-1
978,158,321.58,438.59,66.33,196.10,0.4360,-1,-1,-1
978,199,1172.21,102.53,63.22,169.74,0.2813,-1,-1,-1
978,203,409.66,259.30,65.72,186.24,0.4141,-1,-1,-1
978,204,1198.58,695.78,88.26,274.19,0.7882,-1,-1,-1
978,207,1737.28,669.80,95.09,252.80,0.7100,-1,-1,-1
978,208,1780.11,163.97,57.04,171.88,0.3121,-1,-1,-1
978,210,1657.91,130.95,56.03,159.72,0.4042,-1,-1,-1
978,211,495.75,249.30,63.94,187.13,0.4549,-1,-1,-1
979,3,1718.80,456.73,73.61,209.85,0.5309,-1,-1,-1
979,41,807.45,137.30,54.70,175.66,0.2151,-1,-1,-1
979,72,1576.38,590.43,102.47,233.43,0.6143,-1,-1,-1
979,111,330.73,818.79,98.51,261.26,0.8076,-1,-1,-1
979,129,921.59,935.03,68.44,144.97,0.7400,-1,-1,-1
979,145,387.93,432.00,75.02,214.88,0.5978,-1,-1,-1
979,153,846.00,325.09,60.70,198.48,0.6504,-1,-1,-1
979,156,922.18,316.09,64.51,208.89,0.6810,-1,-1,-1
979,158,314.02,439.13,70.55,200.79,0.5161,-1,-1,-1
979,199,1174.22,105.04,63.25,170.90,0.2998,-1,-1,-1
979,203,407.48,260.85,66.38,185.28,0.4546,-1,-1,-1
979,204,1198.62,691.83,87.69,276.09,0.7898,-1,-1,-1
979,207,1737.32,669.14,95.42,252.91,0.7057,-1,-1,-1
979,208,1780.85,163.28,56.42,169.90,0.2354,-1,-1,-1
979,210,1659.33,132.44,55.62,159.32,0.3730,-1,-1,-1
979,211,496.09,249.57,63.75,186.94,0.4903,-1,-1,-1
980,3,1719.58,456.73,73.22,209.20,0.5465,-1,-1,-1
980,41,807.31,136.77,54.52,174.50,0.2200,-1,-1,-1
980,72,1575.83,590.78,103.31,233.51,0.6258,-1,-1,-1
980,111,330.39,822.22,97.72,257.81,0.8206,-1,-1,-1
980,129,920.82,935.89,67.50,144.10,0.7514,-1,-1,-1
980,145,388.10,431.74,75.40,216.33,0.6374,-1,-1,-1
980,153,845.23,324.52,60.62,198.35,0.6299,-1,-1,-1
980,156,921.63,314.81,64.01,208.15,0.6861,-1,-1,-1
980,158,310.94,438.15,74.83,207.75,0.6045,-1,-1,-1
980,199,1176.79,109.96,61.43,165.76,0.3729,-1,-1,-1
980,203,406.37,258.23,68.50,188.31,0.4437,-1,-1,-1
980,204,1199.29,687.87,86.31,271.72,0.7734,-1,-1,-1
980,207,1737.80,667.67,96.43,254.85,0.6966,-1,-1,-1
980,210,1660.71,133.62,55.61,160.42,0.4007,-1,-1,-1
980,211,495.67,249.01,64.38,188.08,0.4454,-1,-1,-1
980,214,319.79,254.30,64.68,192.16,0.2839,-1,-1,-1
981,3,1719.38,456.70,73.60,209.72,0.5475,-1,-1,-1
981,72,1575.65,590.31,103.86,234.15,0.6279,-1,-1,-1
981,111,330.67,826.18,97.10,253.85,0.8242,-1,-1,-1
981,129,920.35,936.57,67.01,143.43,0.7438,-1,-1,-1
981,145,387.40,432.98,74.94,215.72,0.5301,-1,-1,-1
981,153,844.24,322.51,60.83,199.89,0.6143,-1,-1,-1
981,156,920.22,313.07,63.71,207.24,0.6630,-1,-1,-1
981,158,311.22,440.25,75.34,206.88,0.5142,-1,-1,-1
981,199,1178.27,112.17,60.86,164.02,0.3761,-1,-1,-1
981,203,405.18,257.11,70.53,191.51,0.4353,-1,-1,-1
981,204,1198.53,684.25,84.91,265.71,0.7786,-1,-1,-1
981,207,1738.40,669.58,94.41,252.57,0.6989,-1,-1,-1
981,210,1661.63,135.96,55.19,159.17,0.3921,-1,-1,-1
981,211,495.68,248.71,64.04,186.85,0.4566,-1,-1,-1
981,214,319.36,255.81,63.53,190.69,0.2878,-1,-1,-1
982,3,1719.62,457.13,73.48,209.18,0.5407,-1,-1,-1
982,72,1576.03,589.95,104.28,233.86,0.6244,-1,-1,-1
982,111,330.74,829.33,96.30,250.70,0.8211,-1,-1,-1
982,129,919.12,937.26,67.00,142.75,0.7421,-1,-1,-1
982,145,390.40,440.79,72.09,207.90,0.5090,-1,-1,-1
982,153,842.63,319.55,61.38,198.45,0.6024,-1,-1,-1
982,156,921.48,310.79,62.43,203.86,0.6536,-1,-1,-1
982,158,311.92,442.92,75.89,207.24,0.4837,-1,-1,-1
982,199,1180.07,114.28,60.92,164.05,0.3616,-1,-1,-1
982,203,402.83,259.39,71.83,191.80,0.4456,-1,-1,-1
982,204,1197.39,680.56,84.77,263.48,0.7703,-1,-1,-1
982,207,1737.84,668.27,95.80,254.59,0.7030,-1,-1,-1
982,210,1661.95,138.77,54.83,157.20,0.4020,-1,-1,-1
982,211,495.82,249.01,63.56,184.85,0.4604,-1,-1,-1
982,214,319.97,256.10,62.09,188.12,0.2828,-1,-1,-1
983,3,1719.84,456.81,73.81,210.23,0.5340,-1,-1,-1
983,72,1575.61,588.91,104.97,235.12,0.6065,-1,-1,-1
983,111,330.22,832.74,94.87,247.28,0.8259,-1,-1,-1
983,129,917.49,937.79,67.11,142.21,0.7389,-1,-1,-1
983,145,388.17,436.23,73.47,213.16,0.5044,-1,-1,-1
983,153,840.69,317.67,63.63,204.58,0.6487,-1,-1,-1
983,156,922.07,308.83,62.19,204.58,0.6712,-1,-1,-1
983,158,310.06,446.01,75.44,205.98,0.5068,-1,-1,-1
983,199,1180.86,114.74,61.54,165.59,0.3232,-1,-1,-1
983,203,400.39,259.28,73.86,193.38,0.4443,-1,-1,-1
983,204,1196.10,677.56,84.24,256.84,0.7636,-1,-1,-1
983,207,1738.20,670.81,93.28,250.91,0.6793,-1,-1,-1
983,210,1662.18,139.94,55.26,156.97,0.3752,-1,-1,-1
983,211,495.26,249.22,63.89,184.63,0.4809,-1,-1,-1
983,214,319.55,258.13,61.07,186.98,0.3628,-1,-1,-1
984,3,1719.61,457.48,74.05,210.25,0.5409,-1,-1,-1
984,72,1575.28,586.21,106.11,237.55,0.6219,-1,-1,-1
984,111,329.84,834.65,94.69,245.37,0.8257,-1,-1,-1
984,129,917.75,938.76,66.78,141.25,0.7370,-1,-1,-1
984,145,391.60,442.85,70.72,205.91,0.5214,-1,-1,-1
984,153,840.81,317.17,64.09,201.83,0.6542,-1,-1,-1
984,156,921.61,308.18,61.93,203.67,0.6785,-1,-1,-1
984,158,310.43,450.40,74.34,203.33,0.4620,-1,-1,-1
984,199,1181.91,117.16,60.77,163.68,0.3193,-1,-1,-1
984,203,401.25,259.30,74.75,192.71,0.3954,-1,-1,-1
984,204,1195.13,673.78,85.34,255.61,0.7552,-1,-1,-1
984,207,1739.28,669.21,93.49,252.57,0.6940,-1,-1,-1
984,210,1662.71,141.03,55.90,158.01,0.3627,-1,-1,-1
984,211,494.93,250.37,64.14,184.14,0.5097,-1,-1,-1
984,214,319.49,260.47,60.12,185.21,0.3916,-1,-1,-1
985,3,1719.95,458.16,73.85,208.95,0.5180,-1,-1,-1
985,72,1575.57,587.38,106.04,236.55,0.6100,-1,-1,-1
985,111,329.38,836.22,94.53,243.80,0.8158,-1,-1,-1
985,129,915.78,940.03,66.66,139.98,0.7294,-1,-1,-1
985,145,391.21,444.07,70.55,205.24,0.5316,-1,-1,-1
985,153,839.40,316.40,65.53,201.93,0.6291,-1,-1,-1
985,156,920.77,305.76,62.27,204.85,0.6609,-1,-1,-1
985,158,307.47,455.84,71.95,194.77,0.4344,-1,-1,-1
985,199,1183.17,118.41,60.37,162.45,0.3206,-1,-1,-1
985,203,400.50,260.29,74.95,191.67,0.3297,-1,-1,-1
985,204,1192.56,670.74,87.84,260.01,0.7661,-1,-1,-1
985,207,1738.95,670.79,92.11,250.96,0.6748,-1,-1,-1
985,210,1663.67,141.96,56.43,159.49,0.3611,-1,-1,-1
985,211,494.74,251.09,65.06,185.48,0.5403,-1,-1,-1
985,214,318.20,262.22,59.42,185.14,0.3794,-1,-1,-1
986,3,1720.34,457.63,73.81,208.88,0.4966,-1,-1,-1
986,72,1574.95,584.50,107.40,239.62,0.6145,-1,-1,-1
986,111,329.39,837.11,94.31,242.91,0.7984,-1,-1,-1
986,129,915.42,940.54,66.67,139.45,0.7138,-1,-1,-1
986,145,391.40,444.79,70.48,205.29,0.5417,-1,-1,-1
986,153,838.49,316.90,66.69,205.77,0.6420,-1,-1,-1
986,156,920.36,303.77,62.90,206.24,0.6641,-1,-1,-1
986,158,305.20,458.40,72.23,192.74,0.4422,-1,-1,-1
986,199,1184.26,119.45,59.53,160.74,0.2587,-1,-1,-1
986,203,398.62,258.90,77.01,194.51,0.3923,-1,-1,-1
986,204,1190.97,667.94,87.56,257.92,0.7544,-1,-1,-1
986,207,1739.36,670.20,92.14,252.33,0.6857,-1,-1,-1
986,210,1665.46,142.89,55.49,156.92,0.3684,-1,-1,-1
986,211,494.53,253.03,65.43,185.08,0.5201,-1,-1,-1
986,214,318.18,263.69,58.85,185.43,0.3518,-1,-1,-1
987,3,1719.87,457.45,74.14,209.36,0.5071,-1,-1,-1
987,72,1574.55,585.55,107.05,238.95,0.6250,-1,-1,-1
987,111,329.52,838.57,93.50,241.45,0.7834,-1,-1,-1
987,129,913.25,940.75,67.22,139.25,0.7142,-1,-1,-1
987,145,391.15,445.06,70.65,205.90,0.5457,-1,-1,-1
987,153,837.15,315.74,67.24,203.44,0.6327,-1,-1,-1
987,156,920.16,302.29,63.48,205.67,0.6760,-1,-1,-1
987,158,303.81,457.87,73.83,194.43,0.4658,-1,-1,-1
987,199,1185.50,120.28,59.09,160.67,0.2538,-1,-1,-1
987,203,396.57,256.83,78.01,196.65,0.3737,-1,-1,-1
987,204,1191.21,666.44,87.63,258.08,0.7517,-1,-1,-1
987,207,1739.88,670.44,91.71,251.85,0.6776,-1,-1,-1
987,210,1667.72,144.37,54.82,155.22,0.3985,-1,-1,-1
987,211,494.32,253.95,66.45,187.69,0.5079,-1,-1,-1
987,214,316.71,265.11,58.71,187.04,0.3694,-1,-1,-1
988,3,1720.41,457.73,74.34,209.91,0.5130,-1,-1,-1
988,41,810.87,134.51,53.51,173.75,0.2218,-1,-1,-1
988,72,1574.76,586.17,106.43,238.17,0.6241,-1,-1,-1
988,111,329.10,839.88,93.12,240.14,0.7764,-1,-1,-1
988,129,913.13,941.25,66.93,138.75,0.7181,-1,-1,-1
988,145,387.74,440.99,73.38,213.94,0.5696,-1,-1,-1
988,153,836.51,314.88,68.33,204.48,0.6249,-1,-1,-1
988,156,920.13,301.07,64.75,208.12,0.6507,-1,-1,-1
988,158,302.16,459.07,74.65,194.22,0.4696,-1,-1,-1
988,199,1186.05,119.95,59.44,162.75,0.2730,-1,-1,-1
988,203,396.87,256.39,77.62,197.31,0.4426,-1,-1,-1
988,204,1189.87,665.04,87.95,258.62,0.7255,-1,-1,-1
988,207,1739.76,669.03,91.83,252.72,0.6800,-1,-1,-1
988,210,1670.12,144.45,54.34,154.67,0.4014,-1,-1,-1
988,211,494.66,255.36,66.74,187.80,0.4959,-1,-1,-1
988,214,314.50,269.74,57.38,183.32,0.3979,-1,-1,-1
989,3,1721.11,458.74,74.19,208.68,0.4899,-1,-1,-1
989,41,809.62,134.33,53.77,174.25,0.2114,-1,-1,-1
989,72,1574.97,584.86,106.43,239.59,0.6464,-1,-1,-1
989,111,328.84,841.75,93.10,238.27,0.7704,-1,-1,-1
989,129,911.81,941.59,66.67,138.41,0.7060,-1,-1,-1
989,145,387.04,442.51,74.15,217.88,0.6146,-1,-1,-1
989,153,835.98,313.68,68.72,203.98,0.6209,-1,-1,-1
989,156,920.09,300.64,65.37,208.16,0.6215,-1,-1,-1
989,158,301.03,459.96,75.23,193.90,0.4845,-1,-1,-1
989,199,1185.91,122.87,59.29,165.62,0.3302,-1,-1,-1
989,203,396.51,257.80,77.28,199.40,0.4667,-1,-1,-1
989,204,1189.64,664.78,85.07,245.12,0.7231,-1,-1,-1
989,207,1740.24,669.57,91.70,252.67,0.6841,-1,-1,-1
989,210,1671.19,145.41,54.69,156.89,0.4345,-1,-1,-1
989,211,494.70,256.95,66.47,186.96,0.4879,-1,-1,-1
989,214,314.31,274.28,55.67,177.37,0.3818,-1,-1,-1
990,3,1721.80,457.71,74.38,208.38,0.5166,-1,-1,-1
990,41,808.96,135.94,53.70,172.80,0.2086,-1,-1,-1
990,72,1574.12,585.12,106.14,239.27,0.6412,-1,-1,-1
990,111,328.37,843.48,93.19,236.53,0.7772,-1,-1,-1
990,129,910.17,941.70,66.69,138.30,0.7077,-1,-1,-1
990,145,387.50,444.47,73.91,218.11,0.6316,-1,-1,-1
990,153,835.82,312.69,69.42,204.74,0.6357,-1,-1,-1
990,156,920.85,300.50,65.30,206.84,0.6090,-1,-1,-1
990,158,299.92,459.92,75.95,194.66,0.4836,-1,-1,-1
990,199,1187.28,121.97,58.48,167.92,0.3999,-1,-1,-1
990,203,399.99,261.70,74.54,199.29,0.4407,-1,-1,-1
990,204,1188.26,663.83,84.22,239.80,0.7089,-1,-1,-1
990,207,1739.86,668.60,91.46,253.14,0.6723,-1,-1,-1
990,210,1672.29,145.07,55.26,159.66,0.4369,-1,-1,-1
990,211,496.49,259.22,65.75,186.03,0.4602,-1,-1,-1
990,214,314.79,275.81,55.02,175.33,0.3137,-1,-1,-1
991,3,1721.27,457.98,75.26,208.71,0.5164,-1,-1,-1
991,41,809.97,135.03,54.13,174.01,0.2018,-1,-1,-1
991,72,1575.00,585.70,106.48,238.85,0.6625,-1,-1,-1
991,111,327.97,844.99,93.13,235.02,0.7794,-1,-1,-1
991,129,910.14,942.82,66.33,137.18,0.7295,-1,-1,-1
991,145,386.32,445.06,74.39,220.33,0.5909,-1,-1,-1
991,153,835.83,311.97,69.03,203.10,0.6162,-1,-1,-1
991,156,920.19,299.64,66.53,211.32,0.5669,-1,-1,-1
991,158,299.50,458.86,76.36,195.14,0.4324,-1,-1,-1
991,199,1189.65,119.11,59.05,170.42,0.2968,-1,-1,-1
991,203,397.95,262.89,73.83,202.29,0.4701,-1,-1,-1
991,204,1185.93,661.38,88.64,254.55,0.7374,-1,-1,-1
991,207,1738.75,667.86,91.55,254.53,0.6911,-1,-1,-1
991,210,1673.16,145.48,55.82,161.55,0.4351,-1,-1,-1
991,211,497.12,260.62,65.14,186.81,0.5418,-1,-1,-1
991,214,315.19,274.54,55.83,177.73,0.3034,-1,-1,-1
992,3,1720.79,458.01,76.09,208.52,0.5465,-1,-1,-1
992,72,1575.33,585.11,106.76,239.28,0.6794,-1,-1,-1
992,111,327.75,846.46,92.73,233.55,0.7838,-1,-1,-1
992,129,909.11,943.12,66.31,136.88,0.7291,-1,-1,-1
992,145,385.37,448.34,73.84,218.53,0.6126,-1,-1,-1
992,153,836.05,311.14,67.48,197.39,0.6173,-1,-1,-1
992,156,919.85,300.07,66.58,211.22,0.6108,-1,-1,-1
992,158,299.90,457.10,77.13,196.74,0.4760,-1,-1,-1
992,199,1190.81,119.05,59.96,173.17,0.3272,-1,-1,-1
992,203,397.19,263.18,73.82,205.92,0.5006,-1,-1,-1
992,204,1183.18,660.00,89.34,258.77,0.7232,-1,-1,-1
992,207,1739.07,668.66,90.88,254.32,0.6791,-1,-1,-1
992,210,1673.56,146.61,56.40,161.92,0.4457,-1,-1,-1
992,211,496.06,261.82,65.23,187.69,0.5677,-1,-1,-1
992,214,313.95,275.33,55.84,177.55,0.2703,-1,-1,-1
993,3,1720.22,457.20,76.98,210.22,0.5240,-1,-1,-1
993,72,1574.97,585.45,106.58,238.63,0.6825,-1,-1,-1
993,111,327.68,847.67,92.38,232.34,0.7816,-1,-1,-1
993,129,909.01,943.94,66.44,136.05,0.7397,-1,-1,-1
993,145,383.92,452.23,74.20,218.63,0.6136,-1,-1,-1
993,153,836.59,310.50,67.32,197.57,0.6127,-1,-1,-1
993,156,920.67,299.15,66.00,211.12,0.5868,-1,-1,-1
993,158,302.31,461.02,76.06,194.05,0.5120,-1,-1,-1
993,199,1192.04,120.15,60.44,174.20,0.3518,-1,-1,-1
993,203,400.21,265.96,70.26,200.65,0.5001,-1,-1,-1
993,204,1182.70,658.57,87.96,254.15,0.7072,-1,-1,-1
993,207,1740.10,667.58,91.37,255.64,0.6827,-1,-1,-1
993,210,1673.52,147.67,57.68,164.33,0.3875,-1,-1,-1
993,211,496.85,263.14,64.63,186.41,0.5456,-1,-1,-1
993,214,313.65,277.78,56.02,177.36,0.3273,-1,-1,-1
994,3,1719.93,457.98,77.34,209.48,0.5426,-1,-1,-1
994,72,1575.36,585.39,106.36,238.85,0.6773,-1,-1,-1
994,111,328.29,849.87,90.98,230.14,0.7850,-1,-1,-1
994,129,907.68,943.91,67.55,136.08,0.7345,-1,-1,-1
994,145,382.28,454.46,74.26,217.12,0.6197,-1,-1,-1
994,153,837.18,307.56,66.97,200.40,0.6286,-1,-1,-1
994,156,922.42,297.57,65.76,210.18,0.5905,-1,-1,-1
994,158,303.94,462.88,75.42,194.23,0.5319,-1,-1,-1
994,199,1192.54,121.93,61.14,176.46,0.3017,-1,-1,-1
994,203,399.57,265.98,70.03,203.23,0.5159,-1,-1,-1
994,204,1180.56,656.11,89.32,259.92,0.7173,-1,-1,-1
994,207,1740.04,670.73,92.56,253.41,0.6769,-1,-1,-1
994,210,1672.88,149.71,58.00,162.83,0.3430,-1,-1,-1
994,211,498.69,264.63,63.71,184.43,0.5244,-1,-1,-1
994,214,316.29,279.56,55.63,174.29,0.3576,-1,-1,-1
995,3,1720.16,458.25,77.52,208.81,0.5495,-1,-1,-1
995,72,1576.02,586.53,105.35,237.68,0.6632,-1,-1,-1
995,111,329.50,852.50,90.13,227.50,0.7778,-1,-1,-1
995,129,907.30,944.65,67.80,135.34,0.7331,-1,-1,-1
995,145,381.86,455.44,74.57,217.71,0.6158,-1,-1,-1
995,153,838.52,305.91,65.13,196.77,0.5836,-1,-1,-1
995,156,922.20,295.45,65.98,210.39,0.5856,-1,-1,-1
995,158,304.14,463.35,75.51,197.21,0.5613,-1,-1,-1
995,199,1191.21,122.48,61.66,177.95,0.2481,-1,-1,-1
995,203,399.43,265.61,69.87,207.05,0.5076,-1,-1,-1
995,204,1177.54,654.35,86.81,252.71,0.7372,-1,-1,-1
995,207,1739.24,670.41,93.99,254.47,0.6797,-1,-1,-1
995,208,1798.21,190.86,55.52,169.49,0.2081,-1,-1,-1
995,210,1672.69,152.62,58.73,161.76,0.3459,-1,-1,-1
995,211,499.37,265.80,63.42,184.11,0.4951,-1,-1,-1
995,214,314.41,279.47,57.13,178.18,0.3528,-1,-1,-1
996,3,1720.45,458.40,77.40,208.09,0.5566,-1,-1,-1
996,72,1575.58,586.07,105.16,237.94,0.6556,-1,-1,-1
996,111,329.67,853.58,89.98,226.42,0.7834,-1,-1,-1
996,129,907.08,945.24,67.60,134.76,0.7313,-1,-1,-1
996,145,380.92,456.20,74.75,217.02,0.6263,-1,-1,-1
996,153,839.42,304.19,64.05,195.47,0.6331,-1,-1,-1
996,156,923.16,293.72,66.37,209.73,0.5693,-1,-1,-1
996,158,304.33,463.19,76.09,204.11,0.5757,-1,-1,-1
996,199,1192.14,126.96,60.98,175.88,0.2229,-1,-1,-1
996,203,399.89,268.13,68.75,208.14,0.5283,-1,-1,-1
996,204,1176.35,651.46,87.60,258.42,0.7636,-1,-1,-1
996,207,1739.33,669.99,92.52,252.75,0.6779,-1,-1,-1
996,208,1799.47,190.86,55.61,172.08,0.2193,-1,-1,-1
996,210,1672.40,153.87,60.06,163.80,0.3360,-1,-1,-1
996,211,499.61,265.66,63.70,185.13,0.4852,-1,-1,-1
996,214,312.49,278.85,57.46,179.02,0.3614,-1,-1,-1
997,3,1720.58,458.03,77.81,208.71,0.5354,-1,-1,-1
997,41,809.41,133.90,54.48,174.59,0.2167,-1,-1,-1
997,72,1575.70,586.59,104.43,237.22,0.6555,-1,-1,-1
997,111,330.00,857.41,89.65,222.58,0.7794,-1,-1,-1
997,129,906.56,945.51,67.85,134.47,0.7348,-1,-1,-1
997,145,381.41,456.80,74.95,216.65,0.6295,-1,-1,-1
997,153,840.31,302.16,63.02,194.81,0.6105,-1,-1,-1
997,156,922.54,290.91,66.56,211.25,0.5848,-1,-1,-1
997,158,305.17,464.84,74.97,204.93,0.5936,-1,-1,-1
997,199,1193.34,127.05,62.29,179.34,0.2315,-1,-1,-1
997,203,398.88,267.27,68.30,209.18,0.4740,-1,-1,-1
997,204,1175.25,647.91,86.08,256.76,0.7588,-1,-1,-1
997,207,1739.88,670.32,91.13,251.79,0.6758,-1,-1,-1
997,208,1800.85,189.98,56.59,178.67,0.2645,-1,-1,-1
997,210,1672.57,156.01,60.53,162.73,0.3431,-1,-1,-1
997,211,501.78,264.16,63.39,185.85,0.5050,-1,-1,-1
997,214,310.51,278.17,58.59,183.24,0.3517,-1,-1,-1
998,3,1721.18,458.28,77.61,209.06,0.5764,-1,-1,-1
998,41,809.57,133.87,54.59,174.77,0.2293,-1,-1,-1
998,72,1576.31,586.67,104.54,237.87,0.6735,-1,-1,-1
998,111,330.32,860.65,89.35,219.35,0.7687,-1,-1,-1
998,129,905.78,945.52,68.27,134.48,0.7315,-1,-1,-1
998,145,381.20,457.51,75.51,216.30,0.5851,-1,-1,-1
998,153,841.35,298.73,63.04,196.47,0.5720,-1,-1,-1
998,156,923.33,288.54,66.48,210.51,0.5794,-1,-1,-1
998,158,306.26,468.50,73.55,202.70,0.5810,-1,-1,-1
998,199,1195.20,131.15,62.01,176.86,0.2681,-1,-1,-1
998,203,398.57,268.80,67.09,207.05,0.3999,-1,-1,-1
998,204,1175.35,642.15,85.13,256.63,0.7625,-1,-1,-1
998,207,1739.80,669.95,90.98,254.76,0.6839,-1,-1,-1
998,208,1801.97,188.97,57.35,183.09,0.2576,-1,-1,-1
998,210,1672.92,159.26,60.62,159.64,0.4056,-1,-1,-1
998,211,502.87,264.14,63.01,186.27,0.5315,-1,-1,-1
998,214,311.41,278.82,58.68,183.12,0.3911,-1,-1,-1
999,3,1720.76,458.19,77.54,209.44,0.5487,-1,-1,-1
999,72,1577.50,586.86,103.78,237.13,0.6477,-1,-1,-1
999,111,330.99,864.47,89.24,215.53,0.7800,-1,-1,-1
999,129,905.70,945.92,68.30,134.07,0.7227,-1,-1,-1
999,145,380.60,457.33,76.37,216.73,0.5324,-1,-1,-1
999,153,841.94,296.57,62.85,197.64,0.5633,-1,-1,-1
999,156,925.11,286.22,67.10,210.63,0.5774,-1,-1,-1
999,158,306.27,467.52,73.69,205.69,0.5901,-1,-1,-1
999,199,1196.17,132.70,63.28,179.92,0.2261,-1,-1,-1
999,203,399.40,269.81,65.81,205.21,0.4258,-1,-1,-1
999,204,1175.25,638.57,83.78,254.53,0.7533,-1,-1,-1
999,207,1740.59,669.30,90.28,254.35,0.6788,-1,-1,-1
999,208,1804.01,188.93,57.82,184.41,0.2606,-1,-1,-1
999,210,1673.28,161.77,61.56,160.35,0.4189,-1,-1,-1
999,211,502.36,265.47,62.77,185.98,0.5095,-1,-1,-1
999,214,310.25,277.57,59.92,187.05,0.2926,-1,-1,-1
1000,3,1720.59,457.62,77.22,209.76,0.5490,-1,-1,-1
1000,72,1576.37,586.19,103.68,237.85,0.6524,-1,-1,-1
1000,111,331.63,867.79,89.27,212.22,0.7948,-1,-1,-1
1000,129,905.74,946.14,68.20,133.86,0.7306,-1,-1,-1
1000,145,380.07,457.75,77.68,216.75,0.5374,-1,-1,-1
1000,153,841.80,295.10,63.22,200.42,0.5312,-1,-1,-1
1000,156,925.81,284.51,65.69,206.32,0.5484,-1,-1,-1
1000,158,306.47,470.68,72.65,203.56,0.6243,-1,-1,-1
1000,199,1198.14,132.86,64.65,183.75,0.2379,-1,-1,-1
1000,203,399.88,269.63,66.41,207.14,0.3394,-1,-1,-1
1000,204,1174.62,636.84,83.70,252.74,0.7513,-1,-1,-1
1000,207,1741.76,671.90,89.34,252.05,0.6617,-1,-1,-1
1000,208,1806.27,192.44,58.78,186.03,0.2557,-1,-1,-1
1000,210,1673.55,163.10,62.13,161.57,0.3706,-1,-1,-1
1000,211,503.11,264.91,62.62,185.87,0.4706,-1,-1,-1
1000,214,309.70,279.29,59.77,186.66,0.3016,-1,-1,-1
1000,215,594.82,564.43,82.95,227.34,0.2354,-1,-1,-1
1001,3,1720.03,458.51,76.67,209.10,0.5610,-1,-1,-1
1001,72,1575.06,586.19,104.14,237.79,0.6562,-1,-1,-1
1001,111,333.61,870.37,89.21,209.63,0.7963,-1,-1,-1
1001,129,905.64,946.61,68.33,133.39,0.7319,-1,-1,-1
1001,145,378.53,457.87,78.18,216.55,0.5254,-1,-1,-1
1001,153,842.21,294.54,62.82,201.07,0.5509,-1,-1,-1
1001,156,926.82,283.02,64.68,202.49,0.5573,-1,-1,-1
1001,158,306.70,472.05,72.22,201.96,0.5708,-1,-1,-1
1001,199,1201.00,137.07,62.23,175.57,0.2695,-1,-1,-1
1001,203,399.93,269.72,66.41,206.06,0.3867,-1,-1,-1
1001,204,1175.14,634.85,84.25,254.18,0.7634,-1,-1,-1
1001,207,1740.21,668.32,89.58,255.67,0.6402,-1,-1,-1
1001,208,1807.68,195.74,59.27,186.70,0.2118,-1,-1,-1
1001,210,1673.94,164.06,61.90,161.20,0.3791,-1,-1,-1
1001,211,502.84,267.04,62.64,186.35,0.4799,-1,-1,-1
1001,214,308.81,280.18,59.79,186.29,0.3205,-1,-1,-1
1001,215,594.27,564.38,83.45,228.24,0.2539,-1,-1,-1
1002,3,1719.82,458.23,76.45,210.27,0.5526,-1,-1,-1
1002,72,1574.26,586.80,104.86,237.46,0.6611,-1,-1,-1
1002,111,335.49,873.69,88.92,206.32,0.7895,-1,-1,-1
1002,129,904.57,946.71,68.73,133.29,0.7411,-1,-1,-1
1002,145,379.87,458.24,78.49,216.10,0.5520,-1,-1,-1
1002,153,841.96,294.29,62.79,202.98,0.5453,-1,-1,-1
1002,156,926.63,282.00,64.45,203.40,0.5636,-1,-1,-1
1002,158,306.28,476.19,71.60,198.34,0.5338,-1,-1,-1
1002,203,398.70,263.71,68.06,210.57,0.2993,-1,-1,-1
1002,204,1175.32,633.05,84.67,256.56,0.7692,-1,-1,-1
1002,207,1741.03,671.28,87.34,253.11,0.6520,-1,-1,-1
1002,210,1674.48,164.36,61.63,160.81,0.3234,-1,-1,-1
1002,211,502.23,268.24,63.20,188.04,0.5036,-1,-1,-1
1002,214,307.72,280.52,60.75,188.20,0.3102,-1,-1,-1
1002,215,595.34,564.75,83.23,227.59,0.2558,-1,-1,-1
1003,3,1719.64,459.63,75.52,209.28,0.5564,-1,-1,-1
1003,72,1574.91,588.15,104.91,235.95,0.6746,-1,-1,-1
1003,111,337.01,875.88,88.39,204.12,0.7922,-1,-1,-1
1003,129,905.40,947.54,68.34,132.46,0.7487,-1,-1,-1
1003,145,379.42,459.30,78.44,215.64,0.5888,-1,-1,-1
1003,153,842.21,293.84,62.41,203.04,0.5556,-1,-1,-1
1003,156,927.15,279.88,64.41,202.87,0.5799,-1,-1,-1
1003,158,304.66,473.89,73.14,200.41,0.5403,-1,-1,-1
1003,199,1201.16,120.54,68.38,194.51,0.2256,-1,-1,-1
1003,203,398.54,263.44,68.89,212.05,0.3290,-1,-1,-1
1003,204,1173.88,629.76,85.31,260.11,0.7760,-1,-1,-1
1003,207,1743.24,673.46,86.47,252.04,0.6624,-1,-1,-1
1003,210,1675.36,163.79,61.49,161.49,0.3410,-1,-1,-1
1003,211,501.15,270.04,64.39,191.07,0.5757,-1,-1,-1
1003,214,308.11,281.44,61.11,187.80,0.3867,-1,-1,-1
1003,215,594.14,563.71,84.15,229.00,0.3189,-1,-1,-1
1004,3,1719.00,458.49,75.75,210.57,0.5258,-1,-1,-1
1004,72,1574.75,587.89,105.48,236.42,0.6677,-1,-1,-1
1004,111,339.19,877.87,88.22,202.13,0.7991,-1,-1,-1
1004,129,904.77,947.62,68.50,132.38,0.7350,-1,-1,-1
1004,145,379.48,458.19,79.67,219.29,0.6273,-1,-1,-1
1004,153,842.56,294.00,61.77,205.25,0.5930,-1,-1,-1
1004,156,926.48,280.46,64.01,202.35,0.6020,-1,-1,-1
1004,158,303.10,473.68,73.28,199.50,0.4456,-1,-1,-1
1004,199,1200.98,99.60,74.01,214.04,0.2210,-1,-1,-1
1004,204,1172.74,630.18,84.99,258.17,0.7750,-1,-1,-1
1004,207,1744.06,673.16,86.95,253.81,0.6366,-1,-1,-1
1004,210,1677.11,164.08,61.15,161.93,0.3158,-1,-1,-1
1004,211,501.37,272.23,64.23,190.68,0.5788,-1,-1,-1
1004,214,307.86,283.76,60.63,184.33,0.4080,-1,-1,-1
1004,215,592.40,551.33,88.30,241.12,0.4442,-1,-1,-1
1005,3,1718.96,457.98,75.70,212.05,0.5428,-1,-1,-1
1005,72,1575.03,587.71,105.85,236.96,0.6471,-1,-1,-1
1005,111,341.36,878.74,88.25,201.26,0.8005,-1,-1,-1
1005,129,904.52,947.74,68.69,132.26,0.7349,-1,-1,-1
1005,145,379.34,459.44,80.37,222.21,0.5909,-1,-1,-1
1005,153,842.99,293.76,60.66,205.04,0.6137,-1,-1,-1
1005,156,927.39,279.42,63.86,202.72,0.6230,-1,-1,-1
1005,158,313.27,481.69,68.61,190.11,0.4013,-1,-1,-1
1005,199,1202.38,91.60,76.03,224.07,0.2686,-1,-1,-1
1005,204,1170.96,628.53,85.62,260.09,0.7777,-1,-1,-1
1005,207,1744.82,673.83,87.12,253.69,0.6360,-1,-1,-1
1005,210,1678.16,165.02,60.03,159.25,0.3720,-1,-1,-1
1005,211,500.77,274.93,63.62,187.66,0.6125,-1,-1,-1
1005,214,307.02,285.76,61.21,184.21,0.4616,-1,-1,-1
1005,215,594.81,547.99,86.78,243.20,0.4574,-1,-1,-1
1006,3,1718.91,457.91,75.09,211.02,0.5259,-1,-1,-1
1006,72,1574.95,588.72,105.64,235.87,0.6676,-1,-1,-1
1006,111,343.09,880.84,88.33,199.17,0.8022,-1,-1,-1
1006,129,904.94,948.98,68.15,131.02,0.7277,-1,-1,-1
1006,145,380.52,460.51,80.05,222.39,0.5390,-1,-1,-1
1006,153,843.65,292.31,59.93,203.35,0.6554,-1,-1,-1
1006,156,928.28,279.10,63.29,202.22,0.5945,-1,-1,-1
1006,158,316.75,483.40,66.35,187.21,0.4028,-1,-1,-1
1006,199,1204.71,90.05,74.89,224.74,0.2703,-1,-1,-1
1006,204,1169.46,628.03,86.56,261.37,0.7661,-1,-1,-1
1006,207,1745.76,671.28,87.56,254.52,0.5949,-1,-1,-1
1006,210,1679.86,165.67,59.59,158.10,0.3658,-1,-1,-1
1006,211,501.71,277.18,63.05,186.72,0.5683,-1,-1,-1
1006,214,307.99,288.52,61.50,184.69,0.4342,-1,-1,-1
1006,215,594.90,547.17,85.88,244.70,0.4764,-1,-1,-1
1007,3,1719.30,458.36,75.20,210.81,0.5485,-1,-1,-1
1007,41,811.52,135.95,53.73,173.70,0.2060,-1,-1,-1
1007,72,1575.43,589.96,104.92,234.34,0.6643,-1,-1,-1
1007,111,344.85,882.57,89.13,197.44,0.8143,-1,-1,-1
1007,129,904.91,948.77,68.12,131.24,0.7239,-1,-1,-1
1007,145,383.84,466.00,80.80,225.43,0.5605,-1,-1,-1
1007,153,844.17,291.14,59.45,201.57,0.6928,-1,-1,-1
1007,156,929.07,275.25,62.80,206.27,0.6564,-1,-1,-1
1007,158,317.46,482.63,65.59,188.05,0.4475,-1,-1,-1
1007,199,1206.82,88.32,73.95,225.89,0.2516,-1,-1,-1
1007,204,1168.04,628.43,86.64,258.83,0.7632,-1,-1,-1
1007,207,1746.51,670.49,88.66,257.50,0.6233,-1,-1,-1
1007,208,1823.26,201.52,58.66,178.96,0.2172,-1,-1,-1
1007,210,1682.23,165.99,59.05,157.76,0.3582,-1,-1,-1
1007,211,501.90,279.79,63.15,187.70,0.5994,-1,-1,-1
1007,214,307.28,291.15,62.11,185.83,0.4827,-1,-1,-1
1007,215,595.35,547.60,84.55,244.05,0.4767,-1,-1,-1
1008,3,1718.96,458.39,75.38,211.26,0.5497,-1,-1,-1
1008,72,1575.30,588.76,105.67,236.14,0.6717,-1,-1,-1
1008,111,345.99,883.44,90.19,196.56,0.8084,-1,-1,-1
1008,129,904.86,949.22,67.94,130.79,0.7353,-1,-1,-1
1008,145,382.17,464.19,80.04,223.77,0.5741,-1,-1,-1
1008,153,844.60,288.61,59.46,201.86,0.6845,-1,-1,-1
1008,156,929.57,273.89,61.82,208.21,0.6626,-1,-1,-1
1008,158,317.37,483.54,65.33,189.31,0.4973,-1,-1,-1
1008,199,1208.55,88.20,73.93,227.82,0.2538,-1,-1,-1
1008,204,1165.39,626.83,87.01,259.48,0.7600,-1,-1,-1
1008,207,1746.39,672.61,88.11,255.64,0.5953,-1,-1,-1
1008,208,1824.52,203.41,59.84,178.36,0.2239,-1,-1,-1
1008,210,1684.16,166.03,58.44,157.40,0.3612,-1,-1,-1
1008,211,500.59,280.87,63.68,189.30,0.5668,-1,-1,-1
1008,214,306.33,292.21,62.69,186.74,0.4919,-1,-1,-1
1008,215,595.35,547.95,83.66,244.27,0.5265,-1,-1,-1
1009,3,1720.06,458.10,75.98,212.21,0.5566,-1,-1,-1
1009,72,1575.58,589.34,105.61,235.66,0.6870,-1,-1,-1
1009,111,347.46,886.18,92.02,193.82,0.8106,-1,-1,-1
1009,129,905.00,949.77,67.70,130.23,0.7388,-1,-1,-1
1009,145,381.98,465.67,80.70,224.49,0.5713,-1,-1,-1
1009,153,845.44,287.76,58.40,196.51,0.6418,-1,-1,-1
1009,156,929.20,277.29,60.79,204.64,0.6106,-1,-1,-1
1009,158,317.35,484.15,65.15,189.93,0.4912,-1,-1,-1
1009,199,1212.66,89.67,74.10,228.81,0.2196,-1,-1,-1
1009,203,393.88,279.93,67.27,198.41,0.3294,-1,-1,-1
1009,204,1160.44,624.98,87.19,260.11,0.7598,-1,-1,-1
1009,207,1746.39,671.95,87.91,252.95,0.5841,-1,-1,-1
1009,208,1825.04,201.04,62.73,182.31,0.2817,-1,-1,-1
1009,210,1685.44,167.12,58.26,158.45,0.3430,-1,-1,-1
1009,211,500.44,280.01,63.72,191.03,0.5671,-1,-1,-1
1009,214,305.94,294.08,61.68,182.92,0.4538,-1,-1,-1
1009,215,593.57,547.85,83.77,244.61,0.5675,-1,-1,-1
1010,3,1719.85,457.75,76.54,212.33,0.5378,-1,-1,-1
1010,72,1575.66,589.02,105.41,235.06,0.6752,-1,-1,-1
1010,111,347.85,887.91,93.33,192.09,0.8095,-1,-1,-1
1010,129,904.76,949.59,68.11,130.40,0.7316,-1,-1,-1
1010,145,381.30,467.08,81.56,226.52,0.5126,-1,-1,-1
1010,153,845.03,285.30,59.09,197.47,0.6318,-1,-1,-1
1010,156,929.41,276.68,61.23,206.33,0.6284,-1,-1,-1
1010,158,316.44,484.03,65.70,192.24,0.4846,-1,-1,-1
1010,203,390.28,279.64,69.15,200.29,0.2803,-1,-1,-1
1010,204,1158.63,623.34,87.65,258.67,0.7590,-1,-1,-1
1010,207,1745.90,671.03,88.43,250.85,0.5448,-1,-1,-1
1010,208,1826.47,203.73,64.11,181.68,0.2807,-1,-1,-1
1010,210,1687.03,167.36,57.95,158.84,0.3130,-1,-1,-1
1010,211,500.44,282.52,62.81,189.71,0.5170,-1,-1,-1
1010,214,305.48,294.42,61.42,182.24,0.4089,-1,-1,-1
1010,215,593.01,549.58,83.59,242.77,0.5751,-1,-1,-1
1011,3,1718.94,456.83,77.34,213.22,0.5520,-1,-1,-1
1011,72,1575.09,590.14,105.22,234.62,0.6662,-1,-1,-1
1011,111,349.74,890.46,93.90,189.54,0.8000,-1,-1,-1
1011,129,904.39,949.61,68.22,130.40,0.7364,-1,-1,-1
1011,145,380.40,467.87,82.26,228.20,0.4543,-1,-1,-1
1011,153,846.23,282.65,58.82,194.85,0.5813,-1,-1,-1
1011,156,929.15,276.44,61.30,205.32,0.6176,-1,-1,-1
1011,158,315.35,484.72,66.48,195.45,0.4341,-1,-1,-1
1011,203,387.89,278.85,70.16,201.37,0.2320,-1,-1,-1
1011,204,1157.07,621.39,88.76,260.09,0.7501,-1,-1,-1
1011,207,1743.03,671.85,89.93,251.09,0.4296,-1,-1,-1
1011,208,1826.29,206.44,64.48,180.36,0.2416,-1,-1,-1
1011,210,1687.88,168.94,57.51,158.54,0.3303,-1,-1,-1
1011,211,500.03,282.69,62.64,190.67,0.4517,-1,-1,-1
1011,214,305.31,295.76,61.44,183.55,0.3645,-1,-1,-1
1011,215,592.70,548.97,84.21,243.49,0.5547,-1,-1,-1
1012,3,1718.67,456.34,77.63,213.17,0.5417,-1,-1,-1
1012,72,1574.32,588.39,106.02,236.31,0.6592,-1,-1,-1
1012,111,350.59,893.18,95.68,186.82,0.8092,-1,-1,-1
1012,129,904.26,949.37,68.74,130.63,0.7304,-1,-1,-1
1012,145,379.93,469.57,81.81,227.34,0.4316,-1,-1,-1
1012,153,845.44,281.35,58.83,194.14,0.5904,-1,-1,-1
1012,156,930.34,273.97,61.34,205.81,0.5721,-1,-1,-1
1012,158,314.53,486.08,67.91,200.73,0.4081,-1,-1,-1
1012,203,386.52,280.03,70.59,201.33,0.3036,-1,-1,-1
1012,204,1154.75,618.55,89.36,261.08,0.7542,-1,-1,-1
1012,207,1740.78,675.25,91.29,251.07,0.4108,-1,-1,-1
1012,208,1827.35,208.60,66.33,182.30,0.2911,-1,-1,-1
1012,210,1688.57,170.50,57.16,157.71,0.3012,-1,-1,-1
1012,211,499.30,283.83,61.94,188.62,0.4220,-1,-1,-1
1012,214,304.57,296.59,61.08,183.68,0.3176,-1,-1,-1
1012,215,591.54,550.05,84.71,242.87,0.5625,-1,-1,-1
1013,3,1718.27,456.15,78.11,212.94,0.5711,-1,-1,-1
1013,72,1575.12,589.52,105.65,235.15,0.6641,-1,-1,-1
1013,111,351.71,895.87,96.90,184.13,0.8033,-1,-1,-1
1013,129,903.96,949.17,68.85,130.83,0.7071,-1,-1,-1
1013,145,380.08,471.29,81.50,226.71,0.4630,-1,-1,-1
1013,153,845.27,279.74,59.47,196.71,0.6106,-1,-1,-1
1013,156,930.04,271.95,61.52,206.41,0.5834,-1,-1,-1
1013,158,312.76,487.16,69.16,205.97,0.3972,-1,-1,-1
1013,203,385.52,278.25,71.58,202.39,0.3613,-1,-1,-1
1013,204,1154.75,616.35,88.39,258.43,0.7498,-1,-1,-1
1013,207,1738.49,673.62,93.88,254.03,0.3506,-1,-1,-1
1013,208,1827.89,210.83,66.66,182.55,0.2630,-1,-1,-1
1013,210,1690.03,171.53,56.98,157.53,0.2707,-1,-1,-1
1013,211,497.60,284.13,61.91,188.15,0.4206,-1,-1,-1
1013,214,301.18,297.58,62.40,187.40,0.3835,-1,-1,-1
1013,215,590.64,550.57,85.60,242.79,0.6108,-1,-1,-1
1014,3,1718.47,456.23,78.58,212.69,0.5493,-1,-1,-1
1014,72,1573.16,587.51,106.50,236.75,0.6495,-1,-1,-1
1014,111,351.86,897.60,98.31,182.40,0.8028,-1,-1,-1
1014,129,904.60,948.69,69.09,131.31,0.7121,-1,-1,-1
1014,145,379.57,473.25,80.63,226.38,0.4523,-1,-1,-1
1014,153,843.68,278.49,60.00,197.76,0.5994,-1,-1,-1
1014,156,930.25,270.72,59.82,199.87,0.5356,-1,-1,-1
1014,158,301.47,488.88,72.20,207.51,0.4489,-1,-1,-1
1014,203,385.39,276.46,72.03,201.55,0.2679,-1,-1,-1
1014,204,1153.10,613.03,88.73,260.34,0.7436,-1,-1,-1
1014,207,1730.76,670.55,98.27,256.51,0.4741,-1,-1,-1
1014,208,1828.26,213.48,65.15,178.16,0.2371,-1,-1,-1
1014,210,1691.60,173.02,56.76,157.67,0.2752,-1,-1,-1
1014,211,496.43,285.16,62.32,187.88,0.4457,-1,-1,-1
1014,214,300.88,298.68,61.97,186.22,0.3515,-1,-1,-1
1014,215,589.32,550.99,86.11,242.75,0.5935,-1,-1,-1
1015,3,1718.49,455.93,79.22,212.77,0.5461,-1,-1,-1
1015,72,1573.98,589.13,106.37,235.81,0.6603,-1,-1,-1
1015,111,352.81,900.84,98.25,179.17,0.7933,-1,-1,-1
1015,129,904.01,949.21,69.01,130.81,0.7080,-1,-1,-1
1015,145,380.29,474.12,80.56,226.23,0.5073,-1,-1,-1
1015,153,842.39,274.81,61.77,203.15,0.5934,-1,-1,-1
1015,156,929.31,270.19,59.77,200.57,0.5471,-1,-1,-1
1015,158,297.48,492.04,74.10,207.34,0.4842,-1,-1,-1
1015,203,388.41,279.92,72.16,195.37,0.2232,-1,-1,-1
1015,204,1153.70,611.24,85.57,254.71,0.7574,-1,-1,-1
1015,207,1727.71,670.82,101.36,257.80,0.4072,-1,-1,-1
1015,208,1829.08,218.11,62.90,171.94,0.2226,-1,-1,-1
1015,210,1692.99,175.08,55.57,155.33,0.2919,-1,-1,-1
1015,211,496.76,286.24,62.38,188.02,0.4469,-1,-1,-1
1015,214,300.11,299.87,61.84,185.19,0.3010,-1,-1,-1
1015,215,588.85,551.76,85.73,241.51,0.5562,-1,-1,-1
1016,3,1718.16,456.12,79.47,212.04,0.5174,-1,-1,-1
1016,72,1573.36,587.87,106.91,237.05,0.6536,-1,-1,-1
1016,111,353.63,903.70,98.98,176.10,0.8084,-1,-1,-1
1016,129,903.63,948.59,68.94,131.41,0.7218,-1,-1,-1
1016,145,378.94,477.36,79.71,224.67,0.5179,-1,-1,-1
1016,153,843.14,276.49,60.89,199.23,0.5850,-1,-1,-1
1016,156,929.37,268.78,58.82,197.85,0.5462,-1,-1,-1
1016,158,296.30,495.59,74.84,205.50,0.4955,-1,-1,-1
1016,204,1153.61,607.22,83.41,248.94,0.7732,-1,-1,-1
1016,207,1724.24,668.67,104.52,259.98,0.3893,-1,-1,-1
1016,208,1829.29,219.09,64.22,175.27,0.2676,-1,-1,-1
1016,210,1694.21,176.75,55.37,155.80,0.3252,-1,-1,-1
1016,211,496.05,286.30,62.49,188.17,0.4504,-1,-1,-1
1016,214,298.32,299.41,63.41,189.12,0.3597,-1,-1,-1
1016,215,587.47,550.98,86.24,242.62,0.5567,-1,-1,-1
1017,3,1717.93,456.72,80.04,212.82,0.4720,-1,-1,-1
1017,72,1573.23,588.29,106.54,237.02,0.6683,-1,-1,-1
1017,111,354.76,907.71,98.67,171.36,0.8148,-1,-1,-1
1017,129,903.68,948.66,68.73,131.35,0.7080,-1,-1,-1
1017,145,378.66,479.21,78.99,223.08,0.4744,-1,-1,-1
1017,153,844.10,276.60,61.15,199.78,0.5929,-1,-1,-1
1017,156,929.52,265.91,58.69,197.11,0.5281,-1,-1,-1
1017,158,295.28,503.81,74.45,200.05,0.4684,-1,-1,-1
1017,199,1237.13,162.12,53.85,159.60,0.2288,-1,-1,-1
1017,204,1152.67,603.61,82.56,245.76,0.7648,-1,-1,-1
1017,207,1725.01,674.93,103.09,254.05,0.4348,-1,-1,-1
1017,208,1829.88,220.20,66.11,180.14,0.2768,-1,-1,-1
1017,210,1694.75,177.99,56.44,159.01,0.3133,-1,-1,-1
1017,211,494.82,287.11,63.04,188.73,0.4705,-1,-1,-1
1017,214,297.52,299.19,64.26,190.73,0.3539,-1,-1,-1
1017,215,586.92,551.72,84.81,239.60,0.5827,-1,-1,-1
1018,3,1718.00,457.56,79.78,210.22,0.4674,-1,-1,-1
1018,72,1573.43,590.99,105.09,234.17,0.6461,-1,-1,-1
1018,111,355.81,911.51,98.90,167.24,0.8027,-1,-1,-1
1018,129,903.87,948.51,68.46,131.49,0.7165,-1,-1,-1
1018,145,379.22,480.01,77.56,219.87,0.5369,-1,-1,-1
1018,153,843.65,276.13,61.68,201.05,0.5860,-1,-1,-1
1018,156,930.23,262.28,59.72,199.89,0.5210,-1,-1,-1
1018,158,293.65,507.26,75.86,199.11,0.4968,-1,-1,-1
1018,199,1239.80,164.19,54.12,157.10,0.2866,-1,-1,-1
1018,204,1152.17,600.80,82.28,247.21,0.7484,-1,-1,-1
1018,207,1723.95,679.71,100.53,247.03,0.4467,-1,-1,-1
1018,208,1830.26,222.32,66.65,181.85,0.2728,-1,-1,-1
1018,210,1698.08,178.05,56.22,159.43,0.3377,-1,-1,-1
1018,211,493.93,288.38,63.78,190.64,0.4829,-1,-1,-1
1018,214,297.08,299.31,64.17,190.09,0.3595,-1,-1,-1
1018,215,586.30,551.59,84.51,239.30,0.5338,-1,-1,-1
1019,3,1717.73,457.48,80.20,209.72,0.4861,-1,-1,-1
1019,72,1573.11,590.57,105.16,235.22,0.6631,-1,-1,-1
1019,111,355.83,914.63,99.13,163.78,0.8015,-1,-1,-1
1019,129,902.86,948.23,68.35,131.78,0.7164,-1,-1,-1
1019,145,379.83,482.07,76.40,216.32,0.5524,-1,-1,-1
1019,153,843.02,273.33,62.21,203.22,0.5804,-1,-1,-1
1019,156,928.69,260.39,61.23,200.70,0.5771,-1,-1,-1
1019,158,291.86,508.63,77.26,198.66,0.5360,-1,-1,-1
1019,199,1240.93,159.96,55.65,161.90,0.2565,-1,-1,-1
1019,204,1152.12,598.82,82.00,247.53,0.7363,-1,-1,-1
1019,207,1720.96,677.48,100.01,247.00,0.4614,-1,-1,-1
1019,208,1831.75,223.83,66.15,180.32,0.2387,-1,-1,-1
1019,210,1700.02,177.23,56.32,160.84,0.3693,-1,-1,-1
1019,211,493.21,288.93,65.10,194.62,0.4635,-1,-1,-1
1019,214,295.05,299.13,64.48,190.90,0.3833,-1,-1,-1
1019,215,586.30,550.88,85.05,241.60,0.4853,-1,-1,-1
1020,3,1719.02,455.09,79.01,205.38,0.4870,-1,-1,-1
1020,72,1574.15,589.48,105.17,236.43,0.6436,-1,-1,-1
1020,111,356.23,917.18,99.77,161.70,0.8049,-1,-1,-1
1020,129,903.11,947.38,68.46,132.53,0.7094,-1,-1,-1
1020,145,380.15,482.97,76.22,214.89,0.5435,-1,-1,-1
1020,153,843.84,275.47,61.41,199.88,0.5932,-1,-1,-1
1020,156,927.05,259.90,61.88,199.02,0.5331,-1,-1,-1
1020,158,290.28,508.83,77.83,197.74,0.4303,-1,-1,-1
1020,199,1242.18,152.47,57.61,168.85,0.2663,-1,-1,-1
1020,204,1150.51,596.18,83.06,250.10,0.7270,-1,-1,-1
1020,207,1718.27,672.91,100.88,251.81,0.4644,-1,-1,-1
1020,208,1832.82,223.86,65.81,179.33,0.2577,-1,-1,-1
1020,210,1701.64,177.40,55.88,161.47,0.4364,-1,-1,-1
1020,211,494.05,291.74,64.64,192.93,0.4685,-1,-1,-1
1020,214,294.34,298.75,64.48,190.85,0.4009,-1,-1,-1
1020,215,585.30,551.39,84.75,240.43,0.5320,-1,-1,-1
1021,3,1719.82,454.66,78.63,202.98,0.5034,-1,-1,-1
1021,72,1574.19,589.44,105.03,237.37,0.6523,-1,-1,-1
1021,111,356.90,918.25,99.82,160.52,0.8074,-1,-1,-1
1021,129,902.13,945.73,69.20,134.26,0.7015,-1,-1,-1
1021,145,379.58,484.63,76.99,215.59,0.5565,-1,-1,-1
1021,153,843.87,274.67,61.51,199.83,0.6060,-1,-1,-1
1021,156,928.09,258.26,61.98,196.42,0.5380,-1,-1,-1
1021,158,288.00,507.10,80.37,198.95,0.5316,-1,-1,-1
1021,199,1243.59,152.26,57.88,168.22,0.2722,-1,-1,-1
1021,203,377.77,294.59,75.38,202.45,0.2875,-1,-1,-1
1021,204,1148.23,593.71,83.70,251.55,0.7213,-1,-1,-1
1021,207,1713.51,672.50,98.64,250.65,0.5399,-1,-1,-1
1021,208,1831.00,221.10,66.31,182.68,0.2249,-1,-1,-1
1021,210,1702.89,178.17,55.63,161.55,0.4311,-1,-1,-1
1021,211,493.43,294.44,64.27,190.20,0.4918,-1,-1,-1
1021,214,292.96,299.55,65.41,193.09,0.4330,-1,-1,-1
1021,215,584.59,550.59,85.03,240.41,0.5163,-1,-1,-1
1022,3,1720.14,454.65,77.69,198.80,0.5124,-1,-1,-1
1022,72,1575.33,589.17,104.18,237.51,0.6493,-1,-1,-1
1022,111,358.42,920.14,98.84,158.78,0.8165,-1,-1,-1
1022,129,902.37,946.44,68.35,133.34,0.7122,-1,-1,-1
1022,145,378.21,485.44,80.36,225.08,0.5685,-1,-1,-1
1022,153,843.80,273.35,61.40,199.11,0.6093,-1,-1,-1
1022,156,927.24,258.31,63.20,197.10,0.5721,-1,-1,-1
1022,158,299.15,508.90,76.94,195.77,0.4167,-1,-1,-1
1022,199,1243.98,153.89,57.64,166.45,0.2612,-1,-1,-1
1022,203,376.35,296.32,73.30,196.63,0.3464,-1,-1,-1
1022,204,1148.08,593.31,84.62,252.68,0.7301,-1,-1,-1
1022,207,1712.65,671.95,96.12,247.73,0.5986,-1,-1,-1
1022,208,1832.01,221.00,65.20,181.34,0.2016,-1,-1,-1
1022,210,1703.13,178.18,56.36,163.06,0.4388,-1,-1,-1
1022,211,493.41,296.35,64.16,188.48,0.4946,-1,-1,-1
1022,214,292.24,299.64,65.53,193.61,0.4441,-1,-1,-1
1022,215,583.66,549.85,85.17,240.81,0.5285,-1,-1,-1
1023,3,1721.03,455.03,76.85,194.03,0.5301,-1,-1,-1
1023,72,1574.29,587.82,104.64,239.07,0.5947,-1,-1,-1
1023,111,358.99,922.50,97.95,156.26,0.8094,-1,-1,-1
1023,129,902.19,945.85,68.10,133.80,0.7106,-1,-1,-1
1023,145,377.81,485.84,81.62,229.33,0.5622,-1,-1,-1
1023,153,843.97,273.49,60.50,195.02,0.5968,-1,-1,-1
1023,156,927.29,257.46,64.05,199.26,0.5375,-1,-1,-1
1023,158,290.84,505.10,79.52,200.52,0.4443,-1,-1,-1
1023,199,1244.41,152.66,58.62,168.03,0.2101,-1,-1,-1
1023,203,374.99,297.85,72.74,196.76,0.3456,-1,-1,-1
1023,204,1147.60,591.10,85.22,255.03,0.7125,-1,-1,-1
1023,207,1711.95,674.48,94.62,245.65,0.6402,-1,-1,-1
1023,210,1702.80,178.72,57.40,165.38,0.4238,-1,-1,-1
1023,211,492.33,297.94,65.48,191.45,0.5011,-1,-1,-1
1023,214,290.86,300.67,65.37,192.17,0.4698,-1,-1,-1
1023,215,583.01,550.00,84.66,239.79,0.4689,-1,-1,-1
1024,3,1720.72,454.65,76.57,191.30,0.5641,-1,-1,-1
1024,72,1574.25,587.60,104.41,239.16,0.5995,-1,-1,-1
1024,111,359.75,924.73,97.67,154.38,0.8090,-1,-1,-1
1024,129,903.02,946.41,67.64,133.54,0.7226,-1,-1,-1
1024,145,377.95,487.38,81.39,229.30,0.5553,-1,-1,-1
1024,153,843.69,271.82,60.38,192.80,0.6218,-1,-1,-1
1024,156,927.38,257.21,64.69,202.20,0.5887,-1,-1,-1
1024,158,288.52,505.17,80.15,200.29,0.4657,-1,-1,-1
1024,203,375.92,298.68,68.64,184.34,0.2281,-1,-1,-1
1024,204,1146.54,589.66,85.55,254.88,0.6897,-1,-1,-1
1024,207,1710.99,675.77,93.60,244.15,0.5928,-1,-1,-1
1024,210,1702.75,180.08,58.17,166.67,0.3542,-1,-1,-1
1024,211,491.76,298.69,66.44,194.51,0.5346,-1,-1,-1
1024,214,289.61,302.04,65.55,192.06,0.4817,-1,-1,-1
1024,215,583.31,549.64,84.04,239.85,0.4874,-1,-1,-1
1025,3,1720.36,454.38,77.68,192.17,0.5434,-1,-1,-1
1025,72,1573.74,587.50,104.14,239.47,0.5712,-1,-1,-1
1025,111,360.59,926.13,97.54,153.49,0.8112,-1,-1,-1
1025,129,902.33,946.06,67.16,133.72,0.7138,-1,-1,-1
1025,145,376.50,488.37,81.70,232.11,0.5157,-1,-1,-1
1025,153,843.00,268.23,61.49,195.92,0.6656,-1,-1,-1
1025,156,928.74,257.40,64.26,204.17,0.5799,-1,-1,-1
1025,158,287.78,506.42,80.01,198.72,0.4786,-1,-1,-1
1025,203,376.27,301.78,62.30,161.95,0.2160,-1,-1,-1
1025,204,1145.04,588.61,86.30,254.25,0.6880,-1,-1,-1
1025,207,1709.40,677.96,91.77,242.29,0.6031,-1,-1,-1
1025,210,1700.76,181.71,60.36,172.13,0.3617,-1,-1,-1
1025,211,492.25,300.21,66.51,195.00,0.5061,-1,-1,-1
1025,214,288.51,303.00,66.17,193.42,0.4816,-1,-1,-1
1025,215,582.08,546.96,83.92,242.41,0.4618,-1,-1,-1
1026,3,1720.25,454.18,77.81,190.65,0.5661,-1,-1,-1
1026,72,1575.34,588.99,103.09,238.17,0.6184,-1,-1,-1
1026,111,362.25,927.99,96.40,151.13,0.8076,-1,-1,-1
1026,129,901.78,945.76,67.11,134.06,0.7177,-1,-1,-1
1026,145,375.91,491.44,80.81,232.17,0.5375,-1,-1,-1
1026,153,844.28,267.04,60.15,190.43,0.6342,-1,-1,-1
1026,156,930.64,256.81,63.07,204.02,0.5994,-1,-1,-1
1026,158,288.53,504.53,80.29,199.79,0.4842,-1,-1,-1
1026,203,370.91,300.62,71.18,187.15,0.4349,-1,-1,-1
1026,204,1144.15,588.60,85.59,250.30,0.6912,-1,-1,-1
1026,207,1708.25,683.04,88.99,238.86,0.6231,-1,-1,-1
1026,208,1836.68,228.79,64.47,180.73,0.2696,-1,-1,-1
1026,210,1699.86,184.31,62.09,175.41,0.3746,-1,-1,-1
1026,211,492.80,300.39,66.78,195.70,0.5992,-1,-1,-1
1026,214,288.72,304.36,66.45,194.19,0.4597,-1,-1,-1
1026,215,582.20,546.56,82.77,242.24,0.4323,-1,-1,-1
1027,3,1720.57,454.70,78.29,189.97,0.5369,-1,-1,-1
1027,72,1575.18,589.46,102.99,237.85,0.6723,-1,-1,-1
1027,111,364.67,929.89,95.75,148.87,0.8122,-1,-1,-1
1027,129,901.59,945.83,66.16,133.71,0.7179,-1,-1,-1
1027,145,374.14,493.99,79.39,232.40,0.5655,-1,-1,-1
1027,153,845.25,265.29,59.41,188.28,0.6329,-1,-1,-1
1027,156,931.87,256.49,62.27,205.36,0.5791,-1,-1,-1
1027,158,290.19,505.29,79.19,199.39,0.5615,-1,-1,-1
1027,203,369.21,302.16,72.43,192.53,0.5207,-1,-1,-1
1027,204,1142.29,588.49,86.28,252.41,0.7251,-1,-1,-1
1027,207,1703.33,673.92,89.29,243.11,0.5731,-1,-1,-1
1027,208,1836.41,230.90,65.63,187.71,0.2888,-1,-1,-1
1027,210,1700.03,187.55,62.69,175.23,0.3425,-1,-1,-1
1027,211,493.37,302.19,66.18,194.02,0.6042,-1,-1,-1
1027,214,289.49,306.56,66.01,193.22,0.4444,-1,-1,-1
1027,215,580.82,546.82,81.22,242.58,0.4391,-1,-1,-1
1028,3,1717.72,457.39,82.47,200.40,0.5748,-1,-1,-1
1028,72,1574.64,589.31,102.89,238.10,0.6740,-1,-1,-1
1028,111,365.63,931.84,95.29,147.33,0.8205,-1,-1,-1
1028,129,901.58,945.69,65.82,134.29,0.7132,-1,-1,-1
1028,145,374.48,496.97,78.29,230.34,0.5981,-1,-1,-1
1028,153,846.12,262.72,59.34,188.25,0.6024,-1,-1,-1
1028,156,934.76,256.17,59.89,198.93,0.5854,-1,-1,-1
1028,158,293.22,509.39,76.49,196.76,0.5644,-1,-1,-1
1028,203,369.47,306.13,71.60,191.12,0.5329,-1,-1,-1
1028,204,1141.31,587.04,85.02,249.01,0.7228,-1,-1,-1
1028,207,1700.82,660.50,91.39,254.11,0.5204,-1,-1,-1
1028,208,1837.68,232.73,64.96,188.20,0.2708,-1,-1,-1
1028,210,1700.38,190.94,62.35,172.48,0.3504,-1,-1,-1
1028,211,494.76,303.60,65.23,192.38,0.5131,-1,-1,-1
1028,214,288.81,308.43,65.45,192.66,0.4422,-1,-1,-1
1028,215,581.32,546.18,79.62,243.59,0.4757,-1,-1,-1
1029,3,1718.14,458.96,83.02,201.19,0.5821,-1,-1,-1
1029,72,1574.34,589.67,102.86,237.74,0.6888,-1,-1,-1
1029,111,367.82,932.72,94.62,145.88,0.8127,-1,-1,-1
1029,129,900.84,945.37,65.34,134.62,0.6991,-1,-1,-1
1029,145,374.73,499.73,77.52,228.03,0.6166,-1,-1,-1
1029,153,847.02,261.65,59.48,189.67,0.5971,-1,-1,-1
1029,156,935.65,255.50,60.18,201.70,0.6222,-1,-1,-1
1029,158,293.06,512.34,75.19,197.16,0.5981,-1,-1,-1
1029,203,368.84,307.44,71.42,192.95,0.5067,-1,-1,-1
1029,204,1140.17,586.18,83.86,248.98,0.7394,-1,-1,-1
1029,207,1696.68,643.39,95.37,270.15,0.4038,-1,-1,-1
1029,208,1838.74,235.17,64.87,189.98,0.3084,-1,-1,-1
1029,210,1701.18,193.03,62.08,169.84,0.3553,-1,-1,-1
1029,211,494.01,304.50,64.87,191.35,0.5337,-1,-1,-1
1029,214,288.96,310.86,65.01,192.60,0.3668,-1,-1,-1
1029,215,580.69,545.45,77.12,244.61,0.4998,-1,-1,-1
1030,3,1717.66,458.08,83.16,201.89,0.5786,-1,-1,-1
1030,72,1573.36,588.43,103.17,239.51,0.6454,-1,-1,-1
1030,111,368.92,935.80,93.63,142.71,0.8001,-1,-1,-1
1030,129,900.23,945.02,64.47,134.98,0.7173,-1,-1,-1
1030,145,371.70,500.80,75.90,226.95,0.6114,-1,-1,-1
1030,153,847.02,260.89,59.65,192.44,0.5864,-1,-1,-1
1030,156,936.36,254.40,59.70,200.42,0.5627,-1,-1,-1
1030,158,292.89,512.13,75.38,202.12,0.6495,-1,-1,-1
1030,203,367.62,308.48,71.26,194.32,0.5652,-1,-1,-1
1030,204,1139.21,584.07,82.13,249.47,0.7752,-1,-1,-1
1030,207,1696.14,639.33,94.61,273.42,0.4532,-1,-1,-1
1030,208,1840.79,237.57,64.12,189.46,0.3155,-1,-1,-1
1030,210,1702.45,195.88,60.58,163.80,0.3167,-1,-1,-1
1030,211,493.36,303.09,65.41,193.04,0.5338,-1,-1,-1
1030,214,290.75,312.03,63.87,189.98,0.4060,-1,-1,-1
1030,215,581.23,544.60,75.48,245.60,0.4708,-1,-1,-1
1031,3,1717.21,458.51,84.09,205.07,0.6012,-1,-1,-1
1031,72,1573.40,590.48,102.50,237.15,0.6565,-1,-1,-1
1031,111,371.30,937.28,92.58,141.01,0.7950,-1,-1,-1
1031,129,899.08,944.53,63.83,135.47,0.7212,-1,-1,-1
1031,145,373.84,500.58,77.24,229.04,0.6369,-1,-1,-1
1031,153,847.27,259.35,59.59,194.03,0.5696,-1,-1,-1
1031,156,937.90,251.07,58.59,197.47,0.5686,-1,-1,-1
1031,158,291.94,513.83,76.24,210.88,0.6803,-1,-1,-1
1031,203,366.98,309.78,70.80,193.83,0.5661,-1,-1,-1
1031,204,1138.84,578.33,80.46,248.42,0.7785,-1,-1,-1
1031,207,1686.21,637.57,96.53,277.59,0.5302,-1,-1,-1
1031,208,1842.23,240.76,62.84,187.84,0.3029,-1,-1,-1
1031,210,1702.67,198.15,60.89,163.42,0.3373,-1,-1,-1
1031,211,493.30,302.44,64.66,190.20,0.5711,-1,-1,-1
1031,214,292.13,314.24,63.79,190.40,0.4002,-1,-1,-1
1031,215,580.78,544.30,73.75,246.64,0.4729,-1,-1,-1
1032,3,1717.08,458.55,84.58,207.55,0.5970,-1,-1,-1
1032,72,1573.18,590.34,102.39,237.48,0.6397,-1,-1,-1
1032,111,373.24,940.99,90.50,137.38,0.7708,-1,-1,-1
1032,129,898.44,944.03,63.22,135.94,0.7002,-1,-1,-1
1032,145,373.97,500.82,77.59,229.84,0.6621,-1,-1,-1
1032,153,847.84,256.39,59.39,194.45,0.5792,-1,-1,-1
1032,156,939.19,248.74,57.44,194.35,0.6191,-1,-1,-1
1032,158,292.70,516.11,75.28,213.02,0.6870,-1,-1,-1
1032,203,366.22,310.82,70.53,193.50,0.5058,-1,-1,-1
1032,204,1138.64,574.94,78.77,245.65,0.7699,-1,-1,-1
1032,207,1681.53,640.03,96.65,276.69,0.4868,-1,-1,-1
1032,208,1844.32,242.05,62.66,189.08,0.3020,-1,-1,-1
1032,210,1702.37,200.22,61.48,164.41,0.3728,-1,-1,-1
1032,211,493.69,304.50,63.74,187.71,0.4874,-1,-1,-1
1032,214,293.31,316.12,63.90,190.17,0.4092,-1,-1,-1
1032,215,581.08,543.68,71.90,247.17,0.4717,-1,-1,-1
1033,3,1717.43,458.38,83.88,207.10,0.5883,-1,-1,-1
1033,72,1573.53,591.64,101.34,236.66,0.6248,-1,-1,-1
1033,111,374.51,943.90,89.35,133.73,0.7609,-1,-1,-1
1033,129,897.58,943.99,62.32,136.01,0.6958,-1,-1,-1
1033,145,373.20,501.65,77.35,228.84,0.6440,-1,-1,-1
1033,153,847.80,255.62,59.53,195.26,0.5525,-1,-1,-1
1033,156,940.43,247.18,57.73,194.49,0.6346,-1,-1,-1
1033,158,292.77,518.09,74.44,213.64,0.6678,-1,-1,-1
1033,203,365.53,311.64,70.28,192.75,0.5324,-1,-1,-1
1033,204,1138.82,572.19,77.19,242.10,0.7705,-1,-1,-1
1033,207,1677.59,638.38,98.26,279.25,0.5392,-1,-1,-1
1033,208,1847.00,243.89,61.51,187.36,0.2871,-1,-1,-1
1033,210,1702.51,200.85,61.15,162.78,0.2968,-1,-1,-1
1033,211,492.62,306.10,64.45,189.75,0.4650,-1,-1,-1
1033,214,293.73,317.55,64.20,190.55,0.3546,-1,-1,-1
1033,215,581.89,542.28,68.51,239.63,0.4308,-1,-1,-1
1034,3,1716.94,457.79,83.38,206.42,0.5856,-1,-1,-1
1034,72,1574.27,594.88,99.85,232.42,0.5892,-1,-1,-1
1034,111,376.60,947.44,87.95,131.27,0.7544,-1,-1,-1
1034,129,896.65,943.72,62.00,136.28,0.7087,-1,-1,-1
1034,145,371.59,503.28,76.12,227.08,0.6246,-1,-1,-1
1034,153,848.14,255.94,59.40,194.37,0.5583,-1,-1,-1
1034,156,940.13,244.55,57.94,195.29,0.6023,-1,-1,-1
1034,158,293.51,520.94,73.92,212.87,0.6706,-1,-1,-1
1034,203,365.06,312.43,70.34,193.78,0.5748,-1,-1,-1
1034,204,1139.18,568.97,76.40,242.58,0.7687,-1,-1,-1
1034,207,1675.68,637.57,98.86,279.99,0.5382,-1,-1,-1
1034,208,1850.75,243.31,61.21,187.12,0.2935,-1,-1,-1
1034,210,1703.78,201.64,60.20,158.93,0.2692,-1,-1,-1
1034,211,490.25,307.94,65.46,192.25,0.4864,-1,-1,-1
1034,214,294.97,319.18,64.26,189.96,0.3832,-1,-1,-1
1034,215,580.37,541.50,68.76,247.26,0.4499,-1,-1,-1
1035,3,1717.67,458.50,81.83,203.63,0.5955,-1,-1,-1
1035,72,1573.11,594.30,100.13,232.85,0.6063,-1,-1,-1
1035,111,378.63,950.81,87.06,128.72,0.7441,-1,-1,-1
1035,129,895.77,942.93,61.61,137.08,0.7048,-1,-1,-1
1035,145,372.30,504.21,75.75,224.49,0.6206,-1,-1,-1
1035,153,848.40,255.16,59.31,194.37,0.5653,-1,-1,-1
1035,156,939.93,242.79,58.67,197.49,0.6449,-1,-1,-1
1035,158,293.36,523.52,75.03,211.60,0.6425,-1,-1,-1
1035,203,364.99,312.58,70.44,195.20,0.5548,-1,-1,-1
1035,204,1138.37,568.03,76.04,241.62,0.7607,-1,-1,-1
1035,207,1673.87,635.42,97.19,280.06,0.6020,-1,-1,-1
1035,208,1851.67,242.53,61.10,187.83,0.2932,-1,-1,-1
1035,210,1705.49,201.97,59.12,154.99,0.2781,-1,-1,-1
1035,211,489.46,311.26,66.00,193.00,0.4530,-1,-1,-1
1035,214,295.34,320.68,64.02,188.30,0.4264,-1,-1,-1
1035,215,580.74,540.60,67.98,249.72,0.4078,-1,-1,-1
1036,3,1718.31,460.40,81.11,202.37,0.5844,-1,-1,-1
1036,72,1573.29,595.24,99.75,232.22,0.6051,-1,-1,-1
1036,111,381.46,953.78,86.40,126.19,0.7314,-1,-1,-1
1036,129,894.64,941.48,61.46,138.51,0.7198,-1,-1,-1
1036,145,371.97,504.30,76.10,224.30,0.6307,-1,-1,-1
1036,153,848.95,254.32,59.21,195.39,0.5759,-1,-1,-1
1036,156,939.56,241.02,58.47,197.59,0.6589,-1,-1,-1
1036,158,293.52,525.76,74.97,209.38,0.5829,-1,-1,-1
1036,203,365.52,314.33,67.54,186.24,0.3817,-1,-1,-1
1036,204,1136.95,566.01,76.91,246.65,0.7364,-1,-1,-1
1036,207,1673.01,633.69,95.28,281.40,0.6304,-1,-1,-1
1036,208,1852.68,240.59,62.01,191.80,0.2557,-1,-1,-1
1036,210,1705.97,203.29,60.07,156.38,0.2966,-1,-1,-1
1036,211,489.43,309.65,67.08,195.47,0.4476,-1,-1,-1
1036,214,294.72,320.48,65.39,191.12,0.4071,-1,-1,-1
1036,215,581.41,541.40,66.71,249.44,0.4092,-1,-1,-1
1037,3,1718.22,460.14,80.88,202.79,0.6304,-1,-1,-1
1037,72,1572.70,595.34,99.36,231.77,0.6299,-1,-1,-1
1037,111,384.71,956.38,85.77,123.63,0.7572,-1,-1,-1
1037,129,894.23,940.44,60.63,139.57,0.7297,-1,-1,-1
1037,145,372.37,505.23,76.64,222.53,0.6693,-1,-1,-1
1037,153,849.22,252.84,59.30,196.22,0.5732,-1,-1,-1
1037,156,939.93,240.75,58.40,198.07,0.6868,-1,-1,-1
1037,158,290.97,527.84,75.70,207.33,0.5516,-1,-1,-1
1037,203,368.61,318.55,60.97,163.53,0.3061,-1,-1,-1
1037,204,1136.00,563.95,77.05,249.16,0.7501,-1,-1,-1
1037,207,1672.01,631.37,93.17,280.53,0.6189,-1,-1,-1
1037,208,1853.08,240.66,61.50,191.27,0.2539,-1,-1,-1
1037,210,1706.96,203.44,61.38,160.20,0.4038,-1,-1,-1
1037,211,490.04,310.80,67.79,195.85,0.4498,-1,-1,-1
1037,214,294.33,321.30,65.17,188.85,0.4186,-1,-1,-1
1037,215,582.40,540.04,65.49,251.45,0.4469,-1,-1,-1
1037,218,1271.58,179.86,66.43,142.85,0.3301,-1,-1,-1
1038,3,1718.55,460.46,80.17,201.71,0.6306,-1,-1,-1
1038,72,1572.86,595.16,99.03,231.92,0.6315,-1,-1,-1
1038,111,386.95,958.74,86.59,121.27,0.7812,-1,-1,-1
1038,129,892.48,938.72,60.27,141.29,0.7230,-1,-1,-1
1038,145,371.87,505.47,77.31,223.14,0.6653,-1,-1,-1
1038,153,849.60,251.92,59.48,196.62,0.5633,-1,-1,-1
1038,156,939.72,239.96,58.29,198.99,0.6838,-1,-1,-1
1038,158,294.80,531.07,73.55,204.07,0.4903,-1,-1,-1
1038,203,368.91,319.66,60.99,158.86,0.3110,-1,-1,-1
1038,204,1134.65,563.24,78.67,253.42,0.7537,-1,-1,-1
1038,207,1669.81,631.17,93.06,279.84,0.6215,-1,-1,-1
1038,208,1853.08,239.96,61.08,190.89,0.2077,-1,-1,-1
1038,210,1708.34,204.29,61.60,161.89,0.3250,-1,-1,-1
1038,211,489.79,313.27,68.23,195.99,0.4427,-1,-1,-1
1038,214,294.09,321.91,64.52,187.81,0.3781,-1,-1,-1
1038,215,583.36,539.55,64.21,251.81,0.4572,-1,-1,-1
1038,218,1273.49,182.64,64.82,140.02,0.2082,-1,-1,-1
1039,3,1718.18,460.02,80.53,203.80,0.6351,-1,-1,-1
1039,72,1572.40,593.75,99.29,233.03,0.6041,-1,-1,-1
1039,111,389.58,959.27,86.58,120.73,0.7463,-1,-1,-1
1039,129,892.35,939.34,59.62,140.65,0.7282,-1,-1,-1
1039,145,370.95,506.20,77.33,223.20,0.6574,-1,-1,-1
1039,153,850.20,251.41,59.13,195.55,0.5373,-1,-1,-1
1039,156,939.55,238.85,58.06,199.46,0.6589,-1,-1,-1
1039,158,296.75,532.43,70.92,202.34,0.5360,-1,-1,-1
1039,203,367.98,319.20,62.33,156.87,0.3402,-1,-1,-1
1039,204,1131.10,562.60,80.25,254.24,0.7656,-1,-1,-1
1039,207,1665.13,631.93,93.60,278.79,0.6260,-1,-1,-1
1039,208,1855.02,239.83,62.22,193.62,0.3064,-1,-1,-1
1039,210,1710.29,205.90,61.02,161.72,0.3330,-1,-1,-1
1039,211,487.98,314.60,68.50,197.18,0.4416,-1,-1,-1
1039,214,293.77,322.02,64.62,188.30,0.3923,-1,-1,-1
1039,215,584.03,539.17,63.07,252.42,0.4542,-1,-1,-1
1040,3,1718.31,459.71,80.30,204.87,0.6537,-1,-1,-1
1040,72,1572.79,595.55,98.48,230.89,0.6023,-1,-1,-1
1040,111,392.79,961.30,85.83,118.70,0.7245,-1,-1,-1
1040,129,891.10,938.63,59.77,141.37,0.7288,-1,-1,-1
1040,145,371.65,508.01,78.47,225.49,0.6860,-1,-1,-1
1040,153,851.48,249.10,58.66,193.16,0.5329,-1,-1,-1
1040,156,939.26,238.34,57.97,199.38,0.6254,-1,-1,-1
1040,158,297.33,535.48,68.62,199.92,0.4553,-1,-1,-1
1040,203,367.27,320.44,63.60,155.20,0.3176,-1,-1,-1
1040,204,1127.43,562.54,81.23,254.64,0.7765,-1,-1,-1
1040,207,1661.88,633.42,94.43,279.60,0.6279,-1,-1,-1
1040,208,1856.41,239.75,61.86,191.91,0.2662,-1,-1,-1
1040,210,1712.26,206.96,59.45,158.38,0.3708,-1,-1,-1
1040,211,487.17,319.23,67.57,195.24,0.4483,-1,-1,-1
1040,214,294.47,323.50,65.72,188.04,0.3836,-1,-1,-1
1040,215,585.01,538.68,61.66,252.16,0.4953,-1,-1,-1
1041,3,1718.54,459.44,80.26,205.80,0.6579,-1,-1,-1
1041,72,1573.00,593.83,99.08,232.02,0.6037,-1,-1,-1
1041,111,396.94,963.71,85.89,116.30,0.7475,-1,-1,-1
1041,129,888.29,938.42,59.17,141.58,0.7129,-1,-1,-1
1041,145,371.49,510.35,78.94,227.16,0.6519,-1,-1,-1
1041,153,851.69,247.19,58.69,190.70,0.5401,-1,-1,-1
1041,156,939.43,237.57,58.16,200.35,0.6494,-1,-1,-1
1041,158,298.35,535.22,66.96,199.34,0.4483,-1,-1,-1
1041,203,366.70,320.96,64.98,155.33,0.2571,-1,-1,-1
1041,204,1126.90,561.01,82.14,252.89,0.7934,-1,-1,-1
1041,207,1660.60,635.70,93.19,276.32,0.5460,-1,-1,-1
1041,208,1856.94,238.43,62.56,194.70,0.2781,-1,-1,-1
1041,210,1713.75,208.93,58.23,154.92,0.3557,-1,-1,-1
1041,211,486.36,323.19,66.34,191.97,0.4597,-1,-1,-1
1041,214,295.17,324.59,66.42,186.11,0.4100,-1,-1,-1
1041,215,585.78,538.78,60.92,253.80,0.4989,-1,-1,-1
1042,3,1718.43,460.32,79.52,205.49,0.6193,-1,-1,-1
1042,72,1572.91,592.30,99.46,232.60,0.5835,-1,-1,-1
1042,111,399.48,964.53,87.95,115.38,0.7534,-1,-1,-1
1042,129,886.77,937.77,58.94,142.23,0.7265,-1,-1,-1
1042,145,371.39,510.32,80.01,230.60,0.6635,-1,-1,-1
1042,153,852.69,244.53,58.82,188.07,0.5132,-1,-1,-1
1042,156,940.11,237.69,57.95,199.98,0.6358,-1,-1,-1
1042,158,297.82,536.33,64.97,196.03,0.3848,-1,-1,-1
1042,203,365.59,322.49,66.27,155.58,0.2779,-1,-1,-1
1042,204,1126.02,559.84,81.96,249.79,0.7839,-1,-1,-1
1042,207,1659.18,637.65,92.36,273.27,0.5478,-1,-1,-1
1042,208,1858.08,242.24,62.00,193.99,0.2639,-1,-1,-1
1042,210,1714.96,210.78,57.73,153.96,0.2807,-1,-1,-1
1042,211,486.35,325.33,65.38,189.98,0.4328,-1,-1,-1
1042,214,294.34,325.46,67.80,187.32,0.3872,-1,-1,-1
1042,215,586.44,538.86,59.90,252.39,0.4912,-1,-1,-1
1043,3,1718.62,458.71,79.77,207.70,0.6047,-1,-1,-1
1043,72,1572.66,592.90,99.71,231.95,0.5410,-1,-1,-1
1043,111,399.99,965.95,89.90,114.05,0.7560,-1,-1,-1
1043,129,885.70,937.59,59.01,142.41,0.7181,-1,-1,-1
1043,145,371.56,511.38,80.48,232.21,0.6772,-1,-1,-1
1043,153,852.24,241.80,60.24,190.03,0.5035,-1,-1,-1
1043,156,940.58,237.35,57.44,199.39,0.6311,-1,-1,-1
1043,158,298.58,536.06,64.28,196.44,0.3839,-1,-1,-1
1043,203,363.50,323.97,66.70,153.50,0.3142,-1,-1,-1
1043,204,1124.27,559.21,82.05,247.47,0.7816,-1,-1,-1
1043,207,1659.86,640.34,91.48,271.83,0.4604,-1,-1,-1
1043,208,1859.03,248.40,60.41,188.98,0.2467,-1,-1,-1
1043,210,1716.42,213.05,57.79,155.20,0.2815,-1,-1,-1
1043,211,484.36,325.02,65.39,189.99,0.4366,-1,-1,-1
1043,214,292.55,325.95,70.12,193.42,0.3638,-1,-1,-1
1043,215,586.84,538.31,59.15,252.67,0.5031,-1,-1,-1
1044,3,1718.42,459.07,79.17,207.62,0.6035,-1,-1,-1
1044,72,1572.59,590.21,100.92,233.64,0.4589,-1,-1,-1
1044,111,401.51,968.10,91.13,111.90,0.7458,-1,-1,-1
1044,129,884.10,937.52,59.05,142.48,0.7015,-1,-1,-1
1044,145,371.70,514.54,80.31,233.76,0.6526,-1,-1,-1
1044,153,852.82,240.09,60.82,189.79,0.4883,-1,-1,-1
1044,156,940.81,236.50,57.00,199.12,0.6268,-1,-1,-1
1044,158,289.46,533.96,67.80,200.26,0.3488,-1,-1,-1
1044,203,354.40,323.06,83.91,194.20,0.3861,-1,-1,-1
1044,204,1122.35,557.40,81.97,247.96,0.7760,-1,-1,-1
1044,207,1658.05,642.06,92.53,273.64,0.5197,-1,-1,-1
1044,210,1716.01,213.63,59.97,162.22,0.2916,-1,-1,-1
1044,211,484.67,324.51,65.78,191.41,0.4429,-1,-1,-1
1044,214,289.67,325.53,72.28,200.89,0.4066,-1,-1,-1
1044,215,587.45,538.77,58.62,252.09,0.4965,-1,-1,-1
1045,3,1718.69,461.06,78.38,206.58,0.6023,-1,-1,-1
1045,72,1572.41,592.20,100.64,231.49,0.4723,-1,-1,-1
1045,111,402.75,968.91,94.17,111.09,0.7483,-1,-1,-1
1045,129,884.31,937.24,59.51,142.76,0.7091,-1,-1,-1
1045,145,372.82,517.53,79.86,232.92,0.6506,-1,-1,-1
1045,153,852.61,238.72,62.01,192.09,0.5560,-1,-1,-1
1045,156,940.74,235.10,56.83,199.67,0.6043,-1,-1,-1
1045,158,295.99,537.47,66.55,199.07,0.4011,-1,-1,-1
1045,203,351.62,323.79,87.08,205.77,0.5331,-1,-1,-1
1045,204,1119.94,554.50,82.69,250.08,0.7756,-1,-1,-1
1045,207,1653.48,642.83,93.07,271.94,0.5482,-1,-1,-1
1045,210,1716.66,214.66,60.33,164.55,0.3110,-1,-1,-1
1045,211,483.59,324.99,65.71,191.25,0.4030,-1,-1,-1
1045,214,288.84,325.80,72.04,201.86,0.4343,-1,-1,-1
1045,215,587.45,538.30,58.18,252.77,0.4984,-1,-1,-1
1046,3,1718.22,461.10,78.15,206.39,0.6025,-1,-1,-1
1046,72,1574.76,592.99,100.59,231.48,0.4323,-1,-1,-1
1046,111,403.42,970.93,95.99,109.08,0.7449,-1,-1,-1
1046,129,881.92,936.07,59.83,143.94,0.6693,-1,-1,-1
1046,145,372.49,520.15,79.14,233.80,0.6333,-1,-1,-1
1046,153,852.02,238.41,62.59,192.20,0.5465,-1,-1,-1
1046,156,940.30,234.36,56.51,200.24,0.5944,-1,-1,-1
1046,158,288.57,537.36,70.66,205.84,0.4966,-1,-1,-1
1046,203,348.62,326.76,86.40,206.77,0.5148,-1,-1,-1
1046,204,1119.96,553.38,81.37,246.81,0.7769,-1,-1,-1
1046,207,1652.71,643.77,92.89,270.11,0.5405,-1,-1,-1
1046,210,1718.35,215.85,60.45,166.13,0.2703,-1,-1,-1
1046,211,483.24,324.64,66.07,191.66,0.4161,-1,-1,-1
1046,214,288.61,327.67,71.28,202.34,0.4209,-1,-1,-1
1046,215,587.79,538.94,57.53,251.88,0.4660,-1,-1,-1
1047,3,1718.04,462.60,77.59,204.78,0.6156,-1,-1,-1
1047,72,1573.99,591.35,101.16,233.06,0.3957,-1,-1,-1
1047,111,404.54,974.16,97.14,105.85,0.7391,-1,-1,-1
1047,129,881.33,936.02,59.89,143.99,0.6671,-1,-1,-1
1047,145,372.93,522.41,78.41,232.57,0.6455,-1,-1,-1
1047,153,851.68,235.68,64.35,194.63,0.5410,-1,-1,-1
1047,156,939.00,233.28,56.39,199.92,0.5748,-1,-1,-1
1047,158,282.53,539.54,74.92,210.18,0.5348,-1,-1,-1
1047,203,347.61,329.26,85.29,206.86,0.5395,-1,-1,-1
1047,204,1118.68,550.98,81.80,249.20,0.7555,-1,-1,-1
1047,207,1654.68,651.08,90.00,261.62,0.6150,-1,-1,-1
1047,210,1720.65,216.49,59.47,164.50,0.2741,-1,-1,-1
1047,211,482.99,326.38,65.52,189.36,0.4612,-1,-1,-1
1047,214,287.39,332.40,69.93,200.32,0.4331,-1,-1,-1
1047,215,588.00,538.59,57.66,252.99,0.4657,-1,-1,-1
1048,3,1718.58,462.01,77.48,205.22,0.5860,-1,-1,-1
1048,72,1574.51,590.56,101.16,233.60,0.3939,-1,-1,-1
1048,111,406.90,977.65,97.89,102.35,0.7362,-1,-1,-1
1048,129,880.98,935.19,60.02,144.81,0.6473,-1,-1,-1
1048,145,372.40,522.29,78.12,232.43,0.6370,-1,-1,-1
1048,153,852.14,234.99,65.19,194.69,0.5536,-1,-1,-1
1048,156,939.41,231.05,54.54,192.65,0.5806,-1,-1,-1
1048,158,279.03,541.59,78.42,212.77,0.5872,-1,-1,-1
1048,203,347.14,330.48,84.03,205.31,0.4533,-1,-1,-1
1048,204,1117.99,547.47,80.95,245.83,0.7448,-1,-1,-1
1048,207,1652.07,652.59,89.74,258.74,0.6467,-1,-1,-1
1048,210,1723.66,218.51,55.80,153.85,0.2613,-1,-1,-1
1048,211,482.00,326.40,66.16,190.87,0.4606,-1,-1,-1
1048,214,286.66,334.54,69.13,199.86,0.3923,-1,-1,-1
1048,215,588.04,538.77,57.78,253.33,0.4498,-1,-1,-1
1049,3,1718.43,462.19,77.64,206.07,0.6217,-1,-1,-1
1049,72,1572.89,593.05,100.42,231.87,0.4397,-1,-1,-1
1049,111,407.46,979.71,99.79,100.30,0.7479,-1,-1,-1
1049,129,880.00,933.97,60.59,146.04,0.6695,-1,-1,-1
1049,145,371.95,523.74,77.46,230.83,0.6465,-1,-1,-1
1049,153,852.59,235.05,65.64,194.00,0.5660,-1,-1,-1
1049,156,938.80,229.33,54.69,191.65,0.6100,-1,-1,-1
1049,158,280.09,544.17,78.78,211.73,0.5535,-1,-1,-1
1049,203,345.59,330.82,84.16,205.93,0.4489,-1,-1,-1
1049,204,1117.15,544.92,79.16,242.60,0.7428,-1,-1,-1
1049,207,1650.63,648.97,90.75,261.71,0.6957,-1,-1,-1
1049,210,1723.52,217.76,58.02,162.03,0.2461,-1,-1,-1
1049,211,480.47,326.19,67.29,192.75,0.5062,-1,-1,-1
1049,214,284.88,334.99,68.62,200.50,0.3942,-1,-1,-1
1049,215,587.77,537.93,57.70,253.46,0.4950,-1,-1,-1
1050,3,1718.28,461.21,77.93,206.90,0.6446,-1,-1,-1
1050,72,1571.77,592.78,100.89,231.95,0.4427,-1,-1,-1
1050,111,410.40,983.09,99.33,96.91,0.7518,-1,-1,-1
1050,129,879.26,933.05,61.06,146.96,0.6684,-1,-1,-1
1050,145,372.83,524.03,77.42,229.63,0.6629,-1,-1,-1
1050,153,853.18,234.79,65.71,193.77,0.5899,-1,-1,-1
1050,156,938.49,227.88,54.84,190.67,0.6085,-1,-1,-1
1050,158,279.95,547.63,78.98,211.75,0.6137,-1,-1,-1
1050,203,345.71,331.88,82.93,202.83,0.4340,-1,-1,-1
1050,204,1115.49,542.33,77.40,236.64,0.7528,-1,-1,-1
1050,207,1649.20,649.04,89.74,260.09,0.6880,-1,-1,-1
1050,210,1723.34,217.91,59.06,166.40,0.3075,-1,-1,-1
1050,211,479.62,327.50,68.01,194.72,0.4489,-1,-1,-1
1050,214,285.57,336.39,67.47,199.53,0.4394,-1,-1,-1
1050,215,588.34,537.98,57.91,253.68,0.5113,-1,-1,-1
