1,0,0.00,8.85,351.22,1061.89,0.9275,-1,-1,-1
1,1,874.76,152.61,238.81,626.87,0.8143,-1,-1,-1
1,2,546.17,271.41,94.46,315.82,0.8119,-1,-1,-1
1,3,403.99,277.97,107.41,319.40,0.8106,-1,-1,-1
2,0,0.20,6.53,345.78,1064.20,0.9307,-1,-1,-1
2,1,870.44,149.17,234.91,628.86,0.8053,-1,-1,-1
2,2,542.77,267.03,95.42,321.70,0.8085,-1,-1,-1
2,3,398.21,274.78,110.67,321.16,0.8139,-1,-1,-1
3,0,0.04,5.97,339.99,1062.83,0.9292,-1,-1,-1
3,1,865.45,152.41,227.52,627.64,0.8283,-1,-1,-1
3,2,537.13,266.60,96.95,326.52,0.8042,-1,-1,-1
3,3,391.36,275.10,109.10,322.45,0.8446,-1,-1,-1
4,0,0.02,3.95,327.34,1061.70,0.9252,-1,-1,-1
4,1,868.56,153.26,218.53,628.70,0.8344,-1,-1,-1
4,2,532.02,265.14,96.36,329.00,0.8075,-1,-1,-1
4,3,382.28,271.66,111.59,327.04,0.8421,-1,-1,-1
5,0,0.36,2.72,311.78,1062.46,0.9159,-1,-1,-1
5,1,877.10,151.60,206.86,635.95,0.8186,-1,-1,-1
5,2,526.55,262.05,97.34,334.02,0.8087,-1,-1,-1
5,3,376.50,265.14,111.59,331.53,0.8346,-1,-1,-1
6,0,0.63,15.96,292.19,1055.84,0.8776,-1,-1,-1
6,1,883.81,150.99,197.76,628.52,0.8032,-1,-1,-1
6,2,520.45,261.79,100.91,335.85,0.7972,-1,-1,-1
6,3,372.06,261.93,111.19,334.66,0.8305,-1,-1,-1
7,0,0.90,61.72,273.02,1009.52,0.9035,-1,-1,-1
7,1,890.84,153.00,189.31,622.08,0.8162,-1,-1,-1
7,2,515.49,259.83,102.02,343.59,0.7800,-1,-1,-1
7,3,364.16,260.66,113.58,338.14,0.8224,-1,-1,-1
8,0,0.81,84.84,258.31,986.74,0.8960,-1,-1,-1
8,1,890.97,153.28,188.62,626.39,0.7931,-1,-1,-1
8,2,511.12,262.34,101.91,345.94,0.8154,-1,-1,-1
8,3,354.39,260.08,117.86,341.99,0.8266,-1,-1,-1
8,4,1037.41,299.87,87.65,345.97,0.6753,-1,-1,-1
9,0,0.30,99.61,227.43,973.04,0.8638,-1,-1,-1
9,1,888.99,154.54,186.63,625.97,0.7894,-1,-1,-1
9,2,506.55,262.58,103.08,344.88,0.8364,-1,-1,-1
9,3,348.03,260.46,119.78,343.84,0.8186,-1,-1,-1
9,4,1036.54,303.60,84.96,347.73,0.6621,-1,-1,-1
10,0,0.93,107.35,205.65,961.57,0.7268,-1,-1,-1
10,1,883.21,156.70,187.82,623.77,0.8161,-1,-1,-1
10,2,500.38,263.91,106.33,347.40,0.8259,-1,-1,-1
10,3,344.74,259.09,118.06,346.96,0.8078,-1,-1,-1
10,4,1036.99,301.20,81.93,352.53,0.7003,-1,-1,-1
11,0,1.03,111.98,177.84,955.12,0.7332,-1,-1,-1
11,1,880.38,156.70,186.97,628.93,0.8167,-1,-1,-1
11,2,493.70,262.44,109.19,352.83,0.8231,-1,-1,-1
11,3,337.81,260.85,120.65,349.14,0.7889,-1,-1,-1
11,4,1038.72,297.15,74.97,359.40,0.6633,-1,-1,-1
12,0,0.59,117.43,160.00,762.52,0.7881,-1,-1,-1
12,1,872.46,157.82,188.27,631.91,0.8356,-1,-1,-1
12,2,489.86,258.88,110.47,358.00,0.7974,-1,-1,-1
12,3,326.95,263.13,126.88,351.78,0.8274,-1,-1,-1
12,4,1037.68,296.29,71.35,362.35,0.6770,-1,-1,-1
13,0,0.69,137.82,139.44,626.93,0.8200,-1,-1,-1
13,1,864.36,155.72,194.35,637.68,0.8253,-1,-1,-1
13,2,483.47,255.54,113.58,361.87,0.8271,-1,-1,-1
13,3,318.86,263.43,132.67,355.78,0.8302,-1,-1,-1
13,4,1036.16,298.43,72.25,355.76,0.6952,-1,-1,-1
14,0,0.62,173.75,117.45,579.92,0.8183,-1,-1,-1
14,1,856.01,153.48,200.04,642.99,0.7862,-1,-1,-1
14,2,479.10,254.25,115.13,364.64,0.8364,-1,-1,-1
14,3,313.36,264.94,135.48,358.92,0.8351,-1,-1,-1
14,4,1034.37,292.74,73.01,358.40,0.6842,-1,-1,-1
15,0,0.30,230.26,85.99,543.28,0.5546,-1,-1,-1
15,1,844.38,153.12,207.08,639.66,0.7979,-1,-1,-1
15,2,474.98,255.64,118.83,363.25,0.8390,-1,-1,-1
15,3,313.19,267.81,133.30,360.32,0.8286,-1,-1,-1
15,4,1030.54,284.91,76.90,367.99,0.6672,-1,-1,-1
16,1,838.00,153.43,212.27,640.46,0.8020,-1,-1,-1
16,2,472.18,256.00,122.21,366.25,0.8447,-1,-1,-1
16,3,309.52,269.14,134.86,365.32,0.8396,-1,-1,-1
16,4,1027.35,277.48,81.03,377.06,0.6328,-1,-1,-1
17,1,835.25,154.83,216.26,642.82,0.8270,-1,-1,-1
17,2,470.88,258.04,123.51,367.88,0.8425,-1,-1,-1
17,3,308.00,273.59,134.13,367.86,0.8504,-1,-1,-1
17,4,1024.14,275.47,86.40,378.81,0.6611,-1,-1,-1
18,1,836.48,157.88,214.77,651.71,0.8572,-1,-1,-1
18,2,468.65,259.30,126.40,373.17,0.8380,-1,-1,-1
18,3,308.81,277.69,132.88,369.87,0.8304,-1,-1,-1
18,4,1021.79,261.02,88.79,392.28,0.6970,-1,-1,-1
19,1,841.69,160.35,204.82,657.08,0.8586,-1,-1,-1
19,2,466.85,263.90,129.99,378.33,0.8214,-1,-1,-1
19,3,298.17,281.30,143.03,377.07,0.8303,-1,-1,-1
19,4,1016.37,256.83,93.86,398.20,0.7187,-1,-1,-1
20,1,845.73,166.77,197.55,656.20,0.8635,-1,-1,-1
20,2,467.81,271.04,130.41,379.92,0.8268,-1,-1,-1
20,3,296.87,286.76,145.54,379.41,0.8284,-1,-1,-1
20,4,1012.79,251.74,98.06,408.08,0.7665,-1,-1,-1
21,1,860.07,169.82,188.14,657.30,0.8511,-1,-1,-1
21,2,472.78,273.62,133.50,387.01,0.8124,-1,-1,-1
21,3,303.66,288.18,145.76,383.84,0.8442,-1,-1,-1
21,4,1017.78,249.50,104.87,414.49,0.8079,-1,-1,-1
22,1,880.76,169.62,187.08,659.91,0.8537,-1,-1,-1
22,2,493.66,276.11,130.33,390.63,0.8248,-1,-1,-1
22,3,322.20,289.06,144.96,386.60,0.8275,-1,-1,-1
22,4,1033.10,249.78,107.48,418.74,0.7957,-1,-1,-1
23,1,886.50,171.49,188.77,663.48,0.8619,-1,-1,-1
23,2,506.80,280.91,129.69,393.37,0.8267,-1,-1,-1
23,3,332.03,291.78,145.52,387.52,0.8289,-1,-1,-1
23,4,1041.51,252.59,112.27,422.14,0.8010,-1,-1,-1
24,1,885.40,172.47,198.07,663.85,0.8683,-1,-1,-1
24,2,516.99,283.64,131.00,396.51,0.8445,-1,-1,-1
24,3,341.89,292.56,146.73,390.96,0.8330,-1,-1,-1
24,4,1048.35,254.68,118.65,419.03,0.8175,-1,-1,-1
25,1,882.07,172.89,206.39,660.85,0.8634,-1,-1,-1
25,2,525.42,284.39,133.92,403.33,0.8443,-1,-1,-1
25,3,354.28,293.98,145.86,389.90,0.8319,-1,-1,-1
25,4,1058.42,256.41,122.77,419.56,0.8358,-1,-1,-1
26,1,884.25,174.44,213.92,656.48,0.8694,-1,-1,-1
26,2,539.92,291.91,132.20,405.05,0.7980,-1,-1,-1
26,3,365.78,295.57,149.66,394.76,0.8537,-1,-1,-1
26,4,1067.88,260.06,131.50,422.49,0.8313,-1,-1,-1
27,1,885.20,177.15,223.39,656.91,0.8630,-1,-1,-1
27,2,553.90,294.08,132.93,410.92,0.8309,-1,-1,-1
27,3,380.88,299.47,146.32,397.21,0.8406,-1,-1,-1
27,4,1081.29,265.36,137.20,419.94,0.8297,-1,-1,-1
28,1,884.73,184.28,231.40,658.00,0.8748,-1,-1,-1
28,2,561.51,299.87,132.50,413.43,0.8469,-1,-1,-1
28,3,385.47,305.87,148.13,399.03,0.8611,-1,-1,-1
28,4,1086.99,272.79,139.66,418.24,0.8360,-1,-1,-1
29,1,884.19,191.01,227.76,659.36,0.8794,-1,-1,-1
29,2,565.05,301.48,133.79,417.17,0.8639,-1,-1,-1
29,3,391.31,310.09,144.11,404.15,0.8420,-1,-1,-1
29,4,1091.11,278.34,143.19,426.65,0.8128,-1,-1,-1
30,1,887.60,196.08,226.63,660.77,0.8922,-1,-1,-1
30,2,569.44,301.54,136.80,417.81,0.8519,-1,-1,-1
30,3,397.36,313.10,144.55,410.81,0.8394,-1,-1,-1
30,4,1097.81,281.56,149.41,431.66,0.8322,-1,-1,-1
31,1,888.29,201.86,227.97,664.06,0.8832,-1,-1,-1
31,2,573.32,303.31,136.99,420.04,0.8356,-1,-1,-1
31,3,400.67,318.52,145.16,417.08,0.8435,-1,-1,-1
31,4,1101.99,285.44,153.70,435.41,0.8545,-1,-1,-1
32,1,889.12,209.01,231.31,667.75,0.8843,-1,-1,-1
32,2,577.44,306.06,135.55,427.47,0.8523,-1,-1,-1
32,3,402.37,324.01,145.61,419.08,0.8573,-1,-1,-1
32,4,1103.91,290.34,156.11,433.37,0.8578,-1,-1,-1
33,1,892.25,213.92,233.07,669.62,0.8824,-1,-1,-1
33,2,580.57,308.62,138.37,431.09,0.8464,-1,-1,-1
33,3,404.15,329.56,148.03,419.52,0.8586,-1,-1,-1
33,4,1106.12,298.09,161.99,431.32,0.8557,-1,-1,-1
34,1,893.89,220.10,239.16,672.22,0.8748,-1,-1,-1
34,2,584.81,310.27,136.86,434.07,0.8412,-1,-1,-1
34,3,401.98,333.64,149.51,425.56,0.8418,-1,-1,-1
34,4,1108.14,302.72,164.17,425.84,0.8550,-1,-1,-1
35,1,898.94,227.49,237.40,675.94,0.8777,-1,-1,-1
35,2,588.41,314.33,136.18,439.03,0.8299,-1,-1,-1
35,3,399.09,337.64,151.29,433.32,0.8268,-1,-1,-1
35,4,1110.15,307.06,166.15,421.51,0.8461,-1,-1,-1
36,1,903.43,234.11,233.81,677.98,0.8840,-1,-1,-1
36,2,590.97,319.33,139.14,441.98,0.8214,-1,-1,-1
36,3,394.48,341.84,152.22,439.37,0.8543,-1,-1,-1
36,4,1112.79,311.90,164.64,419.73,0.8511,-1,-1,-1
37,1,904.56,242.12,233.06,677.59,0.8903,-1,-1,-1
37,2,592.95,323.42,136.22,446.35,0.8044,-1,-1,-1
37,3,390.16,344.56,150.24,445.90,0.8665,-1,-1,-1
37,4,1116.90,315.85,163.32,423.93,0.8438,-1,-1,-1
38,1,909.83,248.83,229.14,677.45,0.8889,-1,-1,-1
38,2,593.98,329.08,135.65,450.32,0.8259,-1,-1,-1
38,3,383.50,348.56,152.77,448.70,0.8690,-1,-1,-1
38,4,1118.04,321.55,163.95,422.05,0.8463,-1,-1,-1
39,1,918.42,255.55,222.57,679.06,0.8846,-1,-1,-1
39,2,592.14,333.93,138.06,459.18,0.8165,-1,-1,-1
39,3,377.48,352.21,156.07,453.07,0.8802,-1,-1,-1
39,4,1122.62,328.24,160.62,427.15,0.8541,-1,-1,-1
39,5,864.55,424.83,43.09,134.88,0.5074,-1,-1,-1
40,1,924.15,258.19,217.21,684.67,0.8765,-1,-1,-1
40,2,586.41,342.35,143.50,467.05,0.7965,-1,-1,-1
40,3,371.41,356.36,158.66,456.09,0.8740,-1,-1,-1
40,4,1125.66,334.74,158.94,431.16,0.8542,-1,-1,-1
40,5,863.27,427.84,47.28,145.31,0.5479,-1,-1,-1
41,1,925.62,260.14,213.22,683.75,0.8804,-1,-1,-1
41,2,582.19,343.80,145.26,473.80,0.8022,-1,-1,-1
41,3,359.17,356.94,166.06,458.84,0.8626,-1,-1,-1
41,4,1130.30,339.10,155.30,430.76,0.8500,-1,-1,-1
41,5,862.54,432.57,48.31,146.34,0.4787,-1,-1,-1
42,1,928.79,265.94,208.83,676.77,0.8822,-1,-1,-1
42,2,577.06,347.90,148.65,479.92,0.7102,-1,-1,-1
42,3,346.36,358.52,172.02,465.17,0.8716,-1,-1,-1
42,4,1132.55,346.85,151.56,429.05,0.8558,-1,-1,-1
42,5,862.57,436.22,47.08,147.78,0.4658,-1,-1,-1
43,1,930.92,272.96,202.78,665.72,0.8819,-1,-1,-1
43,2,572.26,352.76,145.06,482.47,0.8054,-1,-1,-1
43,3,333.24,363.52,176.61,470.04,0.8483,-1,-1,-1
43,4,1130.61,353.68,151.68,429.67,0.8571,-1,-1,-1
43,5,859.76,441.93,46.73,139.39,0.3506,-1,-1,-1
44,1,930.31,278.20,200.04,660.20,0.8857,-1,-1,-1
44,2,566.68,356.06,143.09,490.30,0.8117,-1,-1,-1
44,3,318.35,365.74,182.13,476.43,0.8581,-1,-1,-1
44,4,1127.73,360.66,152.09,425.94,0.8564,-1,-1,-1
44,5,855.81,442.65,46.22,145.82,0.3893,-1,-1,-1
45,1,928.81,284.06,198.26,660.07,0.8876,-1,-1,-1
45,2,561.04,361.02,140.57,499.77,0.8246,-1,-1,-1
45,3,304.34,370.81,187.76,486.63,0.8453,-1,-1,-1
45,4,1124.14,367.62,151.18,426.43,0.8408,-1,-1,-1
45,5,848.58,448.92,48.79,146.85,0.4301,-1,-1,-1
46,1,925.27,292.66,197.55,664.61,0.8866,-1,-1,-1
46,2,554.24,364.95,140.81,506.94,0.8213,-1,-1,-1
46,3,292.32,377.99,189.57,499.74,0.8413,-1,-1,-1
46,4,1120.88,376.00,150.53,431.62,0.8509,-1,-1,-1
46,5,844.77,456.31,50.07,147.86,0.4778,-1,-1,-1
47,1,921.12,301.92,195.10,668.29,0.8781,-1,-1,-1
47,2,545.95,370.06,143.77,513.35,0.8248,-1,-1,-1
47,3,273.12,383.30,199.01,516.45,0.8436,-1,-1,-1
47,4,1116.70,382.38,147.83,433.96,0.8357,-1,-1,-1
47,5,841.32,468.40,49.85,138.75,0.3350,-1,-1,-1
48,1,915.79,309.35,195.42,676.44,0.8774,-1,-1,-1
48,2,533.75,372.86,149.25,523.04,0.8578,-1,-1,-1
48,3,257.38,391.26,205.11,527.27,0.8569,-1,-1,-1
48,4,1112.77,389.49,141.44,435.41,0.8321,-1,-1,-1
48,5,837.30,469.21,48.41,149.14,0.6837,-1,-1,-1
49,1,909.28,318.32,194.26,682.44,0.8784,-1,-1,-1
49,2,524.47,376.58,152.83,531.19,0.8508,-1,-1,-1
49,3,240.80,398.14,210.90,534.47,0.8719,-1,-1,-1
49,4,1105.53,395.33,145.01,435.07,0.8530,-1,-1,-1
49,5,831.66,472.99,49.74,151.05,0.4995,-1,-1,-1
50,1,903.87,327.06,193.08,684.14,0.8773,-1,-1,-1
50,2,518.50,382.30,154.71,537.60,0.8387,-1,-1,-1
50,3,224.65,405.32,217.69,528.62,0.8353,-1,-1,-1
50,4,1099.74,400.02,143.36,438.73,0.8538,-1,-1,-1
50,5,823.20,476.84,51.15,153.99,0.5770,-1,-1,-1
51,1,898.82,334.62,190.68,685.67,0.8694,-1,-1,-1
51,2,510.17,385.47,156.75,544.54,0.8470,-1,-1,-1
51,3,208.56,411.73,222.62,523.10,0.8440,-1,-1,-1
51,4,1094.87,403.58,144.46,439.79,0.8680,-1,-1,-1
51,5,816.47,480.07,54.76,156.05,0.5905,-1,-1,-1
52,1,893.82,341.29,189.27,685.32,0.8759,-1,-1,-1
52,2,501.77,387.66,159.53,547.49,0.8376,-1,-1,-1
52,3,195.20,416.09,226.27,548.75,0.8293,-1,-1,-1
52,4,1091.42,405.00,145.57,442.35,0.8645,-1,-1,-1
52,5,811.58,488.55,55.09,147.67,0.3282,-1,-1,-1
53,1,888.91,347.21,189.37,683.05,0.8783,-1,-1,-1
53,2,494.43,393.67,162.05,550.67,0.8404,-1,-1,-1
53,3,184.88,419.25,224.04,563.15,0.8704,-1,-1,-1
53,4,1084.94,408.06,151.62,443.37,0.8652,-1,-1,-1
53,5,809.70,491.59,53.96,147.34,0.6582,-1,-1,-1
54,1,883.36,350.58,191.91,680.48,0.8833,-1,-1,-1
54,2,485.03,395.31,168.41,557.70,0.8509,-1,-1,-1
54,3,174.40,420.78,225.66,573.36,0.8822,-1,-1,-1
54,4,1078.93,409.42,157.42,445.62,0.8712,-1,-1,-1
54,5,809.82,493.18,51.98,141.45,0.5952,-1,-1,-1
55,1,875.20,350.43,195.67,680.09,0.8837,-1,-1,-1
55,2,476.73,396.22,176.09,565.06,0.8581,-1,-1,-1
55,3,165.73,419.70,225.40,582.82,0.8952,-1,-1,-1
55,4,1074.62,410.29,161.39,445.79,0.8756,-1,-1,-1
55,5,807.46,492.89,52.78,142.89,0.4668,-1,-1,-1
56,1,869.99,349.77,196.66,682.49,0.8792,-1,-1,-1
56,2,470.72,398.16,182.84,576.21,0.8728,-1,-1,-1
56,3,157.78,418.66,224.19,593.18,0.8826,-1,-1,-1
56,4,1074.76,411.87,162.35,442.14,0.8744,-1,-1,-1
56,5,805.75,493.25,53.19,150.41,0.4625,-1,-1,-1
57,1,863.27,349.15,199.22,686.09,0.8752,-1,-1,-1
57,2,464.04,401.21,189.80,589.45,0.8758,-1,-1,-1
57,3,146.80,418.72,226.10,600.95,0.8887,-1,-1,-1
57,4,1073.64,413.81,164.49,439.34,0.8674,-1,-1,-1
57,5,805.30,496.99,53.12,153.61,0.3711,-1,-1,-1
58,1,857.78,348.21,202.76,680.15,0.8683,-1,-1,-1
58,2,458.68,399.37,195.33,605.14,0.8814,-1,-1,-1
58,3,138.14,417.58,228.50,610.91,0.8760,-1,-1,-1
58,4,1070.83,412.47,167.38,443.55,0.8718,-1,-1,-1
58,5,806.45,503.89,52.20,147.36,0.2943,-1,-1,-1
59,1,846.97,345.47,207.43,671.83,0.8827,-1,-1,-1
59,2,453.69,394.99,195.41,620.60,0.8830,-1,-1,-1
59,3,127.31,416.61,233.26,617.70,0.8969,-1,-1,-1
59,4,1069.13,413.74,169.19,441.72,0.8702,-1,-1,-1
59,5,803.06,503.26,52.21,146.24,0.3329,-1,-1,-1
60,1,838.34,345.66,210.25,666.96,0.8873,-1,-1,-1
60,2,451.19,396.62,193.45,625.80,0.8773,-1,-1,-1
60,3,115.44,416.21,238.15,623.57,0.9068,-1,-1,-1
60,4,1066.35,414.87,172.79,442.53,0.8682,-1,-1,-1
60,5,799.61,500.33,53.25,142.30,0.3746,-1,-1,-1
61,1,826.18,346.02,218.83,667.44,0.8888,-1,-1,-1
61,2,445.78,398.25,194.50,636.28,0.8643,-1,-1,-1
61,3,105.39,415.52,241.78,632.24,0.9052,-1,-1,-1
61,4,1063.91,415.90,176.31,443.08,0.8656,-1,-1,-1
61,5,798.02,498.90,53.45,140.46,0.4130,-1,-1,-1
62,1,820.32,345.16,224.93,667.73,0.8800,-1,-1,-1
62,2,444.79,397.05,194.56,643.99,0.8512,-1,-1,-1
62,3,98.87,411.96,243.98,651.76,0.9003,-1,-1,-1
62,4,1064.80,414.79,179.08,442.84,0.8628,-1,-1,-1
62,5,797.36,495.75,52.94,141.91,0.3431,-1,-1,-1
63,1,818.39,341.99,225.89,672.37,0.8811,-1,-1,-1
63,2,442.61,393.19,198.03,651.57,0.8613,-1,-1,-1
63,3,96.38,406.74,239.87,667.99,0.8924,-1,-1,-1
63,4,1066.49,413.39,183.03,442.92,0.8705,-1,-1,-1
64,1,819.14,340.77,223.82,675.93,0.8784,-1,-1,-1
64,2,446.65,387.94,198.81,660.18,0.8709,-1,-1,-1
64,3,92.44,403.34,238.19,675.84,0.8872,-1,-1,-1
64,4,1068.67,413.65,185.80,443.09,0.8700,-1,-1,-1
64,6,1020.35,434.03,68.25,316.27,0.7914,-1,-1,-1
65,1,816.89,338.90,227.02,679.21,0.8890,-1,-1,-1
65,2,446.72,381.32,202.76,668.09,0.8722,-1,-1,-1
65,3,84.24,402.55,240.04,678.21,0.8834,-1,-1,-1
65,4,1071.97,411.52,187.01,444.30,0.8626,-1,-1,-1
65,6,1021.92,434.89,70.36,313.10,0.7868,-1,-1,-1
66,1,818.20,337.01,226.57,681.81,0.8875,-1,-1,-1
66,2,445.09,374.04,209.04,676.29,0.8764,-1,-1,-1
66,3,75.75,400.92,243.78,678.17,0.8885,-1,-1,-1
66,4,1079.49,406.35,188.29,450.18,0.8392,-1,-1,-1
66,6,1023.03,434.30,73.64,311.87,0.7797,-1,-1,-1
67,1,818.98,336.44,227.34,683.09,0.8931,-1,-1,-1
67,2,444.22,367.37,214.00,683.39,0.8733,-1,-1,-1
67,3,65.79,396.88,246.31,682.42,0.8880,-1,-1,-1
67,4,1084.55,402.47,190.75,455.52,0.8461,-1,-1,-1
67,6,1023.68,431.50,76.96,309.30,0.7461,-1,-1,-1
68,1,821.06,335.35,227.73,684.45,0.8934,-1,-1,-1
68,2,442.49,357.93,220.15,691.72,0.8708,-1,-1,-1
68,3,52.17,394.05,251.98,680.85,0.8889,-1,-1,-1
68,4,1090.55,399.41,184.73,455.11,0.8456,-1,-1,-1
68,6,1026.24,424.67,79.23,313.41,0.7259,-1,-1,-1
68,7,747.81,496.96,60.05,146.17,0.5304,-1,-1,-1
69,1,827.34,331.43,224.86,685.49,0.8879,-1,-1,-1
69,2,442.20,348.99,224.70,700.18,0.8775,-1,-1,-1
69,3,38.37,385.49,260.35,685.44,0.8998,-1,-1,-1
69,4,1094.66,395.47,182.99,456.32,0.8726,-1,-1,-1
69,6,1030.06,419.94,79.07,315.02,0.7208,-1,-1,-1
69,7,751.00,491.37,59.55,148.90,0.6034,-1,-1,-1
70,1,829.01,328.41,225.86,683.60,0.8967,-1,-1,-1
70,2,438.55,341.95,231.13,707.96,0.8913,-1,-1,-1
70,3,21.03,377.28,270.33,694.60,0.9135,-1,-1,-1
70,4,1097.54,391.36,182.87,456.86,0.8721,-1,-1,-1
70,6,1032.33,416.03,79.54,315.41,0.7091,-1,-1,-1
70,7,753.24,486.98,59.03,151.14,0.5373,-1,-1,-1
71,1,831.55,325.61,225.05,682.24,0.8904,-1,-1,-1
71,2,433.52,334.71,236.02,719.82,0.8901,-1,-1,-1
71,3,5.78,369.58,269.93,702.85,0.9096,-1,-1,-1
71,4,1100.21,386.93,181.02,455.10,0.8643,-1,-1,-1
71,6,1032.95,412.37,80.52,316.04,0.7217,-1,-1,-1
71,7,753.43,484.34,59.79,151.58,0.5789,-1,-1,-1
72,1,831.97,320.68,226.24,682.39,0.8906,-1,-1,-1
72,2,428.28,325.82,239.96,741.14,0.8916,-1,-1,-1
72,3,-1.76,362.14,262.86,711.05,0.9195,-1,-1,-1
72,4,1102.69,384.46,179.65,452.43,0.8592,-1,-1,-1
72,6,1034.13,410.48,79.83,315.30,0.7227,-1,-1,-1
72,7,754.28,483.77,60.06,150.85,0.5615,-1,-1,-1
73,1,832.83,314.89,225.42,680.03,0.8855,-1,-1,-1
73,2,421.81,316.33,243.72,758.28,0.8933,-1,-1,-1
73,3,-4.67,350.82,249.88,722.65,0.9111,-1,-1,-1
73,4,1104.11,381.47,177.98,447.19,0.8556,-1,-1,-1
73,6,1034.94,409.75,78.75,313.34,0.6758,-1,-1,-1
73,7,753.34,477.92,57.35,152.68,0.4691,-1,-1,-1
74,1,832.44,309.71,225.31,669.50,0.8805,-1,-1,-1
74,2,413.93,310.69,247.24,765.37,0.8907,-1,-1,-1
74,3,-5.18,343.87,232.78,732.19,0.9065,-1,-1,-1
74,4,1105.46,378.21,174.56,443.48,0.8565,-1,-1,-1
74,6,1034.71,409.44,79.47,311.60,0.6848,-1,-1,-1
74,7,750.68,475.17,58.90,152.86,0.5560,-1,-1,-1
75,1,834.84,305.39,221.53,664.08,0.8721,-1,-1,-1
75,2,404.19,303.64,250.39,772.91,0.8954,-1,-1,-1
75,3,-4.55,333.03,215.23,744.22,0.8958,-1,-1,-1
75,4,1105.45,375.59,173.70,441.32,0.8616,-1,-1,-1
75,6,1034.70,419.67,77.10,298.86,0.6642,-1,-1,-1
75,7,748.95,472.04,58.26,153.52,0.5618,-1,-1,-1
76,1,839.53,301.45,217.40,661.73,0.8691,-1,-1,-1
76,2,393.98,297.25,254.54,777.21,0.8894,-1,-1,-1
76,3,-3.57,324.59,198.21,750.72,0.8883,-1,-1,-1
76,4,1108.30,373.54,169.04,440.16,0.8559,-1,-1,-1
76,6,1035.29,431.85,76.54,283.07,0.7228,-1,-1,-1
76,7,747.29,471.66,61.45,149.29,0.5169,-1,-1,-1
77,1,844.67,299.00,210.56,663.13,0.8786,-1,-1,-1
77,2,384.16,293.99,257.84,777.16,0.8913,-1,-1,-1
77,3,-2.62,318.46,181.42,758.29,0.8802,-1,-1,-1
77,4,1109.39,372.23,167.43,441.81,0.8657,-1,-1,-1
77,6,1034.43,435.91,77.24,278.52,0.6324,-1,-1,-1
77,7,745.93,471.19,64.45,148.88,0.5040,-1,-1,-1
78,1,849.03,296.32,201.69,665.64,0.8637,-1,-1,-1
78,2,369.77,289.82,263.86,782.64,0.8972,-1,-1,-1
78,3,-2.78,312.43,162.72,762.24,0.8673,-1,-1,-1
78,4,1108.55,370.89,166.57,443.16,0.8640,-1,-1,-1
78,6,1030.29,424.02,78.20,292.01,0.7076,-1,-1,-1
78,7,743.16,466.26,65.66,154.74,0.5499,-1,-1,-1
78,5,814.80,451.41,46.02,162.01,0.6321,-1,-1,-1
79,1,851.02,292.66,198.37,670.43,0.8592,-1,-1,-1
79,2,353.81,284.84,267.27,788.01,0.9003,-1,-1,-1
79,3,-2.68,309.41,146.47,765.10,0.8291,-1,-1,-1
79,4,1107.80,368.16,165.67,444.64,0.8600,-1,-1,-1
79,6,1025.18,408.60,79.81,306.54,0.7189,-1,-1,-1
79,7,741.55,468.60,56.02,152.26,0.4962,-1,-1,-1
79,5,811.26,449.47,46.74,165.31,0.6450,-1,-1,-1
80,1,850.56,289.62,193.64,674.82,0.8566,-1,-1,-1
80,2,335.40,276.77,274.46,795.31,0.8965,-1,-1,-1
80,3,-2.40,386.64,123.69,504.51,0.5093,-1,-1,-1
80,4,1105.58,364.57,163.02,447.26,0.8433,-1,-1,-1
80,6,1022.16,401.01,76.56,314.02,0.7097,-1,-1,-1
80,7,737.95,468.99,52.62,153.33,0.5411,-1,-1,-1
80,5,802.92,446.21,54.18,170.38,0.6151,-1,-1,-1
81,1,849.21,291.48,190.44,675.57,0.8514,-1,-1,-1
81,2,317.83,268.08,279.16,803.19,0.9018,-1,-1,-1
81,3,-1.85,427.20,96.78,446.33,0.6418,-1,-1,-1
81,4,1103.47,363.75,158.42,446.37,0.8567,-1,-1,-1
81,6,1017.34,403.52,74.86,310.50,0.6937,-1,-1,-1
81,7,732.44,464.40,52.49,154.38,0.5612,-1,-1,-1
81,5,797.25,444.46,55.75,169.54,0.6196,-1,-1,-1
82,1,846.62,291.93,186.66,675.10,0.8529,-1,-1,-1
82,2,296.25,254.76,292.58,817.05,0.8974,-1,-1,-1
82,3,-1.08,441.36,73.10,372.20,0.7815,-1,-1,-1
82,4,1099.30,359.45,155.47,447.53,0.8627,-1,-1,-1
82,6,1014.11,393.71,74.59,314.59,0.6466,-1,-1,-1
82,7,726.00,457.06,53.41,158.14,0.6341,-1,-1,-1
82,5,793.01,440.62,56.25,169.67,0.6749,-1,-1,-1
83,1,844.77,290.98,180.47,674.14,0.8514,-1,-1,-1
83,2,273.29,241.77,301.48,829.06,0.8896,-1,-1,-1
83,3,-0.54,462.21,43.36,340.16,0.2214,-1,-1,-1
83,4,1095.71,357.26,152.56,451.01,0.8518,-1,-1,-1
83,6,1004.20,384.12,80.10,321.82,0.5449,-1,-1,-1
83,7,720.65,452.15,58.08,156.85,0.3876,-1,-1,-1
83,5,790.41,436.47,54.14,166.77,0.5785,-1,-1,-1
84,1,837.19,291.30,177.90,674.91,0.8476,-1,-1,-1
84,2,245.37,230.36,305.49,842.45,0.9033,-1,-1,-1
84,4,1087.78,354.61,153.70,455.54,0.8586,-1,-1,-1
84,6,995.76,377.70,80.84,321.96,0.7452,-1,-1,-1
84,7,712.74,449.93,56.28,155.62,0.5917,-1,-1,-1
84,5,783.73,434.70,52.71,166.64,0.5587,-1,-1,-1
85,1,826.54,289.97,177.09,672.51,0.8275,-1,-1,-1
85,2,213.06,218.10,325.26,855.99,0.9170,-1,-1,-1
85,4,1079.97,353.50,150.17,454.14,0.8485,-1,-1,-1
85,6,985.24,373.77,81.91,319.36,0.7616,-1,-1,-1
85,7,706.03,450.28,53.99,152.43,0.4575,-1,-1,-1
85,5,773.19,427.79,54.53,170.39,0.5998,-1,-1,-1
86,1,812.75,284.68,180.66,672.03,0.8417,-1,-1,-1
86,2,187.69,204.56,326.44,869.92,0.9056,-1,-1,-1
86,4,1071.85,349.14,150.42,454.40,0.8318,-1,-1,-1
86,6,972.58,369.08,87.80,320.16,0.8069,-1,-1,-1
86,7,695.94,444.92,56.83,154.59,0.5367,-1,-1,-1
86,5,768.20,421.00,49.35,175.27,0.5159,-1,-1,-1
87,1,799.18,279.00,186.68,675.20,0.8524,-1,-1,-1
87,2,157.71,189.99,332.47,884.96,0.9104,-1,-1,-1
87,4,1063.16,346.43,152.03,452.99,0.8509,-1,-1,-1
87,6,962.86,365.86,90.59,320.39,0.7796,-1,-1,-1
87,7,688.48,445.80,58.86,151.86,0.4641,-1,-1,-1
87,5,760.36,414.28,48.47,179.95,0.6884,-1,-1,-1
87,8,472.94,410.42,77.13,285.69,0.7296,-1,-1,-1
88,1,783.39,274.66,196.02,671.79,0.8571,-1,-1,-1
88,2,131.47,179.86,338.56,896.19,0.9155,-1,-1,-1
88,4,1053.41,340.67,151.85,454.20,0.8485,-1,-1,-1
88,6,950.42,359.16,94.83,323.93,0.7449,-1,-1,-1
88,7,680.12,440.52,57.39,154.28,0.6147,-1,-1,-1
88,5,748.91,409.83,49.84,177.93,0.4646,-1,-1,-1
88,8,449.84,407.80,91.21,286.51,0.7607,-1,-1,-1
89,1,768.69,268.59,201.11,669.72,0.8477,-1,-1,-1
89,2,104.00,168.05,350.10,906.96,0.9201,-1,-1,-1
89,4,1043.87,334.41,157.62,454.56,0.8534,-1,-1,-1
89,6,941.31,357.36,98.14,319.64,0.8162,-1,-1,-1
89,7,672.28,436.22,58.67,156.53,0.5573,-1,-1,-1
89,5,743.06,407.32,43.81,180.68,0.3303,-1,-1,-1
89,8,430.98,398.15,103.40,298.27,0.7739,-1,-1,-1
90,1,752.52,261.36,212.69,660.42,0.8689,-1,-1,-1
90,2,75.38,153.52,368.47,920.96,0.9241,-1,-1,-1
90,4,1037.57,328.60,158.72,458.73,0.8482,-1,-1,-1
90,6,936.54,353.96,97.31,316.69,0.7823,-1,-1,-1
90,7,666.44,432.68,61.42,156.20,0.4318,-1,-1,-1
90,8,419.89,389.69,107.11,303.35,0.7799,-1,-1,-1
91,1,738.34,256.75,220.97,651.48,0.8808,-1,-1,-1
91,2,51.30,141.61,381.36,931.02,0.9224,-1,-1,-1
91,4,1031.14,324.14,162.57,457.12,0.8681,-1,-1,-1
91,6,929.93,349.53,99.97,318.01,0.7997,-1,-1,-1
91,7,659.56,426.31,56.61,156.75,0.4526,-1,-1,-1
91,8,411.48,385.64,107.05,305.96,0.7615,-1,-1,-1
92,1,725.61,251.24,226.24,651.10,0.8787,-1,-1,-1
92,2,24.15,127.38,399.71,944.91,0.9221,-1,-1,-1
92,4,1025.21,318.25,166.04,455.13,0.8636,-1,-1,-1
92,6,923.86,348.01,98.35,317.22,0.7895,-1,-1,-1
92,7,654.11,422.83,58.89,158.00,0.5489,-1,-1,-1
92,8,402.69,383.54,108.83,308.08,0.8223,-1,-1,-1
93,1,715.92,245.53,233.37,653.98,0.8891,-1,-1,-1
93,2,1.75,116.44,411.46,956.22,0.9244,-1,-1,-1
93,4,1018.70,313.95,170.33,454.70,0.8705,-1,-1,-1
93,6,921.10,346.59,98.44,317.05,0.7763,-1,-1,-1
93,7,652.09,420.38,56.27,157.64,0.3373,-1,-1,-1
93,8,395.67,379.12,109.82,312.19,0.8071,-1,-1,-1
94,1,708.25,241.88,232.05,657.77,0.8729,-1,-1,-1
94,2,-6.60,107.01,409.80,968.58,0.9323,-1,-1,-1
94,4,1013.51,312.48,174.17,454.15,0.8726,-1,-1,-1
94,6,917.92,345.93,99.83,318.61,0.8026,-1,-1,-1
94,7,649.11,417.62,58.26,161.02,0.2703,-1,-1,-1
94,8,388.38,378.07,112.09,310.74,0.8026,-1,-1,-1
95,1,701.68,240.17,232.28,663.72,0.8860,-1,-1,-1
95,2,-8.65,97.44,407.59,979.24,0.9307,-1,-1,-1
95,4,1008.21,311.56,178.05,453.81,0.8644,-1,-1,-1
95,6,915.97,344.47,99.46,319.99,0.7805,-1,-1,-1
95,8,382.75,375.54,113.38,314.53,0.8174,-1,-1,-1
96,1,693.94,241.76,232.78,664.83,0.9045,-1,-1,-1
96,2,-8.56,86.59,392.07,990.36,0.9349,-1,-1,-1
96,4,1004.00,311.08,182.39,455.69,0.8598,-1,-1,-1
96,6,912.26,344.95,101.80,320.14,0.7540,-1,-1,-1
96,8,378.09,374.55,112.98,320.48,0.8098,-1,-1,-1
97,1,693.19,240.95,230.12,670.26,0.8996,-1,-1,-1
97,2,-7.15,75.92,378.36,1000.40,0.9338,-1,-1,-1
97,4,1001.95,310.52,186.24,456.35,0.8618,-1,-1,-1
97,6,906.02,342.98,106.69,319.65,0.7328,-1,-1,-1
97,8,375.81,370.92,113.74,326.06,0.8189,-1,-1,-1
97,7,634.15,417.82,60.81,162.42,0.5593,-1,-1,-1
98,1,692.82,243.02,228.21,674.65,0.8996,-1,-1,-1
98,2,-5.61,60.44,366.27,1013.81,0.9344,-1,-1,-1
98,4,1001.34,310.86,190.82,458.51,0.8591,-1,-1,-1
98,6,906.72,343.55,105.86,320.66,0.7306,-1,-1,-1
98,8,375.33,369.26,114.02,330.23,0.8255,-1,-1,-1
98,7,632.71,416.66,59.93,165.73,0.6311,-1,-1,-1
99,1,692.49,246.58,227.61,677.01,0.8985,-1,-1,-1
99,2,-4.16,48.55,354.21,1025.43,0.9272,-1,-1,-1
99,4,1002.18,311.40,195.94,460.44,0.8700,-1,-1,-1
99,6,908.04,343.78,105.29,321.00,0.7370,-1,-1,-1
99,8,374.47,367.32,114.69,334.04,0.8214,-1,-1,-1
99,7,633.12,416.83,56.21,165.44,0.6340,-1,-1,-1
100,1,693.75,249.38,224.67,676.14,0.8988,-1,-1,-1
100,2,-3.06,36.68,340.34,1035.63,0.9225,-1,-1,-1
100,4,1004.56,312.34,198.85,460.75,0.8763,-1,-1,-1
100,6,910.23,347.52,105.89,318.30,0.7435,-1,-1,-1
100,8,372.76,367.80,115.86,334.44,0.8323,-1,-1,-1
100,7,631.75,415.59,58.32,166.06,0.6493,-1,-1,-1
101,1,699.14,249.85,218.84,676.09,0.8890,-1,-1,-1
101,2,-2.03,19.46,323.25,1054.94,0.9144,-1,-1,-1
101,4,1006.95,311.56,201.31,462.95,0.8568,-1,-1,-1
101,6,913.14,347.55,105.55,317.63,0.7683,-1,-1,-1
101,8,373.83,365.50,115.93,337.69,0.8239,-1,-1,-1
101,7,633.42,413.93,58.89,165.38,0.7018,-1,-1,-1
102,1,702.85,250.67,219.82,671.30,0.8948,-1,-1,-1
102,2,-0.92,11.82,303.17,1061.70,0.9190,-1,-1,-1
102,4,1013.69,312.02,200.00,464.77,0.8308,-1,-1,-1
102,6,919.27,346.95,103.86,318.99,0.7923,-1,-1,-1
102,8,375.11,364.40,117.14,341.33,0.8319,-1,-1,-1
102,7,637.11,413.76,59.47,165.56,0.5224,-1,-1,-1
103,1,714.07,250.42,221.05,667.82,0.8881,-1,-1,-1
103,2,1.21,6.46,284.38,1065.69,0.9092,-1,-1,-1
103,4,1022.75,313.99,202.03,465.76,0.8433,-1,-1,-1
103,6,930.20,342.23,101.83,321.77,0.7443,-1,-1,-1
103,8,384.15,365.01,115.43,338.99,0.8037,-1,-1,-1
103,7,643.76,409.80,60.59,166.20,0.5544,-1,-1,-1
104,1,726.39,247.51,221.95,668.37,0.8919,-1,-1,-1
104,2,3.46,7.73,264.91,1056.19,0.8316,-1,-1,-1
104,4,1040.58,309.56,203.15,468.93,0.8582,-1,-1,-1
104,6,942.62,338.98,105.51,322.44,0.7345,-1,-1,-1
104,8,396.00,368.15,114.32,336.23,0.8112,-1,-1,-1
104,7,658.22,407.39,57.90,168.26,0.6639,-1,-1,-1
105,1,738.37,246.00,220.95,665.09,0.8861,-1,-1,-1
105,2,2.83,165.44,241.77,902.09,0.7801,-1,-1,-1
105,4,1052.61,309.01,202.00,469.59,0.8547,-1,-1,-1
105,6,953.23,335.03,104.62,326.93,0.7371,-1,-1,-1
105,8,404.40,366.38,112.83,338.00,0.8087,-1,-1,-1
105,7,665.25,408.40,59.46,166.89,0.3739,-1,-1,-1
106,1,747.56,242.81,215.94,654.31,0.8781,-1,-1,-1
106,2,1.11,225.13,161.45,730.45,0.6228,-1,-1,-1
106,4,1064.44,304.43,204.77,475.53,0.8421,-1,-1,-1
106,6,959.69,332.34,104.47,328.93,0.7895,-1,-1,-1
106,8,410.88,364.80,112.30,337.10,0.8015,-1,-1,-1
106,7,669.63,405.61,61.67,167.50,0.6820,-1,-1,-1
107,1,755.95,237.78,213.00,647.11,0.8783,-1,-1,-1
107,2,0.24,244.97,109.65,770.09,0.7251,-1,-1,-1
107,4,1072.66,303.07,199.33,475.24,0.8424,-1,-1,-1
107,6,964.57,330.55,106.42,327.74,0.7449,-1,-1,-1
107,8,414.82,362.14,112.85,338.85,0.7888,-1,-1,-1
107,7,671.59,404.16,65.43,168.93,0.6755,-1,-1,-1
108,1,761.75,234.47,210.22,645.11,0.8828,-1,-1,-1
108,4,1080.56,301.84,182.74,473.09,0.8386,-1,-1,-1
108,6,968.71,328.74,106.64,329.04,0.7282,-1,-1,-1
108,8,417.20,360.82,113.20,344.03,0.7966,-1,-1,-1
108,7,673.82,403.59,67.26,169.89,0.7286,-1,-1,-1
109,1,769.86,232.60,204.14,644.88,0.8753,-1,-1,-1
109,4,1085.37,298.71,174.23,470.47,0.8704,-1,-1,-1
109,6,972.26,327.26,99.68,327.03,0.5493,-1,-1,-1
109,8,415.86,358.63,115.44,349.00,0.8082,-1,-1,-1
109,7,677.43,401.50,65.43,170.67,0.6812,-1,-1,-1
110,1,772.58,230.74,202.97,646.47,0.8753,-1,-1,-1
110,4,1089.37,295.42,171.72,466.95,0.8721,-1,-1,-1
110,6,976.01,324.52,102.25,327.40,0.6669,-1,-1,-1
110,8,412.90,354.66,117.66,355.57,0.7983,-1,-1,-1
110,7,679.31,398.45,66.77,171.05,0.6261,-1,-1,-1
111,1,776.40,229.70,199.51,649.21,0.8721,-1,-1,-1
111,4,1093.25,292.31,169.41,463.42,0.8667,-1,-1,-1
111,6,976.16,323.90,104.58,325.60,0.6149,-1,-1,-1
111,8,410.86,352.91,119.86,355.91,0.8059,-1,-1,-1
111,7,682.09,395.45,66.21,173.15,0.6588,-1,-1,-1
112,1,777.84,228.95,197.61,649.57,0.8674,-1,-1,-1
112,4,1097.80,289.20,168.83,461.05,0.8549,-1,-1,-1
112,6,975.45,323.38,108.37,326.23,0.6338,-1,-1,-1
112,8,411.85,349.68,118.45,359.11,0.7482,-1,-1,-1
112,7,684.37,394.74,67.17,174.16,0.6441,-1,-1,-1
113,1,779.92,228.56,195.19,650.23,0.8648,-1,-1,-1
113,4,1103.40,286.54,166.31,462.78,0.8511,-1,-1,-1
113,6,979.02,323.04,108.63,325.79,0.6026,-1,-1,-1
113,8,411.13,347.89,118.46,362.86,0.7392,-1,-1,-1
113,7,686.25,391.49,68.04,178.78,0.7009,-1,-1,-1
114,1,785.20,230.22,191.50,651.20,0.8545,-1,-1,-1
114,4,1109.40,285.13,163.41,465.88,0.8578,-1,-1,-1
114,6,985.40,321.49,104.76,321.90,0.5927,-1,-1,-1
114,8,412.05,345.51,117.71,365.91,0.7352,-1,-1,-1
114,7,689.81,392.79,67.40,176.67,0.6295,-1,-1,-1
115,1,790.62,232.01,190.89,651.51,0.8444,-1,-1,-1
115,4,1112.67,285.78,162.98,466.15,0.8679,-1,-1,-1
115,6,994.08,321.03,101.22,322.63,0.7349,-1,-1,-1
115,8,410.94,344.29,119.83,368.38,0.7379,-1,-1,-1
115,7,693.82,391.36,66.42,178.80,0.5955,-1,-1,-1
116,1,792.93,233.05,191.35,652.04,0.8509,-1,-1,-1
116,4,1114.92,285.92,163.81,464.86,0.8630,-1,-1,-1
116,6,994.30,322.31,106.50,320.53,0.7067,-1,-1,-1
116,8,405.97,342.95,125.04,370.36,0.7733,-1,-1,-1
116,7,694.12,392.51,68.31,179.38,0.5573,-1,-1,-1
117,1,792.45,233.24,189.93,652.30,0.8521,-1,-1,-1
117,4,1117.20,284.60,164.20,466.72,0.8591,-1,-1,-1
117,6,994.34,321.01,107.48,321.06,0.6699,-1,-1,-1
117,8,402.26,342.69,128.35,370.06,0.7213,-1,-1,-1
117,7,691.21,389.83,73.00,179.68,0.6245,-1,-1,-1
118,1,786.93,235.32,189.58,649.96,0.8566,-1,-1,-1
118,4,1118.70,285.54,165.18,469.64,0.8564,-1,-1,-1
118,6,986.26,322.37,115.86,321.58,0.7296,-1,-1,-1
118,8,396.55,340.09,131.29,374.66,0.7031,-1,-1,-1
118,7,688.91,391.66,74.82,179.60,0.6155,-1,-1,-1
119,1,783.44,235.67,189.00,649.64,0.8667,-1,-1,-1
119,4,1122.04,287.38,162.88,472.33,0.8511,-1,-1,-1
119,6,980.81,324.29,121.83,322.05,0.7557,-1,-1,-1
119,8,391.37,339.04,132.80,376.95,0.8252,-1,-1,-1
119,7,689.84,393.12,73.80,179.44,0.5529,-1,-1,-1
120,1,777.36,233.49,192.20,649.32,0.8782,-1,-1,-1
120,4,1122.41,287.89,162.03,474.07,0.8532,-1,-1,-1
120,6,974.95,324.66,125.76,323.08,0.7074,-1,-1,-1
120,8,386.47,335.01,133.26,382.82,0.8358,-1,-1,-1
120,7,686.70,392.51,76.18,179.00,0.5289,-1,-1,-1
121,1,770.58,229.70,195.22,645.77,0.8741,-1,-1,-1
121,4,1120.32,289.56,162.71,475.46,0.8470,-1,-1,-1
121,6,969.63,325.69,129.34,322.49,0.6075,-1,-1,-1
121,8,380.15,333.64,134.46,386.15,0.8384,-1,-1,-1
121,7,683.30,393.66,79.69,182.01,0.4325,-1,-1,-1
122,1,762.52,228.15,195.95,637.89,0.8656,-1,-1,-1
122,4,1117.74,290.72,162.80,477.08,0.8405,-1,-1,-1
122,6,967.36,325.49,131.13,322.63,0.6372,-1,-1,-1
122,8,370.51,332.92,138.21,393.06,0.8261,-1,-1,-1
122,7,671.47,391.44,91.26,179.99,0.2142,-1,-1,-1
123,1,751.51,227.03,200.70,635.92,0.8671,-1,-1,-1
123,4,1115.27,291.14,161.68,478.14,0.8582,-1,-1,-1
123,6,958.97,326.47,136.56,323.73,0.6224,-1,-1,-1
123,8,363.40,332.39,138.07,400.67,0.8542,-1,-1,-1
124,1,741.23,227.33,204.77,636.54,0.8720,-1,-1,-1
124,4,1111.46,290.27,159.71,482.85,0.8491,-1,-1,-1
124,6,955.08,327.75,128.20,324.91,0.6116,-1,-1,-1
124,8,355.07,332.60,139.81,404.64,0.8591,-1,-1,-1
125,1,731.82,227.87,208.62,639.61,0.8767,-1,-1,-1
125,4,1106.89,289.94,160.08,481.42,0.8453,-1,-1,-1
125,6,950.51,325.60,127.14,329.34,0.6953,-1,-1,-1
125,8,345.97,336.86,141.26,404.35,0.8451,-1,-1,-1
126,1,715.65,228.65,219.95,643.94,0.8684,-1,-1,-1
126,4,1101.30,290.40,160.60,478.14,0.8445,-1,-1,-1
126,6,949.65,322.42,126.93,332.78,0.5801,-1,-1,-1
126,8,334.28,336.89,143.48,407.87,0.8397,-1,-1,-1
127,1,708.24,230.99,223.87,645.99,0.8698,-1,-1,-1
127,4,1095.07,291.14,164.25,480.77,0.8566,-1,-1,-1
127,6,942.97,321.30,135.03,335.82,0.7700,-1,-1,-1
127,8,326.46,341.44,143.25,409.11,0.8475,-1,-1,-1
128,1,704.34,231.26,225.66,649.93,0.8799,-1,-1,-1
128,4,1088.90,289.67,168.40,482.17,0.8706,-1,-1,-1
128,6,934.08,322.68,142.06,335.20,0.6102,-1,-1,-1
128,8,318.15,341.34,144.82,411.86,0.8530,-1,-1,-1
129,1,706.16,234.25,222.17,648.84,0.8803,-1,-1,-1
129,4,1083.98,287.35,173.32,483.22,0.8741,-1,-1,-1
129,6,933.48,321.91,120.46,335.34,0.6498,-1,-1,-1
129,8,312.73,338.33,146.72,420.78,0.8338,-1,-1,-1
129,7,658.61,389.68,67.31,192.23,0.5347,-1,-1,-1
130,1,705.80,236.08,222.31,649.11,0.8819,-1,-1,-1
130,4,1081.74,286.73,174.60,483.18,0.8673,-1,-1,-1
130,6,933.30,320.59,109.87,335.26,0.7349,-1,-1,-1
130,8,309.39,334.65,148.51,429.66,0.8405,-1,-1,-1
130,7,659.23,389.13,62.91,192.98,0.5535,-1,-1,-1
131,1,706.12,237.89,223.09,649.35,0.8799,-1,-1,-1
131,4,1080.00,284.51,176.29,482.97,0.8665,-1,-1,-1
131,6,928.70,319.05,110.27,333.94,0.7373,-1,-1,-1
131,8,307.36,331.93,147.07,435.25,0.8388,-1,-1,-1
131,7,657.44,389.03,62.95,193.47,0.5875,-1,-1,-1
132,1,707.83,238.38,222.17,649.58,0.8754,-1,-1,-1
132,4,1079.80,282.76,175.67,482.17,0.8634,-1,-1,-1
132,6,925.57,317.56,110.84,333.94,0.7335,-1,-1,-1
132,8,307.39,331.88,144.07,437.13,0.8290,-1,-1,-1
132,7,657.05,388.60,63.38,194.79,0.5692,-1,-1,-1
133,1,711.00,239.06,221.60,647.86,0.8755,-1,-1,-1
133,4,1077.31,282.33,178.57,482.18,0.8685,-1,-1,-1
133,6,925.31,316.51,108.38,335.81,0.7468,-1,-1,-1
133,8,297.12,330.36,152.44,441.32,0.8195,-1,-1,-1
133,7,657.25,389.17,62.38,195.26,0.4432,-1,-1,-1
134,1,713.42,239.30,218.13,649.14,0.8765,-1,-1,-1
134,4,1075.08,283.81,182.38,484.94,0.8678,-1,-1,-1
134,6,926.97,318.11,103.04,337.37,0.7328,-1,-1,-1
134,8,290.03,326.70,155.44,451.93,0.8404,-1,-1,-1
134,7,656.12,391.63,66.29,195.18,0.5317,-1,-1,-1
135,1,715.97,240.30,215.47,648.51,0.8799,-1,-1,-1
135,4,1073.54,284.94,184.15,487.91,0.8648,-1,-1,-1
135,6,926.73,318.35,99.70,340.54,0.7097,-1,-1,-1
135,8,286.62,329.09,154.85,454.15,0.8316,-1,-1,-1
135,7,652.95,393.44,70.49,195.64,0.5442,-1,-1,-1
135,11,1010.57,370.12,75.71,219.74,0.6537,-1,-1,-1
136,1,721.08,240.43,212.24,643.94,0.8737,-1,-1,-1
136,4,1072.58,286.86,187.20,489.71,0.8665,-1,-1,-1
136,6,926.54,319.72,99.21,340.02,0.7318,-1,-1,-1
136,8,282.44,327.73,157.47,459.26,0.8387,-1,-1,-1
136,7,647.76,394.58,77.60,196.78,0.6849,-1,-1,-1
136,11,1011.19,365.52,76.85,228.75,0.7067,-1,-1,-1
137,1,723.46,240.79,211.89,630.78,0.8833,-1,-1,-1
137,4,1071.37,289.66,191.92,491.85,0.8635,-1,-1,-1
137,6,927.73,319.56,97.32,341.37,0.7313,-1,-1,-1
137,8,282.69,324.77,155.85,465.10,0.8409,-1,-1,-1
137,7,648.73,395.07,77.61,200.34,0.6352,-1,-1,-1
137,11,1013.67,368.51,76.93,226.92,0.7447,-1,-1,-1
138,1,723.73,242.87,215.83,624.47,0.8864,-1,-1,-1
138,4,1076.29,294.24,192.80,491.48,0.8618,-1,-1,-1
138,6,928.79,321.58,96.53,342.16,0.7456,-1,-1,-1
138,8,280.13,324.11,157.40,469.37,0.8038,-1,-1,-1
138,7,651.30,397.47,73.75,200.79,0.5942,-1,-1,-1
138,11,1017.85,368.87,76.00,229.28,0.7447,-1,-1,-1
139,1,728.31,242.22,213.71,622.39,0.8851,-1,-1,-1
139,4,1080.79,294.88,193.69,491.45,0.8479,-1,-1,-1
139,6,930.27,320.60,96.47,343.53,0.7266,-1,-1,-1
139,8,272.66,320.58,162.39,474.91,0.8146,-1,-1,-1
139,7,652.14,395.78,72.03,203.83,0.5823,-1,-1,-1
139,11,1021.09,364.91,75.66,230.79,0.7169,-1,-1,-1
140,1,739.79,241.42,204.73,626.14,0.8780,-1,-1,-1
140,4,1087.63,296.03,190.92,490.21,0.8453,-1,-1,-1
140,6,936.40,319.82,93.33,345.13,0.7149,-1,-1,-1
140,8,269.59,318.42,165.48,484.27,0.8302,-1,-1,-1
140,7,650.66,396.26,74.83,204.99,0.6319,-1,-1,-1
140,11,1023.56,367.13,76.26,228.34,0.7775,-1,-1,-1
141,1,747.53,244.70,198.09,628.99,0.8735,-1,-1,-1
141,4,1092.66,296.15,189.88,494.69,0.8582,-1,-1,-1
141,6,936.09,321.50,95.60,344.74,0.7389,-1,-1,-1
141,8,270.73,318.99,165.27,494.94,0.8246,-1,-1,-1
141,7,648.98,395.68,78.39,206.64,0.7632,-1,-1,-1
141,11,1025.20,366.88,79.10,228.47,0.6852,-1,-1,-1
142,1,754.11,249.99,193.69,628.51,0.8694,-1,-1,-1
142,4,1099.60,296.87,187.75,498.46,0.8516,-1,-1,-1
142,6,936.58,324.49,96.50,342.09,0.7639,-1,-1,-1
142,8,270.91,321.55,167.18,500.56,0.8492,-1,-1,-1
142,7,649.33,399.03,83.80,203.99,0.6909,-1,-1,-1
142,11,1029.55,370.92,79.15,226.98,0.7247,-1,-1,-1
143,1,766.11,253.30,187.75,632.09,0.8787,-1,-1,-1
143,4,1106.97,297.35,187.27,501.75,0.8675,-1,-1,-1
143,6,948.95,325.79,89.22,341.32,0.7232,-1,-1,-1
143,8,269.93,324.75,170.48,503.83,0.8474,-1,-1,-1
143,7,654.01,400.44,83.95,204.49,0.6631,-1,-1,-1
143,11,1037.04,372.34,74.97,226.38,0.7463,-1,-1,-1
144,1,772.30,255.57,186.08,632.98,0.8729,-1,-1,-1
144,4,1112.51,297.13,187.05,501.77,0.8615,-1,-1,-1
144,6,957.57,329.73,84.48,335.40,0.8004,-1,-1,-1
144,8,268.21,325.03,174.22,510.51,0.8580,-1,-1,-1
144,7,660.98,398.27,78.82,207.12,0.7032,-1,-1,-1
144,11,1040.96,372.57,77.22,227.22,0.7546,-1,-1,-1
145,1,779.34,257.82,184.60,634.09,0.8604,-1,-1,-1
145,4,1120.65,296.84,187.11,501.37,0.8608,-1,-1,-1
145,6,962.29,329.42,83.23,337.19,0.7497,-1,-1,-1
145,8,266.17,324.57,177.90,514.20,0.8532,-1,-1,-1
145,7,664.50,397.04,80.00,209.67,0.7018,-1,-1,-1
145,11,1043.44,374.94,78.65,224.15,0.7400,-1,-1,-1
146,1,782.50,261.88,187.00,635.66,0.8638,-1,-1,-1
146,4,1128.39,300.33,184.73,495.51,0.8740,-1,-1,-1
146,6,968.70,331.73,84.99,337.30,0.6867,-1,-1,-1
146,8,267.62,324.78,178.66,522.86,0.8772,-1,-1,-1
146,7,669.36,397.85,80.37,210.22,0.6982,-1,-1,-1
146,11,1048.48,377.84,78.26,220.72,0.6476,-1,-1,-1
147,1,783.96,265.22,188.68,636.94,0.8650,-1,-1,-1
147,4,1134.07,299.55,186.70,492.26,0.8670,-1,-1,-1
147,6,967.41,331.73,89.28,339.91,0.7115,-1,-1,-1
147,8,264.01,325.89,181.90,528.71,0.8601,-1,-1,-1
147,7,670.95,397.04,80.62,214.64,0.7260,-1,-1,-1
147,11,1050.91,381.37,79.76,220.52,0.6330,-1,-1,-1
148,1,789.41,266.50,185.77,636.05,0.8554,-1,-1,-1
148,4,1139.88,298.63,183.65,491.45,0.8671,-1,-1,-1
148,6,969.43,331.88,90.36,340.80,0.7303,-1,-1,-1
148,8,259.31,326.03,185.52,539.39,0.8684,-1,-1,-1
148,7,673.35,396.07,77.41,217.86,0.7258,-1,-1,-1
148,11,1053.84,378.85,78.37,225.66,0.6768,-1,-1,-1
149,1,793.45,267.33,184.03,637.46,0.8616,-1,-1,-1
149,4,1146.65,299.11,180.18,489.05,0.8619,-1,-1,-1
149,6,972.61,335.64,87.91,338.91,0.7344,-1,-1,-1
149,8,253.18,324.38,184.38,548.54,0.8649,-1,-1,-1
149,7,675.03,400.09,76.71,217.89,0.6009,-1,-1,-1
149,11,1055.80,379.25,77.80,228.22,0.6365,-1,-1,-1
150,1,794.14,267.77,184.40,637.42,0.8498,-1,-1,-1
150,4,1150.87,300.24,178.96,489.94,0.8644,-1,-1,-1
150,6,975.12,339.27,88.63,338.97,0.7367,-1,-1,-1
150,8,247.48,320.55,181.78,557.84,0.8501,-1,-1,-1
150,7,674.17,404.65,78.52,216.76,0.6131,-1,-1,-1
150,11,1056.79,372.97,76.87,236.02,0.6722,-1,-1,-1
151,1,793.66,267.73,187.02,634.50,0.8409,-1,-1,-1
151,4,1152.76,300.10,179.60,497.78,0.8714,-1,-1,-1
151,6,979.30,340.95,85.65,341.16,0.7332,-1,-1,-1
151,8,236.43,318.62,184.64,567.45,0.8507,-1,-1,-1
151,7,674.83,408.71,77.94,214.59,0.6688,-1,-1,-1
151,11,1056.72,370.82,77.05,240.20,0.5983,-1,-1,-1
152,1,791.07,266.42,190.57,627.63,0.8417,-1,-1,-1
152,4,1153.93,300.36,180.77,499.04,0.8801,-1,-1,-1
152,6,978.69,341.72,86.22,341.33,0.7104,-1,-1,-1
152,8,227.24,315.09,187.67,576.85,0.8509,-1,-1,-1
152,7,674.87,409.76,80.16,215.65,0.7133,-1,-1,-1
152,11,1055.14,372.16,78.71,238.66,0.6059,-1,-1,-1
153,1,786.03,264.31,198.53,620.49,0.8418,-1,-1,-1
153,4,1157.52,302.09,179.79,498.82,0.8824,-1,-1,-1
153,6,982.23,341.93,83.49,344.57,0.7248,-1,-1,-1
153,8,215.78,312.19,193.80,583.15,0.8585,-1,-1,-1
153,7,675.05,410.41,82.82,218.54,0.7124,-1,-1,-1
153,11,1055.45,372.38,79.11,239.38,0.6199,-1,-1,-1
154,1,779.66,262.23,206.86,618.46,0.8594,-1,-1,-1
154,4,1159.06,302.77,178.96,497.26,0.8731,-1,-1,-1
154,6,981.05,341.70,83.94,344.71,0.7265,-1,-1,-1
154,8,203.71,309.54,200.69,589.07,0.8723,-1,-1,-1
154,7,675.34,411.15,85.73,220.46,0.7176,-1,-1,-1
154,11,1054.19,373.43,80.27,239.22,0.6567,-1,-1,-1
155,1,772.08,259.06,214.68,618.85,0.8684,-1,-1,-1
155,4,1160.29,301.96,177.78,499.29,0.8790,-1,-1,-1
155,6,982.71,340.05,81.36,343.29,0.7272,-1,-1,-1
155,8,192.16,306.14,206.48,593.43,0.8712,-1,-1,-1
155,7,672.18,407.61,95.31,223.47,0.7297,-1,-1,-1
155,11,1053.39,372.00,80.35,239.37,0.7016,-1,-1,-1
156,1,766.27,258.05,222.61,621.56,0.8702,-1,-1,-1
156,4,1159.49,305.19,179.41,504.67,0.8774,-1,-1,-1
156,6,981.52,340.00,82.58,343.96,0.7022,-1,-1,-1
156,8,181.47,302.84,208.00,599.38,0.8714,-1,-1,-1
156,7,671.30,406.12,98.65,225.99,0.7665,-1,-1,-1
156,11,1052.03,370.75,80.44,242.22,0.6923,-1,-1,-1
157,1,760.07,260.02,229.07,624.15,0.8774,-1,-1,-1
157,4,1156.44,307.97,178.42,507.40,0.8730,-1,-1,-1
157,6,974.04,341.57,89.79,346.06,0.6965,-1,-1,-1
157,8,170.56,301.47,211.38,604.95,0.8634,-1,-1,-1
157,7,667.60,407.56,100.09,226.38,0.7038,-1,-1,-1
157,11,1049.29,370.82,81.99,243.87,0.6787,-1,-1,-1
158,1,758.34,257.49,227.72,628.34,0.8731,-1,-1,-1
158,4,1151.35,305.49,177.51,507.86,0.8647,-1,-1,-1
158,6,968.28,341.11,90.59,345.10,0.7418,-1,-1,-1
158,8,156.95,297.33,214.47,611.40,0.8608,-1,-1,-1
158,7,662.33,405.82,87.30,228.01,0.6732,-1,-1,-1
158,11,1044.72,370.25,84.44,243.99,0.7391,-1,-1,-1
159,1,761.45,260.58,221.61,628.76,0.8666,-1,-1,-1
159,4,1147.11,306.04,175.69,505.39,0.8761,-1,-1,-1
159,6,965.24,341.22,87.90,341.44,0.6546,-1,-1,-1
159,8,140.18,294.26,217.88,620.92,0.8558,-1,-1,-1
159,7,658.28,402.11,86.14,230.36,0.6600,-1,-1,-1
159,11,1040.25,374.68,85.50,239.48,0.7010,-1,-1,-1
160,1,764.61,263.35,215.33,630.14,0.8642,-1,-1,-1
160,4,1142.22,305.84,174.18,506.67,0.8769,-1,-1,-1
160,6,961.25,339.50,90.21,340.52,0.7255,-1,-1,-1
160,8,126.87,290.97,221.50,637.19,0.8640,-1,-1,-1
160,7,650.85,401.47,92.93,230.38,0.6724,-1,-1,-1
160,11,1036.74,377.18,84.13,236.26,0.6979,-1,-1,-1
161,1,767.21,269.16,211.64,628.89,0.8709,-1,-1,-1
161,4,1138.21,306.51,172.75,506.55,0.8782,-1,-1,-1
161,6,955.87,339.30,89.20,341.18,0.6698,-1,-1,-1
161,8,112.74,290.23,225.16,654.35,0.8549,-1,-1,-1
161,7,645.47,399.16,92.20,235.19,0.6919,-1,-1,-1
161,11,1032.40,382.97,84.85,230.03,0.7512,-1,-1,-1
162,1,770.21,270.89,207.15,627.47,0.8824,-1,-1,-1
162,4,1133.13,301.49,171.68,511.70,0.8733,-1,-1,-1
162,6,950.32,336.93,84.25,346.31,0.6473,-1,-1,-1
162,8,95.94,284.89,229.68,661.27,0.8687,-1,-1,-1
162,7,638.07,396.21,83.10,238.70,0.7041,-1,-1,-1
162,11,1026.02,385.58,83.97,226.33,0.7441,-1,-1,-1
163,1,771.17,270.25,202.64,628.52,0.8929,-1,-1,-1
163,4,1124.04,299.69,174.54,512.49,0.8682,-1,-1,-1
163,6,945.67,332.64,85.10,350.57,0.6175,-1,-1,-1
163,8,81.56,283.33,225.70,675.69,0.8466,-1,-1,-1
163,7,629.81,394.24,83.20,240.57,0.7249,-1,-1,-1
163,11,1019.76,386.56,84.42,224.60,0.6823,-1,-1,-1
163,12,725.49,357.88,76.84,280.67,0.6666,-1,-1,-1
164,1,767.33,268.38,203.22,625.73,0.8909,-1,-1,-1
164,4,1114.70,297.53,180.60,511.31,0.8672,-1,-1,-1
164,6,942.04,332.47,83.33,350.56,0.6623,-1,-1,-1
164,8,59.57,281.47,240.20,693.08,0.8834,-1,-1,-1
164,7,620.18,392.21,85.91,243.48,0.7237,-1,-1,-1
164,11,1016.91,389.15,80.65,220.51,0.7023,-1,-1,-1
164,12,714.63,361.30,78.59,278.69,0.6744,-1,-1,-1
165,1,763.86,264.36,199.70,627.15,0.8865,-1,-1,-1
165,4,1107.63,297.98,181.51,507.73,0.8747,-1,-1,-1
165,6,940.31,332.07,82.19,348.45,0.6922,-1,-1,-1
165,8,39.62,279.38,247.76,711.44,0.8713,-1,-1,-1
165,7,611.08,391.90,85.53,244.40,0.6888,-1,-1,-1
165,11,1013.52,390.48,79.21,216.36,0.6871,-1,-1,-1
165,12,707.48,363.65,79.10,277.35,0.7069,-1,-1,-1
166,1,764.77,260.15,196.08,630.10,0.8856,-1,-1,-1
166,4,1101.29,296.85,184.83,503.16,0.8768,-1,-1,-1
166,6,934.27,327.27,84.14,351.67,0.6957,-1,-1,-1
166,8,21.39,277.55,258.50,724.99,0.8876,-1,-1,-1
166,7,605.49,390.55,87.82,246.64,0.7174,-1,-1,-1
166,11,1008.96,390.16,79.49,214.26,0.6685,-1,-1,-1
166,12,703.54,365.06,79.99,277.51,0.7309,-1,-1,-1
167,1,765.94,256.95,193.40,630.78,0.8746,-1,-1,-1
167,4,1095.02,293.06,189.88,504.90,0.8659,-1,-1,-1
167,6,932.99,325.11,83.94,350.51,0.6918,-1,-1,-1
167,8,6.12,273.85,258.30,736.89,0.8650,-1,-1,-1
167,7,600.70,389.30,87.09,248.83,0.7259,-1,-1,-1
167,11,1007.67,395.34,77.92,209.43,0.5622,-1,-1,-1
167,12,697.84,363.04,85.82,280.81,0.7083,-1,-1,-1
168,1,771.04,253.97,187.02,623.37,0.8656,-1,-1,-1
168,4,1090.78,291.44,191.33,504.38,0.8647,-1,-1,-1
168,6,930.19,327.38,85.58,349.56,0.6991,-1,-1,-1
168,8,-2.58,266.15,258.92,750.63,0.8876,-1,-1,-1
168,7,596.16,388.72,87.94,249.47,0.6911,-1,-1,-1
168,11,1006.57,381.68,77.86,225.39,0.6034,-1,-1,-1
168,12,685.75,358.79,94.59,285.46,0.7777,-1,-1,-1
169,1,775.64,249.99,184.37,615.26,0.8632,-1,-1,-1
169,4,1086.92,290.86,193.39,503.20,0.8698,-1,-1,-1
169,6,929.57,328.18,83.70,344.89,0.6958,-1,-1,-1
169,8,-5.49,258.75,248.96,763.20,0.9024,-1,-1,-1
169,7,591.01,387.20,90.21,251.92,0.7353,-1,-1,-1
169,11,1004.13,376.96,79.60,227.69,0.6366,-1,-1,-1
169,12,680.16,356.84,96.83,283.15,0.7693,-1,-1,-1
170,1,778.15,248.02,181.44,611.59,0.8545,-1,-1,-1
170,4,1082.05,290.42,197.19,505.06,0.8706,-1,-1,-1
170,6,928.04,328.81,82.19,343.35,0.6886,-1,-1,-1
170,8,-5.83,251.94,236.59,776.08,0.9022,-1,-1,-1
170,7,588.20,386.42,84.34,252.16,0.6201,-1,-1,-1
170,11,1003.55,372.72,80.39,231.08,0.6332,-1,-1,-1
170,12,673.31,353.58,102.97,286.80,0.7918,-1,-1,-1
171,1,778.46,246.17,179.97,612.89,0.8563,-1,-1,-1
171,4,1079.00,290.23,200.25,508.39,0.8685,-1,-1,-1
171,6,927.39,328.44,82.99,346.48,0.7115,-1,-1,-1
171,8,-5.21,246.57,224.27,789.07,0.9018,-1,-1,-1
171,7,582.18,383.15,88.59,258.05,0.6402,-1,-1,-1
171,11,1004.72,368.28,78.27,230.98,0.6707,-1,-1,-1
171,12,665.59,352.66,110.43,291.12,0.8041,-1,-1,-1
172,1,777.04,246.61,182.16,616.46,0.8505,-1,-1,-1
172,4,1075.78,290.09,203.51,509.15,0.8735,-1,-1,-1
172,6,927.66,335.29,81.24,337.31,0.6798,-1,-1,-1
172,8,-4.50,241.69,210.83,800.07,0.8958,-1,-1,-1
172,7,575.22,383.87,95.78,260.69,0.6855,-1,-1,-1
172,11,1002.79,367.18,78.44,230.39,0.6558,-1,-1,-1
172,12,659.60,351.29,116.43,294.81,0.8317,-1,-1,-1
173,1,777.68,245.14,180.34,619.68,0.8552,-1,-1,-1
173,4,1073.83,288.84,203.73,510.89,0.8676,-1,-1,-1
173,6,926.69,335.97,78.96,335.77,0.6678,-1,-1,-1
173,8,-3.88,236.24,198.93,814.83,0.8878,-1,-1,-1
173,7,567.45,384.61,100.98,261.87,0.7057,-1,-1,-1
173,11,1002.15,370.29,78.49,224.14,0.6627,-1,-1,-1
173,12,655.80,348.38,122.06,298.34,0.8321,-1,-1,-1
174,1,777.48,245.48,181.46,621.97,0.8592,-1,-1,-1
174,4,1075.38,288.59,204.82,514.59,0.8719,-1,-1,-1
174,6,927.88,335.68,77.88,336.27,0.6463,-1,-1,-1
174,8,-2.75,232.02,189.59,827.67,0.8844,-1,-1,-1
174,7,563.30,381.41,97.58,268.13,0.6958,-1,-1,-1
174,11,1002.84,368.09,77.29,226.92,0.6675,-1,-1,-1
174,12,654.24,346.13,125.88,300.97,0.8182,-1,-1,-1
175,1,780.39,246.70,178.95,626.10,0.8637,-1,-1,-1
175,4,1078.70,288.82,204.70,518.72,0.8729,-1,-1,-1
175,6,929.97,331.69,77.72,340.58,0.6395,-1,-1,-1
175,8,-1.79,227.20,181.02,837.94,0.8854,-1,-1,-1
175,7,560.30,379.78,96.85,272.16,0.6820,-1,-1,-1
175,11,1004.13,367.70,76.52,229.65,0.6663,-1,-1,-1
175,12,653.02,345.27,129.24,303.76,0.8186,-1,-1,-1
176,1,785.26,252.35,176.29,627.73,0.8478,-1,-1,-1
176,4,1082.94,290.13,204.10,520.10,0.8721,-1,-1,-1
176,6,933.00,328.21,75.26,345.25,0.6373,-1,-1,-1
176,8,-0.78,226.47,173.75,846.10,0.8836,-1,-1,-1
176,7,556.82,379.49,99.79,275.91,0.7237,-1,-1,-1
176,11,1007.98,366.95,75.16,231.27,0.6799,-1,-1,-1
176,12,653.58,345.89,129.24,309.08,0.8107,-1,-1,-1
177,1,787.64,255.77,176.00,627.25,0.8483,-1,-1,-1
177,4,1086.08,289.79,203.46,518.71,0.8748,-1,-1,-1
177,6,935.15,324.52,67.57,348.11,0.5903,-1,-1,-1
177,8,-0.54,223.61,164.22,853.06,0.8760,-1,-1,-1
177,7,554.56,378.78,101.60,275.87,0.7126,-1,-1,-1
177,11,1009.55,366.90,74.94,229.85,0.6887,-1,-1,-1
177,12,653.51,345.02,129.24,311.34,0.8152,-1,-1,-1
178,1,791.16,260.57,176.73,626.15,0.8574,-1,-1,-1
178,4,1090.20,290.14,205.39,522.77,0.8788,-1,-1,-1
178,6,940.23,327.07,60.04,351.23,0.4079,-1,-1,-1
178,8,0.04,221.72,156.20,857.50,0.8740,-1,-1,-1
178,7,554.46,379.29,101.06,277.69,0.7328,-1,-1,-1
178,11,1013.94,369.61,74.45,228.98,0.6444,-1,-1,-1
178,12,653.67,347.42,132.93,314.20,0.8253,-1,-1,-1
179,1,793.46,262.86,176.69,624.95,0.8564,-1,-1,-1
179,4,1097.17,288.39,202.83,526.29,0.8803,-1,-1,-1
179,6,934.68,309.51,68.55,365.76,0.5756,-1,-1,-1
179,8,0.33,224.26,145.66,855.69,0.8739,-1,-1,-1
179,7,553.45,379.27,102.17,280.03,0.7101,-1,-1,-1
179,11,1016.27,373.25,74.84,224.58,0.6751,-1,-1,-1
179,12,651.87,348.89,139.20,315.33,0.8254,-1,-1,-1
180,1,796.83,266.25,179.02,619.38,0.8630,-1,-1,-1
180,4,1103.46,290.02,202.39,524.70,0.8717,-1,-1,-1
180,6,942.07,316.66,61.32,358.09,0.3246,-1,-1,-1
180,8,0.86,228.21,135.09,852.59,0.8652,-1,-1,-1
180,7,553.37,378.95,104.05,283.41,0.7641,-1,-1,-1
180,11,1019.56,381.10,74.26,218.08,0.6105,-1,-1,-1
180,12,653.30,350.72,137.89,316.25,0.7987,-1,-1,-1
181,1,798.65,266.47,181.99,618.50,0.8678,-1,-1,-1
181,4,1112.41,286.56,198.76,527.03,0.8748,-1,-1,-1
181,6,943.85,312.90,59.96,359.82,0.3641,-1,-1,-1
181,8,1.14,249.47,127.42,831.33,0.8625,-1,-1,-1
181,7,554.40,381.20,103.92,284.18,0.7259,-1,-1,-1
181,11,1020.92,374.78,76.29,224.89,0.6325,-1,-1,-1
181,12,654.58,351.26,138.78,319.87,0.8163,-1,-1,-1
182,1,799.16,265.74,183.92,617.68,0.8722,-1,-1,-1
182,4,1119.94,285.98,197.36,527.05,0.8726,-1,-1,-1
182,6,945.64,312.87,61.97,360.80,0.4416,-1,-1,-1
182,8,1.02,275.40,118.76,805.36,0.8565,-1,-1,-1
182,7,555.32,382.39,106.32,286.59,0.7499,-1,-1,-1
182,11,1023.28,377.07,79.03,221.56,0.7335,-1,-1,-1
182,12,655.07,351.27,138.88,323.16,0.8205,-1,-1,-1
183,1,801.19,264.38,189.17,612.58,0.8732,-1,-1,-1
183,4,1129.97,283.49,193.25,522.16,0.8705,-1,-1,-1
183,6,948.12,313.78,63.31,357.16,0.3319,-1,-1,-1
183,8,1.25,301.89,106.94,777.89,0.8433,-1,-1,-1
183,7,555.62,385.36,107.39,287.23,0.7397,-1,-1,-1
183,11,1025.91,382.30,80.02,216.86,0.6706,-1,-1,-1
183,12,655.39,349.70,142.99,325.04,0.8300,-1,-1,-1
184,1,803.61,265.06,192.01,601.72,0.8759,-1,-1,-1
184,4,1134.71,282.76,192.94,517.69,0.8755,-1,-1,-1
184,6,951.67,307.99,65.79,366.06,0.4225,-1,-1,-1
184,8,1.22,359.01,94.61,719.59,0.8429,-1,-1,-1
184,7,556.20,388.39,110.00,285.46,0.7550,-1,-1,-1
184,11,1031.17,381.95,80.68,220.34,0.6438,-1,-1,-1
184,12,659.47,348.27,144.66,327.53,0.8309,-1,-1,-1
185,1,804.14,263.20,193.87,598.89,0.8585,-1,-1,-1
185,4,1140.23,282.86,192.52,513.99,0.8707,-1,-1,-1
185,6,957.17,310.68,68.83,364.36,0.6058,-1,-1,-1
185,8,0.87,384.27,85.56,693.20,0.8066,-1,-1,-1
185,7,557.46,390.04,114.79,286.14,0.7165,-1,-1,-1
185,11,1036.73,384.03,78.31,217.87,0.6756,-1,-1,-1
185,12,666.92,335.26,140.54,343.30,0.8513,-1,-1,-1
186,1,805.47,259.30,193.53,602.72,0.8641,-1,-1,-1
186,4,1148.80,283.86,187.65,514.26,0.8792,-1,-1,-1
186,6,962.12,315.76,67.52,360.78,0.5453,-1,-1,-1
186,8,0.80,397.19,82.40,679.94,0.7608,-1,-1,-1
186,7,558.41,390.71,118.16,287.91,0.7527,-1,-1,-1
186,11,1038.69,384.04,81.26,218.11,0.6856,-1,-1,-1
186,12,669.64,327.69,139.92,353.53,0.8471,-1,-1,-1
187,1,806.73,255.41,194.87,603.71,0.8674,-1,-1,-1
187,4,1153.91,280.68,188.65,519.09,0.8826,-1,-1,-1
187,6,969.13,337.63,61.95,338.93,0.3711,-1,-1,-1
187,8,0.03,414.78,64.73,661.25,0.4279,-1,-1,-1
187,7,557.95,387.37,122.83,293.00,0.7652,-1,-1,-1
187,11,1042.38,380.08,80.37,219.92,0.7038,-1,-1,-1
187,12,670.97,327.48,139.40,353.40,0.8511,-1,-1,-1
188,1,803.21,253.01,200.85,605.84,0.8690,-1,-1,-1
188,4,1155.85,279.12,189.09,520.18,0.8860,-1,-1,-1
188,6,973.02,340.68,57.88,335.73,0.2886,-1,-1,-1
188,7,556.87,385.74,125.46,294.44,0.7757,-1,-1,-1
188,11,1039.57,377.63,83.79,222.41,0.7109,-1,-1,-1
188,12,669.51,325.36,139.71,353.95,0.8549,-1,-1,-1
189,1,800.48,252.67,203.33,609.03,0.8673,-1,-1,-1
189,4,1159.54,276.73,184.33,522.78,0.8822,-1,-1,-1
189,6,975.61,337.21,55.84,339.44,0.2300,-1,-1,-1
189,7,554.29,382.95,129.90,297.93,0.7088,-1,-1,-1
189,11,1038.42,375.94,85.04,223.66,0.7259,-1,-1,-1
189,12,667.33,324.50,141.58,356.24,0.8495,-1,-1,-1
190,1,802.18,251.73,201.42,612.09,0.8584,-1,-1,-1
190,4,1160.52,275.53,184.88,526.00,0.8806,-1,-1,-1
190,6,977.47,334.61,54.21,344.46,0.2657,-1,-1,-1
190,7,549.17,380.83,138.04,301.22,0.7273,-1,-1,-1
190,11,1033.89,376.17,89.47,222.17,0.7129,-1,-1,-1
190,12,669.73,322.97,138.61,359.97,0.8446,-1,-1,-1
191,1,804.09,253.10,199.45,616.46,0.8553,-1,-1,-1
191,4,1161.74,277.75,185.12,528.44,0.8796,-1,-1,-1
191,6,978.23,331.27,55.36,351.65,0.3142,-1,-1,-1
191,7,546.06,379.52,138.15,305.03,0.6629,-1,-1,-1
191,11,1033.80,375.26,89.99,224.73,0.6989,-1,-1,-1
191,12,670.41,324.19,136.93,361.98,0.8073,-1,-1,-1
192,1,808.44,259.02,194.49,617.74,0.8579,-1,-1,-1
192,4,1161.10,283.82,183.94,528.42,0.8861,-1,-1,-1
192,7,541.34,379.11,115.13,307.32,0.7031,-1,-1,-1
192,11,1031.89,378.51,90.14,223.38,0.7029,-1,-1,-1
192,12,666.89,325.69,139.36,362.83,0.8327,-1,-1,-1
193,1,808.63,263.50,194.55,617.67,0.8681,-1,-1,-1
193,4,1160.24,285.32,180.59,530.55,0.8836,-1,-1,-1
193,7,535.54,378.22,126.27,309.00,0.6637,-1,-1,-1
193,11,1029.78,377.50,89.68,226.08,0.6982,-1,-1,-1
193,12,658.98,329.27,145.88,361.92,0.7862,-1,-1,-1
194,1,806.19,267.86,197.29,615.19,0.8654,-1,-1,-1
194,4,1158.79,288.02,178.21,533.78,0.8792,-1,-1,-1
194,7,530.05,378.43,131.01,312.65,0.7530,-1,-1,-1
194,11,1031.77,378.86,86.72,226.95,0.7260,-1,-1,-1
194,12,655.39,331.81,146.38,365.05,0.8255,-1,-1,-1
195,1,802.41,273.65,202.91,611.53,0.8796,-1,-1,-1
195,4,1155.66,291.40,176.21,534.52,0.8688,-1,-1,-1
195,7,522.08,380.77,119.84,316.02,0.7483,-1,-1,-1
195,11,1026.99,381.43,89.43,225.92,0.7374,-1,-1,-1
195,12,646.95,336.51,151.28,367.48,0.8444,-1,-1,-1
196,1,798.42,272.28,205.78,614.17,0.8865,-1,-1,-1
196,4,1150.11,293.91,175.93,536.54,0.8562,-1,-1,-1
196,7,514.70,380.15,116.92,321.87,0.7627,-1,-1,-1
196,11,1021.65,383.46,92.16,224.10,0.7186,-1,-1,-1
196,12,642.81,340.87,151.83,367.11,0.8285,-1,-1,-1
197,1,795.54,271.77,208.28,614.90,0.8946,-1,-1,-1
197,4,1145.19,294.63,174.19,536.84,0.8556,-1,-1,-1
197,7,506.71,381.90,115.63,324.09,0.7714,-1,-1,-1
197,11,1018.01,386.69,93.17,222.48,0.7606,-1,-1,-1
197,12,634.91,341.75,153.83,369.74,0.8226,-1,-1,-1
198,1,795.65,273.53,208.14,615.56,0.8890,-1,-1,-1
198,4,1139.15,297.24,176.27,530.30,0.8549,-1,-1,-1
198,7,496.41,385.04,117.81,329.57,0.7919,-1,-1,-1
198,11,1014.69,390.50,92.50,221.25,0.7204,-1,-1,-1
198,12,622.37,343.69,157.96,374.50,0.8376,-1,-1,-1
199,1,801.35,276.40,200.27,600.96,0.8820,-1,-1,-1
199,4,1133.68,298.61,178.68,539.81,0.8627,-1,-1,-1
199,7,488.11,388.17,120.87,332.51,0.8202,-1,-1,-1
199,11,1009.83,396.47,91.90,216.65,0.7434,-1,-1,-1
199,12,607.87,347.68,163.08,381.20,0.8336,-1,-1,-1
200,1,799.83,280.58,201.11,589.54,0.8845,-1,-1,-1
200,4,1126.12,300.15,181.89,541.50,0.8619,-1,-1,-1
200,7,478.54,392.50,128.65,335.86,0.7002,-1,-1,-1
200,11,1007.69,404.51,89.18,211.00,0.6664,-1,-1,-1
200,12,605.47,349.68,156.01,383.85,0.8438,-1,-1,-1
201,1,799.28,281.65,197.22,588.12,0.8868,-1,-1,-1
201,4,1117.51,303.46,186.06,534.22,0.8699,-1,-1,-1
201,7,467.80,395.43,120.51,335.50,0.7716,-1,-1,-1
201,11,1006.71,398.03,83.88,219.14,0.7350,-1,-1,-1
201,12,586.54,348.69,163.30,384.78,0.7975,-1,-1,-1
202,1,796.34,282.09,195.17,591.00,0.8919,-1,-1,-1
202,4,1111.23,304.63,189.07,532.62,0.8721,-1,-1,-1
202,7,457.97,399.03,126.94,335.65,0.8075,-1,-1,-1
202,11,1004.72,403.75,80.93,215.65,0.6839,-1,-1,-1
202,12,582.28,347.49,157.30,389.06,0.8090,-1,-1,-1
203,1,798.19,282.50,189.36,593.59,0.8817,-1,-1,-1
203,4,1106.49,305.03,192.04,532.20,0.8731,-1,-1,-1
203,7,445.70,397.77,115.01,342.95,0.6158,-1,-1,-1
203,11,1001.17,407.95,81.50,215.09,0.7236,-1,-1,-1
203,12,577.27,345.52,156.77,395.60,0.8280,-1,-1,-1
204,1,804.57,284.42,179.97,595.26,0.8649,-1,-1,-1
204,4,1104.00,304.24,191.89,531.25,0.8712,-1,-1,-1
204,7,435.71,398.74,134.08,346.35,0.7255,-1,-1,-1
204,11,1002.68,411.93,78.41,216.31,0.7367,-1,-1,-1
204,12,572.35,344.83,156.89,397.86,0.8171,-1,-1,-1
205,1,807.19,285.81,175.62,597.00,0.8644,-1,-1,-1
205,4,1102.48,303.87,192.82,530.08,0.8741,-1,-1,-1
205,7,426.51,398.97,142.30,348.96,0.7800,-1,-1,-1
205,11,1002.32,413.71,76.74,214.89,0.7010,-1,-1,-1
205,12,565.41,343.70,154.25,400.37,0.8010,-1,-1,-1
205,13,758.35,397.78,68.40,244.27,0.6578,-1,-1,-1
206,1,808.43,287.43,172.80,598.73,0.8670,-1,-1,-1
206,4,1099.93,306.14,197.59,531.13,0.8667,-1,-1,-1
206,7,418.97,397.57,148.53,352.50,0.7962,-1,-1,-1
206,11,1000.48,415.49,77.98,212.11,0.6888,-1,-1,-1
206,12,559.40,342.73,155.34,404.51,0.8320,-1,-1,-1
206,13,756.16,396.89,69.18,248.18,0.6906,-1,-1,-1
207,1,809.10,288.85,170.91,598.46,0.8645,-1,-1,-1
207,4,1096.87,307.30,202.57,533.00,0.8681,-1,-1,-1
207,7,412.44,395.82,149.33,356.13,0.8315,-1,-1,-1
207,11,1000.17,414.93,77.90,213.56,0.6986,-1,-1,-1
207,12,552.50,343.44,159.92,406.99,0.8532,-1,-1,-1
207,13,753.85,396.13,71.32,248.82,0.6905,-1,-1,-1
208,1,809.76,289.67,169.00,598.06,0.8560,-1,-1,-1
208,4,1094.54,305.07,206.63,537.90,0.8680,-1,-1,-1
208,7,405.01,394.85,146.50,358.52,0.8411,-1,-1,-1
208,11,1002.21,411.28,75.82,212.20,0.7247,-1,-1,-1
208,12,546.66,337.73,161.37,413.16,0.8587,-1,-1,-1
208,13,753.33,394.10,71.71,250.46,0.6877,-1,-1,-1
209,1,809.00,291.16,168.97,598.09,0.8554,-1,-1,-1
209,4,1094.48,305.19,209.03,540.91,0.8675,-1,-1,-1
209,7,399.34,392.29,147.93,362.21,0.8272,-1,-1,-1
209,11,1002.39,405.87,75.74,215.49,0.7160,-1,-1,-1
209,12,538.59,335.87,170.22,419.26,0.8638,-1,-1,-1
209,13,753.97,394.02,68.82,251.86,0.6307,-1,-1,-1
210,1,806.48,294.14,171.11,597.50,0.8648,-1,-1,-1
210,4,1095.21,307.90,210.84,540.52,0.8719,-1,-1,-1
210,7,392.58,390.35,147.97,365.75,0.8246,-1,-1,-1
210,11,1002.04,404.87,77.06,216.16,0.5573,-1,-1,-1
210,12,532.51,338.39,175.65,422.61,0.8501,-1,-1,-1
210,13,749.48,393.25,71.00,254.44,0.6420,-1,-1,-1
211,1,804.73,294.43,173.23,599.88,0.8701,-1,-1,-1
211,4,1095.92,309.67,211.14,543.94,0.8726,-1,-1,-1
211,7,385.15,389.61,148.58,367.70,0.8250,-1,-1,-1
211,11,1003.49,414.89,74.65,206.03,0.5491,-1,-1,-1
211,12,522.42,331.71,183.58,437.21,0.8324,-1,-1,-1
211,13,746.18,393.84,71.87,257.42,0.6483,-1,-1,-1
212,1,799.90,293.16,180.13,600.27,0.8608,-1,-1,-1
212,4,1095.42,313.45,213.34,542.09,0.8651,-1,-1,-1
212,7,377.58,389.35,145.79,374.54,0.8260,-1,-1,-1
212,11,1000.68,407.98,77.53,214.82,0.6687,-1,-1,-1
212,12,508.16,330.90,195.56,446.42,0.8214,-1,-1,-1
212,13,743.02,394.80,74.19,259.00,0.6523,-1,-1,-1
213,1,795.57,293.96,182.19,600.25,0.8643,-1,-1,-1
213,4,1095.02,312.39,213.45,545.48,0.8610,-1,-1,-1
213,7,369.07,390.50,149.60,384.07,0.8420,-1,-1,-1
213,11,997.20,404.62,80.54,219.95,0.7168,-1,-1,-1
213,12,505.39,337.49,194.54,446.06,0.8368,-1,-1,-1
213,13,740.26,396.43,71.66,262.61,0.6698,-1,-1,-1
214,1,792.94,298.83,184.02,592.99,0.8605,-1,-1,-1
214,4,1096.23,318.35,213.56,545.56,0.8704,-1,-1,-1
214,7,364.33,396.15,150.84,390.14,0.8434,-1,-1,-1
214,11,996.24,410.25,82.62,219.47,0.7440,-1,-1,-1
214,12,504.10,342.96,193.54,448.97,0.8454,-1,-1,-1
214,13,739.22,402.20,70.01,261.25,0.6716,-1,-1,-1
215,1,790.53,294.56,187.23,585.58,0.8647,-1,-1,-1
215,4,1100.47,314.10,210.99,552.68,0.8721,-1,-1,-1
215,7,360.46,395.61,150.90,395.99,0.8482,-1,-1,-1
215,11,995.91,406.81,85.07,221.84,0.7162,-1,-1,-1
215,12,502.69,340.94,194.58,455.11,0.8642,-1,-1,-1
215,13,738.96,400.80,68.75,260.88,0.6939,-1,-1,-1
216,1,788.69,292.72,191.16,586.98,0.8661,-1,-1,-1
216,4,1109.61,311.89,203.98,558.04,0.8832,-1,-1,-1
216,7,358.02,396.69,150.57,401.84,0.8468,-1,-1,-1
216,11,1002.49,411.77,81.55,217.83,0.7528,-1,-1,-1
216,12,501.34,338.33,193.87,464.78,0.8712,-1,-1,-1
216,13,741.17,400.82,67.62,259.97,0.6173,-1,-1,-1
217,1,787.91,291.11,193.97,588.27,0.8724,-1,-1,-1
217,4,1115.86,309.82,202.33,559.73,0.8829,-1,-1,-1
217,7,356.24,397.42,150.25,403.43,0.8455,-1,-1,-1
217,11,1007.14,415.86,81.16,215.04,0.7733,-1,-1,-1
217,12,501.00,334.76,193.10,473.07,0.8698,-1,-1,-1
217,13,743.29,399.12,67.60,265.58,0.6353,-1,-1,-1
218,1,791.16,290.50,194.41,590.63,0.8777,-1,-1,-1
218,4,1124.16,312.10,198.11,554.77,0.8742,-1,-1,-1
218,7,354.56,397.50,155.70,408.99,0.8515,-1,-1,-1
218,11,1011.67,422.01,80.34,209.52,0.7528,-1,-1,-1
218,12,502.90,328.71,190.49,483.13,0.8720,-1,-1,-1
218,13,747.70,398.05,65.86,269.63,0.6781,-1,-1,-1
219,1,795.35,291.01,195.12,591.82,0.8762,-1,-1,-1
219,4,1131.41,313.48,196.76,549.49,0.8746,-1,-1,-1
219,7,353.67,397.37,162.98,414.26,0.8510,-1,-1,-1
219,11,1016.81,421.01,81.20,214.62,0.7159,-1,-1,-1
219,12,506.35,325.33,189.63,488.60,0.8773,-1,-1,-1
219,13,750.90,398.30,66.52,272.61,0.6841,-1,-1,-1
220,1,796.07,294.34,197.54,592.63,0.8704,-1,-1,-1
220,4,1137.16,314.10,196.61,546.93,0.8721,-1,-1,-1
220,7,353.45,395.78,167.01,417.53,0.8581,-1,-1,-1
220,11,1021.17,420.11,81.24,216.05,0.7220,-1,-1,-1
220,12,509.48,323.05,188.97,492.33,0.8668,-1,-1,-1
220,13,751.87,398.49,70.47,273.31,0.6722,-1,-1,-1
221,1,801.38,297.07,199.01,594.78,0.8588,-1,-1,-1
221,4,1145.11,314.62,198.30,546.15,0.8733,-1,-1,-1
221,7,352.47,391.62,170.60,423.15,0.8507,-1,-1,-1
221,11,1026.28,422.40,80.93,214.94,0.7112,-1,-1,-1
221,12,510.74,319.28,188.86,497.35,0.8653,-1,-1,-1
221,13,754.38,397.09,73.89,276.41,0.7016,-1,-1,-1
222,1,807.30,299.47,197.24,597.27,0.8566,-1,-1,-1
222,4,1154.66,317.42,194.50,545.90,0.8892,-1,-1,-1
222,7,351.54,388.19,172.81,428.09,0.8545,-1,-1,-1
222,11,1026.23,423.63,85.74,216.22,0.7122,-1,-1,-1
222,12,511.78,316.22,189.29,502.96,0.8747,-1,-1,-1
222,13,757.60,397.16,76.85,278.06,0.7172,-1,-1,-1
223,1,815.62,301.83,193.89,596.62,0.8708,-1,-1,-1
223,4,1162.87,317.43,191.41,547.39,0.8806,-1,-1,-1
223,7,349.08,386.02,175.47,431.03,0.8504,-1,-1,-1
223,11,1033.80,421.65,80.82,218.52,0.7051,-1,-1,-1
223,12,511.91,313.01,191.52,504.09,0.8739,-1,-1,-1
223,13,760.27,395.95,79.00,279.61,0.7202,-1,-1,-1
224,1,822.11,304.37,193.96,594.50,0.8797,-1,-1,-1
224,4,1169.38,313.48,189.60,553.35,0.8861,-1,-1,-1
224,7,347.74,384.94,174.95,432.49,0.8485,-1,-1,-1
224,11,1038.56,419.73,80.81,219.07,0.7568,-1,-1,-1
224,12,510.28,306.83,195.19,512.23,0.8765,-1,-1,-1
224,13,761.63,393.63,82.06,284.49,0.8185,-1,-1,-1
225,1,826.59,304.25,198.34,593.90,0.8805,-1,-1,-1
225,4,1176.00,313.57,188.82,554.79,0.8826,-1,-1,-1
225,7,347.36,384.06,170.93,435.38,0.8530,-1,-1,-1
225,11,1040.29,420.60,81.57,216.83,0.7665,-1,-1,-1
225,12,508.07,301.44,199.76,523.12,0.8707,-1,-1,-1
225,13,761.76,393.07,86.98,286.58,0.8125,-1,-1,-1
226,1,834.70,302.83,196.64,589.21,0.8722,-1,-1,-1
226,4,1180.00,313.48,187.47,557.30,0.8712,-1,-1,-1
226,7,342.01,382.19,171.14,438.55,0.8617,-1,-1,-1
226,11,1040.04,422.20,82.47,214.19,0.7551,-1,-1,-1
226,12,501.55,299.88,206.08,531.86,0.8716,-1,-1,-1
226,13,760.95,393.35,92.66,288.04,0.7940,-1,-1,-1
227,1,837.77,302.11,197.36,582.01,0.8734,-1,-1,-1
227,4,1183.18,314.39,187.85,558.34,0.8638,-1,-1,-1
227,7,335.58,379.56,171.58,446.95,0.8501,-1,-1,-1
227,11,1041.44,425.64,84.82,209.80,0.7622,-1,-1,-1
227,12,494.67,296.65,211.21,543.88,0.8763,-1,-1,-1
227,13,757.16,393.41,99.20,290.25,0.7859,-1,-1,-1
227,14,672.46,403.73,73.02,217.51,0.6699,-1,-1,-1
228,1,840.38,299.71,196.15,592.11,0.8665,-1,-1,-1
228,4,1184.81,314.98,187.17,562.51,0.8641,-1,-1,-1
228,7,330.27,373.65,165.91,459.64,0.8496,-1,-1,-1
228,11,1042.64,421.87,85.42,212.59,0.7658,-1,-1,-1
228,12,478.38,292.31,225.52,552.94,0.8746,-1,-1,-1
228,13,754.81,393.00,103.67,292.93,0.7976,-1,-1,-1
228,14,668.53,401.39,77.60,224.62,0.6484,-1,-1,-1
229,1,846.41,297.84,191.51,592.56,0.8580,-1,-1,-1
229,4,1185.24,316.43,186.88,564.93,0.8665,-1,-1,-1
229,7,322.36,370.13,163.66,471.10,0.8458,-1,-1,-1
229,11,1045.51,421.39,83.83,212.85,0.7604,-1,-1,-1
229,12,472.04,290.72,227.82,556.67,0.8691,-1,-1,-1
229,13,754.15,393.64,104.20,295.84,0.8026,-1,-1,-1
229,14,664.18,401.20,80.73,226.87,0.6377,-1,-1,-1
230,1,853.05,297.92,188.10,585.61,0.8512,-1,-1,-1
230,4,1186.15,317.17,186.49,565.42,0.8679,-1,-1,-1
230,7,310.93,370.88,171.51,480.58,0.8696,-1,-1,-1
230,11,1047.80,420.32,81.55,215.06,0.7609,-1,-1,-1
230,12,456.66,290.41,239.40,566.09,0.8506,-1,-1,-1
230,13,754.37,395.60,103.58,297.57,0.8083,-1,-1,-1
230,14,659.35,398.88,85.33,231.38,0.6842,-1,-1,-1
231,1,859.50,298.60,183.03,578.01,0.8567,-1,-1,-1
231,4,1185.28,316.58,186.63,567.27,0.8617,-1,-1,-1
231,7,296.83,374.38,175.96,482.76,0.8452,-1,-1,-1
231,11,1047.45,418.13,80.95,217.83,0.7491,-1,-1,-1
231,12,445.72,288.65,246.78,578.90,0.8316,-1,-1,-1
231,13,753.79,395.86,103.33,300.15,0.8188,-1,-1,-1
231,14,653.52,397.88,90.61,242.59,0.6946,-1,-1,-1
232,1,861.92,299.06,180.40,574.96,0.8496,-1,-1,-1
232,4,1183.30,316.96,186.52,570.13,0.8625,-1,-1,-1
232,7,279.29,373.46,177.91,492.53,0.8270,-1,-1,-1
232,11,1045.17,421.19,79.93,215.83,0.7542,-1,-1,-1
232,12,437.34,287.55,246.31,588.43,0.8571,-1,-1,-1
232,13,749.73,399.40,103.52,300.85,0.8368,-1,-1,-1
232,14,646.65,398.41,93.55,261.42,0.7757,-1,-1,-1
233,1,857.56,301.60,182.38,580.26,0.8623,-1,-1,-1
233,4,1179.46,318.65,188.86,575.48,0.8611,-1,-1,-1
233,7,257.68,371.80,189.05,506.74,0.8721,-1,-1,-1
233,11,1042.03,422.53,79.90,218.71,0.7542,-1,-1,-1
233,12,426.06,285.58,247.49,602.84,0.8819,-1,-1,-1
233,13,737.84,397.23,109.91,305.83,0.8272,-1,-1,-1
233,14,637.39,403.87,96.01,276.06,0.7755,-1,-1,-1
234,1,856.35,302.96,183.42,583.32,0.8706,-1,-1,-1
234,4,1174.37,321.22,192.28,575.71,0.8715,-1,-1,-1
234,7,246.54,369.02,190.30,519.50,0.8781,-1,-1,-1
234,11,1037.09,425.61,80.73,218.36,0.7213,-1,-1,-1
234,12,412.19,281.65,245.84,614.87,0.8917,-1,-1,-1
234,13,733.85,393.42,109.20,311.22,0.8215,-1,-1,-1
234,14,630.26,403.90,97.78,286.55,0.7805,-1,-1,-1
235,1,855.65,303.65,184.37,586.84,0.8744,-1,-1,-1
235,4,1166.19,320.90,197.03,577.40,0.8778,-1,-1,-1
235,7,232.85,364.76,191.16,531.68,0.8850,-1,-1,-1
235,11,1036.34,426.16,79.43,217.67,0.7092,-1,-1,-1
235,12,397.25,274.52,248.59,625.55,0.8765,-1,-1,-1
235,13,724.48,391.65,111.35,314.22,0.8083,-1,-1,-1
235,14,624.11,404.05,96.80,291.95,0.7867,-1,-1,-1
236,1,856.42,306.45,182.13,588.88,0.8761,-1,-1,-1
236,4,1159.13,322.90,202.13,577.38,0.8717,-1,-1,-1
236,7,219.13,363.13,194.06,537.42,0.8437,-1,-1,-1
236,11,1032.82,428.35,81.21,215.02,0.6683,-1,-1,-1
236,12,386.31,270.31,245.31,635.25,0.8691,-1,-1,-1
236,13,720.86,392.07,110.39,318.43,0.7960,-1,-1,-1
236,14,614.31,405.35,100.38,302.05,0.8305,-1,-1,-1
237,1,857.74,310.67,178.65,588.99,0.8785,-1,-1,-1
237,4,1154.25,324.82,206.60,573.07,0.8788,-1,-1,-1
237,7,204.71,361.36,197.82,543.66,0.8654,-1,-1,-1
237,11,1033.58,428.41,78.24,218.18,0.6896,-1,-1,-1
237,12,375.53,266.57,244.16,643.10,0.8657,-1,-1,-1
237,13,711.15,393.10,116.42,321.90,0.7992,-1,-1,-1
237,14,607.10,406.33,100.19,306.93,0.7909,-1,-1,-1
238,1,857.65,312.67,175.31,591.61,0.8762,-1,-1,-1
238,4,1148.97,328.27,211.54,566.69,0.8780,-1,-1,-1
238,7,190.71,354.32,198.72,555.40,0.8589,-1,-1,-1
238,11,1034.86,427.88,75.51,221.01,0.5363,-1,-1,-1
238,12,361.51,261.44,242.10,655.98,0.8688,-1,-1,-1
238,13,710.65,389.97,114.60,326.36,0.8140,-1,-1,-1
238,14,599.07,406.53,102.79,309.38,0.7959,-1,-1,-1
239,1,856.19,317.09,173.64,591.14,0.8674,-1,-1,-1
239,4,1145.30,328.36,212.75,564.97,0.8812,-1,-1,-1
239,7,176.28,350.72,195.58,564.76,0.8871,-1,-1,-1
239,11,1031.78,427.48,72.56,224.31,0.5558,-1,-1,-1
239,12,341.13,257.93,252.00,662.96,0.8638,-1,-1,-1
239,13,702.69,388.33,117.98,330.57,0.8319,-1,-1,-1
239,14,592.11,405.62,102.49,314.10,0.7616,-1,-1,-1
240,1,851.52,321.62,170.66,590.14,0.8587,-1,-1,-1
240,4,1137.13,328.15,217.25,567.13,0.8883,-1,-1,-1
240,7,155.07,346.81,202.51,574.40,0.8435,-1,-1,-1
240,11,1029.54,431.95,73.24,227.21,0.5879,-1,-1,-1
240,12,314.26,253.51,272.99,671.07,0.8766,-1,-1,-1
240,13,696.59,388.12,119.39,334.31,0.8188,-1,-1,-1
240,14,586.50,406.85,102.20,316.30,0.7664,-1,-1,-1
241,1,845.49,323.40,168.58,589.69,0.8660,-1,-1,-1
241,4,1131.86,327.26,217.77,570.06,0.8764,-1,-1,-1
241,7,137.28,346.55,206.36,576.05,0.8463,-1,-1,-1
241,11,1021.02,428.91,78.09,226.81,0.4998,-1,-1,-1
241,12,302.91,250.36,269.01,678.05,0.8830,-1,-1,-1
241,13,690.87,389.10,121.04,335.60,0.8160,-1,-1,-1
241,14,577.97,407.06,102.92,323.15,0.8254,-1,-1,-1
242,1,836.20,324.22,168.85,588.92,0.8503,-1,-1,-1
242,4,1128.24,328.00,216.93,570.37,0.8684,-1,-1,-1
242,7,106.18,341.23,224.01,588.34,0.8461,-1,-1,-1
242,11,1013.48,425.55,78.31,231.51,0.5242,-1,-1,-1
242,12,283.73,245.80,277.59,692.84,0.8867,-1,-1,-1
242,13,682.60,389.14,122.26,338.29,0.8128,-1,-1,-1
242,14,568.81,404.74,103.68,328.85,0.8342,-1,-1,-1
243,1,827.05,320.77,172.23,591.03,0.8415,-1,-1,-1
243,4,1123.64,328.87,215.40,571.49,0.8706,-1,-1,-1
243,7,84.04,338.21,230.46,597.14,0.8168,-1,-1,-1
243,11,1007.79,425.73,78.31,239.29,0.5489,-1,-1,-1
243,12,254.35,241.26,297.38,713.97,0.8871,-1,-1,-1
243,13,678.89,388.96,118.37,342.59,0.8159,-1,-1,-1
243,14,555.53,403.04,110.49,332.30,0.8132,-1,-1,-1
244,1,817.49,318.55,176.36,591.72,0.8400,-1,-1,-1
244,4,1117.67,331.32,215.98,571.42,0.8609,-1,-1,-1
244,7,64.70,335.70,232.90,620.97,0.8239,-1,-1,-1
244,11,1004.28,425.73,78.54,236.76,0.6817,-1,-1,-1
244,12,222.67,236.82,318.73,748.26,0.8653,-1,-1,-1
244,13,674.14,391.13,115.48,343.31,0.8387,-1,-1,-1
244,14,544.20,400.86,113.59,338.56,0.7690,-1,-1,-1
245,1,805.41,317.46,182.07,587.97,0.8471,-1,-1,-1
245,4,1113.46,332.58,215.73,571.51,0.8653,-1,-1,-1
245,7,30.45,334.84,249.47,633.81,0.8574,-1,-1,-1
245,11,1002.02,416.52,76.82,241.01,0.5797,-1,-1,-1
245,12,203.10,235.27,327.33,752.05,0.8578,-1,-1,-1
245,13,666.20,392.51,117.56,345.80,0.8310,-1,-1,-1
245,14,532.51,399.16,115.18,345.35,0.7877,-1,-1,-1
246,1,795.10,316.77,189.37,580.70,0.8483,-1,-1,-1
246,4,1109.01,333.09,217.42,573.02,0.8730,-1,-1,-1
246,7,12.72,333.34,247.72,643.44,0.8508,-1,-1,-1
246,11,998.21,417.42,75.45,235.18,0.6104,-1,-1,-1
246,12,183.54,232.31,338.01,788.82,0.8850,-1,-1,-1
246,13,654.98,391.96,121.60,351.90,0.8207,-1,-1,-1
246,14,521.11,397.49,120.19,350.87,0.8030,-1,-1,-1
247,1,788.79,316.97,193.72,577.42,0.8436,-1,-1,-1
247,4,1104.57,335.11,219.86,573.55,0.8730,-1,-1,-1
247,7,-2.48,334.53,247.86,655.92,0.8650,-1,-1,-1
247,11,994.56,426.94,74.64,225.62,0.5127,-1,-1,-1
247,12,153.00,229.87,356.87,810.36,0.8750,-1,-1,-1
247,13,646.75,392.95,125.51,355.43,0.8231,-1,-1,-1
247,14,512.87,398.03,119.23,358.63,0.7666,-1,-1,-1
248,1,782.99,319.80,200.56,576.91,0.8275,-1,-1,-1
248,4,1099.83,336.42,221.39,580.62,0.8771,-1,-1,-1
248,7,-7.71,335.22,239.75,674.76,0.8501,-1,-1,-1
248,11,991.53,426.28,73.01,235.07,0.4317,-1,-1,-1
248,12,118.55,229.39,378.80,815.67,0.8776,-1,-1,-1
248,13,639.82,396.53,125.78,358.37,0.7830,-1,-1,-1
248,14,504.65,399.72,117.48,366.25,0.8087,-1,-1,-1
249,1,778.84,322.48,197.17,577.88,0.8299,-1,-1,-1
249,4,1099.74,338.59,219.82,585.21,0.8771,-1,-1,-1
249,7,-8.34,347.67,216.30,685.90,0.8293,-1,-1,-1
249,11,988.39,435.63,72.29,241.49,0.3219,-1,-1,-1
249,12,96.58,226.21,384.79,834.84,0.8827,-1,-1,-1
249,13,632.27,396.32,130.04,365.86,0.7800,-1,-1,-1
249,14,496.82,402.41,121.50,375.74,0.7966,-1,-1,-1
250,1,775.60,322.02,197.08,581.73,0.8366,-1,-1,-1
250,4,1100.73,339.37,218.80,588.34,0.8789,-1,-1,-1
250,7,-6.62,344.18,195.00,714.55,0.8306,-1,-1,-1
250,12,80.38,221.46,386.51,849.04,0.8587,-1,-1,-1
250,13,628.51,396.12,131.62,371.86,0.8157,-1,-1,-1
250,14,492.48,405.12,121.42,380.87,0.7876,-1,-1,-1
251,1,774.12,326.10,196.22,584.76,0.8484,-1,-1,-1
251,4,1102.17,339.72,217.62,591.64,0.8795,-1,-1,-1
251,7,-5.24,341.03,179.79,729.60,0.8394,-1,-1,-1
251,12,69.87,217.82,380.85,859.26,0.8853,-1,-1,-1
251,13,625.22,398.36,133.58,375.92,0.8166,-1,-1,-1
251,14,486.58,410.76,125.74,383.17,0.8384,-1,-1,-1
252,1,773.39,328.90,192.68,589.50,0.8512,-1,-1,-1
252,4,1103.24,341.56,217.01,592.30,0.8808,-1,-1,-1
252,7,-4.17,339.29,162.47,736.12,0.8276,-1,-1,-1
252,12,63.29,212.47,372.64,866.75,0.8886,-1,-1,-1
252,13,614.27,399.82,142.42,379.92,0.8205,-1,-1,-1
252,14,479.04,413.77,130.79,384.94,0.8333,-1,-1,-1
253,1,772.94,329.26,191.76,595.05,0.8523,-1,-1,-1
253,4,1107.36,340.45,215.25,595.07,0.8716,-1,-1,-1
253,7,-3.07,335.53,143.63,742.21,0.8348,-1,-1,-1
253,12,62.45,203.40,359.57,870.64,0.9057,-1,-1,-1
253,13,604.84,397.40,150.15,380.28,0.8347,-1,-1,-1
253,14,473.04,412.49,135.05,390.26,0.8361,-1,-1,-1
254,1,774.51,333.07,193.59,595.82,0.8485,-1,-1,-1
254,4,1111.76,340.16,212.59,593.60,0.8703,-1,-1,-1
254,7,-1.04,335.89,126.91,742.01,0.8302,-1,-1,-1
254,12,50.60,197.84,356.37,875.84,0.9119,-1,-1,-1
254,13,603.02,398.55,153.01,381.53,0.8475,-1,-1,-1
254,14,470.32,415.43,135.30,395.86,0.8382,-1,-1,-1
254,11,947.18,395.86,108.48,361.61,0.6339,-1,-1,-1
255,1,776.96,337.33,198.07,594.31,0.8591,-1,-1,-1
255,4,1115.84,338.54,213.37,591.65,0.8781,-1,-1,-1
255,7,-0.10,333.32,108.73,744.78,0.7595,-1,-1,-1
255,12,34.42,189.53,362.87,885.38,0.9113,-1,-1,-1
255,13,601.22,398.87,156.13,384.39,0.8397,-1,-1,-1
255,14,468.85,415.89,135.19,400.77,0.8348,-1,-1,-1
255,11,945.80,395.05,116.72,370.55,0.6908,-1,-1,-1
256,1,783.86,344.39,194.57,590.50,0.8654,-1,-1,-1
256,4,1120.92,340.79,214.98,586.42,0.8771,-1,-1,-1
256,7,0.29,333.54,94.18,743.02,0.7023,-1,-1,-1
256,12,17.49,180.58,372.28,896.83,0.9073,-1,-1,-1
256,13,598.09,401.17,161.68,388.14,0.8377,-1,-1,-1
256,14,466.78,416.07,138.92,407.05,0.8295,-1,-1,-1
256,11,947.63,395.16,124.67,375.62,0.6646,-1,-1,-1
257,1,789.87,350.22,194.34,584.90,0.8738,-1,-1,-1
257,4,1127.59,341.54,213.93,581.48,0.8827,-1,-1,-1
257,7,0.11,396.22,82.10,674.87,0.5348,-1,-1,-1
257,12,7.08,178.39,374.06,894.83,0.9080,-1,-1,-1
257,13,596.48,400.91,163.18,395.45,0.8299,-1,-1,-1
257,14,465.12,415.88,140.67,412.17,0.8237,-1,-1,-1
257,11,952.16,411.82,128.02,361.98,0.5346,-1,-1,-1
258,1,796.23,350.42,191.80,584.64,0.8659,-1,-1,-1
258,4,1134.03,340.56,212.07,581.10,0.8779,-1,-1,-1
258,7,0.05,431.59,64.11,626.78,0.2444,-1,-1,-1
258,12,-0.25,173.41,375.04,897.55,0.9188,-1,-1,-1
258,13,594.33,400.46,164.91,403.57,0.8384,-1,-1,-1
258,14,464.06,413.57,139.16,415.54,0.8268,-1,-1,-1
258,11,958.03,430.25,128.04,343.24,0.5035,-1,-1,-1
259,1,800.23,351.17,191.38,586.31,0.8702,-1,-1,-1
259,4,1139.15,340.65,209.85,581.18,0.8936,-1,-1,-1
259,12,-3.75,168.52,374.08,902.07,0.9223,-1,-1,-1
259,13,589.06,403.55,169.65,403.65,0.8511,-1,-1,-1
259,14,459.98,411.08,138.44,416.32,0.8326,-1,-1,-1
259,11,961.50,427.66,127.95,346.90,0.5845,-1,-1,-1
260,1,804.41,349.37,191.91,587.87,0.8502,-1,-1,-1
260,4,1145.07,340.26,206.72,585.93,0.8958,-1,-1,-1
260,12,-4.82,160.65,370.15,910.79,0.9303,-1,-1,-1
260,13,584.88,407.83,173.75,403.24,0.8414,-1,-1,-1
260,14,454.15,408.57,141.80,421.39,0.8239,-1,-1,-1
260,11,973.46,430.33,120.08,342.46,0.5952,-1,-1,-1
261,1,814.17,345.64,186.09,578.73,0.8507,-1,-1,-1
261,4,1148.69,340.11,204.82,588.47,0.9040,-1,-1,-1
261,12,-4.95,151.83,363.66,921.08,0.9334,-1,-1,-1
261,13,584.74,409.99,171.92,405.99,0.8246,-1,-1,-1
261,14,450.09,405.11,143.81,425.39,0.8192,-1,-1,-1
261,11,975.66,430.45,120.80,343.77,0.6731,-1,-1,-1
262,1,820.73,342.88,182.49,571.18,0.8614,-1,-1,-1
262,4,1151.90,339.51,203.78,590.57,0.9056,-1,-1,-1
262,12,-4.77,143.55,354.26,930.33,0.9328,-1,-1,-1
262,13,589.02,410.78,163.16,409.17,0.7842,-1,-1,-1
262,14,445.70,403.67,144.33,432.22,0.8476,-1,-1,-1
262,11,976.74,429.05,123.30,345.75,0.6616,-1,-1,-1
263,1,825.92,341.37,177.46,566.44,0.8498,-1,-1,-1
263,4,1155.91,337.34,202.66,593.50,0.9056,-1,-1,-1
263,12,-4.32,131.51,342.42,941.78,0.9311,-1,-1,-1
263,13,588.44,408.45,157.28,417.40,0.7176,-1,-1,-1
263,14,440.26,400.79,144.71,439.56,0.8473,-1,-1,-1
263,11,981.86,426.69,122.98,347.78,0.6632,-1,-1,-1
264,1,827.15,339.94,176.46,564.30,0.8389,-1,-1,-1
264,4,1158.88,335.69,202.61,595.49,0.8981,-1,-1,-1
264,12,-3.38,122.97,328.61,948.43,0.9193,-1,-1,-1
264,13,585.98,404.72,154.31,424.29,0.7754,-1,-1,-1
264,14,429.09,395.82,154.31,452.54,0.8482,-1,-1,-1
264,11,983.52,421.91,129.57,353.01,0.6286,-1,-1,-1
265,1,829.85,331.81,171.41,567.23,0.8412,-1,-1,-1
265,4,1160.10,333.45,203.02,597.82,0.8976,-1,-1,-1
265,12,-2.96,113.90,310.87,954.83,0.8963,-1,-1,-1
265,13,583.35,398.11,149.12,425.06,0.7812,-1,-1,-1
265,14,417.06,393.84,161.81,456.49,0.8464,-1,-1,-1
265,11,992.42,415.05,127.79,357.34,0.7844,-1,-1,-1
265,16,786.89,445.00,61.47,226.91,0.6921,-1,-1,-1
266,1,832.45,325.68,169.09,574.06,0.8497,-1,-1,-1
266,4,1161.27,331.42,202.94,600.84,0.8978,-1,-1,-1
266,12,-2.43,114.97,288.21,948.38,0.8295,-1,-1,-1
266,13,576.27,391.50,150.95,428.23,0.7627,-1,-1,-1
266,14,407.49,395.26,161.32,457.38,0.8254,-1,-1,-1
266,11,995.93,409.57,136.33,360.40,0.7645,-1,-1,-1
266,16,786.29,443.64,64.57,228.89,0.7491,-1,-1,-1
267,1,836.36,323.31,165.70,577.29,0.8438,-1,-1,-1
267,4,1162.99,330.05,202.92,603.06,0.8954,-1,-1,-1
267,12,-2.14,195.20,260.04,862.49,0.8200,-1,-1,-1
267,13,554.22,382.38,169.71,441.34,0.8280,-1,-1,-1
267,14,403.09,390.79,156.67,464.73,0.8342,-1,-1,-1
267,11,1004.07,405.88,134.25,361.21,0.7736,-1,-1,-1
267,16,786.32,442.54,67.47,233.72,0.7602,-1,-1,-1
268,1,842.06,323.36,158.47,579.27,0.8447,-1,-1,-1
268,4,1163.73,328.11,203.08,604.67,0.8972,-1,-1,-1
268,12,-1.68,226.02,220.80,785.10,0.8357,-1,-1,-1
268,13,550.88,375.99,169.59,450.56,0.8387,-1,-1,-1
268,14,400.17,389.50,155.03,469.65,0.8424,-1,-1,-1
268,11,1009.31,403.62,132.37,363.64,0.8020,-1,-1,-1
268,16,785.54,441.48,71.07,236.10,0.7922,-1,-1,-1
269,1,846.02,323.62,152.55,579.51,0.8459,-1,-1,-1
269,4,1162.92,324.87,203.85,610.40,0.8879,-1,-1,-1
269,12,-1.67,225.19,188.71,807.07,0.8226,-1,-1,-1
269,13,546.61,365.66,168.67,461.32,0.8324,-1,-1,-1
269,14,393.32,381.79,156.38,480.27,0.8692,-1,-1,-1
269,11,1004.97,400.51,139.94,370.32,0.7270,-1,-1,-1
269,16,784.25,438.79,71.67,235.88,0.7774,-1,-1,-1
270,1,835.99,320.06,162.39,581.85,0.8153,-1,-1,-1
270,4,1161.60,319.04,203.58,614.49,0.8820,-1,-1,-1
270,12,-1.65,222.84,157.12,607.57,0.5937,-1,-1,-1
270,13,541.71,354.10,171.32,471.54,0.8409,-1,-1,-1
270,14,384.61,372.55,162.10,488.61,0.8760,-1,-1,-1
270,11,1003.17,396.60,145.48,373.70,0.6428,-1,-1,-1
270,16,782.47,434.92,71.94,233.62,0.7537,-1,-1,-1
271,1,833.56,319.82,163.36,579.91,0.7983,-1,-1,-1
271,4,1161.04,316.27,202.82,612.84,0.8906,-1,-1,-1
271,12,-1.04,220.74,128.94,584.24,0.3991,-1,-1,-1
271,13,535.72,348.40,174.70,475.56,0.8422,-1,-1,-1
271,14,375.16,365.87,168.49,494.97,0.8749,-1,-1,-1
271,11,1007.68,395.41,141.65,375.24,0.7599,-1,-1,-1
271,16,780.65,431.04,72.23,232.51,0.7619,-1,-1,-1
272,1,836.65,317.12,152.88,577.50,0.8418,-1,-1,-1
272,4,1158.87,309.73,201.08,611.62,0.8949,-1,-1,-1
272,12,-1.27,239.21,99.85,566.98,0.3162,-1,-1,-1
272,13,528.90,343.20,175.40,478.69,0.8574,-1,-1,-1
272,14,358.98,353.71,171.15,505.71,0.8721,-1,-1,-1
272,11,1008.21,392.31,139.95,374.58,0.7888,-1,-1,-1
272,16,776.16,425.45,72.42,229.33,0.7917,-1,-1,-1
273,1,831.37,315.89,153.28,573.03,0.8372,-1,-1,-1
273,4,1154.90,304.76,200.90,610.41,0.8988,-1,-1,-1
273,13,522.47,338.63,173.63,480.41,0.8676,-1,-1,-1
273,14,343.24,344.41,171.11,512.62,0.8806,-1,-1,-1
273,11,1006.65,390.11,139.44,375.81,0.7886,-1,-1,-1
273,16,768.99,419.42,74.18,228.25,0.7439,-1,-1,-1
274,1,826.23,308.06,153.98,576.00,0.8516,-1,-1,-1
274,4,1150.19,300.65,202.88,606.63,0.8962,-1,-1,-1
274,13,516.40,333.51,179.45,488.39,0.8622,-1,-1,-1
274,14,330.77,334.54,168.70,518.28,0.8700,-1,-1,-1
274,11,999.82,386.37,144.60,378.51,0.7956,-1,-1,-1
274,16,764.75,413.14,72.77,237.73,0.7058,-1,-1,-1
275,1,815.28,301.82,163.54,575.51,0.8568,-1,-1,-1
275,4,1141.13,294.42,209.26,602.00,0.8891,-1,-1,-1
275,13,506.65,326.09,185.26,495.88,0.8633,-1,-1,-1
275,14,316.67,323.33,175.06,524.84,0.8608,-1,-1,-1
275,11,990.32,380.71,151.70,382.02,0.8150,-1,-1,-1
275,16,758.42,404.67,72.17,247.08,0.6670,-1,-1,-1
276,1,806.30,290.91,164.57,580.25,0.8376,-1,-1,-1
276,4,1135.63,288.61,212.44,597.01,0.8892,-1,-1,-1
276,13,497.64,318.16,187.72,505.39,0.8690,-1,-1,-1
276,14,300.61,316.05,181.03,531.53,0.8738,-1,-1,-1
276,11,983.16,373.60,154.58,386.92,0.8268,-1,-1,-1
276,16,752.24,398.43,70.35,251.56,0.6718,-1,-1,-1
277,1,798.04,282.89,164.81,571.50,0.8437,-1,-1,-1
277,4,1130.09,280.94,215.15,595.72,0.8845,-1,-1,-1
277,13,488.17,306.34,188.79,509.57,0.8566,-1,-1,-1
277,14,287.82,304.02,178.99,545.09,0.8822,-1,-1,-1
277,11,987.93,366.51,145.69,393.26,0.7620,-1,-1,-1
277,16,744.33,391.80,69.05,249.87,0.6602,-1,-1,-1
278,1,787.99,277.36,167.41,564.37,0.8565,-1,-1,-1
278,4,1124.84,274.65,215.43,596.12,0.8731,-1,-1,-1
278,13,480.06,298.03,185.75,523.17,0.8625,-1,-1,-1
278,14,273.88,298.98,178.05,553.70,0.8597,-1,-1,-1
278,11,979.60,356.28,151.51,398.94,0.7672,-1,-1,-1
278,16,739.84,386.92,65.31,242.58,0.6231,-1,-1,-1
279,1,778.17,268.83,173.63,563.45,0.8402,-1,-1,-1
279,4,1121.59,266.30,217.14,596.88,0.8720,-1,-1,-1
279,13,472.75,292.20,184.97,530.68,0.8795,-1,-1,-1
279,14,259.03,291.85,185.32,566.48,0.8748,-1,-1,-1
279,11,976.55,346.08,153.52,402.77,0.7963,-1,-1,-1
279,16,733.71,377.04,66.02,242.73,0.6374,-1,-1,-1
280,1,773.95,260.12,173.47,562.23,0.8442,-1,-1,-1
280,4,1118.37,257.11,219.47,600.31,0.8696,-1,-1,-1
280,13,468.45,281.70,184.38,542.65,0.8746,-1,-1,-1
280,14,246.87,279.26,188.03,579.31,0.8669,-1,-1,-1
280,11,979.25,335.38,150.77,407.30,0.7760,-1,-1,-1
280,16,730.25,369.94,65.89,245.84,0.6923,-1,-1,-1
281,1,774.65,251.06,173.50,557.42,0.8473,-1,-1,-1
281,4,1119.32,249.90,218.86,600.66,0.8828,-1,-1,-1
281,13,463.66,271.55,187.12,552.82,0.8881,-1,-1,-1
281,14,235.10,270.11,196.67,589.52,0.8721,-1,-1,-1
281,11,981.72,321.91,149.49,417.03,0.7970,-1,-1,-1
281,16,728.74,364.92,62.71,238.86,0.6351,-1,-1,-1
282,1,765.75,238.58,182.89,565.96,0.8555,-1,-1,-1
282,4,1117.56,240.21,219.88,604.56,0.8779,-1,-1,-1
282,13,458.84,250.68,191.63,568.63,0.8818,-1,-1,-1
282,14,225.43,253.52,203.63,599.53,0.8828,-1,-1,-1
282,11,984.81,308.56,146.49,422.17,0.7747,-1,-1,-1
282,16,727.30,355.25,62.55,244.76,0.6158,-1,-1,-1
283,1,763.06,230.23,186.93,567.98,0.8245,-1,-1,-1
283,4,1118.83,229.46,221.47,607.30,0.8831,-1,-1,-1
283,13,453.64,232.46,197.11,576.73,0.8750,-1,-1,-1
283,14,213.81,239.45,211.95,609.88,0.8723,-1,-1,-1
283,11,985.45,298.39,147.75,428.60,0.7853,-1,-1,-1
283,16,726.44,345.96,62.38,250.18,0.6340,-1,-1,-1
284,1,763.76,222.55,188.72,568.65,0.8240,-1,-1,-1
284,4,1120.87,220.69,222.79,613.40,0.8842,-1,-1,-1
284,13,445.43,220.84,206.51,577.37,0.8763,-1,-1,-1
284,14,205.08,226.69,216.51,626.18,0.8726,-1,-1,-1
284,11,980.79,288.73,157.41,434.98,0.7919,-1,-1,-1
284,16,725.53,340.57,63.59,246.73,0.6227,-1,-1,-1
285,1,766.60,214.84,186.75,572.09,0.8502,-1,-1,-1
285,4,1122.68,212.55,224.83,618.16,0.8894,-1,-1,-1
285,13,438.13,208.03,215.35,588.91,0.8819,-1,-1,-1
285,14,195.47,213.71,222.06,635.65,0.8813,-1,-1,-1
285,11,981.81,281.31,161.00,439.67,0.7200,-1,-1,-1
285,16,726.00,332.74,64.84,250.23,0.6385,-1,-1,-1
286,1,770.94,209.54,184.15,573.25,0.8569,-1,-1,-1
286,4,1125.19,206.00,225.51,622.50,0.8912,-1,-1,-1
286,13,435.17,193.41,219.19,596.82,0.8973,-1,-1,-1
286,14,183.48,201.33,226.18,645.50,0.8713,-1,-1,-1
286,11,976.99,273.10,173.53,452.69,0.7824,-1,-1,-1
286,16,725.56,324.30,67.87,253.19,0.6690,-1,-1,-1
287,1,777.56,202.86,178.70,573.87,0.8645,-1,-1,-1
287,4,1126.62,200.43,231.07,621.04,0.8860,-1,-1,-1
287,13,433.12,179.31,222.11,606.39,0.9020,-1,-1,-1
287,14,174.55,187.67,228.74,654.31,0.8782,-1,-1,-1
287,11,976.37,262.21,182.27,458.55,0.7522,-1,-1,-1
287,16,726.84,314.04,71.30,258.70,0.7310,-1,-1,-1
288,1,779.44,198.87,180.20,571.09,0.8553,-1,-1,-1
288,4,1137.50,192.44,228.60,623.96,0.8755,-1,-1,-1
288,13,431.37,167.06,223.88,617.88,0.8978,-1,-1,-1
288,14,168.31,177.39,228.71,661.52,0.8819,-1,-1,-1
288,11,984.56,256.82,182.68,463.04,0.6565,-1,-1,-1
288,16,730.55,305.22,70.82,260.72,0.7738,-1,-1,-1
289,1,782.94,191.26,184.86,569.66,0.8407,-1,-1,-1
289,4,1146.42,185.51,229.77,626.89,0.8709,-1,-1,-1
289,13,423.87,160.39,233.49,632.46,0.9002,-1,-1,-1
289,14,157.08,164.10,233.29,673.46,0.8979,-1,-1,-1
289,11,1001.00,253.73,172.37,467.57,0.6330,-1,-1,-1
289,16,732.92,298.73,73.08,266.81,0.7492,-1,-1,-1
290,1,788.94,188.27,189.30,569.99,0.8398,-1,-1,-1
290,4,1158.23,182.26,225.25,625.14,0.8728,-1,-1,-1
290,13,418.18,153.41,241.00,649.94,0.9080,-1,-1,-1
290,14,150.09,150.95,233.47,685.79,0.9037,-1,-1,-1
290,11,1019.65,246.72,161.60,478.37,0.7886,-1,-1,-1
290,16,735.87,295.00,73.98,267.07,0.7407,-1,-1,-1
291,1,796.93,183.99,185.35,566.85,0.8223,-1,-1,-1
291,4,1171.90,178.28,218.22,623.04,0.8647,-1,-1,-1
291,13,411.88,148.81,249.19,659.47,0.9072,-1,-1,-1
291,14,139.43,140.55,238.53,696.01,0.9061,-1,-1,-1
291,11,1028.95,239.16,161.26,488.60,0.7919,-1,-1,-1
291,16,739.17,288.39,76.05,268.67,0.7280,-1,-1,-1
292,1,799.25,181.29,187.95,561.67,0.8275,-1,-1,-1
292,4,1182.02,173.52,216.86,618.96,0.8790,-1,-1,-1
292,13,406.79,148.07,256.09,671.06,0.9081,-1,-1,-1
292,14,131.00,134.68,236.89,709.49,0.9045,-1,-1,-1
292,11,1034.27,233.69,165.38,492.11,0.8051,-1,-1,-1
292,16,741.16,283.65,79.75,271.88,0.7387,-1,-1,-1
293,1,808.45,176.72,184.49,555.34,0.8413,-1,-1,-1
293,4,1191.75,170.85,214.45,612.12,0.8885,-1,-1,-1
293,13,401.83,145.45,259.84,686.72,0.9056,-1,-1,-1
293,14,114.81,132.52,245.11,730.34,0.8796,-1,-1,-1
293,11,1038.83,230.33,175.08,496.63,0.8317,-1,-1,-1
293,16,745.15,279.36,82.88,274.00,0.7462,-1,-1,-1
294,1,819.28,173.80,179.89,553.33,0.8254,-1,-1,-1
294,4,1207.58,170.30,209.42,611.26,0.8750,-1,-1,-1
294,13,399.77,144.17,261.53,700.33,0.9051,-1,-1,-1
294,14,88.95,132.08,265.72,751.71,0.8919,-1,-1,-1
294,11,1047.22,227.16,179.10,500.54,0.8480,-1,-1,-1
294,16,751.46,278.76,86.62,274.35,0.7554,-1,-1,-1
294,19,966.13,200.63,97.01,428.30,0.7163,-1,-1,-1
295,1,828.51,179.89,179.38,550.55,0.8325,-1,-1,-1
295,4,1223.48,171.34,202.16,613.37,0.8756,-1,-1,-1
295,13,396.29,142.20,265.18,725.15,0.9053,-1,-1,-1
295,14,64.24,130.46,284.52,767.87,0.8917,-1,-1,-1
295,11,1054.75,222.48,183.20,510.61,0.8542,-1,-1,-1
295,16,758.00,278.88,88.87,276.78,0.7888,-1,-1,-1
295,19,972.80,201.88,89.44,430.83,0.6422,-1,-1,-1
296,1,838.12,177.40,174.53,553.59,0.8425,-1,-1,-1
296,4,1236.00,172.43,197.21,616.23,0.8677,-1,-1,-1
296,13,390.85,137.52,271.92,744.72,0.9053,-1,-1,-1
296,14,41.17,130.10,299.37,780.61,0.8953,-1,-1,-1
296,11,1062.48,213.37,184.27,529.57,0.8659,-1,-1,-1
296,16,761.59,277.47,92.00,279.01,0.7958,-1,-1,-1
296,19,974.63,200.85,94.97,429.48,0.6068,-1,-1,-1
297,1,849.94,177.87,165.15,555.28,0.8252,-1,-1,-1
297,4,1249.83,172.35,193.02,623.57,0.8732,-1,-1,-1
297,13,383.40,131.64,277.47,759.15,0.9120,-1,-1,-1
297,14,29.72,127.33,304.18,799.09,0.8992,-1,-1,-1
297,11,1071.04,208.57,191.44,538.88,0.8557,-1,-1,-1
297,16,768.28,276.61,90.56,279.16,0.7940,-1,-1,-1
297,19,979.29,206.41,109.75,415.76,0.6991,-1,-1,-1
298,1,857.10,179.46,163.75,555.84,0.8207,-1,-1,-1
298,4,1261.34,172.02,189.07,629.20,0.8681,-1,-1,-1
298,13,376.54,121.57,281.58,776.01,0.9057,-1,-1,-1
298,14,24.70,124.31,302.29,815.79,0.9006,-1,-1,-1
298,11,1077.91,204.90,195.41,546.84,0.8600,-1,-1,-1
298,16,773.27,277.86,90.10,275.92,0.8058,-1,-1,-1
298,19,984.98,213.59,106.54,416.60,0.6981,-1,-1,-1
299,1,865.67,180.86,157.97,555.50,0.8375,-1,-1,-1
299,4,1265.95,169.82,189.58,634.82,0.8652,-1,-1,-1
299,13,368.51,109.61,285.19,793.91,0.9076,-1,-1,-1
299,14,18.19,115.43,303.84,841.50,0.8969,-1,-1,-1
299,11,1080.02,203.63,204.76,553.23,0.8726,-1,-1,-1
299,16,778.08,277.56,91.28,278.70,0.7901,-1,-1,-1
299,19,990.74,206.32,101.52,424.84,0.6974,-1,-1,-1
300,1,868.87,183.50,156.29,557.85,0.8303,-1,-1,-1
300,4,1262.38,168.97,199.22,639.51,0.8556,-1,-1,-1
300,13,355.74,98.61,295.52,810.42,0.9086,-1,-1,-1
300,14,8.24,107.80,309.45,869.39,0.8934,-1,-1,-1
300,11,1085.16,201.49,212.23,567.35,0.8651,-1,-1,-1
300,16,781.47,277.06,93.91,279.64,0.7573,-1,-1,-1
300,19,997.01,203.34,98.16,425.62,0.7376,-1,-1,-1
301,1,872.46,182.78,154.44,558.65,0.8478,-1,-1,-1
301,4,1257.63,166.98,210.39,646.84,0.8449,-1,-1,-1
301,13,342.89,84.97,304.78,829.62,0.9150,-1,-1,-1
301,14,-1.16,98.52,310.56,890.29,0.9062,-1,-1,-1
301,11,1089.62,200.16,216.75,582.09,0.8557,-1,-1,-1
301,16,783.58,276.91,95.45,279.40,0.7729,-1,-1,-1
301,19,1003.23,202.35,103.05,424.74,0.7580,-1,-1,-1
302,1,875.49,183.79,152.64,558.74,0.8387,-1,-1,-1
302,4,1261.29,168.72,210.01,649.32,0.8352,-1,-1,-1
302,13,327.12,75.09,315.96,842.96,0.8990,-1,-1,-1
302,14,-5.20,85.35,299.98,913.76,0.8999,-1,-1,-1
302,11,1095.32,198.37,216.19,584.95,0.8601,-1,-1,-1
302,16,782.70,276.76,98.16,280.73,0.7839,-1,-1,-1
302,19,1007.04,201.44,101.35,425.70,0.7562,-1,-1,-1
303,1,878.58,184.04,149.04,558.15,0.8491,-1,-1,-1
303,4,1264.75,170.47,206.90,650.57,0.8203,-1,-1,-1
303,13,312.89,60.68,325.40,861.05,0.9052,-1,-1,-1
303,14,-6.55,67.09,285.03,940.00,0.9199,-1,-1,-1
303,11,1102.46,198.28,210.01,586.08,0.8450,-1,-1,-1
303,16,781.83,276.80,99.96,281.22,0.7874,-1,-1,-1
303,19,1009.31,202.04,96.90,425.99,0.7691,-1,-1,-1
304,1,875.91,183.84,149.51,560.51,0.8530,-1,-1,-1
304,4,1271.14,170.76,200.44,653.01,0.8169,-1,-1,-1
304,13,299.25,55.00,334.67,873.83,0.9151,-1,-1,-1
304,14,-6.55,50.93,257.60,961.24,0.9053,-1,-1,-1
304,11,1104.96,196.84,207.37,607.17,0.8094,-1,-1,-1
304,16,783.36,277.74,97.65,280.99,0.7857,-1,-1,-1
304,19,1010.24,205.87,96.56,423.12,0.7774,-1,-1,-1
305,1,869.48,186.29,153.52,563.65,0.8584,-1,-1,-1
305,4,1278.23,170.51,192.54,655.51,0.8156,-1,-1,-1
305,13,289.63,47.44,339.82,909.22,0.9232,-1,-1,-1
305,14,-5.60,36.78,226.68,981.36,0.8994,-1,-1,-1
305,11,1105.42,197.07,208.09,619.19,0.8279,-1,-1,-1
305,16,783.21,278.93,96.48,281.42,0.7691,-1,-1,-1
305,19,1010.06,209.96,96.23,420.23,0.7821,-1,-1,-1
306,1,861.99,185.81,158.39,563.61,0.8555,-1,-1,-1
306,4,1281.69,170.01,187.68,653.62,0.8278,-1,-1,-1
306,13,273.47,43.47,349.81,943.38,0.9223,-1,-1,-1
306,14,-5.14,31.16,203.30,1000.14,0.9007,-1,-1,-1
306,11,1104.44,196.23,209.81,639.82,0.8549,-1,-1,-1
306,16,782.61,278.78,96.40,285.28,0.7620,-1,-1,-1
306,19,1008.65,209.74,96.79,422.12,0.7791,-1,-1,-1
307,1,858.02,184.21,158.77,555.55,0.8396,-1,-1,-1
307,4,1290.78,168.61,178.06,656.52,0.8342,-1,-1,-1
307,13,253.27,37.91,364.44,973.67,0.9121,-1,-1,-1
307,14,-4.49,29.63,180.29,1026.78,0.8718,-1,-1,-1
307,11,1103.61,194.21,214.18,653.02,0.8695,-1,-1,-1
307,16,781.05,276.10,94.62,290.17,0.7257,-1,-1,-1
307,19,1004.48,211.79,100.21,420.22,0.7993,-1,-1,-1
308,1,855.05,182.25,159.84,552.36,0.8265,-1,-1,-1
308,4,1292.67,166.88,173.70,658.10,0.8201,-1,-1,-1
308,13,238.64,33.46,368.67,1002.42,0.9127,-1,-1,-1
308,14,-3.34,97.13,153.16,964.84,0.7838,-1,-1,-1
308,11,1102.40,190.87,220.41,668.20,0.8624,-1,-1,-1
308,16,779.06,275.95,93.16,289.79,0.7534,-1,-1,-1
308,19,1001.26,212.48,101.82,423.17,0.7789,-1,-1,-1
309,1,849.50,183.14,163.51,551.76,0.8232,-1,-1,-1
309,4,1292.82,168.77,168.09,654.89,0.8161,-1,-1,-1
309,13,219.33,33.88,375.80,1022.16,0.9073,-1,-1,-1
309,14,-2.78,151.17,129.81,904.70,0.8346,-1,-1,-1
309,11,1097.49,189.42,226.22,678.94,0.8720,-1,-1,-1
309,16,775.99,279.20,88.67,283.12,0.7653,-1,-1,-1
309,19,998.35,213.14,103.27,425.26,0.7737,-1,-1,-1
310,1,845.89,181.87,167.64,547.65,0.8141,-1,-1,-1
310,4,1295.14,166.63,164.38,660.03,0.8175,-1,-1,-1
310,13,199.56,27.88,385.52,1032.21,0.9192,-1,-1,-1
310,14,-1.66,175.53,110.19,637.70,0.7405,-1,-1,-1
310,11,1095.63,180.12,232.03,695.31,0.8821,-1,-1,-1
310,16,775.45,277.21,85.35,286.34,0.7566,-1,-1,-1
310,19,997.27,211.89,105.34,425.64,0.7730,-1,-1,-1
311,1,834.04,183.22,180.42,547.76,0.8268,-1,-1,-1
311,4,1299.39,165.51,160.93,656.96,0.8227,-1,-1,-1
311,13,182.74,17.18,391.79,1057.41,0.9179,-1,-1,-1
311,14,-0.93,196.10,92.69,526.29,0.7663,-1,-1,-1
311,11,1094.92,174.70,238.53,705.07,0.8850,-1,-1,-1
311,16,775.62,273.72,82.84,290.01,0.7436,-1,-1,-1
311,19,997.69,209.53,102.80,427.91,0.7597,-1,-1,-1
312,1,826.92,183.60,188.06,550.88,0.8292,-1,-1,-1
312,4,1306.72,164.75,156.51,650.86,0.8074,-1,-1,-1
312,13,165.13,7.88,399.71,1072.16,0.9187,-1,-1,-1
312,11,1099.93,164.20,240.87,719.80,0.8852,-1,-1,-1
312,16,774.30,272.15,81.53,292.83,0.7624,-1,-1,-1
312,19,998.49,206.87,102.36,432.24,0.7451,-1,-1,-1
313,1,819.71,183.90,194.79,553.85,0.8410,-1,-1,-1
313,4,1307.43,163.85,155.46,649.86,0.8349,-1,-1,-1
313,13,142.89,3.65,413.36,1074.27,0.9193,-1,-1,-1
313,11,1102.70,150.54,244.93,739.89,0.9039,-1,-1,-1
313,16,771.02,270.81,81.78,296.22,0.7449,-1,-1,-1
313,19,999.19,207.62,102.24,435.37,0.7381,-1,-1,-1
314,1,815.18,184.16,196.47,553.80,0.8282,-1,-1,-1
314,4,1306.62,160.90,157.01,653.37,0.8444,-1,-1,-1
314,13,120.86,1.16,428.10,1076.69,0.9262,-1,-1,-1
314,11,1101.94,141.49,250.32,756.42,0.9016,-1,-1,-1
314,16,766.73,270.88,84.09,294.72,0.7468,-1,-1,-1
314,19,997.07,209.99,99.69,434.58,0.7384,-1,-1,-1
315,1,817.02,182.76,191.92,552.31,0.8238,-1,-1,-1
315,4,1311.46,157.49,153.23,647.06,0.8539,-1,-1,-1
315,13,91.80,-0.80,448.72,1077.98,0.9281,-1,-1,-1
315,11,1104.72,133.27,251.31,781.14,0.8933,-1,-1,-1
315,16,764.50,269.34,84.38,296.44,0.7852,-1,-1,-1
315,19,994.81,214.95,103.35,425.60,0.7509,-1,-1,-1
316,1,816.33,182.82,191.36,552.69,0.8327,-1,-1,-1
316,4,1311.92,154.38,153.68,648.48,0.8472,-1,-1,-1
316,13,58.55,-2.08,470.60,1078.34,0.9244,-1,-1,-1
316,11,1108.77,126.49,253.31,806.92,0.8758,-1,-1,-1
316,16,761.33,266.21,85.08,298.28,0.8011,-1,-1,-1
316,19,995.22,214.63,99.54,429.40,0.7438,-1,-1,-1
317,1,815.04,181.08,191.83,553.70,0.8487,-1,-1,-1
317,4,1316.99,149.94,147.68,655.67,0.8296,-1,-1,-1
317,13,26.64,-1.18,491.36,1079.61,0.9127,-1,-1,-1
317,11,1110.76,116.66,259.73,832.05,0.8756,-1,-1,-1
317,16,760.24,263.49,84.95,299.55,0.8027,-1,-1,-1
317,19,993.01,215.23,99.15,428.71,0.7490,-1,-1,-1
318,1,815.96,180.73,189.75,550.79,0.8554,-1,-1,-1
318,4,1320.42,147.56,142.86,660.10,0.8408,-1,-1,-1
318,13,3.25,-0.75,499.28,1076.84,0.9352,-1,-1,-1
318,11,1113.61,109.93,267.01,848.84,0.8675,-1,-1,-1
318,16,756.68,261.34,87.24,298.84,0.8060,-1,-1,-1
318,19,989.96,213.19,102.19,427.21,0.7453,-1,-1,-1
319,1,814.27,176.70,190.46,553.38,0.8724,-1,-1,-1
319,4,1324.36,144.07,138.35,661.49,0.7974,-1,-1,-1
319,13,-6.57,1.09,494.22,1073.03,0.9363,-1,-1,-1
319,11,1116.85,99.31,274.65,876.08,0.8563,-1,-1,-1
319,16,746.60,259.76,96.06,300.96,0.7687,-1,-1,-1
319,19,986.90,210.23,104.45,428.06,0.7701,-1,-1,-1
320,1,811.24,172.00,192.65,552.46,0.8588,-1,-1,-1
320,4,1333.12,139.37,130.52,664.97,0.7603,-1,-1,-1
320,13,-9.49,2.09,478.41,1070.81,0.9442,-1,-1,-1
320,11,1119.96,94.46,280.70,898.09,0.8739,-1,-1,-1
320,16,742.44,257.57,98.59,304.56,0.7760,-1,-1,-1
320,19,983.94,206.19,106.91,428.49,0.7800,-1,-1,-1
321,1,807.43,166.79,195.20,556.34,0.8603,-1,-1,-1
321,4,1339.85,134.33,126.78,665.37,0.6844,-1,-1,-1
321,13,-9.48,1.14,455.73,1071.35,0.9350,-1,-1,-1
321,11,1128.08,88.28,284.91,929.23,0.8599,-1,-1,-1
321,16,739.34,255.23,99.59,306.76,0.7511,-1,-1,-1
321,19,981.18,202.90,109.60,428.02,0.7954,-1,-1,-1
322,1,815.49,165.06,186.85,554.89,0.8672,-1,-1,-1
322,13,-8.40,3.17,430.67,1068.81,0.9326,-1,-1,-1
322,11,1135.99,80.70,310.64,958.55,0.8698,-1,-1,-1
322,16,735.74,252.33,100.48,309.26,0.7627,-1,-1,-1
322,19,978.38,198.87,110.83,427.41,0.8071,-1,-1,-1
323,1,818.84,162.89,182.15,549.95,0.8679,-1,-1,-1
323,13,-6.94,4.09,402.19,1064.59,0.9174,-1,-1,-1
323,11,1140.39,71.48,327.79,981.34,0.8946,-1,-1,-1
323,16,731.23,250.36,103.23,312.93,0.7614,-1,-1,-1
323,19,975.47,196.82,112.92,423.83,0.7988,-1,-1,-1
324,1,819.85,166.36,178.24,539.58,0.8714,-1,-1,-1
324,13,-5.65,5.05,368.68,1064.78,0.9323,-1,-1,-1
324,11,1150.14,62.52,328.78,1005.23,0.9057,-1,-1,-1
324,16,727.86,250.91,103.15,316.28,0.7620,-1,-1,-1
324,19,973.96,195.98,113.75,422.42,0.7912,-1,-1,-1
325,1,825.77,165.67,171.32,538.94,0.8731,-1,-1,-1
325,13,-4.47,5.88,331.83,1063.02,0.9180,-1,-1,-1
325,11,1158.66,51.53,326.94,1024.75,0.9014,-1,-1,-1
325,16,721.92,251.53,105.79,317.99,0.7679,-1,-1,-1
325,19,973.46,194.92,113.96,424.04,0.7898,-1,-1,-1
326,1,828.66,165.04,168.48,540.45,0.8596,-1,-1,-1
326,13,-3.27,6.90,319.29,1063.05,0.8383,-1,-1,-1
326,11,1165.24,35.69,330.46,1041.93,0.9037,-1,-1,-1
326,16,714.47,250.75,111.61,320.74,0.8044,-1,-1,-1
326,19,973.64,193.97,113.96,427.36,0.7917,-1,-1,-1
327,1,830.63,167.36,166.81,542.15,0.8588,-1,-1,-1
327,13,-2.08,8.41,258.05,1063.11,0.7914,-1,-1,-1
327,11,1174.27,25.03,337.73,1054.34,0.8797,-1,-1,-1
327,16,711.53,252.68,113.07,321.65,0.8103,-1,-1,-1
327,19,974.47,195.73,112.90,428.95,0.8010,-1,-1,-1
328,1,831.47,167.03,165.51,543.33,0.8505,-1,-1,-1
328,13,-1.25,7.93,194.06,1059.67,0.5432,-1,-1,-1
328,11,1180.10,12.02,354.60,1067.19,0.8862,-1,-1,-1
328,16,711.61,251.12,110.54,320.44,0.8148,-1,-1,-1
328,19,974.81,195.02,111.84,429.83,0.7968,-1,-1,-1
329,1,838.36,165.34,162.28,550.08,0.8470,-1,-1,-1
329,13,-0.09,42.50,137.49,740.54,0.6082,-1,-1,-1
329,11,1191.10,3.75,365.59,1072.92,0.8879,-1,-1,-1
329,16,709.64,249.82,113.06,323.39,0.8112,-1,-1,-1
329,19,976.20,196.37,111.67,430.88,0.7773,-1,-1,-1
330,1,843.26,163.93,159.63,558.24,0.8480,-1,-1,-1
330,11,1207.51,0.35,369.35,1077.98,0.9027,-1,-1,-1
330,16,709.27,250.30,113.93,327.41,0.8103,-1,-1,-1
330,19,980.33,199.18,113.21,429.89,0.7864,-1,-1,-1
331,1,846.96,170.79,158.13,558.70,0.8283,-1,-1,-1
331,11,1224.18,-1.11,383.26,1075.30,0.9053,-1,-1,-1
331,16,710.51,251.81,112.91,330.80,0.7927,-1,-1,-1
331,19,984.78,202.55,113.57,430.91,0.7895,-1,-1,-1
332,1,852.05,178.18,155.66,559.68,0.8326,-1,-1,-1
332,11,1239.10,-1.04,394.38,1073.69,0.9074,-1,-1,-1
332,16,710.03,254.13,113.98,330.71,0.8177,-1,-1,-1
332,19,987.46,205.36,113.72,433.27,0.7767,-1,-1,-1
333,1,852.62,183.18,155.12,560.78,0.8342,-1,-1,-1
333,11,1258.01,-0.92,403.76,1077.33,0.8986,-1,-1,-1
333,16,707.74,256.01,116.04,331.30,0.8162,-1,-1,-1
333,19,988.36,209.21,113.65,432.12,0.7654,-1,-1,-1
334,1,850.79,189.15,157.00,561.28,0.8281,-1,-1,-1
334,11,1268.12,1.37,424.48,1071.99,0.8802,-1,-1,-1
334,16,704.60,256.86,118.61,335.56,0.8239,-1,-1,-1
334,19,988.82,215.25,115.70,431.20,0.7868,-1,-1,-1
335,1,850.19,194.30,155.71,558.31,0.8273,-1,-1,-1
335,11,1272.79,1.27,456.04,1070.29,0.8816,-1,-1,-1
335,16,702.31,258.22,119.88,338.68,0.8354,-1,-1,-1
335,19,990.90,220.31,115.65,431.11,0.7874,-1,-1,-1
336,1,846.85,196.35,155.95,559.96,0.8166,-1,-1,-1
336,11,1301.95,1.63,470.08,1071.42,0.8630,-1,-1,-1
336,16,699.35,260.43,120.27,339.39,0.8277,-1,-1,-1
336,19,988.76,222.83,118.62,433.45,0.7733,-1,-1,-1
337,1,843.17,198.34,157.74,558.70,0.8060,-1,-1,-1
337,11,1322.34,1.78,505.05,1075.08,0.8613,-1,-1,-1
337,16,693.67,260.43,121.44,345.84,0.8258,-1,-1,-1
337,19,984.44,224.96,118.65,434.08,0.7440,-1,-1,-1
337,20,1245.07,166.67,189.79,641.88,0.8166,-1,-1,-1
338,1,835.17,199.31,163.54,558.17,0.8051,-1,-1,-1
338,11,1308.32,1.87,572.76,1074.21,0.8667,-1,-1,-1
338,16,688.57,264.42,122.58,346.12,0.8236,-1,-1,-1
338,19,980.66,227.78,123.23,437.09,0.7653,-1,-1,-1
338,20,1236.16,166.63,200.34,660.29,0.7975,-1,-1,-1
339,1,828.46,193.84,168.59,555.42,0.8117,-1,-1,-1
339,11,1305.96,2.45,599.94,1069.58,0.8687,-1,-1,-1
339,16,684.41,266.92,123.28,350.57,0.8342,-1,-1,-1
339,19,978.25,230.19,124.00,437.72,0.7799,-1,-1,-1
339,20,1233.39,164.43,202.01,688.88,0.7663,-1,-1,-1
340,1,823.45,190.37,173.18,551.07,0.8297,-1,-1,-1
340,11,1308.61,2.11,615.34,1067.93,0.9069,-1,-1,-1
340,16,681.90,267.54,122.25,352.59,0.8165,-1,-1,-1
340,19,977.74,229.55,124.45,438.22,0.7768,-1,-1,-1
340,20,1235.38,167.12,187.04,689.81,0.7245,-1,-1,-1
341,1,821.98,189.14,174.85,547.95,0.8322,-1,-1,-1
341,11,1314.61,-0.18,615.55,1068.87,0.7943,-1,-1,-1
341,16,678.83,266.66,122.26,356.48,0.8112,-1,-1,-1
341,19,980.09,226.96,124.55,439.74,0.7800,-1,-1,-1
341,20,1234.36,161.11,207.17,702.90,0.8385,-1,-1,-1
342,1,816.67,187.97,180.96,548.24,0.8410,-1,-1,-1
342,11,1324.22,-1.59,606.24,1071.06,0.7249,-1,-1,-1
342,16,673.51,262.63,125.67,362.93,0.8047,-1,-1,-1
342,19,981.95,225.47,122.84,439.76,0.7763,-1,-1,-1
342,20,1233.54,160.73,211.55,700.07,0.8682,-1,-1,-1
343,1,811.48,189.34,185.29,547.59,0.8416,-1,-1,-1
343,11,1335.06,-1.72,594.80,1067.43,0.8409,-1,-1,-1
343,16,668.36,258.42,126.44,367.09,0.8083,-1,-1,-1
343,19,979.10,224.81,126.26,439.21,0.7748,-1,-1,-1
343,20,1230.96,159.99,214.36,697.82,0.8766,-1,-1,-1
344,1,809.39,186.92,186.72,551.90,0.8395,-1,-1,-1
344,11,1360.69,-2.12,567.15,1067.48,0.6158,-1,-1,-1
344,16,663.44,256.90,126.15,367.01,0.8233,-1,-1,-1
344,19,978.47,223.25,125.85,439.01,0.7764,-1,-1,-1
344,20,1227.33,158.30,214.78,701.33,0.8709,-1,-1,-1
345,1,804.39,185.49,190.41,555.46,0.8207,-1,-1,-1
345,11,1397.22,-0.61,528.29,1030.68,0.2931,-1,-1,-1
345,16,659.38,253.98,125.07,371.58,0.8165,-1,-1,-1
345,19,979.74,221.58,124.51,434.70,0.7704,-1,-1,-1
345,20,1222.53,148.22,222.12,710.42,0.8771,-1,-1,-1
346,1,797.22,186.35,193.01,556.52,0.8373,-1,-1,-1
346,11,1444.62,1.68,480.97,916.98,0.4372,-1,-1,-1
346,16,654.44,250.63,124.73,373.10,0.8278,-1,-1,-1
346,19,972.14,217.27,130.96,433.21,0.7825,-1,-1,-1
346,20,1213.51,145.22,237.29,715.00,0.8884,-1,-1,-1
347,1,795.48,188.03,188.83,555.95,0.8246,-1,-1,-1
347,11,1491.02,6.55,433.43,921.80,0.7919,-1,-1,-1
347,16,646.12,248.73,125.69,374.32,0.8122,-1,-1,-1
347,19,967.52,216.37,130.75,431.23,0.7904,-1,-1,-1
347,20,1201.42,145.59,248.56,712.50,0.8844,-1,-1,-1
348,1,796.76,188.35,185.57,554.69,0.8372,-1,-1,-1
348,11,1554.73,15.41,368.98,922.38,0.8337,-1,-1,-1
348,16,638.05,244.36,127.56,377.95,0.8083,-1,-1,-1
348,19,964.52,214.35,130.46,429.42,0.7690,-1,-1,-1
348,20,1194.31,141.91,254.86,710.61,0.8905,-1,-1,-1
349,1,797.72,189.13,184.49,554.88,0.8326,-1,-1,-1
349,11,1628.83,41.87,294.39,844.67,0.6176,-1,-1,-1
349,16,630.22,237.85,130.95,387.48,0.8216,-1,-1,-1
349,19,961.25,213.75,132.42,429.66,0.7864,-1,-1,-1
349,20,1186.96,140.80,259.10,701.76,0.8941,-1,-1,-1
349,21,759.26,225.96,88.75,403.01,0.6880,-1,-1,-1
350,1,797.07,190.95,184.25,551.41,0.8526,-1,-1,-1
350,16,623.40,235.44,132.67,390.52,0.8169,-1,-1,-1
350,19,961.34,215.32,129.08,429.84,0.7827,-1,-1,-1
350,20,1179.93,141.26,262.29,695.91,0.9023,-1,-1,-1
350,21,755.18,224.28,91.78,407.68,0.7421,-1,-1,-1
351,1,795.30,191.89,186.03,547.90,0.8546,-1,-1,-1
351,16,618.30,236.80,133.39,394.11,0.8098,-1,-1,-1
351,19,964.38,216.59,122.17,430.81,0.7628,-1,-1,-1
351,20,1171.82,142.80,266.54,694.64,0.9032,-1,-1,-1
351,21,751.05,221.69,92.86,413.40,0.7205,-1,-1,-1
352,1,797.81,191.11,182.76,548.10,0.8531,-1,-1,-1
352,16,611.90,235.74,134.22,397.85,0.8205,-1,-1,-1
352,19,961.34,216.90,121.62,433.56,0.7865,-1,-1,-1
352,20,1164.08,142.97,271.71,697.81,0.9019,-1,-1,-1
352,21,743.63,218.85,97.18,419.72,0.7637,-1,-1,-1
353,1,799.75,189.38,181.94,549.22,0.8543,-1,-1,-1
353,16,606.88,230.74,131.79,402.53,0.8318,-1,-1,-1
353,19,959.10,216.26,119.89,432.98,0.7815,-1,-1,-1
353,20,1158.16,142.31,271.96,701.74,0.9062,-1,-1,-1
353,21,736.38,213.18,100.88,426.97,0.7589,-1,-1,-1
354,1,797.38,190.99,180.76,542.23,0.8786,-1,-1,-1
354,16,596.51,228.98,135.07,403.87,0.8403,-1,-1,-1
354,19,958.21,217.67,115.51,431.55,0.8014,-1,-1,-1
354,20,1151.19,143.12,272.04,706.84,0.9091,-1,-1,-1
354,21,727.92,211.73,107.00,431.13,0.7819,-1,-1,-1
355,1,796.03,190.10,177.53,536.09,0.8716,-1,-1,-1
355,16,588.23,228.63,133.47,406.14,0.8504,-1,-1,-1
355,19,952.62,218.88,113.19,429.95,0.8028,-1,-1,-1
355,20,1145.34,143.25,273.76,710.43,0.9114,-1,-1,-1
355,21,718.09,208.04,114.05,438.20,0.7994,-1,-1,-1
356,1,794.39,187.69,175.41,531.69,0.8466,-1,-1,-1
356,16,574.34,225.21,139.55,411.71,0.7325,-1,-1,-1
356,19,945.87,219.60,112.65,429.67,0.7970,-1,-1,-1
356,20,1137.90,142.15,277.83,713.24,0.9122,-1,-1,-1
356,21,711.83,206.22,113.23,442.14,0.7955,-1,-1,-1
357,1,793.14,188.23,172.66,527.16,0.8535,-1,-1,-1
357,16,567.20,223.71,137.43,416.69,0.8210,-1,-1,-1
357,19,940.22,216.77,111.04,431.27,0.7734,-1,-1,-1
357,20,1134.76,140.95,275.27,716.58,0.9101,-1,-1,-1
357,21,699.80,203.66,118.68,447.60,0.8155,-1,-1,-1
358,1,786.92,185.08,171.38,534.16,0.8456,-1,-1,-1
358,16,555.55,220.90,138.08,416.92,0.8382,-1,-1,-1
358,19,936.49,215.80,108.26,434.50,0.7533,-1,-1,-1
358,20,1128.30,141.04,276.38,719.19,0.9096,-1,-1,-1
358,21,686.32,199.24,125.01,453.46,0.8257,-1,-1,-1
359,1,786.31,182.20,164.85,538.13,0.8553,-1,-1,-1
359,16,540.92,221.17,140.94,420.46,0.8263,-1,-1,-1
359,19,926.29,216.34,109.79,437.76,0.7785,-1,-1,-1
359,20,1121.69,140.63,278.44,720.82,0.9081,-1,-1,-1
359,21,673.40,195.27,134.31,453.93,0.7879,-1,-1,-1
360,1,780.93,179.81,163.52,543.44,0.8693,-1,-1,-1
360,16,526.76,220.21,144.67,427.01,0.8213,-1,-1,-1
360,19,918.20,214.85,108.55,441.89,0.8035,-1,-1,-1
360,20,1115.62,140.43,278.17,724.00,0.9103,-1,-1,-1
360,21,659.32,193.23,140.42,458.68,0.8506,-1,-1,-1
361,1,774.36,179.44,163.14,545.28,0.8703,-1,-1,-1
361,16,512.34,219.01,146.96,431.06,0.8109,-1,-1,-1
361,19,912.79,214.95,105.30,444.09,0.8197,-1,-1,-1
361,20,1110.84,140.90,276.58,726.55,0.9074,-1,-1,-1
361,21,650.50,190.81,141.94,466.51,0.8320,-1,-1,-1
362,1,769.14,180.81,161.41,550.05,0.8696,-1,-1,-1
362,16,495.05,222.21,151.02,431.97,0.8175,-1,-1,-1
362,19,906.00,216.59,103.68,441.26,0.7835,-1,-1,-1
362,20,1106.73,141.62,274.25,726.28,0.9081,-1,-1,-1
362,21,635.21,191.48,150.72,467.23,0.8563,-1,-1,-1
362,24,989.16,318.59,74.00,187.01,0.6265,-1,-1,-1
363,1,764.67,183.66,158.95,549.28,0.8489,-1,-1,-1
363,16,482.22,222.01,152.75,441.94,0.7931,-1,-1,-1
363,19,900.40,213.55,100.27,441.82,0.7349,-1,-1,-1
363,20,1102.48,140.43,273.99,732.82,0.9080,-1,-1,-1
363,21,620.18,191.32,158.47,470.27,0.8522,-1,-1,-1
363,24,982.81,319.85,74.24,190.12,0.5420,-1,-1,-1
364,1,763.54,188.38,154.63,549.83,0.8128,-1,-1,-1
364,16,466.93,219.22,158.83,454.13,0.7916,-1,-1,-1
364,19,897.36,211.01,98.01,441.45,0.7013,-1,-1,-1
364,20,1101.82,137.64,272.23,736.43,0.9066,-1,-1,-1
364,21,607.80,189.21,167.01,478.84,0.8518,-1,-1,-1
364,24,973.63,313.49,78.97,196.79,0.5648,-1,-1,-1
365,1,763.13,192.99,155.84,548.78,0.8135,-1,-1,-1
365,16,442.99,221.31,177.64,458.74,0.8290,-1,-1,-1
365,19,896.04,210.33,93.74,445.44,0.6420,-1,-1,-1
365,20,1102.13,137.43,270.46,738.05,0.8993,-1,-1,-1
365,21,593.63,191.25,179.21,483.71,0.8248,-1,-1,-1
365,24,968.35,316.08,81.46,196.58,0.5230,-1,-1,-1
366,1,760.95,198.69,153.98,544.88,0.8147,-1,-1,-1
366,16,438.76,222.06,174.17,462.17,0.8047,-1,-1,-1
366,19,894.13,212.08,89.77,441.77,0.6736,-1,-1,-1
366,20,1100.38,138.18,268.59,733.04,0.9022,-1,-1,-1
366,21,586.70,195.30,182.31,483.91,0.8613,-1,-1,-1
366,24,963.61,321.14,83.53,194.33,0.4406,-1,-1,-1
367,1,760.63,198.03,152.69,544.05,0.8245,-1,-1,-1
367,16,435.19,221.10,169.79,466.50,0.7961,-1,-1,-1
367,19,894.06,208.05,87.28,441.14,0.6700,-1,-1,-1
367,20,1100.54,135.26,268.41,727.62,0.9027,-1,-1,-1
367,21,587.89,192.51,179.97,489.71,0.8712,-1,-1,-1
367,24,963.16,313.41,82.87,198.92,0.4089,-1,-1,-1
368,1,760.45,198.05,153.67,545.42,0.8273,-1,-1,-1
368,16,432.22,220.41,173.17,471.77,0.8180,-1,-1,-1
368,19,894.47,206.49,84.88,437.81,0.6240,-1,-1,-1
368,20,1100.70,133.60,268.09,722.96,0.9023,-1,-1,-1
368,21,590.72,192.09,174.83,498.30,0.8601,-1,-1,-1
368,24,959.83,309.94,83.48,199.77,0.4082,-1,-1,-1
369,1,760.03,195.95,158.65,546.81,0.8538,-1,-1,-1
369,16,427.35,220.29,173.57,474.34,0.8271,-1,-1,-1
369,19,895.42,204.30,83.46,437.79,0.5820,-1,-1,-1
369,20,1103.07,133.32,266.09,717.35,0.9053,-1,-1,-1
369,21,590.56,190.71,170.88,505.23,0.8629,-1,-1,-1
369,24,959.37,313.60,85.24,197.87,0.4774,-1,-1,-1
370,1,760.19,194.79,163.04,542.16,0.8226,-1,-1,-1
370,16,423.45,221.45,174.27,476.37,0.8256,-1,-1,-1
370,19,896.38,205.49,83.70,437.89,0.6350,-1,-1,-1
370,20,1104.99,133.23,264.69,716.72,0.9057,-1,-1,-1
370,21,587.95,192.54,168.82,509.62,0.8553,-1,-1,-1
370,24,961.46,289.73,80.17,221.04,0.2559,-1,-1,-1
371,1,759.51,195.92,165.38,538.97,0.8487,-1,-1,-1
371,16,419.63,223.38,177.08,479.25,0.8530,-1,-1,-1
371,19,898.17,207.39,83.71,439.92,0.6904,-1,-1,-1
371,20,1107.10,133.56,261.54,720.31,0.9058,-1,-1,-1
371,21,585.15,194.53,168.31,516.53,0.8636,-1,-1,-1
371,24,963.75,303.94,79.89,208.50,0.2860,-1,-1,-1
372,1,761.99,195.88,164.43,539.19,0.8480,-1,-1,-1
372,16,416.85,224.10,178.26,481.47,0.8712,-1,-1,-1
372,19,901.48,208.81,81.71,442.05,0.6808,-1,-1,-1
372,20,1111.27,133.33,257.14,726.15,0.9057,-1,-1,-1
372,21,581.27,193.93,170.16,523.96,0.8649,-1,-1,-1
372,24,964.58,313.07,78.91,200.79,0.4479,-1,-1,-1
373,1,762.55,198.65,166.51,539.00,0.8569,-1,-1,-1
373,16,414.01,225.97,177.85,483.38,0.8658,-1,-1,-1
373,19,902.60,210.35,81.05,439.80,0.6623,-1,-1,-1
373,20,1113.78,136.86,254.69,729.65,0.8972,-1,-1,-1
373,21,575.58,193.88,174.63,528.91,0.8677,-1,-1,-1
373,24,965.95,320.97,81.47,196.97,0.4451,-1,-1,-1
374,1,763.57,198.81,167.96,540.27,0.8473,-1,-1,-1
374,16,409.78,226.53,176.89,487.36,0.8637,-1,-1,-1
374,19,903.67,211.05,83.88,443.25,0.6742,-1,-1,-1
374,20,1115.88,139.53,251.59,735.11,0.8924,-1,-1,-1
374,21,569.52,192.52,178.99,532.99,0.8709,-1,-1,-1
374,24,967.35,327.21,83.18,193.32,0.4818,-1,-1,-1
375,1,765.88,201.18,167.19,543.05,0.8542,-1,-1,-1
375,16,404.26,229.65,175.59,488.84,0.8468,-1,-1,-1
375,19,906.67,211.50,82.23,446.17,0.6609,-1,-1,-1
375,20,1118.75,141.23,247.32,740.84,0.8947,-1,-1,-1
375,21,562.10,192.07,186.57,541.14,0.8769,-1,-1,-1
375,24,967.71,330.24,82.22,195.23,0.5216,-1,-1,-1
376,1,769.14,203.92,165.31,546.39,0.8528,-1,-1,-1
376,16,397.07,230.21,173.72,499.16,0.8513,-1,-1,-1
376,19,908.87,218.03,81.68,447.13,0.6486,-1,-1,-1
376,20,1121.66,143.42,241.25,746.78,0.8952,-1,-1,-1
376,21,558.19,192.00,189.60,548.87,0.8625,-1,-1,-1
376,24,967.92,322.46,83.75,206.76,0.3927,-1,-1,-1
377,1,773.28,206.79,163.02,549.04,0.8859,-1,-1,-1
377,16,393.95,227.28,172.53,512.58,0.8409,-1,-1,-1
377,19,913.29,222.95,77.83,447.11,0.7020,-1,-1,-1
377,20,1122.53,150.67,239.38,747.78,0.8950,-1,-1,-1
377,21,551.41,189.52,195.08,553.66,0.8650,-1,-1,-1
377,24,971.39,334.13,82.34,199.58,0.4275,-1,-1,-1
378,1,780.05,211.35,158.82,548.03,0.8389,-1,-1,-1
378,16,388.87,223.00,172.74,524.46,0.8226,-1,-1,-1
378,19,915.92,230.15,77.38,441.45,0.7253,-1,-1,-1
378,20,1123.76,156.12,238.33,748.80,0.8988,-1,-1,-1
378,21,545.01,188.34,200.91,555.84,0.8593,-1,-1,-1
378,24,973.95,338.45,81.84,198.42,0.3580,-1,-1,-1
379,1,780.71,214.37,160.28,551.53,0.8407,-1,-1,-1
379,16,385.97,221.67,168.83,533.60,0.8023,-1,-1,-1
379,19,918.12,235.11,76.27,437.16,0.6468,-1,-1,-1
379,20,1124.70,157.32,236.76,754.08,0.8962,-1,-1,-1
379,21,538.12,189.56,206.25,560.50,0.8640,-1,-1,-1
379,24,973.22,338.84,83.15,201.11,0.4153,-1,-1,-1
380,1,783.58,217.18,159.42,549.87,0.8447,-1,-1,-1
380,16,377.78,217.32,173.39,546.00,0.8125,-1,-1,-1
380,19,916.83,238.92,80.07,434.68,0.7157,-1,-1,-1
380,20,1124.57,159.26,235.59,756.84,0.8913,-1,-1,-1
380,21,533.32,188.44,209.04,567.95,0.8709,-1,-1,-1
380,24,977.23,345.24,80.37,196.79,0.3368,-1,-1,-1
381,1,784.37,220.34,160.16,548.58,0.8392,-1,-1,-1
381,16,374.00,213.72,174.46,556.70,0.8109,-1,-1,-1
381,19,916.62,242.62,80.80,433.14,0.7359,-1,-1,-1
381,20,1121.96,158.84,235.14,756.42,0.8836,-1,-1,-1
381,21,524.26,185.43,213.67,577.41,0.8745,-1,-1,-1
381,24,979.70,344.19,78.80,198.65,0.3933,-1,-1,-1
382,1,784.82,220.67,159.74,546.15,0.8466,-1,-1,-1
382,16,370.47,211.33,177.66,566.63,0.8097,-1,-1,-1
382,19,918.29,244.32,82.52,434.49,0.7014,-1,-1,-1
382,20,1119.38,157.50,233.55,760.09,0.8809,-1,-1,-1
382,21,520.82,183.41,215.06,588.39,0.8719,-1,-1,-1
382,24,982.04,351.43,77.00,192.49,0.4968,-1,-1,-1
382,25,733.33,317.07,61.00,212.34,0.6499,-1,-1,-1
383,1,785.34,218.71,159.82,543.07,0.8410,-1,-1,-1
383,16,364.60,208.09,177.74,571.08,0.8214,-1,-1,-1
383,19,919.76,242.19,83.67,437.16,0.6831,-1,-1,-1
383,20,1114.31,154.94,233.77,762.07,0.8807,-1,-1,-1
383,21,513.46,180.20,220.48,599.40,0.8766,-1,-1,-1
383,24,983.36,353.31,74.73,190.35,0.4693,-1,-1,-1
383,25,732.12,318.07,60.42,208.87,0.6420,-1,-1,-1
384,1,785.78,218.04,161.29,541.23,0.8468,-1,-1,-1
384,16,356.67,206.90,180.94,573.81,0.8233,-1,-1,-1
384,19,920.04,244.44,94.19,435.95,0.5743,-1,-1,-1
384,20,1110.21,152.99,235.00,766.18,0.8834,-1,-1,-1
384,21,506.52,178.12,223.59,607.34,0.8648,-1,-1,-1
384,24,982.02,351.82,75.85,192.36,0.2775,-1,-1,-1
384,25,728.52,320.28,61.80,209.60,0.6527,-1,-1,-1
385,1,785.58,218.27,163.61,543.21,0.8421,-1,-1,-1
385,16,348.51,209.50,187.71,574.87,0.8393,-1,-1,-1
385,19,919.44,246.33,99.90,435.55,0.6018,-1,-1,-1
385,20,1106.88,155.85,239.29,763.24,0.8836,-1,-1,-1
385,21,504.72,176.97,223.45,616.20,0.8602,-1,-1,-1
385,24,979.81,351.41,76.21,195.64,0.2941,-1,-1,-1
385,25,726.73,322.46,64.08,211.47,0.6964,-1,-1,-1
386,1,782.28,216.19,168.06,536.20,0.8175,-1,-1,-1
386,16,341.28,208.86,186.69,573.67,0.8332,-1,-1,-1
386,19,920.71,245.10,92.48,429.72,0.5449,-1,-1,-1
386,20,1098.45,156.41,250.00,758.93,0.8874,-1,-1,-1
386,21,495.18,174.72,231.30,622.03,0.8638,-1,-1,-1
386,24,978.46,351.03,76.24,196.69,0.3380,-1,-1,-1
386,25,727.16,321.30,62.03,210.07,0.6590,-1,-1,-1
387,1,778.73,214.17,170.01,532.45,0.8362,-1,-1,-1
387,16,332.39,203.03,188.16,583.72,0.8386,-1,-1,-1
387,19,919.37,245.00,84.74,430.23,0.6180,-1,-1,-1
387,20,1088.38,156.34,260.92,752.82,0.8935,-1,-1,-1
387,21,486.06,170.12,236.52,631.12,0.8618,-1,-1,-1
387,24,977.91,350.08,76.29,197.63,0.3534,-1,-1,-1
387,25,722.69,318.66,64.72,211.47,0.6777,-1,-1,-1
388,1,777.70,212.02,171.12,531.90,0.8344,-1,-1,-1
388,16,322.19,194.99,190.83,595.13,0.8473,-1,-1,-1
388,19,918.01,241.28,85.32,433.08,0.5092,-1,-1,-1
388,20,1083.62,157.72,266.53,747.01,0.8875,-1,-1,-1
388,21,479.02,166.95,238.17,646.00,0.8643,-1,-1,-1
388,24,976.35,348.58,76.26,199.12,0.3804,-1,-1,-1
388,25,718.99,317.44,67.47,210.69,0.7096,-1,-1,-1
389,1,778.20,209.85,167.14,536.45,0.8425,-1,-1,-1
389,16,315.05,187.44,191.01,604.55,0.8410,-1,-1,-1
389,19,916.53,242.26,84.01,433.76,0.5924,-1,-1,-1
389,20,1081.67,157.50,268.78,747.90,0.8912,-1,-1,-1
389,21,476.52,162.56,236.75,657.40,0.8636,-1,-1,-1
389,24,974.43,334.15,79.94,216.20,0.3132,-1,-1,-1
389,25,717.19,316.92,68.50,211.91,0.6895,-1,-1,-1
390,1,777.36,210.19,164.57,539.49,0.8473,-1,-1,-1
390,16,306.24,184.19,196.02,609.51,0.8351,-1,-1,-1
390,19,915.06,242.32,81.88,433.40,0.6596,-1,-1,-1
390,20,1077.95,157.23,273.98,750.31,0.8852,-1,-1,-1
390,21,475.67,157.18,235.81,668.67,0.8716,-1,-1,-1
390,24,975.53,337.29,79.20,214.88,0.3829,-1,-1,-1
390,25,715.15,317.01,70.95,212.69,0.7297,-1,-1,-1
391,1,773.55,209.61,164.68,542.50,0.8497,-1,-1,-1
391,16,295.41,180.91,200.87,614.42,0.8369,-1,-1,-1
391,19,911.60,238.25,83.68,436.32,0.6521,-1,-1,-1
391,20,1069.41,157.26,283.15,754.75,0.8882,-1,-1,-1
391,21,474.37,150.23,237.05,678.50,0.8719,-1,-1,-1
391,24,976.36,340.90,75.48,211.34,0.6001,-1,-1,-1
391,25,711.62,316.31,73.95,213.21,0.7366,-1,-1,-1
392,1,771.08,210.38,163.80,545.80,0.8335,-1,-1,-1
392,16,286.71,175.28,202.68,624.73,0.8498,-1,-1,-1
392,19,908.84,235.43,82.71,439.21,0.6606,-1,-1,-1
392,20,1062.42,156.40,289.49,763.41,0.8942,-1,-1,-1
392,21,473.95,143.73,235.62,689.03,0.8750,-1,-1,-1
392,24,976.51,335.24,73.80,216.01,0.4818,-1,-1,-1
392,25,707.92,314.35,77.04,214.64,0.7612,-1,-1,-1
393,1,769.14,216.56,165.57,540.23,0.8213,-1,-1,-1
393,16,273.63,171.61,208.85,633.37,0.8570,-1,-1,-1
393,19,906.17,237.81,84.05,437.18,0.6173,-1,-1,-1
393,20,1058.18,156.81,293.46,768.82,0.8968,-1,-1,-1
393,21,471.89,139.48,233.91,696.47,0.8784,-1,-1,-1
393,24,974.55,331.13,74.70,219.59,0.5626,-1,-1,-1
393,25,706.04,313.86,78.01,216.50,0.7595,-1,-1,-1
394,1,767.17,218.31,162.64,538.90,0.8076,-1,-1,-1
394,16,260.81,164.72,216.44,642.74,0.8638,-1,-1,-1
394,19,904.79,234.72,82.01,436.08,0.6198,-1,-1,-1
394,20,1055.76,156.16,294.96,772.12,0.9046,-1,-1,-1
394,21,465.80,133.27,235.44,704.73,0.8821,-1,-1,-1
394,24,972.52,329.85,76.41,220.02,0.6046,-1,-1,-1
394,25,703.00,313.06,78.77,216.00,0.7511,-1,-1,-1
395,1,761.85,219.64,163.86,539.02,0.8036,-1,-1,-1
395,16,231.38,159.77,238.30,648.79,0.8654,-1,-1,-1
395,19,901.61,232.41,81.49,436.96,0.6269,-1,-1,-1
395,20,1052.61,155.85,297.20,776.63,0.9004,-1,-1,-1
395,21,461.31,126.97,234.41,714.49,0.8771,-1,-1,-1
395,24,970.74,338.07,73.99,210.60,0.6174,-1,-1,-1
395,25,700.68,311.40,78.57,217.26,0.7430,-1,-1,-1
396,1,759.13,221.80,162.31,535.55,0.8090,-1,-1,-1
396,16,223.35,156.55,234.40,660.05,0.8677,-1,-1,-1
396,19,899.64,235.38,81.35,434.03,0.6875,-1,-1,-1
396,20,1050.81,155.83,299.72,778.26,0.8991,-1,-1,-1
396,21,454.89,118.09,236.56,726.06,0.8803,-1,-1,-1
396,24,969.05,338.05,73.49,210.15,0.6421,-1,-1,-1
396,25,697.57,309.37,78.25,218.32,0.7346,-1,-1,-1
397,1,756.78,221.78,160.16,532.11,0.8138,-1,-1,-1
397,16,198.98,155.13,250.67,667.23,0.8703,-1,-1,-1
397,19,897.07,237.46,81.57,430.15,0.6887,-1,-1,-1
397,20,1050.41,155.78,299.67,779.99,0.8980,-1,-1,-1
397,21,445.73,110.37,241.57,736.53,0.8861,-1,-1,-1
397,24,967.81,337.10,75.03,210.12,0.6278,-1,-1,-1
397,25,695.77,308.88,75.27,219.71,0.7447,-1,-1,-1
398,1,752.34,218.68,159.45,535.97,0.8314,-1,-1,-1
398,16,175.11,148.33,268.03,684.40,0.8857,-1,-1,-1
398,19,894.21,238.08,82.57,430.07,0.6814,-1,-1,-1
398,20,1050.03,155.64,297.69,781.42,0.8983,-1,-1,-1
398,21,435.73,102.09,248.51,747.16,0.8952,-1,-1,-1
398,24,967.58,338.03,75.47,208.44,0.6037,-1,-1,-1
398,25,693.27,306.91,72.48,221.29,0.7578,-1,-1,-1
399,1,747.35,216.18,158.69,537.42,0.8551,-1,-1,-1
399,16,143.44,143.79,287.31,697.66,0.8967,-1,-1,-1
399,19,888.50,238.03,87.05,430.49,0.7181,-1,-1,-1
399,20,1050.52,155.25,294.79,784.59,0.8964,-1,-1,-1
399,21,427.18,94.31,253.62,756.72,0.8931,-1,-1,-1
399,24,966.91,336.16,75.73,210.59,0.6219,-1,-1,-1
399,25,691.18,304.49,69.41,223.98,0.7866,-1,-1,-1
400,1,740.73,216.16,159.10,531.72,0.8431,-1,-1,-1
400,16,126.78,141.02,293.56,705.73,0.8944,-1,-1,-1
400,19,882.09,238.63,91.04,431.31,0.7512,-1,-1,-1
400,20,1050.35,154.98,293.38,787.93,0.8989,-1,-1,-1
400,21,418.96,89.90,262.25,764.35,0.8946,-1,-1,-1
400,24,964.91,330.96,80.90,216.95,0.5422,-1,-1,-1
400,25,690.09,304.82,66.84,223.46,0.7739,-1,-1,-1
401,1,732.02,216.22,163.26,521.75,0.8636,-1,-1,-1
401,16,115.48,139.41,294.06,717.63,0.8956,-1,-1,-1
401,19,878.02,235.86,93.20,437.26,0.7815,-1,-1,-1
401,20,1051.54,154.74,290.21,784.86,0.8997,-1,-1,-1
401,21,412.73,84.94,269.72,774.77,0.8992,-1,-1,-1
401,24,964.70,330.15,83.27,217.70,0.6045,-1,-1,-1
401,25,687.54,304.10,65.83,223.62,0.7248,-1,-1,-1
402,1,728.27,213.15,164.98,520.35,0.8794,-1,-1,-1
402,16,110.82,135.67,289.37,727.64,0.8979,-1,-1,-1
402,19,875.06,234.87,96.52,438.56,0.8049,-1,-1,-1
402,20,1054.66,149.72,285.31,790.60,0.8973,-1,-1,-1
402,21,406.58,79.71,276.96,790.65,0.8986,-1,-1,-1
402,24,965.98,329.66,80.97,216.79,0.6070,-1,-1,-1
402,25,687.19,302.19,63.61,225.26,0.5678,-1,-1,-1
403,1,725.98,212.53,165.53,521.30,0.8769,-1,-1,-1
403,16,104.06,134.58,283.99,746.05,0.8964,-1,-1,-1
403,19,873.76,236.25,97.68,438.64,0.8047,-1,-1,-1
403,20,1058.54,149.71,281.03,795.89,0.8966,-1,-1,-1
403,21,399.47,75.51,284.99,812.60,0.9080,-1,-1,-1
403,24,969.17,338.85,77.43,207.97,0.5807,-1,-1,-1
403,25,687.26,302.86,62.57,227.66,0.5820,-1,-1,-1
404,1,723.97,212.97,166.33,523.59,0.8641,-1,-1,-1
404,16,94.15,132.22,282.64,767.15,0.9013,-1,-1,-1
404,19,873.61,237.57,98.85,442.95,0.8012,-1,-1,-1
404,20,1063.71,149.79,281.37,796.04,0.8900,-1,-1,-1
404,21,390.95,73.91,292.12,834.87,0.9093,-1,-1,-1
404,24,970.84,339.38,78.10,210.14,0.6391,-1,-1,-1
404,25,686.98,304.38,62.48,228.49,0.5454,-1,-1,-1
405,1,725.30,214.15,164.04,524.61,0.8625,-1,-1,-1
405,16,79.63,129.62,287.86,781.75,0.8915,-1,-1,-1
405,19,873.59,238.49,99.06,441.95,0.8015,-1,-1,-1
405,20,1064.36,150.64,284.83,792.93,0.8890,-1,-1,-1
405,21,379.43,73.37,301.85,841.74,0.9082,-1,-1,-1
405,24,972.47,338.91,79.50,211.18,0.6548,-1,-1,-1
405,25,687.82,303.98,61.17,229.59,0.5205,-1,-1,-1
406,1,724.19,215.17,166.04,525.84,0.8496,-1,-1,-1
406,16,60.42,128.09,300.10,790.76,0.8919,-1,-1,-1
406,19,873.90,238.78,101.04,439.52,0.7962,-1,-1,-1
406,20,1066.05,149.90,286.69,785.57,0.8773,-1,-1,-1
406,21,368.55,71.39,312.79,852.18,0.9054,-1,-1,-1
406,24,975.76,341.75,82.91,211.41,0.6669,-1,-1,-1
406,25,689.30,304.17,61.78,231.24,0.4906,-1,-1,-1
407,1,726.33,217.00,164.97,527.36,0.8585,-1,-1,-1
407,16,56.59,122.42,301.01,804.18,0.8889,-1,-1,-1
407,19,873.96,238.89,102.18,441.25,0.7979,-1,-1,-1
407,20,1070.93,149.54,284.22,780.50,0.8776,-1,-1,-1
407,21,358.19,72.41,325.20,860.66,0.9049,-1,-1,-1
407,24,978.41,345.53,84.03,209.12,0.6534,-1,-1,-1
407,25,690.05,305.04,63.38,234.71,0.5944,-1,-1,-1
408,1,726.15,219.50,166.71,528.18,0.8642,-1,-1,-1
408,16,42.78,118.12,310.99,813.70,0.9036,-1,-1,-1
408,19,873.25,239.77,104.51,441.14,0.7924,-1,-1,-1
408,20,1076.32,149.33,280.64,778.81,0.8891,-1,-1,-1
408,21,351.73,70.33,331.50,874.66,0.9037,-1,-1,-1
408,24,981.14,338.10,84.88,218.00,0.6136,-1,-1,-1
408,25,693.54,305.14,60.86,237.25,0.4709,-1,-1,-1
409,1,729.28,220.98,166.48,532.25,0.8603,-1,-1,-1
409,16,44.16,114.74,309.88,825.17,0.9047,-1,-1,-1
409,19,874.25,241.81,106.70,437.94,0.8036,-1,-1,-1
409,20,1083.83,150.23,275.86,782.15,0.8948,-1,-1,-1
409,21,352.32,68.19,329.76,893.42,0.9088,-1,-1,-1
409,24,986.98,342.66,79.50,212.74,0.6596,-1,-1,-1
409,25,699.78,306.80,55.29,240.16,0.4864,-1,-1,-1
410,1,732.63,223.51,165.65,533.63,0.8374,-1,-1,-1
410,16,40.43,111.35,313.54,836.05,0.9032,-1,-1,-1
410,19,876.11,240.53,113.27,438.00,0.7898,-1,-1,-1
410,20,1091.41,151.30,271.98,785.37,0.8921,-1,-1,-1
410,21,356.59,65.49,321.46,911.22,0.9161,-1,-1,-1
410,24,994.36,345.81,76.15,210.00,0.6307,-1,-1,-1
410,25,704.92,308.75,56.72,241.93,0.6059,-1,-1,-1
411,1,734.80,224.63,168.79,534.91,0.8013,-1,-1,-1
411,16,32.42,105.97,313.32,846.39,0.9078,-1,-1,-1
411,19,881.52,239.83,113.42,437.96,0.7869,-1,-1,-1
411,20,1099.83,149.92,267.38,792.89,0.8893,-1,-1,-1
411,21,357.97,61.77,317.82,924.07,0.9157,-1,-1,-1
411,24,1000.40,349.76,79.99,207.73,0.6637,-1,-1,-1
411,25,710.85,308.92,54.94,241.92,0.5888,-1,-1,-1
412,1,737.19,226.23,171.35,532.37,0.8135,-1,-1,-1
412,16,22.12,97.98,314.26,858.17,0.9169,-1,-1,-1
412,19,888.59,236.86,110.72,441.97,0.7514,-1,-1,-1
412,20,1103.82,152.75,269.57,797.24,0.8925,-1,-1,-1
412,21,354.08,57.03,319.17,952.44,0.9129,-1,-1,-1
412,24,1004.70,347.38,82.43,211.16,0.7007,-1,-1,-1
412,25,716.57,308.80,55.23,240.46,0.5468,-1,-1,-1
413,1,741.37,226.63,172.41,529.26,0.8178,-1,-1,-1
413,16,6.77,91.23,320.86,868.38,0.9265,-1,-1,-1
413,19,891.72,232.10,113.68,444.72,0.7521,-1,-1,-1
413,20,1105.88,153.78,274.06,802.07,0.8973,-1,-1,-1
413,21,347.18,50.19,324.48,975.25,0.9110,-1,-1,-1
413,24,1010.78,344.99,80.30,213.25,0.5990,-1,-1,-1
413,25,723.65,307.26,54.02,240.79,0.4619,-1,-1,-1
413,26,653.90,346.26,58.34,187.39,0.6632,-1,-1,-1
414,1,749.50,227.02,168.97,526.24,0.8209,-1,-1,-1
414,16,-0.31,83.86,321.53,879.08,0.9297,-1,-1,-1
414,19,894.37,233.13,119.56,445.04,0.7817,-1,-1,-1
414,20,1110.06,153.85,274.37,806.08,0.8896,-1,-1,-1
414,21,339.10,40.27,327.02,994.83,0.9023,-1,-1,-1
414,24,1016.97,341.80,78.83,216.24,0.6409,-1,-1,-1
414,25,728.01,304.11,56.06,241.59,0.4851,-1,-1,-1
414,26,655.71,342.58,63.20,195.67,0.6429,-1,-1,-1
415,1,753.09,224.80,168.95,527.64,0.8248,-1,-1,-1
415,16,-3.07,78.35,319.73,885.94,0.9252,-1,-1,-1
415,19,899.60,237.41,118.85,441.54,0.8091,-1,-1,-1
415,20,1115.31,153.68,273.10,809.41,0.8864,-1,-1,-1
415,21,329.34,28.72,335.79,1015.48,0.9130,-1,-1,-1
415,24,1020.65,347.31,82.12,212.66,0.6746,-1,-1,-1
415,25,731.51,302.95,56.79,237.93,0.4361,-1,-1,-1
415,26,656.08,341.92,66.80,190.12,0.6434,-1,-1,-1
416,1,751.15,221.51,174.31,524.41,0.8437,-1,-1,-1
416,16,-3.83,68.06,315.36,905.62,0.9217,-1,-1,-1
416,19,904.35,237.06,120.04,444.63,0.7921,-1,-1,-1
416,20,1119.87,152.15,272.22,813.65,0.8904,-1,-1,-1
416,21,319.29,15.74,343.97,1035.50,0.9137,-1,-1,-1
416,24,1023.38,348.74,84.53,211.32,0.5940,-1,-1,-1
416,25,734.94,297.97,59.05,240.01,0.2755,-1,-1,-1
416,26,656.87,340.80,68.00,187.72,0.6558,-1,-1,-1
417,1,748.68,221.33,179.12,521.91,0.8357,-1,-1,-1
417,16,-4.13,58.24,311.40,939.84,0.9180,-1,-1,-1
417,19,906.53,237.20,120.65,444.66,0.7984,-1,-1,-1
417,20,1123.89,151.33,269.44,821.59,0.8916,-1,-1,-1
417,21,300.09,6.05,359.74,1051.97,0.9090,-1,-1,-1
417,24,1028.23,345.65,83.11,213.08,0.6626,-1,-1,-1
417,25,736.17,296.51,59.90,240.71,0.2230,-1,-1,-1
417,26,657.07,340.79,68.96,188.68,0.6611,-1,-1,-1
418,1,747.23,219.51,181.84,521.08,0.8436,-1,-1,-1
418,16,-4.46,49.68,289.23,974.11,0.9162,-1,-1,-1
418,19,909.44,234.47,122.26,444.79,0.7835,-1,-1,-1
418,20,1126.86,148.61,267.79,826.05,0.8920,-1,-1,-1
418,21,281.42,0.80,373.97,1061.30,0.9150,-1,-1,-1
418,24,1031.00,338.04,83.24,218.25,0.6659,-1,-1,-1
418,26,656.20,339.44,69.25,190.92,0.6717,-1,-1,-1
419,1,745.29,212.58,182.60,528.37,0.8542,-1,-1,-1
419,16,-4.52,41.91,269.40,990.63,0.9105,-1,-1,-1
419,19,910.36,233.91,121.01,443.75,0.7779,-1,-1,-1
419,20,1126.81,147.04,268.27,825.64,0.8904,-1,-1,-1
419,21,260.67,-0.51,389.16,1067.81,0.9215,-1,-1,-1
419,24,1032.23,336.97,84.25,219.13,0.6328,-1,-1,-1
419,26,653.33,337.40,69.11,198.77,0.6737,-1,-1,-1
420,1,742.73,209.18,183.82,532.30,0.8564,-1,-1,-1
420,16,-3.71,37.75,251.71,1004.43,0.9036,-1,-1,-1
420,19,909.79,234.87,123.01,445.53,0.7857,-1,-1,-1
420,20,1126.58,144.24,268.97,827.19,0.8896,-1,-1,-1
420,21,243.37,-0.32,400.46,1074.32,0.9256,-1,-1,-1
420,24,1031.78,333.73,89.05,224.68,0.6361,-1,-1,-1
420,26,650.64,336.86,68.28,204.67,0.6764,-1,-1,-1
421,1,741.57,209.84,185.26,530.94,0.8576,-1,-1,-1
421,16,-3.22,27.58,235.01,993.08,0.9001,-1,-1,-1
421,19,908.75,234.66,122.47,444.38,0.7927,-1,-1,-1
421,20,1123.54,139.79,273.81,830.24,0.8914,-1,-1,-1
421,21,223.99,0.13,413.90,1075.84,0.9258,-1,-1,-1
421,24,1031.45,334.11,90.63,224.20,0.6428,-1,-1,-1
421,26,648.78,336.17,69.08,205.70,0.6758,-1,-1,-1
422,1,739.86,210.33,184.14,537.81,0.8470,-1,-1,-1
422,16,-2.81,17.30,216.86,991.75,0.8890,-1,-1,-1
422,19,907.26,235.08,122.25,445.02,0.7922,-1,-1,-1
422,20,1119.55,132.32,278.55,835.18,0.8867,-1,-1,-1
422,21,204.00,-0.72,424.00,1079.03,0.9196,-1,-1,-1
422,24,1030.99,337.43,89.83,220.41,0.5482,-1,-1,-1
422,26,644.54,333.74,69.52,209.43,0.6860,-1,-1,-1
423,1,737.76,211.07,179.63,537.73,0.8480,-1,-1,-1
423,16,-2.34,13.07,196.62,995.95,0.8901,-1,-1,-1
423,19,906.47,237.45,121.65,444.75,0.7742,-1,-1,-1
423,20,1111.99,127.97,286.66,838.79,0.8932,-1,-1,-1
423,21,187.01,-0.81,429.62,1081.21,0.9225,-1,-1,-1
423,24,1030.27,340.21,90.15,218.86,0.5632,-1,-1,-1
423,26,640.23,332.44,72.67,213.08,0.7178,-1,-1,-1
424,1,736.53,213.49,175.07,533.45,0.8379,-1,-1,-1
424,16,-1.83,9.72,175.96,1004.61,0.8764,-1,-1,-1
424,19,903.00,240.30,126.12,442.39,0.7510,-1,-1,-1
424,20,1106.72,126.83,293.99,838.55,0.9005,-1,-1,-1
424,21,165.67,0.27,438.53,1081.47,0.9273,-1,-1,-1
424,24,1028.43,340.89,88.15,218.70,0.6042,-1,-1,-1
424,26,636.59,332.04,75.81,213.71,0.7002,-1,-1,-1
425,1,731.86,213.13,176.21,535.51,0.8378,-1,-1,-1
425,16,-1.69,6.65,150.87,1010.94,0.8435,-1,-1,-1
425,19,899.03,239.19,127.65,440.67,0.7743,-1,-1,-1
425,20,1100.78,125.25,300.25,832.15,0.9028,-1,-1,-1
425,21,139.22,-0.56,454.82,1079.20,0.9243,-1,-1,-1
425,24,1027.83,338.68,86.17,219.32,0.6202,-1,-1,-1
425,26,632.05,327.53,76.26,218.88,0.7005,-1,-1,-1
426,1,731.59,212.76,173.23,535.50,0.8401,-1,-1,-1
426,16,-1.15,94.98,126.15,715.33,0.5750,-1,-1,-1
426,19,894.69,236.84,132.69,442.16,0.7950,-1,-1,-1
426,20,1093.21,125.32,309.27,820.74,0.9032,-1,-1,-1
426,21,112.15,-0.87,468.63,1077.27,0.9262,-1,-1,-1
426,24,1026.24,334.76,85.28,220.03,0.6319,-1,-1,-1
426,26,629.57,325.92,74.68,217.97,0.6846,-1,-1,-1
427,1,728.00,214.07,176.56,536.99,0.8310,-1,-1,-1
427,16,-0.61,138.44,97.50,567.25,0.7120,-1,-1,-1
427,19,895.19,236.15,132.58,442.60,0.7799,-1,-1,-1
427,20,1086.81,127.42,315.86,813.35,0.9002,-1,-1,-1
427,21,77.73,0.13,488.63,1073.60,0.9224,-1,-1,-1
427,24,1024.69,332.68,84.82,222.62,0.5847,-1,-1,-1
427,26,625.64,326.10,73.89,220.98,0.7198,-1,-1,-1
428,1,719.81,218.14,181.30,532.20,0.8337,-1,-1,-1
428,16,-0.48,155.60,73.29,531.09,0.4361,-1,-1,-1
428,19,891.72,235.85,135.88,442.71,0.7978,-1,-1,-1
428,20,1081.29,128.87,321.15,814.19,0.9039,-1,-1,-1
428,21,46.70,1.64,510.15,1071.39,0.9213,-1,-1,-1
428,24,1024.23,332.56,81.59,223.49,0.4998,-1,-1,-1
428,26,620.10,326.57,74.22,221.44,0.7151,-1,-1,-1
429,1,710.89,216.21,185.86,539.33,0.8318,-1,-1,-1
429,19,892.41,234.70,132.86,441.91,0.7767,-1,-1,-1
429,20,1076.09,130.57,322.58,816.51,0.9048,-1,-1,-1
429,21,10.73,1.72,533.25,1071.49,0.9302,-1,-1,-1
429,24,1026.52,330.83,77.76,227.00,0.4855,-1,-1,-1
429,26,615.09,327.79,71.45,222.43,0.7547,-1,-1,-1
430,1,703.48,214.39,179.40,544.78,0.8380,-1,-1,-1
430,19,893.24,233.75,129.28,437.87,0.7791,-1,-1,-1
430,20,1069.97,132.49,327.98,820.38,0.9091,-1,-1,-1
430,21,-5.07,1.66,539.62,1071.78,0.9266,-1,-1,-1
430,24,1030.22,329.47,74.66,224.69,0.4598,-1,-1,-1
430,26,611.30,324.97,71.16,224.76,0.7132,-1,-1,-1
431,1,694.76,212.01,174.81,552.38,0.8260,-1,-1,-1
431,19,892.33,232.79,127.98,435.26,0.7825,-1,-1,-1
431,20,1067.05,133.12,329.19,824.54,0.9050,-1,-1,-1
431,21,-10.53,1.68,533.75,1071.87,0.9298,-1,-1,-1
431,24,1033.36,328.66,72.25,225.42,0.3722,-1,-1,-1
431,26,605.64,325.27,74.79,228.14,0.6759,-1,-1,-1
432,1,685.41,209.09,175.33,566.80,0.8332,-1,-1,-1
432,19,892.79,231.21,126.98,433.52,0.7886,-1,-1,-1
432,20,1065.38,133.50,330.78,828.96,0.9038,-1,-1,-1
432,21,-11.20,3.17,526.35,1071.55,0.9352,-1,-1,-1
432,24,1035.26,327.83,71.41,225.17,0.3758,-1,-1,-1
432,26,602.54,325.90,73.68,229.10,0.6594,-1,-1,-1
433,1,679.35,205.84,177.84,563.20,0.8283,-1,-1,-1
433,19,892.99,230.73,126.01,431.84,0.7958,-1,-1,-1
433,20,1066.56,132.60,330.40,832.94,0.9033,-1,-1,-1
433,21,-10.12,4.25,514.54,1066.99,0.9355,-1,-1,-1
433,24,1010.60,315.01,73.97,236.52,0.5634,-1,-1,-1
433,26,599.84,324.52,74.23,228.99,0.6440,-1,-1,-1
434,1,675.99,202.11,176.41,573.28,0.8403,-1,-1,-1
434,19,892.75,227.99,126.26,432.17,0.7960,-1,-1,-1
434,20,1069.75,130.70,328.45,834.53,0.9013,-1,-1,-1
434,21,-8.33,3.10,503.15,1066.16,0.9387,-1,-1,-1
434,24,1005.03,310.24,72.52,238.99,0.5197,-1,-1,-1
434,26,597.27,321.16,72.63,231.82,0.6849,-1,-1,-1
435,1,674.29,198.82,173.99,565.86,0.8254,-1,-1,-1
435,19,891.50,225.55,127.92,431.81,0.7788,-1,-1,-1
435,20,1071.41,128.23,328.00,837.12,0.9037,-1,-1,-1
435,21,-6.63,2.10,492.07,1065.95,0.9396,-1,-1,-1
435,24,1001.35,305.25,72.25,240.71,0.5408,-1,-1,-1
435,26,595.30,319.11,73.45,233.22,0.6859,-1,-1,-1
436,1,672.08,195.91,174.44,558.20,0.7974,-1,-1,-1
436,19,896.43,223.95,123.30,432.01,0.7698,-1,-1,-1
436,20,1073.69,125.34,327.00,841.79,0.9070,-1,-1,-1
436,21,-5.31,1.60,481.44,1067.02,0.9397,-1,-1,-1
436,24,998.28,302.47,73.63,242.16,0.5420,-1,-1,-1
436,26,594.74,317.39,73.14,233.02,0.7085,-1,-1,-1
436,27,515.33,307.28,52.82,200.01,0.6141,-1,-1,-1
437,1,669.24,193.50,173.77,539.58,0.8136,-1,-1,-1
437,19,899.94,222.99,120.33,432.18,0.7558,-1,-1,-1
437,20,1077.74,121.02,325.01,845.33,0.9055,-1,-1,-1
437,21,-4.01,1.33,466.83,1071.63,0.9357,-1,-1,-1
437,24,995.88,300.61,72.17,241.71,0.5714,-1,-1,-1
437,26,591.72,313.49,74.94,232.65,0.7235,-1,-1,-1
437,27,515.19,338.33,51.12,166.18,0.5871,-1,-1,-1
438,1,663.91,194.05,175.73,531.15,0.8385,-1,-1,-1
438,19,903.43,223.21,116.87,433.75,0.7556,-1,-1,-1
438,20,1079.58,118.40,324.26,839.91,0.9003,-1,-1,-1
438,21,-2.90,2.92,444.64,1070.30,0.9349,-1,-1,-1
438,24,994.45,300.37,72.46,240.55,0.5696,-1,-1,-1
438,26,589.19,312.60,75.19,233.79,0.7308,-1,-1,-1
438,27,513.19,337.91,50.71,168.54,0.4228,-1,-1,-1
438,28,816.79,300.66,83.55,231.39,0.6723,-1,-1,-1
439,1,661.25,194.80,174.84,528.08,0.8540,-1,-1,-1
439,19,905.16,223.51,114.25,435.61,0.7576,-1,-1,-1
439,20,1083.66,115.51,321.04,840.89,0.9012,-1,-1,-1
439,21,-2.69,3.61,420.23,1070.67,0.9277,-1,-1,-1
439,24,993.96,300.44,72.58,238.38,0.6397,-1,-1,-1
439,26,585.36,312.47,75.93,234.44,0.7219,-1,-1,-1
439,27,510.68,332.15,51.32,172.70,0.4342,-1,-1,-1
439,28,812.98,299.55,85.14,236.43,0.7252,-1,-1,-1
440,1,657.22,193.83,175.69,527.37,0.8672,-1,-1,-1
440,19,904.89,221.68,112.88,437.43,0.7694,-1,-1,-1
440,20,1087.41,111.61,320.73,840.69,0.8844,-1,-1,-1
440,21,-2.21,3.17,394.20,1066.87,0.9269,-1,-1,-1
440,24,993.44,299.85,73.82,237.06,0.7044,-1,-1,-1
440,26,582.67,308.71,77.33,241.29,0.7687,-1,-1,-1
440,27,507.34,326.43,52.61,177.32,0.4088,-1,-1,-1
440,28,809.26,297.14,84.54,239.44,0.7015,-1,-1,-1
441,1,656.20,195.42,176.79,528.67,0.8638,-1,-1,-1
441,19,906.53,222.34,111.86,437.81,0.7791,-1,-1,-1
441,20,1092.22,107.41,321.12,841.90,0.8998,-1,-1,-1
441,21,-1.61,3.17,365.25,1065.77,0.9199,-1,-1,-1
441,24,994.16,297.88,75.14,238.90,0.7103,-1,-1,-1
441,26,582.70,306.11,76.81,246.03,0.7663,-1,-1,-1
441,27,506.62,315.48,53.70,189.05,0.4088,-1,-1,-1
441,28,808.87,296.27,83.56,241.55,0.6950,-1,-1,-1
442,1,657.41,198.37,176.43,529.48,0.8552,-1,-1,-1
442,19,910.54,224.65,109.66,435.19,0.7336,-1,-1,-1
442,20,1097.73,107.26,322.00,832.66,0.8975,-1,-1,-1
442,21,-0.79,3.96,332.81,1065.06,0.9136,-1,-1,-1
442,24,995.50,297.91,75.55,242.38,0.6780,-1,-1,-1
442,26,583.60,306.26,76.28,249.00,0.7717,-1,-1,-1
442,27,509.99,327.14,51.86,177.53,0.4275,-1,-1,-1
442,28,811.79,297.53,86.55,238.17,0.7282,-1,-1,-1
442,29,1055.52,315.00,71.51,237.09,0.6572,-1,-1,-1
443,1,662.05,199.28,173.30,527.66,0.8509,-1,-1,-1
443,19,911.43,225.21,109.67,435.26,0.7464,-1,-1,-1
443,20,1103.82,110.43,323.33,821.44,0.8967,-1,-1,-1
443,21,-0.02,4.40,300.29,1063.59,0.8933,-1,-1,-1
443,24,998.13,296.04,79.14,243.62,0.6434,-1,-1,-1
443,26,584.30,308.64,78.28,249.15,0.7729,-1,-1,-1
443,27,513.63,335.03,50.66,171.90,0.4495,-1,-1,-1
443,28,814.69,299.70,87.05,232.45,0.7587,-1,-1,-1
443,29,1060.40,314.47,70.29,238.49,0.5983,-1,-1,-1
444,1,667.77,200.46,169.30,521.59,0.8448,-1,-1,-1
444,19,915.28,225.79,107.44,432.68,0.7102,-1,-1,-1
444,20,1112.41,112.59,319.40,814.28,0.9003,-1,-1,-1
444,21,0.56,3.96,268.69,1061.93,0.8392,-1,-1,-1
444,24,999.87,297.09,82.07,243.39,0.6361,-1,-1,-1
444,26,586.18,307.22,79.77,250.88,0.7617,-1,-1,-1
444,27,516.99,341.76,50.35,164.01,0.4906,-1,-1,-1
444,28,818.07,299.47,85.10,233.49,0.7713,-1,-1,-1
444,29,1062.67,302.65,71.76,246.70,0.5810,-1,-1,-1
445,1,673.23,202.89,169.16,512.55,0.8420,-1,-1,-1
445,19,913.11,223.07,113.48,438.41,0.7751,-1,-1,-1
445,20,1120.12,118.36,316.50,817.62,0.8973,-1,-1,-1
445,21,0.97,4.73,235.34,1062.18,0.3825,-1,-1,-1
445,24,1006.40,292.33,82.74,246.59,0.7156,-1,-1,-1
445,26,586.48,307.50,82.16,251.30,0.7620,-1,-1,-1
445,27,521.43,334.24,50.49,172.49,0.4917,-1,-1,-1
445,28,821.11,298.52,86.96,235.24,0.7827,-1,-1,-1
445,29,1070.25,302.42,72.43,244.04,0.5707,-1,-1,-1
446,1,680.97,202.55,166.25,502.71,0.8352,-1,-1,-1
446,19,911.15,221.34,118.83,445.45,0.8087,-1,-1,-1
446,20,1128.79,124.33,315.07,818.48,0.9060,-1,-1,-1
446,21,1.14,5.16,276.98,1062.87,0.7279,-1,-1,-1
446,24,1012.34,294.65,80.97,248.34,0.7712,-1,-1,-1
446,26,586.74,309.10,86.84,250.63,0.7384,-1,-1,-1
446,27,524.89,342.89,53.22,164.38,0.5358,-1,-1,-1
446,28,826.32,296.33,86.52,237.78,0.7905,-1,-1,-1
446,29,1078.23,301.18,70.54,245.81,0.6522,-1,-1,-1
447,1,685.42,201.77,169.79,508.05,0.8357,-1,-1,-1
447,19,916.32,220.99,121.86,449.71,0.7667,-1,-1,-1
447,20,1139.45,126.95,310.63,823.38,0.9061,-1,-1,-1
447,24,1017.64,293.27,83.45,250.22,0.7646,-1,-1,-1
447,26,589.52,310.83,88.47,249.27,0.6900,-1,-1,-1
447,27,530.55,353.02,52.28,153.43,0.5005,-1,-1,-1
447,28,833.52,296.24,87.46,238.95,0.7572,-1,-1,-1
447,29,1086.40,300.32,68.50,249.09,0.6897,-1,-1,-1
448,1,689.53,202.02,175.63,518.05,0.8418,-1,-1,-1
448,19,922.67,220.24,123.71,453.45,0.7439,-1,-1,-1
448,20,1147.50,136.30,312.66,823.91,0.9052,-1,-1,-1
448,24,1025.90,296.27,81.97,250.79,0.7390,-1,-1,-1
448,26,591.01,312.72,90.05,248.87,0.6963,-1,-1,-1
448,27,535.88,335.75,52.61,175.02,0.4990,-1,-1,-1
448,28,840.94,297.17,85.56,239.48,0.7968,-1,-1,-1
448,29,1094.62,303.34,69.35,248.30,0.6793,-1,-1,-1
449,1,698.52,203.31,173.40,518.43,0.8162,-1,-1,-1
449,19,931.31,218.27,119.06,454.35,0.7734,-1,-1,-1
449,20,1154.02,142.03,314.62,824.23,0.9073,-1,-1,-1
449,24,1036.68,297.33,78.38,250.08,0.7118,-1,-1,-1
449,26,599.82,315.16,87.22,250.91,0.7450,-1,-1,-1
449,27,541.18,323.49,55.59,189.85,0.5240,-1,-1,-1
449,28,846.74,297.98,85.87,239.27,0.7501,-1,-1,-1
449,29,1102.30,313.12,70.11,240.28,0.6746,-1,-1,-1
450,1,705.84,202.73,172.90,514.43,0.8152,-1,-1,-1
450,19,931.13,218.89,119.99,453.65,0.7803,-1,-1,-1
450,20,1161.94,147.22,310.59,827.29,0.9099,-1,-1,-1
450,24,1040.18,299.08,79.66,247.96,0.7050,-1,-1,-1
450,26,605.85,315.58,85.00,251.02,0.7175,-1,-1,-1
450,27,546.42,326.50,54.67,185.04,0.4894,-1,-1,-1
450,28,852.16,298.68,83.61,236.21,0.7162,-1,-1,-1
450,29,1107.79,314.56,71.20,240.29,0.7049,-1,-1,-1
451,1,710.21,202.23,173.17,513.09,0.8243,-1,-1,-1
451,19,939.10,220.57,117.79,447.74,0.7805,-1,-1,-1
451,20,1170.22,151.44,307.51,830.94,0.9031,-1,-1,-1
451,24,1050.42,291.83,74.82,253.28,0.6919,-1,-1,-1
451,26,606.02,315.46,87.70,253.75,0.7410,-1,-1,-1
451,27,552.10,319.81,54.74,190.90,0.4580,-1,-1,-1
451,28,856.45,295.47,89.05,240.43,0.7236,-1,-1,-1
451,29,1116.15,319.03,71.14,236.44,0.6990,-1,-1,-1
452,1,718.61,201.24,168.21,511.53,0.8417,-1,-1,-1
452,19,946.25,220.68,121.00,440.87,0.7663,-1,-1,-1
452,20,1177.65,154.38,307.63,834.79,0.9044,-1,-1,-1
452,24,1057.13,293.90,78.58,251.37,0.7422,-1,-1,-1
452,26,607.77,315.65,89.72,253.64,0.7351,-1,-1,-1
452,27,558.28,319.73,53.28,186.61,0.4504,-1,-1,-1
452,28,859.04,298.05,91.35,237.82,0.7779,-1,-1,-1
452,29,1124.21,316.96,71.31,240.85,0.6752,-1,-1,-1
453,1,726.20,202.93,165.03,512.65,0.8454,-1,-1,-1
453,19,951.97,218.00,123.27,441.57,0.7951,-1,-1,-1
453,20,1185.14,157.48,305.79,839.03,0.9097,-1,-1,-1
453,24,1065.37,297.45,77.58,252.47,0.7400,-1,-1,-1
453,26,615.31,315.19,84.82,256.18,0.7706,-1,-1,-1
453,27,565.13,314.12,54.75,191.73,0.5484,-1,-1,-1
453,28,870.55,297.58,84.93,240.90,0.7866,-1,-1,-1
453,29,1132.16,317.48,69.97,241.23,0.7209,-1,-1,-1
454,1,733.31,202.67,165.45,513.18,0.8184,-1,-1,-1
454,19,954.44,218.93,130.09,441.78,0.7835,-1,-1,-1
454,20,1192.47,159.60,305.13,842.24,0.9113,-1,-1,-1
454,24,1074.44,299.16,77.65,251.81,0.7128,-1,-1,-1
454,26,619.51,310.99,85.67,258.28,0.7544,-1,-1,-1
454,27,572.35,319.93,53.14,186.90,0.3954,-1,-1,-1
454,28,878.79,298.49,84.10,242.19,0.7316,-1,-1,-1
454,29,1140.39,313.52,70.55,245.79,0.6241,-1,-1,-1
455,1,738.38,199.60,168.75,519.51,0.8353,-1,-1,-1
455,19,961.76,220.47,128.64,437.56,0.7786,-1,-1,-1
455,20,1197.21,158.99,307.32,844.43,0.9117,-1,-1,-1
455,24,1082.70,300.32,75.86,251.71,0.7150,-1,-1,-1
455,26,625.64,304.93,84.00,265.42,0.7662,-1,-1,-1
455,27,579.97,316.12,54.22,190.25,0.5628,-1,-1,-1
455,28,885.96,302.97,84.45,235.15,0.6951,-1,-1,-1
455,29,1152.09,313.39,67.26,246.08,0.6143,-1,-1,-1
455,30,716.76,257.66,67.09,311.12,0.5842,-1,-1,-1
456,1,750.02,199.13,164.24,520.40,0.8264,-1,-1,-1
456,19,966.35,214.29,128.34,442.69,0.7564,-1,-1,-1
456,20,1201.62,158.46,310.36,838.88,0.9041,-1,-1,-1
456,24,1089.91,299.62,74.74,248.57,0.7141,-1,-1,-1
456,26,630.68,301.67,84.66,268.96,0.7503,-1,-1,-1
456,27,583.48,317.13,56.28,191.34,0.5161,-1,-1,-1
456,28,895.04,300.73,80.75,238.43,0.6622,-1,-1,-1
456,29,1158.01,313.57,66.59,245.74,0.5428,-1,-1,-1
456,30,721.42,255.07,72.79,316.92,0.6253,-1,-1,-1
457,1,760.02,200.78,162.88,519.90,0.8140,-1,-1,-1
457,19,974.35,212.99,124.43,442.29,0.7678,-1,-1,-1
457,20,1205.99,156.86,314.28,836.88,0.9002,-1,-1,-1
457,24,1095.01,297.64,76.37,250.41,0.6778,-1,-1,-1
457,26,632.45,299.89,89.14,268.59,0.7407,-1,-1,-1
457,27,589.07,309.05,56.87,200.70,0.5269,-1,-1,-1
457,28,901.36,298.81,81.27,239.68,0.6763,-1,-1,-1
457,29,1160.90,310.05,68.18,249.22,0.3950,-1,-1,-1
457,30,726.20,251.55,75.81,320.74,0.6755,-1,-1,-1
458,1,768.86,200.01,160.93,519.02,0.8163,-1,-1,-1
458,19,989.13,211.53,120.27,441.33,0.7767,-1,-1,-1
458,20,1208.28,155.31,317.81,835.50,0.8971,-1,-1,-1
458,24,1102.40,293.49,73.85,255.47,0.7095,-1,-1,-1
458,26,634.73,297.32,90.95,271.21,0.7159,-1,-1,-1
458,27,596.22,307.35,55.26,199.34,0.4871,-1,-1,-1
458,28,907.63,298.10,86.16,240.09,0.7447,-1,-1,-1
458,30,728.70,249.82,76.52,319.30,0.7532,-1,-1,-1
459,1,775.83,203.45,159.74,517.27,0.8479,-1,-1,-1
459,19,996.84,207.05,121.44,444.34,0.8079,-1,-1,-1
459,20,1206.69,150.52,329.14,840.19,0.9081,-1,-1,-1
459,24,1106.46,293.23,79.09,257.13,0.7439,-1,-1,-1
459,26,638.94,296.55,91.43,272.85,0.7247,-1,-1,-1
459,27,599.26,302.91,55.93,202.80,0.4792,-1,-1,-1
459,28,913.02,297.33,83.67,238.71,0.7835,-1,-1,-1
459,30,730.48,249.87,77.27,322.08,0.7664,-1,-1,-1
460,1,783.10,202.89,156.23,513.56,0.8533,-1,-1,-1
460,19,997.41,207.15,129.23,444.85,0.7900,-1,-1,-1
460,20,1204.94,143.55,340.09,837.15,0.9100,-1,-1,-1
460,24,1109.53,294.31,80.08,255.97,0.7269,-1,-1,-1
460,26,640.22,295.37,92.34,272.91,0.7372,-1,-1,-1
460,27,603.38,302.90,54.01,199.09,0.2771,-1,-1,-1
460,28,920.27,295.95,80.80,238.50,0.7890,-1,-1,-1
460,30,732.71,246.76,79.39,327.88,0.7712,-1,-1,-1
461,1,786.32,202.84,157.27,509.79,0.8304,-1,-1,-1
461,19,1002.75,209.22,126.49,445.16,0.7850,-1,-1,-1
461,20,1203.38,137.90,347.32,833.86,0.9076,-1,-1,-1
461,24,1110.54,293.41,84.42,254.13,0.7288,-1,-1,-1
461,26,641.61,293.65,92.45,275.99,0.7432,-1,-1,-1
461,27,610.07,293.21,52.93,205.08,0.2421,-1,-1,-1
461,28,927.07,295.80,79.07,237.43,0.7531,-1,-1,-1
461,30,734.68,242.79,81.13,331.23,0.7554,-1,-1,-1
462,1,788.08,201.75,157.87,508.05,0.8075,-1,-1,-1
462,19,1003.12,208.84,127.93,450.42,0.7936,-1,-1,-1
462,20,1202.85,133.24,352.59,830.01,0.9069,-1,-1,-1
462,24,1113.36,294.24,84.40,254.12,0.6668,-1,-1,-1
462,26,643.09,292.53,91.66,278.24,0.7776,-1,-1,-1
462,27,615.03,292.17,48.63,201.84,0.3990,-1,-1,-1
462,28,931.76,295.37,79.63,235.60,0.7295,-1,-1,-1
462,30,736.69,241.85,82.16,329.90,0.7587,-1,-1,-1
463,1,787.28,198.64,160.09,511.62,0.8201,-1,-1,-1
463,19,1002.54,207.54,130.84,451.59,0.8010,-1,-1,-1
463,20,1203.11,131.64,354.14,822.69,0.9067,-1,-1,-1
463,24,1117.25,292.46,83.15,252.39,0.6623,-1,-1,-1
463,26,642.47,292.08,91.56,279.09,0.7689,-1,-1,-1
463,27,616.77,292.20,47.59,200.05,0.2963,-1,-1,-1
463,28,935.29,290.73,79.32,236.18,0.7368,-1,-1,-1
463,30,736.46,239.19,81.83,333.46,0.7515,-1,-1,-1
464,1,783.62,191.28,163.42,511.06,0.8135,-1,-1,-1
464,19,1001.77,205.57,133.92,452.13,0.8048,-1,-1,-1
464,20,1207.58,127.99,349.89,823.54,0.9036,-1,-1,-1
464,24,1117.37,287.53,82.58,253.95,0.6681,-1,-1,-1
464,26,639.21,289.24,90.85,277.61,0.7707,-1,-1,-1
464,27,616.93,288.56,47.18,202.58,0.4228,-1,-1,-1
464,28,934.67,284.97,80.24,236.62,0.7360,-1,-1,-1
464,30,734.52,237.84,82.24,333.25,0.7737,-1,-1,-1
465,1,779.55,185.88,166.36,512.08,0.8149,-1,-1,-1
465,19,1001.67,205.75,135.06,450.85,0.7876,-1,-1,-1
465,20,1209.54,123.35,346.28,828.92,0.9071,-1,-1,-1
465,24,1122.59,287.01,77.37,252.10,0.6095,-1,-1,-1
465,26,635.63,284.47,91.06,282.74,0.7539,-1,-1,-1
465,27,615.26,286.46,46.73,203.83,0.2679,-1,-1,-1
465,28,933.64,280.13,80.17,238.99,0.7204,-1,-1,-1
465,30,729.28,233.01,84.75,336.47,0.7613,-1,-1,-1
466,1,774.09,180.96,170.46,512.55,0.8059,-1,-1,-1
466,19,1001.65,204.56,135.96,447.47,0.7771,-1,-1,-1
466,20,1207.96,119.72,347.46,836.80,0.9075,-1,-1,-1
466,24,1125.74,285.57,72.08,251.61,0.5959,-1,-1,-1
466,26,632.15,282.32,90.23,284.64,0.7077,-1,-1,-1
466,27,612.78,287.90,47.77,204.22,0.2146,-1,-1,-1
466,28,932.67,275.98,80.78,241.31,0.7318,-1,-1,-1
466,30,725.29,228.36,85.37,339.63,0.7355,-1,-1,-1
467,1,769.42,180.68,177.41,508.94,0.8208,-1,-1,-1
467,19,1001.83,204.59,134.40,449.10,0.7822,-1,-1,-1
467,20,1204.17,118.96,351.40,842.83,0.9090,-1,-1,-1
467,24,1125.30,283.56,72.09,253.55,0.6249,-1,-1,-1
467,26,624.36,277.91,94.04,291.89,0.7178,-1,-1,-1
467,28,931.07,275.05,82.62,242.21,0.7589,-1,-1,-1
467,30,718.90,224.82,88.50,343.66,0.7119,-1,-1,-1
468,1,766.53,179.56,177.21,509.17,0.8275,-1,-1,-1
468,19,998.99,203.93,133.38,450.00,0.7759,-1,-1,-1
468,20,1197.39,117.88,356.43,851.61,0.9128,-1,-1,-1
468,24,1120.36,280.86,75.54,253.97,0.5713,-1,-1,-1
468,26,617.97,275.39,94.77,295.88,0.7475,-1,-1,-1
468,28,929.05,274.69,82.78,242.42,0.7661,-1,-1,-1
468,30,713.33,220.41,88.62,351.49,0.7289,-1,-1,-1
469,1,763.69,179.60,175.47,507.56,0.8289,-1,-1,-1
469,19,997.78,203.51,130.49,445.70,0.7852,-1,-1,-1
469,20,1193.32,117.52,358.92,860.52,0.9112,-1,-1,-1
469,24,1113.35,279.92,82.12,254.55,0.5768,-1,-1,-1
469,26,612.30,270.15,92.49,301.61,0.8041,-1,-1,-1
469,28,925.31,272.97,84.31,243.48,0.7714,-1,-1,-1
469,30,706.89,218.16,87.23,354.59,0.7503,-1,-1,-1
470,1,761.49,176.79,176.94,513.01,0.8398,-1,-1,-1
470,19,995.21,200.17,131.77,447.54,0.8002,-1,-1,-1
470,20,1189.82,118.24,358.73,865.58,0.9142,-1,-1,-1
470,24,1110.45,278.01,82.50,257.14,0.6244,-1,-1,-1
470,26,602.00,267.63,97.53,303.44,0.7812,-1,-1,-1
470,28,922.07,272.60,82.64,243.30,0.7862,-1,-1,-1
470,30,702.05,215.68,89.05,357.53,0.7713,-1,-1,-1
471,1,759.62,175.26,175.61,513.25,0.8405,-1,-1,-1
471,19,993.53,196.97,130.95,449.97,0.7971,-1,-1,-1
471,20,1183.03,118.20,363.84,874.64,0.9087,-1,-1,-1
471,24,1106.07,274.04,81.51,260.08,0.5644,-1,-1,-1
471,26,594.91,265.12,97.84,307.24,0.7758,-1,-1,-1
471,28,917.80,272.70,84.17,243.57,0.8015,-1,-1,-1
471,30,693.45,213.12,91.99,359.66,0.7392,-1,-1,-1
472,1,754.56,173.98,176.80,512.82,0.8625,-1,-1,-1
472,19,990.80,196.64,131.18,449.90,0.7829,-1,-1,-1
472,20,1183.01,118.40,360.15,876.32,0.9108,-1,-1,-1
472,24,1103.45,271.51,82.00,264.27,0.6575,-1,-1,-1
472,26,589.83,264.19,98.37,308.31,0.8215,-1,-1,-1
472,28,916.18,271.65,83.04,243.40,0.8048,-1,-1,-1
472,30,686.15,209.48,95.93,362.16,0.7863,-1,-1,-1
473,1,754.79,174.00,175.80,513.80,0.8754,-1,-1,-1
473,19,988.13,196.35,129.01,450.55,0.7749,-1,-1,-1
473,20,1183.03,117.88,357.20,874.50,0.9105,-1,-1,-1
473,24,1102.32,270.98,84.88,265.92,0.6941,-1,-1,-1
473,26,584.78,262.36,98.31,310.62,0.8205,-1,-1,-1
473,28,915.65,272.23,81.76,242.93,0.7932,-1,-1,-1
473,30,680.11,206.43,99.59,364.96,0.8141,-1,-1,-1
474,1,756.71,175.10,173.93,513.72,0.8764,-1,-1,-1
474,19,986.35,195.62,127.41,450.35,0.7775,-1,-1,-1
474,20,1184.81,115.57,351.44,868.09,0.9124,-1,-1,-1
474,24,1100.41,269.47,82.79,267.91,0.7443,-1,-1,-1
474,26,580.78,261.28,96.02,311.31,0.8550,-1,-1,-1
474,28,915.45,273.79,79.65,242.92,0.7573,-1,-1,-1
474,30,674.94,205.23,103.04,368.76,0.8076,-1,-1,-1
475,1,757.73,175.09,174.55,514.10,0.8670,-1,-1,-1
475,19,987.13,195.66,119.53,441.37,0.7674,-1,-1,-1
475,20,1185.28,112.41,349.64,863.25,0.9117,-1,-1,-1
475,24,1097.08,267.02,81.12,268.31,0.7513,-1,-1,-1
475,26,575.04,259.44,96.99,312.20,0.8384,-1,-1,-1
475,28,915.99,275.79,79.09,239.23,0.7596,-1,-1,-1
475,30,668.25,203.12,106.74,371.42,0.8244,-1,-1,-1
476,1,759.29,175.94,175.72,512.84,0.8655,-1,-1,-1
476,19,984.99,194.79,116.60,436.32,0.7694,-1,-1,-1
476,20,1187.28,108.14,348.09,862.10,0.9087,-1,-1,-1
476,24,1097.66,264.52,77.59,270.60,0.7604,-1,-1,-1
476,26,571.49,258.24,94.77,313.99,0.8238,-1,-1,-1
476,28,917.97,276.93,75.41,235.72,0.7492,-1,-1,-1
476,30,663.05,202.40,109.95,374.48,0.8287,-1,-1,-1
477,1,763.36,177.91,174.51,511.49,0.8643,-1,-1,-1
477,19,984.13,195.10,115.26,434.24,0.7660,-1,-1,-1
477,20,1190.08,105.01,346.17,858.07,0.9085,-1,-1,-1
477,24,1098.60,264.27,76.04,272.06,0.7607,-1,-1,-1
477,26,569.72,260.40,94.39,315.63,0.8306,-1,-1,-1
477,28,919.43,279.93,73.56,233.59,0.7562,-1,-1,-1
477,30,658.65,203.39,113.82,378.45,0.8371,-1,-1,-1
478,1,768.03,179.94,173.35,509.99,0.8513,-1,-1,-1
478,19,982.24,196.44,116.24,433.97,0.7656,-1,-1,-1
478,20,1190.97,103.43,347.64,848.85,0.9091,-1,-1,-1
478,24,1097.29,266.07,77.02,272.52,0.7682,-1,-1,-1
478,26,561.73,263.59,98.69,320.91,0.8093,-1,-1,-1
478,28,921.07,280.87,71.98,235.17,0.6693,-1,-1,-1
478,30,654.93,205.69,116.88,383.68,0.8426,-1,-1,-1
479,1,773.29,179.87,172.64,507.81,0.8615,-1,-1,-1
479,19,980.27,196.58,120.10,433.19,0.7522,-1,-1,-1
479,20,1192.36,102.04,348.81,842.24,0.9118,-1,-1,-1
479,24,1097.40,266.02,76.58,273.48,0.7660,-1,-1,-1
479,26,553.56,262.97,105.25,324.35,0.8061,-1,-1,-1
479,28,919.31,253.06,78.15,265.57,0.5586,-1,-1,-1
479,30,652.33,205.88,120.33,387.12,0.8356,-1,-1,-1
480,1,777.07,180.83,173.92,504.58,0.8563,-1,-1,-1
480,19,979.78,195.57,120.98,440.73,0.7589,-1,-1,-1
480,20,1194.50,101.55,349.25,842.73,0.9095,-1,-1,-1
480,24,1097.59,266.37,77.19,275.88,0.7605,-1,-1,-1
480,26,548.84,263.95,106.80,327.69,0.8075,-1,-1,-1
480,28,919.62,240.61,79.28,278.34,0.4914,-1,-1,-1
480,30,648.92,206.20,126.32,389.96,0.8168,-1,-1,-1
481,1,781.52,182.86,172.45,501.26,0.8588,-1,-1,-1
481,19,979.81,196.55,123.01,446.59,0.7733,-1,-1,-1
481,20,1197.03,102.98,350.31,848.79,0.9125,-1,-1,-1
481,24,1097.87,271.14,79.07,273.25,0.7872,-1,-1,-1
481,26,545.56,267.31,108.22,329.62,0.8047,-1,-1,-1
481,28,924.94,264.20,73.49,253.69,0.3701,-1,-1,-1
481,30,647.77,207.96,131.07,393.52,0.8177,-1,-1,-1
482,1,785.88,186.45,175.32,501.81,0.8504,-1,-1,-1
482,19,979.70,199.95,125.10,444.06,0.7634,-1,-1,-1
482,20,1200.28,106.91,353.67,854.50,0.9113,-1,-1,-1
482,24,1098.80,275.57,80.25,271.65,0.7677,-1,-1,-1
482,26,544.67,272.56,108.52,329.52,0.7955,-1,-1,-1
482,30,649.38,211.35,133.01,395.48,0.8244,-1,-1,-1
483,1,789.81,184.05,176.91,505.59,0.8504,-1,-1,-1
483,19,982.40,200.25,128.70,446.20,0.7990,-1,-1,-1
483,20,1202.82,107.75,355.54,860.31,0.9092,-1,-1,-1
483,24,1101.54,274.68,83.70,274.19,0.7716,-1,-1,-1
483,26,545.78,271.40,106.74,331.83,0.7802,-1,-1,-1
483,30,650.24,210.17,136.38,397.96,0.8170,-1,-1,-1
484,1,798.09,183.47,172.86,508.16,0.8525,-1,-1,-1
484,19,986.89,202.56,127.03,448.08,0.8213,-1,-1,-1
484,20,1205.44,111.07,355.18,865.76,0.9080,-1,-1,-1
484,24,1103.52,275.41,86.82,274.51,0.7832,-1,-1,-1
484,26,546.87,270.25,104.70,337.22,0.7710,-1,-1,-1
484,30,651.31,209.18,134.16,403.21,0.8116,-1,-1,-1
485,1,805.73,188.84,172.29,502.86,0.8442,-1,-1,-1
485,19,993.24,206.49,124.22,449.38,0.8210,-1,-1,-1
485,20,1209.17,113.72,355.39,876.52,0.9015,-1,-1,-1
485,24,1106.22,275.59,86.69,277.96,0.7897,-1,-1,-1
485,26,546.02,271.90,106.85,341.39,0.7962,-1,-1,-1
485,30,653.22,208.80,131.73,410.21,0.8024,-1,-1,-1
486,1,812.39,191.76,171.97,504.98,0.8459,-1,-1,-1
486,19,999.00,210.65,122.13,448.71,0.8143,-1,-1,-1
486,20,1216.25,118.32,351.21,885.43,0.9044,-1,-1,-1
486,24,1107.24,279.04,94.23,277.25,0.7854,-1,-1,-1
486,26,546.46,272.36,109.22,345.36,0.7992,-1,-1,-1
486,30,655.69,208.77,135.49,412.91,0.8148,-1,-1,-1
487,1,820.47,195.57,171.61,509.92,0.8609,-1,-1,-1
487,19,1005.73,217.07,121.46,448.78,0.7954,-1,-1,-1
487,20,1223.68,128.01,349.58,890.61,0.9047,-1,-1,-1
487,24,1113.74,283.16,93.92,279.37,0.7876,-1,-1,-1
487,26,545.63,271.82,111.75,350.75,0.8125,-1,-1,-1
487,30,658.66,209.96,144.76,417.70,0.8055,-1,-1,-1
488,1,826.77,201.88,173.50,509.88,0.8573,-1,-1,-1
488,19,1008.04,221.82,124.63,449.03,0.8017,-1,-1,-1
488,20,1227.86,136.50,348.81,893.48,0.9044,-1,-1,-1
488,24,1119.54,286.11,93.82,278.67,0.7799,-1,-1,-1
488,26,545.52,272.75,113.28,354.59,0.8075,-1,-1,-1
488,30,661.47,211.70,147.22,419.72,0.8048,-1,-1,-1
489,1,834.05,206.36,176.81,510.20,0.8523,-1,-1,-1
489,19,1012.68,227.67,122.42,443.87,0.7789,-1,-1,-1
489,20,1229.94,141.25,348.32,893.70,0.9078,-1,-1,-1
489,24,1128.03,291.43,90.60,277.96,0.7963,-1,-1,-1
489,26,543.79,271.60,117.02,359.58,0.7907,-1,-1,-1
489,30,663.36,212.07,152.56,422.07,0.8042,-1,-1,-1
490,1,839.83,213.04,177.64,508.93,0.8672,-1,-1,-1
490,19,1015.63,230.15,123.32,446.67,0.7751,-1,-1,-1
490,20,1231.81,144.08,349.99,892.10,0.9106,-1,-1,-1
490,24,1133.13,296.36,90.85,275.15,0.8022,-1,-1,-1
490,26,538.72,272.56,126.15,363.05,0.7834,-1,-1,-1
490,30,664.91,213.58,154.26,426.29,0.7998,-1,-1,-1
491,1,844.54,218.24,178.39,508.52,0.8650,-1,-1,-1
491,19,1016.74,230.07,123.42,447.92,0.7798,-1,-1,-1
491,20,1230.33,144.55,354.04,894.41,0.9101,-1,-1,-1
491,24,1136.02,300.11,92.45,273.96,0.8188,-1,-1,-1
491,26,533.17,273.50,131.68,365.75,0.7804,-1,-1,-1
491,30,664.88,214.18,158.59,429.84,0.8141,-1,-1,-1
492,1,848.24,223.98,178.01,507.72,0.8460,-1,-1,-1
492,19,1015.42,232.38,125.37,450.72,0.7853,-1,-1,-1
492,20,1227.26,143.76,363.32,895.25,0.9084,-1,-1,-1
492,24,1137.05,304.24,95.17,274.70,0.8235,-1,-1,-1
492,26,527.88,273.97,139.36,367.34,0.8083,-1,-1,-1
492,30,665.60,214.37,158.98,432.57,0.8303,-1,-1,-1
493,1,851.11,230.14,174.72,505.96,0.8309,-1,-1,-1
493,19,1015.36,233.50,127.40,452.31,0.8115,-1,-1,-1
493,20,1224.33,139.77,362.41,901.61,0.8988,-1,-1,-1
493,24,1136.36,308.73,98.83,273.14,0.8216,-1,-1,-1
493,26,523.44,274.79,143.15,369.48,0.7978,-1,-1,-1
493,30,661.58,214.21,160.77,436.16,0.8135,-1,-1,-1
494,1,854.78,231.58,173.96,498.33,0.8308,-1,-1,-1
494,19,1014.60,234.14,127.64,449.75,0.8162,-1,-1,-1
494,20,1219.72,136.30,356.21,895.95,0.8984,-1,-1,-1
494,24,1134.99,311.25,101.78,272.20,0.7904,-1,-1,-1
494,26,519.48,275.69,145.35,374.95,0.8202,-1,-1,-1
494,30,659.71,213.82,159.77,442.57,0.8268,-1,-1,-1
495,1,858.05,231.51,172.17,496.53,0.8385,-1,-1,-1
495,19,1010.47,234.76,128.93,448.19,0.8094,-1,-1,-1
495,20,1214.47,133.18,355.24,889.23,0.9057,-1,-1,-1
495,24,1135.66,312.76,100.74,273.55,0.7831,-1,-1,-1
495,26,515.15,277.37,146.51,379.40,0.7914,-1,-1,-1
495,30,655.42,213.36,162.35,449.84,0.8195,-1,-1,-1
496,1,859.57,230.71,172.57,495.80,0.8126,-1,-1,-1
496,19,1009.55,234.90,129.04,446.12,0.8063,-1,-1,-1
496,20,1213.07,129.08,352.90,883.32,0.9091,-1,-1,-1
496,24,1139.02,313.15,98.41,274.89,0.7659,-1,-1,-1
496,26,511.48,279.97,145.66,382.24,0.8007,-1,-1,-1
496,30,646.58,213.29,170.62,454.62,0.8373,-1,-1,-1
497,1,860.21,230.14,174.12,476.96,0.8111,-1,-1,-1
497,19,1008.32,234.47,129.44,446.41,0.8103,-1,-1,-1
497,20,1211.41,123.68,352.34,885.92,0.9162,-1,-1,-1
497,24,1140.47,313.11,97.66,277.68,0.7445,-1,-1,-1
497,26,507.84,282.06,145.23,384.61,0.8176,-1,-1,-1
497,30,638.88,212.94,177.18,457.15,0.8461,-1,-1,-1
498,1,859.71,229.60,176.43,462.33,0.8131,-1,-1,-1
498,19,1007.10,235.14,129.83,446.99,0.8242,-1,-1,-1
498,20,1209.48,119.63,352.58,893.84,0.9115,-1,-1,-1
498,24,1140.79,313.04,97.49,279.11,0.7723,-1,-1,-1
498,26,505.33,284.75,140.94,384.33,0.8260,-1,-1,-1
498,30,633.88,212.55,178.58,460.61,0.8764,-1,-1,-1
499,1,859.07,227.93,177.94,480.52,0.8189,-1,-1,-1
499,19,1006.48,233.51,129.41,448.85,0.8059,-1,-1,-1
499,20,1209.28,115.98,351.82,903.55,0.9119,-1,-1,-1
499,24,1141.92,312.19,96.14,282.20,0.7388,-1,-1,-1
499,26,498.43,286.28,143.46,387.18,0.8103,-1,-1,-1
499,30,628.81,213.20,176.19,463.99,0.8769,-1,-1,-1
500,1,858.87,226.91,177.17,484.68,0.8309,-1,-1,-1
500,19,1006.68,232.76,127.05,452.05,0.8011,-1,-1,-1
500,20,1207.02,114.20,353.75,914.49,0.9101,-1,-1,-1
500,24,1140.76,312.42,97.16,284.77,0.7397,-1,-1,-1
500,26,492.71,288.70,143.16,390.70,0.8254,-1,-1,-1
500,30,623.86,213.39,173.73,471.04,0.8412,-1,-1,-1
501,1,857.38,226.79,178.87,489.26,0.8407,-1,-1,-1
501,19,1006.12,233.06,127.17,453.35,0.8121,-1,-1,-1
501,20,1206.29,113.55,353.91,923.49,0.9116,-1,-1,-1
501,24,1141.64,312.20,96.01,284.80,0.7571,-1,-1,-1
501,26,486.10,285.18,143.78,397.85,0.8323,-1,-1,-1
501,30,620.30,212.17,171.68,479.96,0.8423,-1,-1,-1
502,1,857.41,227.12,180.11,488.98,0.8465,-1,-1,-1
502,19,1003.62,234.37,128.23,453.34,0.8182,-1,-1,-1
502,20,1206.62,113.43,352.83,929.85,0.9147,-1,-1,-1
502,24,1140.98,311.57,96.72,284.15,0.7961,-1,-1,-1
502,26,479.80,283.48,142.19,404.12,0.8263,-1,-1,-1
502,30,615.14,212.31,174.29,484.63,0.8389,-1,-1,-1
503,1,855.05,225.30,179.92,494.18,0.8427,-1,-1,-1
503,19,1000.94,234.22,130.50,450.47,0.8122,-1,-1,-1
503,20,1206.23,113.83,352.00,933.65,0.9157,-1,-1,-1
503,24,1138.07,309.18,96.99,285.04,0.8153,-1,-1,-1
503,26,470.75,278.50,142.47,410.11,0.8174,-1,-1,-1
503,30,608.35,207.32,168.43,488.21,0.8485,-1,-1,-1
504,1,852.22,223.84,182.31,492.84,0.8407,-1,-1,-1
504,19,1000.18,232.69,129.40,448.93,0.8056,-1,-1,-1
504,20,1205.18,114.22,352.44,937.79,0.9172,-1,-1,-1
504,24,1136.19,305.58,98.40,287.88,0.8100,-1,-1,-1
504,26,461.91,274.65,144.60,414.66,0.8151,-1,-1,-1
504,30,601.26,198.35,168.78,498.17,0.8539,-1,-1,-1
505,1,853.35,223.73,183.27,495.09,0.8217,-1,-1,-1
505,19,1002.51,230.19,122.29,449.07,0.7633,-1,-1,-1
505,20,1206.01,114.09,352.54,942.16,0.9195,-1,-1,-1
505,24,1134.85,302.51,98.02,288.41,0.8120,-1,-1,-1
505,26,452.39,269.78,145.01,421.43,0.8092,-1,-1,-1
505,30,591.73,194.67,172.33,503.85,0.8639,-1,-1,-1
506,1,853.65,223.31,183.48,501.03,0.8192,-1,-1,-1
506,19,1001.87,231.06,119.85,442.70,0.7543,-1,-1,-1
506,20,1206.28,113.10,353.15,945.46,0.9161,-1,-1,-1
506,24,1130.23,299.48,102.77,290.03,0.8077,-1,-1,-1
506,26,441.84,266.34,150.72,427.23,0.8197,-1,-1,-1
506,30,582.88,189.00,170.18,508.09,0.8524,-1,-1,-1
507,1,854.81,224.25,181.35,504.33,0.8122,-1,-1,-1
507,19,1000.16,232.23,118.63,441.05,0.7591,-1,-1,-1
507,20,1208.22,111.89,351.79,939.28,0.9159,-1,-1,-1
507,24,1128.50,297.67,102.91,290.96,0.8150,-1,-1,-1
507,26,432.26,262.98,150.91,434.09,0.8505,-1,-1,-1
507,30,573.51,186.42,170.07,509.43,0.8499,-1,-1,-1
508,1,853.53,227.61,177.83,500.55,0.8230,-1,-1,-1
508,19,1001.35,228.76,110.82,445.13,0.7305,-1,-1,-1
508,20,1209.37,108.67,349.60,935.97,0.9172,-1,-1,-1
508,24,1129.98,296.17,99.08,290.73,0.7945,-1,-1,-1
508,26,419.29,259.42,150.69,439.45,0.8384,-1,-1,-1
508,30,563.14,181.16,169.80,517.93,0.8464,-1,-1,-1
509,1,853.01,228.10,174.82,495.28,0.8009,-1,-1,-1
509,19,1000.85,227.00,100.56,448.19,0.7384,-1,-1,-1
509,20,1208.65,105.01,348.51,935.40,0.9159,-1,-1,-1
509,24,1126.71,294.91,97.30,290.19,0.7947,-1,-1,-1
509,26,408.40,255.51,150.14,443.92,0.8459,-1,-1,-1
509,30,551.04,175.26,172.22,525.77,0.8655,-1,-1,-1
510,1,850.28,227.93,173.03,491.06,0.7938,-1,-1,-1
510,19,997.51,226.94,97.81,448.40,0.7134,-1,-1,-1
510,20,1206.08,101.24,353.56,934.33,0.9113,-1,-1,-1
510,24,1121.28,293.22,97.91,290.82,0.8059,-1,-1,-1
510,26,394.12,253.35,150.10,450.19,0.8395,-1,-1,-1
510,30,537.01,170.34,177.04,534.19,0.8798,-1,-1,-1
511,1,855.51,226.06,164.25,486.33,0.7536,-1,-1,-1
511,19,993.19,221.25,98.88,456.26,0.6836,-1,-1,-1
511,20,1203.73,95.58,357.17,925.99,0.9118,-1,-1,-1
511,24,1118.25,289.85,97.19,293.93,0.8114,-1,-1,-1
511,26,377.51,250.94,156.49,459.22,0.8520,-1,-1,-1
511,30,523.95,168.95,178.13,538.02,0.8654,-1,-1,-1
512,1,855.57,221.08,161.17,483.10,0.7486,-1,-1,-1
512,19,990.19,217.13,100.35,462.49,0.6845,-1,-1,-1
512,20,1203.44,88.76,355.56,913.18,0.9077,-1,-1,-1
512,24,1114.46,285.64,97.58,296.66,0.7847,-1,-1,-1
512,26,363.86,250.02,158.81,468.44,0.8265,-1,-1,-1
512,30,511.98,167.04,182.25,545.99,0.8665,-1,-1,-1
513,1,852.62,216.03,160.92,482.92,0.8258,-1,-1,-1
513,19,988.58,219.55,88.55,455.89,0.6102,-1,-1,-1
513,20,1205.21,83.53,352.93,903.59,0.9028,-1,-1,-1
513,24,1111.51,283.50,97.71,296.83,0.7458,-1,-1,-1
513,26,351.27,246.26,161.15,478.77,0.8543,-1,-1,-1
513,30,501.21,161.94,187.36,557.56,0.8584,-1,-1,-1
514,1,851.29,207.94,159.38,486.40,0.7774,-1,-1,-1
514,19,987.23,213.97,88.39,453.30,0.6746,-1,-1,-1
514,20,1208.83,75.82,349.78,900.07,0.9054,-1,-1,-1
514,24,1108.70,278.67,99.34,297.54,0.7837,-1,-1,-1
514,26,341.04,245.38,163.99,478.87,0.8290,-1,-1,-1
514,30,489.26,157.41,194.34,569.30,0.8477,-1,-1,-1
515,1,850.94,204.57,158.12,486.22,0.7921,-1,-1,-1
515,19,987.47,210.83,88.77,453.07,0.6656,-1,-1,-1
515,20,1212.50,69.16,346.97,903.36,0.9066,-1,-1,-1
515,24,1105.76,274.88,101.17,298.77,0.8049,-1,-1,-1
515,26,330.18,244.41,167.99,482.01,0.8546,-1,-1,-1
515,30,480.94,154.40,197.03,578.99,0.8479,-1,-1,-1
516,1,849.46,201.78,158.16,486.48,0.8173,-1,-1,-1
516,19,987.33,206.13,88.02,450.04,0.6717,-1,-1,-1
516,20,1215.97,63.15,343.47,908.49,0.9067,-1,-1,-1
516,24,1104.64,272.59,100.87,299.26,0.8176,-1,-1,-1
516,26,318.63,243.46,172.22,490.17,0.8639,-1,-1,-1
516,30,470.82,150.90,203.64,586.11,0.8653,-1,-1,-1
517,1,851.10,199.41,155.73,488.84,0.8158,-1,-1,-1
517,19,988.08,204.29,85.32,441.79,0.6631,-1,-1,-1
517,20,1219.28,59.98,341.49,916.51,0.9086,-1,-1,-1
517,24,1105.49,271.10,101.09,300.75,0.8210,-1,-1,-1
517,26,309.39,240.79,172.45,502.21,0.8546,-1,-1,-1
517,30,464.85,150.30,208.01,595.06,0.8866,-1,-1,-1
518,1,852.60,197.74,153.50,491.79,0.7923,-1,-1,-1
518,19,988.51,201.91,82.62,438.28,0.6678,-1,-1,-1
518,20,1220.84,57.50,341.24,926.79,0.9090,-1,-1,-1
518,24,1104.36,269.13,103.76,304.12,0.8106,-1,-1,-1
518,26,299.98,236.33,174.01,515.26,0.8636,-1,-1,-1
518,30,459.06,147.56,212.42,604.63,0.8800,-1,-1,-1
519,1,852.44,196.07,154.00,493.58,0.7936,-1,-1,-1
519,19,988.40,199.32,81.53,436.81,0.6409,-1,-1,-1
519,20,1221.81,56.14,341.03,932.71,0.9035,-1,-1,-1
519,24,1102.25,264.96,106.46,307.43,0.8084,-1,-1,-1
519,26,291.14,231.33,176.73,527.37,0.8635,-1,-1,-1
519,30,452.38,143.62,217.32,614.48,0.8662,-1,-1,-1
520,1,853.98,193.91,152.98,495.40,0.7847,-1,-1,-1
520,19,988.38,196.69,81.22,438.25,0.6349,-1,-1,-1
520,20,1226.35,54.86,338.40,940.54,0.9025,-1,-1,-1
520,24,1102.85,264.09,107.61,306.10,0.8028,-1,-1,-1
520,26,280.51,226.52,181.72,535.18,0.8732,-1,-1,-1
520,30,447.69,139.66,222.05,623.46,0.8580,-1,-1,-1
521,1,857.84,196.58,151.29,496.04,0.7859,-1,-1,-1
521,19,990.84,196.99,81.31,439.35,0.6698,-1,-1,-1
521,20,1231.89,57.94,336.71,946.50,0.9022,-1,-1,-1
521,24,1107.87,264.60,108.64,306.94,0.7963,-1,-1,-1
521,26,274.14,227.66,184.86,538.13,0.8842,-1,-1,-1
521,30,446.23,136.71,225.61,631.06,0.8568,-1,-1,-1
522,1,859.98,196.92,150.74,493.65,0.8086,-1,-1,-1
522,19,991.41,194.90,81.33,440.93,0.6511,-1,-1,-1
522,20,1235.18,56.40,331.99,954.42,0.9047,-1,-1,-1
522,24,1109.55,261.68,107.84,306.94,0.7992,-1,-1,-1
522,26,267.21,223.21,187.70,544.65,0.8767,-1,-1,-1
522,30,443.66,130.47,228.87,638.87,0.8674,-1,-1,-1
523,1,864.03,196.34,148.89,492.91,0.8158,-1,-1,-1
523,19,992.22,192.85,82.02,444.80,0.6679,-1,-1,-1
523,20,1237.00,54.10,327.31,962.77,0.9078,-1,-1,-1
523,24,1110.03,259.21,109.28,306.01,0.7868,-1,-1,-1
523,26,257.69,217.75,195.57,552.34,0.8786,-1,-1,-1
523,30,438.68,120.39,233.75,652.21,0.8748,-1,-1,-1
524,1,869.40,198.12,146.24,492.05,0.8325,-1,-1,-1
524,19,994.79,196.54,80.24,448.90,0.6185,-1,-1,-1
524,20,1238.56,53.30,324.47,963.70,0.9067,-1,-1,-1
524,24,1108.91,258.36,112.71,306.79,0.7970,-1,-1,-1
524,26,250.14,215.81,200.68,561.12,0.8795,-1,-1,-1
524,30,434.54,117.68,237.61,659.15,0.8761,-1,-1,-1
524,31,1060.51,282.37,61.76,216.99,0.6624,-1,-1,-1
525,1,874.26,199.49,148.07,491.17,0.8534,-1,-1,-1
525,19,996.73,200.40,82.75,441.95,0.5593,-1,-1,-1
525,20,1239.08,49.95,326.64,966.57,0.9048,-1,-1,-1
525,24,1112.56,257.03,114.21,307.22,0.8081,-1,-1,-1
525,26,242.88,213.21,203.56,567.13,0.8767,-1,-1,-1
525,30,433.41,113.39,241.47,667.00,0.8757,-1,-1,-1
525,31,1065.23,280.70,61.91,218.70,0.6511,-1,-1,-1
526,1,879.23,200.07,148.95,492.95,0.8613,-1,-1,-1
526,19,998.74,202.55,86.17,444.27,0.5388,-1,-1,-1
526,20,1242.29,48.84,327.30,966.29,0.9025,-1,-1,-1
526,24,1115.90,256.57,116.90,310.09,0.8281,-1,-1,-1
526,26,235.17,211.02,206.37,574.10,0.8671,-1,-1,-1
526,30,431.24,111.24,247.06,672.32,0.8780,-1,-1,-1
526,31,1070.15,277.89,59.98,221.19,0.7115,-1,-1,-1
527,1,882.59,201.05,150.55,491.97,0.8386,-1,-1,-1
527,19,999.83,204.19,89.41,446.82,0.6063,-1,-1,-1
527,20,1246.42,49.31,326.14,964.41,0.9087,-1,-1,-1
527,24,1119.03,258.53,119.12,309.61,0.8428,-1,-1,-1
527,26,227.52,207.11,207.77,583.34,0.8560,-1,-1,-1
527,30,427.26,110.58,254.06,675.75,0.8747,-1,-1,-1
527,31,1073.07,278.56,62.05,224.67,0.7561,-1,-1,-1
528,1,882.11,200.65,155.12,492.65,0.8258,-1,-1,-1
528,19,1001.53,204.01,91.89,449.81,0.5889,-1,-1,-1
528,20,1246.25,47.46,330.13,964.70,0.9093,-1,-1,-1
528,24,1125.67,260.12,114.68,310.32,0.8397,-1,-1,-1
528,26,224.13,206.26,209.78,589.88,0.8463,-1,-1,-1
528,30,422.88,108.47,259.74,681.86,0.8841,-1,-1,-1
528,31,1078.69,278.12,62.66,225.27,0.7222,-1,-1,-1
529,1,880.49,199.85,157.15,490.77,0.8119,-1,-1,-1
529,19,1003.83,204.12,90.86,451.71,0.6234,-1,-1,-1
529,20,1245.80,47.83,333.39,958.14,0.9104,-1,-1,-1
529,24,1132.89,261.56,110.61,311.47,0.8126,-1,-1,-1
529,26,222.13,205.99,210.69,604.74,0.8253,-1,-1,-1
529,30,418.19,105.36,267.53,691.96,0.8815,-1,-1,-1
529,31,1084.73,282.45,59.87,226.43,0.7215,-1,-1,-1
530,1,888.34,198.38,148.69,490.81,0.7797,-1,-1,-1
530,19,1008.92,207.84,88.62,451.90,0.7038,-1,-1,-1
530,20,1248.74,49.01,339.48,945.83,0.9049,-1,-1,-1
530,24,1138.16,262.55,108.65,313.32,0.8000,-1,-1,-1
530,26,215.26,206.31,216.82,624.24,0.8275,-1,-1,-1
530,30,408.39,102.41,278.77,708.67,0.8806,-1,-1,-1
530,31,1089.68,293.95,61.08,214.68,0.6524,-1,-1,-1
531,1,883.38,197.05,155.58,491.20,0.7960,-1,-1,-1
531,19,1011.75,207.99,91.53,456.77,0.7153,-1,-1,-1
531,20,1250.16,49.28,343.68,940.25,0.9107,-1,-1,-1
531,24,1144.21,264.84,106.91,312.32,0.8074,-1,-1,-1
531,26,209.74,208.18,218.70,634.62,0.8439,-1,-1,-1
531,30,403.38,96.54,283.75,734.06,0.8831,-1,-1,-1
531,31,1094.35,294.40,63.17,213.63,0.7247,-1,-1,-1
532,1,887.79,198.36,156.20,487.98,0.8205,-1,-1,-1
532,19,1014.84,204.33,92.14,461.12,0.6439,-1,-1,-1
532,20,1252.25,48.22,347.59,945.99,0.9081,-1,-1,-1
532,24,1148.14,265.55,106.22,313.56,0.8129,-1,-1,-1
532,26,204.50,210.65,222.16,637.40,0.8573,-1,-1,-1
532,30,398.71,93.30,288.78,752.93,0.8872,-1,-1,-1
532,31,1099.82,294.87,61.33,215.30,0.7336,-1,-1,-1
533,1,892.74,200.16,154.59,486.43,0.8351,-1,-1,-1
533,19,1017.12,204.04,92.44,460.97,0.7141,-1,-1,-1
533,20,1254.43,48.39,353.30,952.43,0.9008,-1,-1,-1
533,24,1152.47,268.77,105.72,314.86,0.8024,-1,-1,-1
533,26,198.49,213.26,222.84,642.46,0.8669,-1,-1,-1
533,30,390.82,91.26,296.49,763.29,0.8827,-1,-1,-1
533,31,1103.72,288.82,61.72,222.56,0.6586,-1,-1,-1
534,1,896.23,201.39,153.72,492.92,0.8349,-1,-1,-1
534,19,1017.63,200.31,92.19,464.98,0.6615,-1,-1,-1
534,20,1259.75,45.81,357.44,962.05,0.9035,-1,-1,-1
534,24,1155.34,270.21,106.43,316.06,0.7684,-1,-1,-1
534,26,190.40,215.57,222.96,644.89,0.8753,-1,-1,-1
534,30,382.95,89.96,303.09,767.64,0.8852,-1,-1,-1
534,31,1106.83,287.76,63.55,229.44,0.5998,-1,-1,-1
535,1,896.89,203.77,153.79,492.93,0.8422,-1,-1,-1
535,19,1018.21,199.51,94.05,470.33,0.6857,-1,-1,-1
535,20,1263.00,43.71,358.49,973.47,0.9082,-1,-1,-1
535,24,1154.77,270.09,110.95,317.11,0.7876,-1,-1,-1
535,26,180.57,212.02,227.14,668.21,0.8801,-1,-1,-1
535,30,374.90,86.94,305.57,778.12,0.8757,-1,-1,-1
535,31,1107.40,288.50,61.24,231.37,0.4044,-1,-1,-1
536,1,899.64,204.86,152.61,494.20,0.8320,-1,-1,-1
536,19,1019.04,197.60,93.40,469.56,0.7118,-1,-1,-1
536,20,1263.58,41.86,364.55,983.98,0.9050,-1,-1,-1
536,24,1155.29,269.72,111.96,317.90,0.8013,-1,-1,-1
536,26,168.97,209.52,232.78,681.10,0.8808,-1,-1,-1
536,30,369.97,83.08,304.13,801.41,0.8700,-1,-1,-1
536,31,1108.80,292.44,59.70,226.57,0.3572,-1,-1,-1
537,1,901.94,208.40,151.37,493.37,0.8228,-1,-1,-1
537,19,1019.35,198.28,93.14,465.44,0.6986,-1,-1,-1
537,20,1263.87,40.77,369.81,992.02,0.9050,-1,-1,-1
537,24,1155.72,269.96,111.78,318.28,0.7664,-1,-1,-1
537,26,154.04,206.41,239.48,693.27,0.8765,-1,-1,-1
537,30,362.58,79.29,304.35,824.25,0.8744,-1,-1,-1
537,31,1111.45,286.14,64.05,238.71,0.3736,-1,-1,-1
538,1,903.43,211.19,151.79,491.27,0.8182,-1,-1,-1
538,19,1019.59,199.29,98.35,461.80,0.7037,-1,-1,-1
538,20,1265.93,40.29,374.67,999.08,0.9047,-1,-1,-1
538,24,1157.60,268.69,110.63,320.55,0.8010,-1,-1,-1
538,26,138.70,200.63,243.88,706.88,0.8730,-1,-1,-1
538,30,351.80,69.76,302.20,844.80,0.8846,-1,-1,-1
538,31,1113.80,282.91,63.99,244.37,0.3619,-1,-1,-1
539,1,902.60,210.93,151.23,491.43,0.8160,-1,-1,-1
539,19,1019.31,198.61,102.22,454.50,0.7193,-1,-1,-1
539,20,1267.01,38.73,377.78,1006.41,0.9043,-1,-1,-1
539,24,1155.18,265.40,110.65,322.86,0.7894,-1,-1,-1
539,26,116.21,190.85,250.01,720.13,0.8693,-1,-1,-1
539,30,341.95,56.54,306.46,863.32,0.8803,-1,-1,-1
539,31,1115.10,275.69,63.02,252.22,0.2926,-1,-1,-1
540,1,902.25,212.44,151.49,490.87,0.8094,-1,-1,-1
540,19,1019.46,198.65,95.91,454.02,0.6248,-1,-1,-1
540,20,1270.15,40.49,376.43,1013.31,0.9040,-1,-1,-1
540,24,1151.83,266.09,109.65,322.85,0.7977,-1,-1,-1
540,26,99.80,182.55,246.86,734.19,0.8850,-1,-1,-1
540,30,327.97,51.48,310.17,874.19,0.8769,-1,-1,-1
540,31,1113.09,289.62,53.96,236.42,0.2246,-1,-1,-1
541,1,902.04,216.28,149.05,485.56,0.8054,-1,-1,-1
541,19,1017.61,200.22,96.33,454.02,0.7096,-1,-1,-1
541,20,1270.52,48.06,377.81,1013.02,0.9000,-1,-1,-1
541,24,1139.87,268.39,115.66,322.38,0.7808,-1,-1,-1
541,26,78.84,180.70,251.94,744.44,0.8952,-1,-1,-1
541,30,307.51,44.47,311.50,887.37,0.8858,-1,-1,-1
542,1,897.55,212.38,150.22,487.35,0.7967,-1,-1,-1
542,19,1016.36,196.38,88.99,454.76,0.6567,-1,-1,-1
542,20,1270.88,50.35,378.62,1009.54,0.8952,-1,-1,-1
542,24,1138.57,266.06,112.61,323.45,0.8210,-1,-1,-1
542,26,55.81,169.58,256.87,754.74,0.8871,-1,-1,-1
542,30,291.03,34.77,308.49,901.45,0.8866,-1,-1,-1
543,1,892.50,209.43,152.03,488.91,0.8219,-1,-1,-1
543,19,1015.94,194.48,84.48,455.07,0.6310,-1,-1,-1
543,20,1273.79,50.65,377.27,1005.31,0.8989,-1,-1,-1
543,24,1132.87,264.75,111.70,322.32,0.7960,-1,-1,-1
543,26,31.84,160.82,262.34,768.95,0.8898,-1,-1,-1
543,30,264.96,22.34,320.10,917.89,0.8778,-1,-1,-1
543,32,581.94,287.84,74.40,254.67,0.5996,-1,-1,-1
544,1,890.86,206.60,152.08,487.16,0.8171,-1,-1,-1
544,19,1014.43,192.01,85.06,459.10,0.5611,-1,-1,-1
544,20,1276.37,52.12,375.86,1007.04,0.8984,-1,-1,-1
544,24,1120.92,263.52,118.64,326.15,0.8357,-1,-1,-1
544,26,8.15,155.40,269.59,781.09,0.8870,-1,-1,-1
544,30,252.77,13.17,316.11,935.14,0.8982,-1,-1,-1
544,32,579.77,287.38,74.35,256.89,0.6438,-1,-1,-1
545,1,888.70,205.16,151.75,484.44,0.8098,-1,-1,-1
545,19,1011.56,198.13,85.40,459.42,0.6109,-1,-1,-1
545,20,1278.50,53.96,373.97,1003.56,0.9040,-1,-1,-1
545,24,1111.00,264.63,123.44,328.06,0.8420,-1,-1,-1
545,26,-3.83,148.74,261.57,798.60,0.8815,-1,-1,-1
545,30,225.95,5.52,326.57,949.94,0.8899,-1,-1,-1
545,32,577.66,289.75,72.98,255.17,0.6475,-1,-1,-1
546,1,884.28,203.27,154.95,484.21,0.8077,-1,-1,-1
546,19,1008.76,199.00,91.07,449.06,0.4927,-1,-1,-1
546,20,1278.37,54.56,373.57,1001.82,0.9042,-1,-1,-1
546,24,1108.18,267.62,121.09,325.75,0.8204,-1,-1,-1
546,26,-7.80,142.79,246.08,819.90,0.8869,-1,-1,-1
546,30,203.76,3.23,336.28,961.02,0.9040,-1,-1,-1
546,32,574.25,289.15,71.17,253.68,0.6964,-1,-1,-1
547,1,878.55,201.55,155.51,484.61,0.8088,-1,-1,-1
547,19,1003.20,199.22,99.75,448.15,0.6078,-1,-1,-1
547,20,1277.53,53.74,371.56,995.75,0.9079,-1,-1,-1
547,24,1108.46,268.00,113.73,324.22,0.7743,-1,-1,-1
547,26,-8.56,134.06,228.64,837.34,0.8793,-1,-1,-1
547,30,182.75,0.36,344.58,969.81,0.8975,-1,-1,-1
547,32,568.83,289.47,63.59,254.02,0.6272,-1,-1,-1
548,1,873.34,202.28,156.00,485.55,0.8153,-1,-1,-1
548,19,999.17,201.74,111.65,447.65,0.6326,-1,-1,-1
548,20,1276.90,53.27,369.23,984.27,0.9042,-1,-1,-1
548,24,1098.51,269.53,115.71,325.30,0.8084,-1,-1,-1
548,26,-7.74,126.65,211.31,844.73,0.8607,-1,-1,-1
548,30,160.29,0.43,357.71,986.16,0.8996,-1,-1,-1
548,32,563.12,288.28,61.69,257.72,0.6729,-1,-1,-1
549,1,867.74,202.22,152.89,489.06,0.8359,-1,-1,-1
549,19,993.84,213.00,125.42,435.68,0.6793,-1,-1,-1
549,20,1276.12,51.43,366.05,973.07,0.9045,-1,-1,-1
549,24,1094.94,271.26,113.14,324.19,0.8208,-1,-1,-1
549,26,-6.64,125.70,199.00,850.89,0.8491,-1,-1,-1
549,30,122.59,-0.55,388.67,1018.43,0.8784,-1,-1,-1
549,32,555.67,290.78,62.83,255.14,0.6634,-1,-1,-1
550,1,864.75,203.43,152.54,491.79,0.8402,-1,-1,-1
550,19,1011.55,255.91,116.62,376.50,0.6143,-1,-1,-1
550,20,1275.69,49.72,363.12,971.71,0.9036,-1,-1,-1
550,24,1094.20,272.37,106.43,323.87,0.8088,-1,-1,-1
550,26,-6.05,148.99,166.78,835.03,0.8166,-1,-1,-1
550,30,93.65,0.08,398.07,1054.07,0.8849,-1,-1,-1
550,32,547.16,287.73,69.01,259.35,0.6639,-1,-1,-1
551,1,863.08,206.76,149.37,489.07,0.8467,-1,-1,-1
551,19,1018.14,280.34,113.91,347.53,0.6775,-1,-1,-1
551,20,1275.24,48.56,362.27,979.89,0.8995,-1,-1,-1
551,24,1092.45,273.91,104.05,322.11,0.7984,-1,-1,-1
551,26,-4.25,217.91,147.79,770.73,0.8401,-1,-1,-1
551,30,66.44,-0.55,405.80,1073.11,0.8871,-1,-1,-1
551,32,541.02,282.80,65.12,265.61,0.7282,-1,-1,-1
552,1,858.88,210.91,148.38,483.07,0.8403,-1,-1,-1
552,19,1014.50,284.83,121.33,344.87,0.6555,-1,-1,-1
552,20,1275.52,48.50,360.09,987.64,0.8993,-1,-1,-1
552,24,1092.46,276.10,98.97,321.05,0.7477,-1,-1,-1
552,26,-3.15,234.08,128.41,758.96,0.7941,-1,-1,-1
552,30,31.64,0.78,420.95,1076.54,0.9076,-1,-1,-1
552,32,534.64,282.83,67.97,267.05,0.7325,-1,-1,-1
553,1,853.21,214.79,146.67,481.12,0.8146,-1,-1,-1
553,19,1014.04,277.92,123.20,355.29,0.6266,-1,-1,-1
553,20,1278.56,47.79,355.78,995.17,0.8959,-1,-1,-1
553,24,1094.74,276.32,90.70,320.16,0.7466,-1,-1,-1
553,26,-2.11,235.71,115.72,763.38,0.4720,-1,-1,-1
553,30,3.98,0.44,434.94,1074.72,0.9054,-1,-1,-1
553,32,529.78,288.06,69.30,263.39,0.7055,-1,-1,-1
554,1,851.11,219.47,139.99,480.49,0.8401,-1,-1,-1
554,19,1016.50,273.61,120.27,363.61,0.6175,-1,-1,-1
554,20,1276.11,47.55,353.20,1001.98,0.9026,-1,-1,-1
554,24,1095.04,277.50,89.47,325.79,0.6852,-1,-1,-1
554,30,-6.59,1.89,435.00,1071.59,0.9109,-1,-1,-1
554,32,526.50,287.03,69.98,267.20,0.7208,-1,-1,-1
555,1,851.76,222.07,134.32,481.92,0.8488,-1,-1,-1
555,19,1016.64,272.33,121.68,369.25,0.6406,-1,-1,-1
555,20,1271.54,50.00,352.83,1006.57,0.9051,-1,-1,-1
555,24,1096.82,279.21,83.96,333.21,0.4506,-1,-1,-1
555,30,-9.18,2.08,403.41,1070.01,0.8839,-1,-1,-1
555,32,523.10,288.60,72.84,268.33,0.7476,-1,-1,-1
555,33,960.66,214.93,86.83,465.60,0.6516,-1,-1,-1
556,1,850.08,223.13,133.52,481.84,0.8436,-1,-1,-1
556,19,1018.27,267.04,124.87,377.21,0.6032,-1,-1,-1
556,20,1268.76,53.00,352.25,1012.58,0.9004,-1,-1,-1
556,30,-9.02,4.12,369.49,1066.07,0.9233,-1,-1,-1
556,32,520.61,289.91,71.32,269.89,0.7281,-1,-1,-1
556,33,960.45,216.67,90.45,465.01,0.7286,-1,-1,-1
556,34,1606.61,292.24,76.67,171.18,0.6454,-1,-1,-1
557,1,846.53,221.29,135.12,483.37,0.8357,-1,-1,-1
557,19,1035.49,264.00,123.35,376.99,0.7519,-1,-1,-1
557,20,1270.29,54.54,347.48,1013.73,0.8958,-1,-1,-1
557,30,-8.03,3.35,349.01,1067.06,0.9184,-1,-1,-1
557,32,517.22,291.58,71.10,269.98,0.7235,-1,-1,-1
557,33,960.23,213.88,93.36,464.37,0.7582,-1,-1,-1
557,34,1605.70,289.52,77.50,174.96,0.5224,-1,-1,-1
558,1,841.37,219.80,139.43,486.83,0.8392,-1,-1,-1
558,19,1046.80,259.34,119.34,384.43,0.7893,-1,-1,-1
558,20,1276.08,55.86,338.39,1015.51,0.8954,-1,-1,-1
558,30,-6.19,3.45,336.78,1067.22,0.8748,-1,-1,-1
558,32,516.33,292.58,71.97,270.79,0.7385,-1,-1,-1
558,33,961.11,215.43,93.87,460.90,0.8014,-1,-1,-1
558,34,1605.54,288.19,81.81,176.54,0.4420,-1,-1,-1
559,1,835.38,220.83,145.85,484.24,0.8350,-1,-1,-1
559,19,1049.57,257.58,120.75,389.14,0.7931,-1,-1,-1
559,20,1283.26,57.18,328.69,1013.88,0.9023,-1,-1,-1
559,30,-4.73,5.45,347.64,1067.57,0.8955,-1,-1,-1
559,32,518.97,290.68,70.26,276.17,0.7439,-1,-1,-1
559,33,959.31,214.40,98.42,456.03,0.7989,-1,-1,-1
559,34,1604.63,290.93,91.32,175.93,0.5060,-1,-1,-1
560,1,827.77,223.93,154.43,478.18,0.8430,-1,-1,-1
560,19,1060.17,262.68,114.91,384.61,0.7204,-1,-1,-1
560,20,1288.84,59.33,319.19,1010.64,0.8923,-1,-1,-1
560,30,-3.63,4.63,348.73,1067.33,0.7996,-1,-1,-1
560,32,520.22,291.65,70.78,277.88,0.7422,-1,-1,-1
560,33,957.38,218.64,102.70,447.01,0.7658,-1,-1,-1
560,34,1603.18,292.74,100.46,175.66,0.6286,-1,-1,-1
561,1,824.14,221.44,158.95,475.69,0.8466,-1,-1,-1
561,19,1076.29,268.92,113.55,374.11,0.7062,-1,-1,-1
561,20,1294.18,56.36,317.38,1011.80,0.8955,-1,-1,-1
561,30,-2.30,4.21,338.91,1065.70,0.8638,-1,-1,-1
561,32,522.92,287.48,74.26,281.02,0.7175,-1,-1,-1
561,33,957.16,216.75,108.23,445.48,0.7842,-1,-1,-1
561,34,1605.97,285.15,113.91,181.39,0.5894,-1,-1,-1
562,1,820.13,219.57,163.19,472.96,0.8435,-1,-1,-1
562,19,1090.65,271.01,113.11,378.01,0.7617,-1,-1,-1
562,20,1298.56,55.41,314.07,1017.00,0.9003,-1,-1,-1
562,30,-1.33,9.76,333.68,1060.08,0.8352,-1,-1,-1
562,32,525.07,288.55,74.50,280.03,0.6948,-1,-1,-1
562,33,956.06,214.93,113.33,450.33,0.7989,-1,-1,-1
562,34,1614.16,285.35,114.23,182.00,0.6895,-1,-1,-1
563,1,819.63,219.00,165.76,474.85,0.8473,-1,-1,-1
563,19,1102.69,271.84,123.82,380.61,0.7906,-1,-1,-1
563,20,1303.82,57.69,319.66,1016.59,0.8957,-1,-1,-1
563,30,-0.05,7.84,320.92,1061.91,0.8743,-1,-1,-1
563,32,528.57,289.00,74.01,281.38,0.7384,-1,-1,-1
563,33,958.70,215.76,115.00,452.67,0.8122,-1,-1,-1
563,34,1626.55,283.94,117.66,184.62,0.5990,-1,-1,-1
564,1,822.79,219.32,166.36,478.58,0.8585,-1,-1,-1
564,19,1114.70,271.42,140.37,385.53,0.7523,-1,-1,-1
564,20,1308.07,54.70,332.26,1020.26,0.8986,-1,-1,-1
564,30,1.03,6.80,308.68,1064.39,0.8590,-1,-1,-1
564,32,534.63,292.39,72.88,280.50,0.7499,-1,-1,-1
564,33,963.60,214.99,117.07,458.64,0.7958,-1,-1,-1
564,34,1641.55,280.30,112.39,189.60,0.6525,-1,-1,-1
564,24,1070.24,272.19,93.52,343.87,0.5484,-1,-1,-1
565,1,831.29,223.33,163.90,478.28,0.8561,-1,-1,-1
565,19,1130.75,271.60,157.53,389.61,0.7973,-1,-1,-1
565,20,1310.92,54.24,349.25,1024.31,0.9026,-1,-1,-1
565,30,1.78,10.30,291.83,1059.07,0.7603,-1,-1,-1
565,32,542.74,300.22,72.90,275.31,0.7162,-1,-1,-1
565,33,971.54,216.89,118.55,461.94,0.7981,-1,-1,-1
565,34,1656.34,280.59,114.68,195.15,0.6561,-1,-1,-1
565,24,1080.42,274.54,93.12,340.57,0.6707,-1,-1,-1
566,1,838.50,225.92,162.09,477.79,0.8490,-1,-1,-1
566,19,1140.47,273.74,175.60,393.01,0.7255,-1,-1,-1
566,20,1316.22,53.83,361.17,1018.07,0.8978,-1,-1,-1
566,30,1.44,9.36,272.25,1060.42,0.7995,-1,-1,-1
566,32,548.88,302.97,72.55,273.64,0.7245,-1,-1,-1
566,33,976.39,216.19,121.96,462.05,0.7561,-1,-1,-1
566,34,1672.06,280.97,107.80,196.08,0.7203,-1,-1,-1
566,24,1086.29,273.71,100.37,341.28,0.6524,-1,-1,-1
567,1,845.16,230.35,162.37,478.77,0.8363,-1,-1,-1
567,19,1146.61,272.50,198.25,398.32,0.7992,-1,-1,-1
567,20,1321.80,54.21,375.81,1010.47,0.9166,-1,-1,-1
567,30,0.77,6.99,251.36,1063.33,0.7281,-1,-1,-1
567,32,553.64,304.83,73.65,272.97,0.7416,-1,-1,-1
567,33,981.44,221.30,119.92,452.02,0.7652,-1,-1,-1
567,34,1688.78,281.70,106.11,195.03,0.6559,-1,-1,-1
567,24,1091.36,273.66,106.07,348.34,0.7413,-1,-1,-1
568,1,849.43,231.51,164.09,479.71,0.8452,-1,-1,-1
568,19,1153.45,279.71,197.47,395.62,0.8633,-1,-1,-1
568,20,1317.67,54.67,395.48,1014.40,0.9163,-1,-1,-1
568,30,0.03,12.48,224.38,1063.08,0.3049,-1,-1,-1
568,32,558.68,302.82,75.97,275.25,0.7534,-1,-1,-1
568,33,986.80,224.87,121.82,452.11,0.8195,-1,-1,-1
568,34,1702.64,282.78,106.06,197.41,0.6213,-1,-1,-1
568,24,1095.31,272.76,112.57,352.42,0.7461,-1,-1,-1
569,1,854.00,233.05,163.56,480.47,0.8513,-1,-1,-1
569,19,1157.62,284.04,198.43,395.48,0.8656,-1,-1,-1
569,20,1321.46,55.24,405.76,1016.25,0.9097,-1,-1,-1
569,32,563.80,301.81,78.13,278.15,0.7622,-1,-1,-1
569,33,995.26,227.11,120.36,458.72,0.8181,-1,-1,-1
569,34,1715.33,285.38,104.68,199.07,0.6673,-1,-1,-1
569,24,1101.61,275.21,113.03,353.73,0.7735,-1,-1,-1
570,1,861.38,240.07,159.55,476.48,0.8607,-1,-1,-1
570,19,1166.91,283.27,199.51,400.85,0.8487,-1,-1,-1
570,20,1322.41,56.29,421.31,1016.07,0.9009,-1,-1,-1
570,32,567.88,298.09,79.70,283.08,0.7628,-1,-1,-1
570,33,1005.45,231.00,117.08,460.49,0.8222,-1,-1,-1
570,34,1728.43,288.33,104.02,199.20,0.6610,-1,-1,-1
570,24,1108.59,276.36,116.98,353.03,0.7815,-1,-1,-1
571,1,868.43,244.52,157.74,474.36,0.8513,-1,-1,-1
571,19,1173.01,281.65,203.11,408.75,0.8297,-1,-1,-1
571,20,1327.37,55.26,423.89,1018.74,0.9150,-1,-1,-1
571,32,571.53,302.21,79.40,282.93,0.7940,-1,-1,-1
571,33,1011.80,233.47,114.14,463.02,0.7977,-1,-1,-1
571,34,1739.66,289.43,104.53,201.20,0.5991,-1,-1,-1
571,24,1110.68,274.95,125.69,356.49,0.8052,-1,-1,-1
572,1,873.99,241.39,157.25,476.00,0.8207,-1,-1,-1
572,19,1190.16,282.03,195.24,410.70,0.8294,-1,-1,-1
572,20,1328.39,54.19,431.28,1021.14,0.9047,-1,-1,-1
572,32,576.21,304.77,77.38,280.66,0.8196,-1,-1,-1
572,33,1015.62,233.98,115.15,462.15,0.7807,-1,-1,-1
572,34,1750.69,289.86,105.57,202.14,0.5636,-1,-1,-1
572,24,1116.92,274.84,129.43,359.59,0.7915,-1,-1,-1
573,1,879.36,240.03,154.42,476.37,0.8283,-1,-1,-1
573,19,1209.42,284.31,182.13,410.70,0.8168,-1,-1,-1
573,20,1331.92,54.71,440.10,1021.14,0.8942,-1,-1,-1
573,32,579.86,307.68,75.50,279.42,0.7774,-1,-1,-1
573,33,1021.14,234.04,115.12,459.43,0.7582,-1,-1,-1
573,34,1760.86,292.20,104.91,201.80,0.6059,-1,-1,-1
573,24,1120.92,275.81,133.12,360.02,0.8219,-1,-1,-1
574,1,883.41,240.04,157.02,476.85,0.8419,-1,-1,-1
574,19,1229.81,284.04,170.56,413.74,0.7738,-1,-1,-1
574,20,1338.32,54.27,443.57,1020.53,0.9082,-1,-1,-1
574,32,584.07,306.92,75.74,280.59,0.7112,-1,-1,-1
574,33,1025.39,236.01,115.76,456.49,0.7595,-1,-1,-1
574,34,1772.73,293.58,106.53,203.74,0.5542,-1,-1,-1
574,24,1125.74,277.83,133.74,361.50,0.8301,-1,-1,-1
575,1,885.90,239.59,157.58,475.51,0.8421,-1,-1,-1
575,19,1246.98,283.39,159.81,417.10,0.7156,-1,-1,-1
575,20,1346.33,56.06,440.45,1016.14,0.9107,-1,-1,-1
575,32,587.84,305.46,75.17,281.57,0.6908,-1,-1,-1
575,33,1029.41,236.18,113.88,458.78,0.7712,-1,-1,-1
575,34,1787.20,295.13,100.83,201.37,0.2664,-1,-1,-1
575,24,1131.26,278.02,132.94,363.94,0.8404,-1,-1,-1
576,1,888.54,239.55,156.80,473.46,0.8240,-1,-1,-1
576,19,1266.86,282.21,146.76,422.09,0.7407,-1,-1,-1
576,20,1353.78,59.37,437.77,1011.55,0.9127,-1,-1,-1
576,32,590.92,312.35,74.37,276.29,0.7103,-1,-1,-1
576,33,1030.53,236.81,113.56,456.77,0.7833,-1,-1,-1
576,34,1789.18,296.35,110.66,204.11,0.5531,-1,-1,-1
576,24,1136.96,275.99,133.53,367.94,0.8366,-1,-1,-1
577,1,891.28,237.28,155.06,471.23,0.8183,-1,-1,-1
577,19,1288.23,285.72,139.81,424.15,0.7620,-1,-1,-1
577,20,1358.44,59.76,436.75,1009.81,0.9074,-1,-1,-1
577,32,588.72,315.08,77.35,273.56,0.6703,-1,-1,-1
577,33,1030.51,229.44,113.16,468.93,0.7900,-1,-1,-1
577,34,1795.02,295.41,114.08,202.52,0.6058,-1,-1,-1
577,24,1139.13,274.07,135.16,370.54,0.8281,-1,-1,-1
578,1,892.63,236.70,154.15,470.86,0.8285,-1,-1,-1
578,19,1312.00,283.37,127.06,429.93,0.7274,-1,-1,-1
578,20,1364.61,61.96,437.99,1007.48,0.9023,-1,-1,-1
578,32,589.07,315.12,77.62,274.50,0.6975,-1,-1,-1
578,33,1030.47,225.83,113.14,474.56,0.7903,-1,-1,-1
578,34,1798.87,298.01,116.62,202.17,0.5935,-1,-1,-1
578,24,1141.61,273.91,129.39,372.64,0.8226,-1,-1,-1
579,1,890.31,240.38,153.95,471.17,0.8383,-1,-1,-1
579,19,1327.84,285.22,123.56,439.50,0.7858,-1,-1,-1
579,20,1378.32,69.51,429.83,1000.46,0.9034,-1,-1,-1
579,32,588.55,311.25,75.33,285.66,0.7375,-1,-1,-1
579,33,1027.81,231.21,114.67,472.89,0.7845,-1,-1,-1
579,34,1801.54,303.54,118.35,207.18,0.6254,-1,-1,-1
579,24,1141.28,276.84,130.04,376.21,0.8299,-1,-1,-1
580,1,890.20,241.70,150.58,468.63,0.8434,-1,-1,-1
580,19,1333.91,284.68,125.40,447.50,0.7708,-1,-1,-1
580,20,1389.11,71.81,424.62,996.78,0.9024,-1,-1,-1
580,32,584.91,305.94,75.32,293.34,0.6824,-1,-1,-1
580,33,1022.91,233.60,118.14,468.80,0.7730,-1,-1,-1
580,34,1806.19,304.29,114.46,211.28,0.6577,-1,-1,-1
580,24,1139.94,275.63,129.76,379.36,0.8005,-1,-1,-1
581,1,886.86,241.95,150.23,466.50,0.8373,-1,-1,-1
581,19,1337.32,283.36,141.43,453.40,0.7717,-1,-1,-1
581,20,1404.21,70.08,418.09,995.46,0.9015,-1,-1,-1
581,32,582.82,306.55,73.15,293.15,0.7289,-1,-1,-1
581,33,1019.41,233.95,121.72,464.22,0.7765,-1,-1,-1
581,34,1814.23,304.51,106.76,214.92,0.6039,-1,-1,-1
581,24,1143.27,281.70,123.03,373.49,0.7879,-1,-1,-1
582,1,885.44,244.32,146.74,464.98,0.8439,-1,-1,-1
582,19,1339.62,284.71,159.11,453.16,0.8255,-1,-1,-1
582,20,1419.14,70.80,414.33,999.44,0.9084,-1,-1,-1
582,32,581.24,307.25,72.39,293.61,0.7594,-1,-1,-1
582,33,1016.36,233.87,125.01,462.16,0.7830,-1,-1,-1
582,34,1824.62,305.11,96.44,215.94,0.5269,-1,-1,-1
582,24,1145.86,284.25,118.95,371.24,0.7751,-1,-1,-1
583,1,882.79,247.88,144.64,470.10,0.8497,-1,-1,-1
583,19,1342.68,286.37,164.43,452.38,0.8009,-1,-1,-1
583,20,1428.05,72.58,415.36,1000.16,0.9085,-1,-1,-1
583,32,577.29,309.82,73.56,293.45,0.7641,-1,-1,-1
583,33,1013.07,233.30,128.27,463.47,0.7637,-1,-1,-1
583,34,1834.60,306.90,86.16,217.74,0.5303,-1,-1,-1
583,24,1143.58,282.05,118.25,376.14,0.7812,-1,-1,-1
584,1,876.22,249.52,145.88,474.99,0.8481,-1,-1,-1
584,19,1342.49,283.47,167.68,456.38,0.7983,-1,-1,-1
584,20,1436.22,71.45,416.48,1001.62,0.9091,-1,-1,-1
584,32,573.93,306.59,74.07,294.74,0.7627,-1,-1,-1
584,33,1011.56,234.28,129.69,466.53,0.7645,-1,-1,-1
584,34,1840.02,308.00,79.95,223.07,0.5697,-1,-1,-1
584,24,1141.78,283.91,120.18,377.22,0.7715,-1,-1,-1
585,1,868.36,251.07,145.73,475.94,0.8627,-1,-1,-1
585,19,1342.36,282.60,166.14,453.96,0.7661,-1,-1,-1
585,20,1442.33,71.84,416.90,998.05,0.9092,-1,-1,-1
585,32,571.60,307.34,72.13,293.24,0.7814,-1,-1,-1
585,33,1006.71,233.48,132.66,469.18,0.7862,-1,-1,-1
585,34,1847.33,305.59,72.27,227.45,0.5222,-1,-1,-1
585,24,1140.58,284.15,120.87,379.14,0.7748,-1,-1,-1
586,1,862.27,252.61,146.01,475.14,0.8471,-1,-1,-1
586,19,1342.75,283.67,167.50,453.10,0.7407,-1,-1,-1
586,20,1450.79,71.18,414.16,1000.87,0.9039,-1,-1,-1
586,32,567.38,300.71,72.57,300.84,0.7592,-1,-1,-1
586,33,1005.96,234.10,129.60,469.81,0.8059,-1,-1,-1
586,34,1851.43,306.42,68.05,230.33,0.4459,-1,-1,-1
586,24,1139.46,284.34,124.41,379.02,0.7452,-1,-1,-1
587,1,860.04,253.81,144.27,473.41,0.8499,-1,-1,-1
587,19,1343.32,284.09,174.09,457.84,0.7564,-1,-1,-1
587,20,1457.93,68.51,411.18,1005.95,0.8986,-1,-1,-1
587,32,563.54,303.67,72.28,299.18,0.7180,-1,-1,-1
587,33,1005.84,235.96,125.17,469.15,0.8083,-1,-1,-1
587,34,1853.98,308.73,65.38,228.89,0.4824,-1,-1,-1
587,24,1139.50,283.56,125.07,381.41,0.7569,-1,-1,-1
588,1,858.00,254.48,141.37,472.65,0.8394,-1,-1,-1
588,19,1342.89,284.21,181.73,460.63,0.7545,-1,-1,-1
588,20,1464.34,66.45,406.54,1007.73,0.9020,-1,-1,-1
588,32,556.83,313.05,72.65,291.81,0.7263,-1,-1,-1
588,33,1001.84,238.42,124.21,467.19,0.7911,-1,-1,-1
588,34,1856.70,309.10,62.66,226.97,0.5365,-1,-1,-1
588,24,1139.78,285.04,126.80,380.84,0.7229,-1,-1,-1
589,1,854.33,253.73,137.91,473.84,0.8394,-1,-1,-1
589,19,1342.87,283.52,191.55,466.89,0.7695,-1,-1,-1
589,20,1468.65,64.03,407.08,1011.10,0.9034,-1,-1,-1
589,32,552.26,319.44,70.74,285.75,0.7144,-1,-1,-1
589,33,997.23,237.72,127.07,469.07,0.8000,-1,-1,-1
589,34,1860.43,311.24,59.10,223.52,0.4634,-1,-1,-1
589,24,1139.66,284.04,132.67,383.66,0.7717,-1,-1,-1
590,1,849.63,252.70,137.45,476.29,0.8382,-1,-1,-1
590,19,1349.97,280.78,192.74,474.82,0.7315,-1,-1,-1
590,20,1468.87,62.89,411.95,1013.48,0.9073,-1,-1,-1
590,32,548.53,318.34,71.28,287.74,0.7126,-1,-1,-1
590,33,985.10,239.38,135.76,468.43,0.8109,-1,-1,-1
590,34,1864.41,313.62,55.20,222.45,0.3898,-1,-1,-1
590,24,1138.74,284.91,138.49,386.28,0.8114,-1,-1,-1
591,1,838.97,250.80,144.46,474.77,0.8402,-1,-1,-1
591,19,1370.01,279.35,176.91,479.56,0.7153,-1,-1,-1
591,20,1469.14,61.41,416.08,1012.51,0.9094,-1,-1,-1
591,32,543.30,318.81,73.46,288.35,0.7381,-1,-1,-1
591,33,982.66,240.48,134.38,466.06,0.8065,-1,-1,-1
591,34,1868.08,315.98,51.65,220.02,0.3593,-1,-1,-1
591,24,1139.16,282.66,139.25,389.99,0.8228,-1,-1,-1
592,1,830.25,250.21,147.49,470.70,0.8341,-1,-1,-1
592,19,1394.56,276.72,154.51,483.44,0.5635,-1,-1,-1
592,20,1468.89,59.85,419.54,1012.20,0.9062,-1,-1,-1
592,32,539.39,311.04,77.10,298.47,0.7282,-1,-1,-1
592,33,982.13,239.71,132.19,468.35,0.8135,-1,-1,-1
592,34,1871.41,330.50,48.26,201.74,0.3207,-1,-1,-1
592,24,1140.56,279.28,137.29,394.09,0.8065,-1,-1,-1
593,1,824.85,250.01,148.14,466.64,0.8350,-1,-1,-1
593,19,1414.54,299.65,142.77,461.03,0.4430,-1,-1,-1
593,20,1467.00,60.04,424.14,1012.44,0.8956,-1,-1,-1
593,32,537.18,306.75,78.75,305.83,0.7113,-1,-1,-1
593,33,982.50,239.28,129.26,470.72,0.8159,-1,-1,-1
593,34,1874.51,344.40,45.21,184.87,0.2291,-1,-1,-1
593,24,1141.94,280.10,135.80,396.40,0.8259,-1,-1,-1
594,1,816.66,250.76,154.28,464.06,0.8364,-1,-1,-1
594,19,1429.42,316.59,131.67,446.75,0.2180,-1,-1,-1
594,20,1471.44,61.40,420.00,1013.61,0.8955,-1,-1,-1
594,32,534.53,309.86,76.09,303.90,0.7298,-1,-1,-1
594,33,981.96,241.05,127.24,472.04,0.8132,-1,-1,-1
594,34,1876.64,356.27,43.35,171.29,0.2523,-1,-1,-1
594,24,1145.49,281.70,132.73,397.51,0.8041,-1,-1,-1
594,35,1107.91,318.18,54.21,243.90,0.6118,-1,-1,-1
595,1,810.12,250.54,158.01,464.07,0.8524,-1,-1,-1
595,20,1480.12,62.51,414.34,1011.90,0.9089,-1,-1,-1
595,32,531.43,307.94,80.26,309.96,0.7637,-1,-1,-1
595,33,982.16,242.83,126.52,472.28,0.8039,-1,-1,-1
595,24,1148.11,282.01,130.97,398.87,0.7975,-1,-1,-1
595,35,1106.15,315.12,57.09,247.41,0.6605,-1,-1,-1
596,1,804.49,250.30,162.26,464.18,0.8478,-1,-1,-1
596,20,1487.75,60.08,405.82,1014.19,0.9161,-1,-1,-1
596,32,529.79,308.69,81.61,311.07,0.7562,-1,-1,-1
596,33,978.59,242.99,132.19,472.93,0.8123,-1,-1,-1
596,24,1149.09,278.51,131.44,403.04,0.7774,-1,-1,-1
596,35,1105.84,312.24,58.83,250.48,0.5392,-1,-1,-1
597,1,801.44,248.76,163.28,467.07,0.8448,-1,-1,-1
597,20,1497.79,56.03,395.27,1018.56,0.9159,-1,-1,-1
597,32,530.44,306.57,79.10,313.11,0.7631,-1,-1,-1
597,33,977.34,243.66,136.38,473.74,0.8106,-1,-1,-1
597,24,1152.69,276.83,136.11,404.69,0.7707,-1,-1,-1
597,35,1105.47,313.23,60.57,250.62,0.5782,-1,-1,-1
598,1,800.46,251.82,164.42,472.60,0.8462,-1,-1,-1
598,20,1507.72,57.95,384.72,1017.22,0.9145,-1,-1,-1
598,32,530.70,306.49,77.33,316.98,0.7487,-1,-1,-1
598,33,979.63,249.38,138.96,479.52,0.8237,-1,-1,-1
598,24,1153.31,281.98,145.33,404.10,0.8048,-1,-1,-1
598,35,1107.63,317.29,60.67,245.40,0.4598,-1,-1,-1
599,1,800.89,253.80,165.43,473.91,0.8503,-1,-1,-1
599,20,1511.76,58.12,383.23,1018.00,0.9196,-1,-1,-1
599,32,531.40,309.83,82.12,318.13,0.7503,-1,-1,-1
599,33,985.20,251.46,138.14,479.54,0.8189,-1,-1,-1
599,24,1155.85,283.99,151.03,403.86,0.8041,-1,-1,-1
599,35,1108.09,316.73,61.84,248.94,0.3663,-1,-1,-1
600,1,804.62,255.15,163.18,475.12,0.8403,-1,-1,-1
600,20,1514.04,55.45,387.93,1021.81,0.9233,-1,-1,-1
600,32,534.14,310.37,85.55,319.21,0.7338,-1,-1,-1
600,33,991.51,250.94,136.27,482.82,0.8009,-1,-1,-1
600,24,1161.72,286.40,152.32,402.19,0.8259,-1,-1,-1
600,35,1111.51,317.97,61.56,246.42,0.2295,-1,-1,-1
601,1,808.50,258.42,159.12,476.63,0.8457,-1,-1,-1
601,20,1514.45,55.67,397.40,1022.89,0.9238,-1,-1,-1
601,32,536.87,312.64,84.34,319.42,0.7296,-1,-1,-1
601,33,995.67,251.56,134.46,483.25,0.7934,-1,-1,-1
601,24,1166.81,283.79,154.64,406.60,0.7892,-1,-1,-1
601,35,1116.64,325.11,61.84,239.14,0.3977,-1,-1,-1
602,1,813.69,263.07,157.96,477.42,0.8391,-1,-1,-1
602,20,1514.08,57.58,405.29,1019.51,0.9215,-1,-1,-1
602,32,540.33,317.27,84.20,317.40,0.7174,-1,-1,-1
602,33,996.77,252.42,135.65,485.40,0.7933,-1,-1,-1
602,24,1181.95,282.43,146.25,412.03,0.7390,-1,-1,-1
602,35,1120.17,329.52,64.84,242.32,0.5203,-1,-1,-1
603,1,822.19,269.43,153.63,475.67,0.8150,-1,-1,-1
603,20,1518.82,61.04,403.92,1016.71,0.9261,-1,-1,-1
603,32,543.85,326.10,82.53,314.48,0.7381,-1,-1,-1
603,33,1003.93,256.73,130.00,481.97,0.7888,-1,-1,-1
603,24,1192.81,285.38,145.31,418.36,0.7155,-1,-1,-1
603,35,1125.18,343.24,65.11,233.04,0.5775,-1,-1,-1
604,1,827.41,275.13,153.73,471.52,0.8230,-1,-1,-1
604,20,1524.65,63.17,399.41,1014.52,0.9279,-1,-1,-1
604,32,550.01,332.80,83.66,312.65,0.7054,-1,-1,-1
604,33,1010.68,261.12,126.42,478.73,0.8131,-1,-1,-1
604,24,1203.43,288.17,144.98,420.81,0.7598,-1,-1,-1
604,35,1132.15,348.92,63.78,231.84,0.6593,-1,-1,-1
605,1,835.12,277.05,153.63,470.91,0.8311,-1,-1,-1
605,20,1527.57,62.58,396.69,1015.75,0.9181,-1,-1,-1
605,32,554.75,334.96,81.34,313.41,0.7402,-1,-1,-1
605,33,1015.39,260.66,126.50,472.87,0.8095,-1,-1,-1
605,24,1211.06,289.32,145.46,422.06,0.7430,-1,-1,-1
605,35,1136.64,351.54,65.64,232.16,0.6530,-1,-1,-1
606,1,843.90,278.13,152.65,473.09,0.8153,-1,-1,-1
606,20,1535.38,63.29,388.94,1012.60,0.9223,-1,-1,-1
606,32,560.47,331.02,79.54,318.81,0.7156,-1,-1,-1
606,33,1018.66,260.80,126.65,469.94,0.7926,-1,-1,-1
606,24,1222.91,290.07,145.96,425.06,0.6469,-1,-1,-1
606,35,1142.54,353.24,67.23,233.29,0.6469,-1,-1,-1
607,1,852.69,279.63,149.07,471.71,0.8366,-1,-1,-1
607,20,1543.53,65.00,380.43,1008.49,0.9140,-1,-1,-1
607,32,566.92,328.30,83.40,322.89,0.8038,-1,-1,-1
607,33,1028.17,262.09,121.61,468.84,0.8070,-1,-1,-1
607,24,1236.74,291.45,141.31,424.95,0.6693,-1,-1,-1
607,35,1150.32,344.88,67.00,242.18,0.6656,-1,-1,-1
608,1,856.05,278.47,151.42,467.48,0.8296,-1,-1,-1
608,20,1552.93,66.41,370.64,1003.70,0.9175,-1,-1,-1
608,32,572.18,329.09,83.11,322.13,0.7612,-1,-1,-1
608,33,1035.63,263.51,124.71,464.54,0.7965,-1,-1,-1
608,24,1246.14,291.18,146.56,429.32,0.5396,-1,-1,-1
608,35,1156.77,345.29,68.05,241.75,0.7177,-1,-1,-1
609,1,862.21,277.26,148.49,465.77,0.8196,-1,-1,-1
609,20,1561.50,68.71,361.20,1001.94,0.9201,-1,-1,-1
609,32,575.95,330.68,84.10,323.19,0.7838,-1,-1,-1
609,33,1039.09,262.10,131.40,468.51,0.8252,-1,-1,-1
609,24,1258.41,286.93,141.44,436.44,0.7260,-1,-1,-1
609,35,1162.08,348.58,71.00,242.08,0.6235,-1,-1,-1
610,1,870.88,277.79,143.86,463.49,0.8262,-1,-1,-1
610,20,1568.95,71.68,352.91,1000.91,0.9221,-1,-1,-1
610,32,579.77,329.68,87.89,326.79,0.7515,-1,-1,-1
610,33,1043.06,263.82,132.81,471.41,0.8224,-1,-1,-1
610,24,1271.95,286.45,142.36,435.77,0.7582,-1,-1,-1
610,35,1166.66,349.58,71.49,240.88,0.5562,-1,-1,-1
611,1,874.46,278.18,144.01,463.77,0.8168,-1,-1,-1
611,20,1580.25,70.48,340.52,1004.25,0.9176,-1,-1,-1
611,32,583.60,331.09,85.44,326.67,0.7412,-1,-1,-1
611,33,1043.31,267.42,133.99,470.22,0.7849,-1,-1,-1
611,24,1282.38,288.64,137.63,439.14,0.6792,-1,-1,-1
611,35,1167.65,348.24,72.10,241.88,0.6941,-1,-1,-1
611,36,1243.27,333.32,84.21,306.52,0.5944,-1,-1,-1
612,1,878.26,280.95,142.02,459.72,0.8333,-1,-1,-1
612,20,1595.07,74.25,324.65,1003.84,0.9152,-1,-1,-1
612,32,586.43,334.02,80.35,323.29,0.7757,-1,-1,-1
612,33,1035.76,273.06,141.82,470.83,0.8125,-1,-1,-1
612,24,1289.44,291.28,138.55,432.65,0.6943,-1,-1,-1
612,35,1170.94,348.23,72.04,245.67,0.6504,-1,-1,-1
612,36,1245.05,339.61,81.49,299.73,0.6030,-1,-1,-1
613,1,878.87,282.82,144.22,459.97,0.8367,-1,-1,-1
613,20,1607.33,77.35,311.99,997.93,0.9119,-1,-1,-1
613,32,587.48,334.22,79.54,323.67,0.7656,-1,-1,-1
613,33,1032.03,275.97,149.37,475.62,0.8458,-1,-1,-1
613,24,1298.23,294.99,135.25,438.21,0.6176,-1,-1,-1
613,35,1174.91,352.94,71.52,240.37,0.6580,-1,-1,-1
613,36,1246.05,336.41,84.88,310.54,0.5563,-1,-1,-1
614,1,882.92,286.97,143.80,463.48,0.8327,-1,-1,-1
614,20,1619.92,80.41,299.16,996.30,0.9143,-1,-1,-1
614,32,587.98,335.91,79.18,325.42,0.7685,-1,-1,-1
614,33,1031.43,278.28,156.60,478.80,0.8503,-1,-1,-1
614,24,1307.55,297.86,132.27,445.79,0.6624,-1,-1,-1
614,35,1180.24,359.02,68.67,240.05,0.6001,-1,-1,-1
614,36,1255.30,325.38,90.18,335.94,0.4746,-1,-1,-1
615,1,886.37,288.93,145.22,465.08,0.8359,-1,-1,-1
615,20,1635.02,82.01,284.34,993.73,0.9026,-1,-1,-1
615,32,589.50,342.87,80.26,322.68,0.7328,-1,-1,-1
615,33,1031.56,280.05,158.19,478.83,0.8322,-1,-1,-1
615,24,1317.91,296.05,122.94,453.95,0.7263,-1,-1,-1
615,35,1182.71,360.47,68.44,241.77,0.6270,-1,-1,-1
615,36,1264.03,322.03,93.01,349.30,0.5934,-1,-1,-1
616,1,886.21,293.42,148.92,462.88,0.8300,-1,-1,-1
616,20,1643.84,81.93,275.11,994.86,0.8897,-1,-1,-1
616,32,590.56,344.95,97.19,322.02,0.7143,-1,-1,-1
616,33,1031.81,282.67,163.68,479.08,0.8242,-1,-1,-1
616,24,1324.65,298.94,120.44,457.37,0.7241,-1,-1,-1
616,35,1186.50,362.28,66.27,239.09,0.5724,-1,-1,-1
616,36,1269.65,320.21,92.26,357.34,0.6118,-1,-1,-1
617,1,885.19,295.20,151.50,466.45,0.8439,-1,-1,-1
617,20,1656.78,90.28,261.86,986.40,0.8846,-1,-1,-1
617,32,589.93,342.86,95.36,327.78,0.7334,-1,-1,-1
617,33,1030.17,285.67,167.91,479.39,0.8452,-1,-1,-1
617,24,1329.18,299.94,118.73,462.21,0.7321,-1,-1,-1
617,35,1187.47,368.76,65.37,235.18,0.6002,-1,-1,-1
617,36,1272.62,321.80,92.41,364.83,0.5930,-1,-1,-1
618,1,885.49,298.55,151.31,468.67,0.8354,-1,-1,-1
618,20,1666.12,99.44,252.18,977.38,0.8813,-1,-1,-1
618,32,588.76,337.63,87.57,335.82,0.7858,-1,-1,-1
618,33,1029.22,288.46,172.85,481.26,0.8496,-1,-1,-1
618,24,1329.87,301.16,120.03,465.61,0.7380,-1,-1,-1
618,35,1188.30,371.92,65.28,240.13,0.5614,-1,-1,-1
618,36,1273.51,325.59,93.89,368.51,0.5692,-1,-1,-1
619,1,883.12,300.57,148.63,467.25,0.8365,-1,-1,-1
619,20,1668.23,104.51,249.26,970.65,0.8953,-1,-1,-1
619,32,586.14,336.37,83.15,337.93,0.7601,-1,-1,-1
619,33,1026.80,289.23,173.93,482.75,0.8100,-1,-1,-1
619,24,1329.74,301.86,127.66,466.87,0.7373,-1,-1,-1
619,35,1186.52,369.53,66.70,245.85,0.5265,-1,-1,-1
619,36,1273.83,326.57,97.61,373.82,0.5996,-1,-1,-1
620,1,880.79,302.92,142.29,465.51,0.8234,-1,-1,-1
620,20,1679.21,110.93,238.87,964.29,0.8854,-1,-1,-1
620,32,581.57,337.87,84.08,341.43,0.6972,-1,-1,-1
620,33,1026.64,289.07,175.48,482.44,0.7866,-1,-1,-1
620,24,1331.19,302.18,125.09,469.14,0.7530,-1,-1,-1
620,35,1184.70,372.54,65.45,237.57,0.5809,-1,-1,-1
620,36,1269.30,327.48,102.14,379.96,0.6077,-1,-1,-1
621,1,876.00,302.57,137.23,462.48,0.8241,-1,-1,-1
621,20,1686.65,119.52,230.95,955.63,0.8791,-1,-1,-1
621,32,578.37,336.59,82.26,345.20,0.7250,-1,-1,-1
621,33,1025.92,288.29,165.47,481.69,0.6813,-1,-1,-1
621,24,1330.83,303.95,123.50,466.71,0.7443,-1,-1,-1
621,35,1183.31,375.51,65.54,229.38,0.5060,-1,-1,-1
621,36,1267.04,328.68,105.76,383.16,0.6261,-1,-1,-1
622,1,869.49,303.05,146.15,461.57,0.8024,-1,-1,-1
622,20,1689.04,120.83,228.87,954.71,0.8936,-1,-1,-1
622,32,574.59,341.16,79.28,341.59,0.7757,-1,-1,-1
622,33,1024.42,287.98,149.73,479.91,0.7514,-1,-1,-1
622,24,1330.68,304.24,123.07,472.25,0.6598,-1,-1,-1
622,35,1145.35,343.49,83.88,316.87,0.6473,-1,-1,-1
622,36,1261.45,328.57,110.18,391.07,0.5654,-1,-1,-1
623,1,862.99,303.26,146.19,463.30,0.7995,-1,-1,-1
623,20,1692.78,121.09,225.30,955.63,0.8980,-1,-1,-1
623,32,569.44,340.79,84.34,344.11,0.7378,-1,-1,-1
623,33,1018.40,288.61,145.61,479.65,0.7784,-1,-1,-1
623,24,1329.61,306.42,124.68,475.19,0.6551,-1,-1,-1
623,35,1127.08,334.46,92.68,354.16,0.7149,-1,-1,-1
623,36,1256.22,330.13,113.59,395.29,0.5238,-1,-1,-1
624,1,854.00,304.31,154.12,460.65,0.8459,-1,-1,-1
624,20,1696.10,117.30,221.83,958.52,0.8972,-1,-1,-1
624,32,564.52,340.25,85.22,343.24,0.7640,-1,-1,-1
624,33,1014.26,288.22,140.54,477.45,0.8126,-1,-1,-1
624,24,1327.95,308.02,123.41,473.14,0.7068,-1,-1,-1
624,35,1119.17,332.15,95.62,376.79,0.6834,-1,-1,-1
624,36,1254.58,329.88,110.77,400.96,0.6011,-1,-1,-1
625,1,849.75,304.55,155.22,456.83,0.8464,-1,-1,-1
625,20,1699.06,113.97,219.12,960.83,0.9030,-1,-1,-1
625,32,558.55,341.69,85.52,343.92,0.7328,-1,-1,-1
625,33,1009.30,285.32,136.31,474.40,0.7937,-1,-1,-1
625,24,1329.00,306.11,119.88,476.15,0.7265,-1,-1,-1
625,35,1114.34,332.26,95.58,393.93,0.7389,-1,-1,-1
625,36,1245.82,330.89,114.77,405.23,0.6451,-1,-1,-1
626,1,846.33,303.83,153.20,456.16,0.8216,-1,-1,-1
626,20,1702.53,115.82,215.76,958.24,0.9061,-1,-1,-1
626,32,552.45,344.23,83.23,344.50,0.7145,-1,-1,-1
626,33,1004.07,285.93,134.60,474.66,0.7881,-1,-1,-1
626,24,1327.22,305.20,120.64,478.15,0.7759,-1,-1,-1
626,35,1107.77,332.89,96.41,399.66,0.7471,-1,-1,-1
626,36,1241.63,331.36,116.77,408.30,0.6936,-1,-1,-1
627,1,839.86,302.18,156.15,457.63,0.8351,-1,-1,-1
627,20,1704.67,118.16,213.66,954.63,0.9040,-1,-1,-1
627,32,545.93,343.03,83.14,349.70,0.7490,-1,-1,-1
627,33,996.68,280.50,137.00,480.47,0.7866,-1,-1,-1
627,24,1325.89,304.66,121.31,478.72,0.7618,-1,-1,-1
627,35,1104.56,332.61,94.01,403.48,0.7330,-1,-1,-1
627,36,1236.47,330.59,117.48,411.86,0.6721,-1,-1,-1
628,1,829.07,301.41,162.95,457.22,0.8426,-1,-1,-1
628,20,1702.85,116.56,215.64,955.16,0.9048,-1,-1,-1
628,32,540.64,339.33,81.83,354.24,0.7773,-1,-1,-1
628,33,989.09,279.54,146.77,479.01,0.7588,-1,-1,-1
628,24,1324.55,302.86,121.28,480.45,0.7794,-1,-1,-1
628,35,1098.87,329.60,98.87,412.92,0.7134,-1,-1,-1
628,36,1235.38,330.44,114.22,413.50,0.6840,-1,-1,-1
629,1,824.86,300.71,165.68,456.83,0.8504,-1,-1,-1
629,20,1685.18,113.59,233.51,956.96,0.8827,-1,-1,-1
629,32,535.93,341.55,87.91,353.80,0.6969,-1,-1,-1
629,33,982.94,281.99,135.01,476.42,0.7741,-1,-1,-1
629,24,1323.48,301.47,121.02,481.95,0.7740,-1,-1,-1
629,35,1091.17,327.36,106.61,420.58,0.7529,-1,-1,-1
629,36,1233.49,329.95,111.46,417.63,0.6712,-1,-1,-1
630,1,822.74,302.19,164.20,454.35,0.8434,-1,-1,-1
630,20,1644.46,115.38,274.41,955.41,0.8888,-1,-1,-1
630,32,530.57,340.14,87.80,358.59,0.7633,-1,-1,-1
630,33,975.25,281.09,131.81,475.93,0.8153,-1,-1,-1
630,24,1322.89,300.93,120.52,483.77,0.7800,-1,-1,-1
630,35,1085.27,325.61,113.62,425.17,0.7896,-1,-1,-1
630,36,1238.56,327.71,103.98,421.50,0.6422,-1,-1,-1
631,1,820.45,303.32,164.78,454.42,0.8504,-1,-1,-1
631,20,1672.87,111.62,246.42,959.04,0.8920,-1,-1,-1
631,32,526.84,343.34,85.07,354.08,0.7333,-1,-1,-1
631,33,971.51,280.61,129.97,474.92,0.8284,-1,-1,-1
631,24,1323.57,300.88,120.51,483.88,0.7568,-1,-1,-1
631,35,1081.81,325.22,122.02,426.32,0.8123,-1,-1,-1
631,36,1236.64,328.61,106.38,423.00,0.6410,-1,-1,-1
632,1,816.20,305.30,166.81,455.41,0.8557,-1,-1,-1
632,20,1691.86,109.42,227.85,962.23,0.9015,-1,-1,-1
632,32,524.57,344.79,83.43,354.32,0.7611,-1,-1,-1
632,33,970.32,280.83,126.93,474.52,0.7854,-1,-1,-1
632,24,1325.45,302.26,123.35,484.33,0.7626,-1,-1,-1
632,35,1080.77,324.88,125.56,428.32,0.8182,-1,-1,-1
632,36,1237.49,326.95,108.26,426.83,0.6624,-1,-1,-1
633,1,814.03,307.72,168.52,456.02,0.8613,-1,-1,-1
633,20,1706.64,103.93,213.72,968.37,0.9040,-1,-1,-1
633,32,523.07,342.86,84.53,358.61,0.7708,-1,-1,-1
633,33,971.19,281.49,125.91,476.64,0.7670,-1,-1,-1
633,24,1328.17,301.10,123.00,486.57,0.7734,-1,-1,-1
633,35,1084.39,325.16,123.30,431.27,0.8143,-1,-1,-1
633,36,1238.38,323.40,110.21,429.36,0.6770,-1,-1,-1
634,1,812.80,309.62,169.71,457.05,0.8617,-1,-1,-1
634,20,1719.45,94.10,201.19,978.74,0.9050,-1,-1,-1
634,32,521.68,346.70,86.44,359.55,0.7821,-1,-1,-1
634,33,970.38,282.30,126.91,474.57,0.7812,-1,-1,-1
634,24,1332.40,303.23,122.83,487.80,0.7412,-1,-1,-1
634,35,1088.94,326.60,123.24,433.88,0.8318,-1,-1,-1
634,36,1238.11,321.54,114.85,432.48,0.6783,-1,-1,-1
635,1,812.66,310.25,171.83,459.11,0.8565,-1,-1,-1
635,20,1724.46,89.52,196.08,979.22,0.8871,-1,-1,-1
635,32,521.24,348.93,86.79,361.08,0.7916,-1,-1,-1
635,33,975.61,282.64,123.62,478.39,0.7796,-1,-1,-1
635,24,1336.36,300.55,124.39,491.52,0.6899,-1,-1,-1
635,35,1093.62,324.61,125.13,439.19,0.8293,-1,-1,-1
635,36,1244.41,320.18,112.39,432.64,0.5885,-1,-1,-1
636,1,813.20,313.39,173.78,457.88,0.8367,-1,-1,-1
636,20,1722.66,86.70,198.13,985.79,0.8776,-1,-1,-1
636,32,520.60,353.27,86.09,363.19,0.7790,-1,-1,-1
636,33,981.29,284.49,123.76,483.40,0.7954,-1,-1,-1
636,24,1340.49,302.32,128.53,492.83,0.7265,-1,-1,-1
636,35,1098.82,326.18,124.39,442.54,0.8234,-1,-1,-1
636,36,1248.22,317.54,113.36,436.63,0.6000,-1,-1,-1
637,1,817.20,318.66,172.12,449.67,0.8471,-1,-1,-1
637,20,1722.28,87.29,198.20,985.60,0.8706,-1,-1,-1
637,32,519.48,359.06,88.25,362.19,0.7448,-1,-1,-1
637,33,987.78,292.18,118.65,484.14,0.7990,-1,-1,-1
637,24,1343.25,304.86,130.20,496.47,0.7880,-1,-1,-1
637,35,1101.97,327.35,121.27,443.98,0.8152,-1,-1,-1
637,36,1251.37,319.50,113.70,432.22,0.6421,-1,-1,-1
638,1,825.27,318.16,165.35,445.31,0.8644,-1,-1,-1
638,20,1716.19,84.93,203.34,986.12,0.8831,-1,-1,-1
638,32,518.02,354.30,90.24,367.07,0.7296,-1,-1,-1
638,33,989.77,293.43,116.96,481.46,0.8013,-1,-1,-1
638,24,1346.07,303.82,129.84,498.79,0.7827,-1,-1,-1
638,35,1103.30,328.69,124.47,440.99,0.8118,-1,-1,-1
638,36,1255.00,315.73,111.30,434.14,0.6176,-1,-1,-1
639,1,834.26,319.13,158.29,449.50,0.8582,-1,-1,-1
639,20,1712.71,83.92,207.92,988.99,0.8780,-1,-1,-1
639,32,519.06,362.60,92.50,361.24,0.7410,-1,-1,-1
639,33,993.43,298.20,113.14,477.51,0.7983,-1,-1,-1
639,24,1353.55,304.36,129.39,500.51,0.7294,-1,-1,-1
639,35,1106.95,330.53,130.44,440.69,0.8286,-1,-1,-1
639,36,1257.34,314.23,117.67,444.30,0.6933,-1,-1,-1
640,1,841.18,319.04,154.56,450.36,0.8471,-1,-1,-1
640,20,1707.72,78.82,212.73,994.64,0.8778,-1,-1,-1
640,32,520.12,365.78,92.39,361.89,0.7258,-1,-1,-1
640,33,998.08,301.06,112.26,476.66,0.7988,-1,-1,-1
640,24,1362.08,301.12,127.75,509.46,0.7234,-1,-1,-1
640,35,1109.42,331.00,136.95,442.42,0.8086,-1,-1,-1
640,36,1258.95,315.11,122.42,454.86,0.7230,-1,-1,-1
641,1,847.62,320.15,152.43,448.30,0.8314,-1,-1,-1
641,20,1704.64,79.54,216.02,992.12,0.8735,-1,-1,-1
641,32,520.96,361.92,93.98,367.98,0.7316,-1,-1,-1
641,33,1002.63,304.63,111.04,471.26,0.7950,-1,-1,-1
641,24,1369.46,300.30,127.46,507.99,0.7789,-1,-1,-1
641,35,1113.73,329.77,144.26,444.92,0.7948,-1,-1,-1
641,36,1259.73,312.44,127.06,462.02,0.7415,-1,-1,-1
642,1,853.12,321.74,153.66,448.58,0.8222,-1,-1,-1
642,20,1702.17,86.13,218.98,986.20,0.8823,-1,-1,-1
642,32,525.48,361.04,104.66,372.59,0.7056,-1,-1,-1
642,33,1005.72,308.18,114.71,471.31,0.7902,-1,-1,-1
642,24,1377.75,302.67,128.14,511.04,0.7978,-1,-1,-1
642,35,1120.13,330.69,148.91,447.82,0.7790,-1,-1,-1
642,36,1265.57,315.29,129.30,469.07,0.7778,-1,-1,-1
643,1,857.52,321.80,153.59,445.92,0.8647,-1,-1,-1
643,20,1695.28,90.05,226.16,979.22,0.8824,-1,-1,-1
643,32,527.63,361.91,104.73,373.89,0.7174,-1,-1,-1
643,33,1007.27,308.91,117.28,478.90,0.8074,-1,-1,-1
643,24,1382.56,303.17,131.52,514.09,0.7876,-1,-1,-1
643,35,1124.42,328.32,151.49,456.50,0.8044,-1,-1,-1
643,36,1274.73,315.57,127.31,473.66,0.6705,-1,-1,-1
644,1,863.22,322.40,153.22,448.13,0.8759,-1,-1,-1
644,20,1690.67,95.93,230.76,976.62,0.8598,-1,-1,-1
644,32,529.26,362.50,104.20,378.05,0.7460,-1,-1,-1
644,33,1010.64,308.86,115.38,483.49,0.7890,-1,-1,-1
644,24,1390.59,300.50,134.40,521.87,0.8012,-1,-1,-1
644,35,1131.16,323.64,153.94,467.50,0.8334,-1,-1,-1
644,36,1284.90,317.89,123.42,475.89,0.6626,-1,-1,-1
645,1,868.23,323.84,153.65,449.95,0.8721,-1,-1,-1
645,20,1686.97,200.56,234.33,874.42,0.8212,-1,-1,-1
645,32,532.34,364.16,102.06,378.26,0.7623,-1,-1,-1
645,33,1011.58,309.89,118.32,487.04,0.7787,-1,-1,-1
645,24,1395.37,297.91,137.42,525.65,0.7465,-1,-1,-1
645,35,1134.87,320.24,156.22,477.59,0.8499,-1,-1,-1
645,36,1295.64,314.19,118.61,481.57,0.6762,-1,-1,-1
646,1,873.54,324.75,151.04,454.12,0.8633,-1,-1,-1
646,20,1687.35,243.74,233.49,819.89,0.8089,-1,-1,-1
646,32,532.98,363.84,101.48,380.96,0.7652,-1,-1,-1
646,33,1009.00,309.26,124.73,487.26,0.8056,-1,-1,-1
646,24,1403.94,295.39,133.46,528.89,0.7537,-1,-1,-1
646,35,1135.45,318.05,160.36,483.14,0.8513,-1,-1,-1
646,36,1299.31,312.44,122.92,486.26,0.7240,-1,-1,-1
647,1,876.15,325.91,151.54,456.04,0.8578,-1,-1,-1
647,20,1685.44,270.71,234.97,796.97,0.8295,-1,-1,-1
647,32,533.85,363.42,101.33,383.27,0.7413,-1,-1,-1
647,33,1014.76,308.88,124.34,486.28,0.7980,-1,-1,-1
647,24,1410.98,292.63,131.40,538.11,0.7698,-1,-1,-1
647,35,1136.27,319.30,165.42,487.13,0.8493,-1,-1,-1
647,36,1307.42,308.68,121.03,493.17,0.6981,-1,-1,-1
648,1,879.61,329.05,147.80,452.91,0.8507,-1,-1,-1
648,20,1686.81,284.22,233.27,786.69,0.8619,-1,-1,-1
648,32,533.88,361.61,100.69,387.17,0.7391,-1,-1,-1
648,33,1019.98,308.75,120.13,485.08,0.7957,-1,-1,-1
648,24,1416.42,294.08,131.66,540.09,0.7605,-1,-1,-1
648,35,1136.31,317.31,170.96,492.23,0.8569,-1,-1,-1
648,36,1308.58,308.29,125.62,498.66,0.7375,-1,-1,-1
649,1,881.10,331.83,146.55,450.71,0.8451,-1,-1,-1
649,20,1692.52,292.10,227.51,776.98,0.8483,-1,-1,-1
649,32,534.18,361.15,101.32,388.93,0.7397,-1,-1,-1
649,33,1021.80,309.00,118.62,480.97,0.8046,-1,-1,-1
649,24,1422.99,293.88,132.43,541.19,0.7933,-1,-1,-1
649,35,1135.93,322.16,177.21,492.16,0.8707,-1,-1,-1
649,36,1308.04,307.09,130.74,498.75,0.7514,-1,-1,-1
650,1,880.26,335.00,151.29,450.57,0.8350,-1,-1,-1
650,20,1701.76,294.30,218.07,773.15,0.8023,-1,-1,-1
650,32,533.73,361.09,104.61,390.71,0.7371,-1,-1,-1
650,33,1026.60,308.69,115.06,477.50,0.8102,-1,-1,-1
650,24,1427.68,293.40,136.05,543.94,0.8083,-1,-1,-1
650,35,1135.07,318.75,183.20,504.27,0.8690,-1,-1,-1
650,36,1306.75,306.08,136.68,501.43,0.7610,-1,-1,-1
651,1,880.53,335.38,155.55,449.44,0.8464,-1,-1,-1
651,20,1709.93,293.16,209.44,777.85,0.5800,-1,-1,-1
651,32,533.23,360.63,106.63,391.82,0.7273,-1,-1,-1
651,33,1029.63,307.13,113.73,475.39,0.7952,-1,-1,-1
651,24,1431.64,292.14,141.26,548.70,0.8441,-1,-1,-1
651,35,1133.97,319.50,187.60,508.27,0.8503,-1,-1,-1
651,36,1309.66,305.06,138.61,506.54,0.7875,-1,-1,-1
652,1,878.39,336.15,159.76,446.70,0.8390,-1,-1,-1
652,20,1722.51,294.14,196.64,670.58,0.6942,-1,-1,-1
652,32,531.74,362.24,112.58,390.88,0.7142,-1,-1,-1
652,33,1030.33,306.72,113.68,475.76,0.8057,-1,-1,-1
652,24,1434.33,294.84,144.32,548.24,0.8217,-1,-1,-1
652,35,1131.74,319.68,192.28,513.16,0.8324,-1,-1,-1
652,36,1312.12,302.51,141.15,509.54,0.7735,-1,-1,-1
653,1,875.55,338.56,163.18,442.07,0.8444,-1,-1,-1
653,20,1733.18,294.38,185.72,629.20,0.7907,-1,-1,-1
653,32,529.46,362.12,114.09,393.21,0.7025,-1,-1,-1
653,33,1030.96,306.67,113.93,477.47,0.8002,-1,-1,-1
653,24,1438.43,293.58,144.28,554.24,0.7715,-1,-1,-1
653,35,1128.69,316.48,195.14,526.17,0.8396,-1,-1,-1
653,36,1312.37,306.01,145.04,507.36,0.7691,-1,-1,-1
653,37,815.09,403.89,70.28,229.10,0.6532,-1,-1,-1
654,1,871.43,336.25,165.75,441.00,0.8417,-1,-1,-1
654,20,1745.84,291.11,172.59,656.29,0.7755,-1,-1,-1
654,32,525.99,359.00,105.46,396.78,0.7308,-1,-1,-1
654,33,1029.98,304.11,114.03,479.32,0.7950,-1,-1,-1
654,24,1440.74,292.76,145.77,553.33,0.7605,-1,-1,-1
654,35,1124.96,311.88,198.79,536.81,0.8530,-1,-1,-1
654,36,1312.98,304.32,146.64,509.43,0.7868,-1,-1,-1
654,37,809.59,402.25,74.92,229.96,0.6979,-1,-1,-1
655,1,867.90,334.10,167.52,444.28,0.8410,-1,-1,-1
655,20,1755.06,289.67,163.26,696.13,0.7631,-1,-1,-1
655,32,523.36,357.96,115.82,397.73,0.7641,-1,-1,-1
655,33,1028.19,303.33,115.65,478.63,0.7755,-1,-1,-1
655,24,1445.03,293.08,145.29,553.83,0.7370,-1,-1,-1
655,35,1120.55,310.23,203.76,543.21,0.8418,-1,-1,-1
655,36,1315.06,297.45,146.33,519.62,0.8102,-1,-1,-1
655,37,807.14,401.94,72.14,229.73,0.6971,-1,-1,-1
656,1,864.76,333.67,166.39,443.13,0.8472,-1,-1,-1
656,20,1765.24,287.99,152.75,730.10,0.7909,-1,-1,-1
656,32,517.77,358.95,113.06,401.92,0.7331,-1,-1,-1
656,33,1026.26,304.95,115.81,477.07,0.7898,-1,-1,-1
656,24,1447.97,292.92,144.96,558.28,0.7548,-1,-1,-1
656,35,1115.97,310.96,204.62,545.49,0.8422,-1,-1,-1
656,36,1315.14,296.90,147.03,525.92,0.8156,-1,-1,-1
656,37,806.10,405.31,68.49,228.09,0.7181,-1,-1,-1
657,1,860.13,336.25,167.16,439.11,0.8642,-1,-1,-1
657,20,1776.79,295.34,141.64,740.24,0.7591,-1,-1,-1
657,32,514.53,360.40,114.43,405.00,0.7422,-1,-1,-1
657,33,1025.34,306.93,114.69,480.52,0.7680,-1,-1,-1
657,24,1449.88,293.27,145.95,560.15,0.7551,-1,-1,-1
657,35,1113.24,311.89,204.18,544.08,0.8436,-1,-1,-1
657,36,1314.41,298.00,149.08,531.96,0.8076,-1,-1,-1
657,37,803.55,402.61,65.76,234.94,0.6985,-1,-1,-1
658,1,855.06,332.36,169.49,444.16,0.8731,-1,-1,-1
658,20,1787.73,292.52,130.87,756.39,0.7507,-1,-1,-1
658,32,510.08,359.11,118.30,405.71,0.8045,-1,-1,-1
658,33,1023.24,305.73,114.52,479.96,0.7671,-1,-1,-1
658,24,1452.19,290.32,145.72,561.93,0.7764,-1,-1,-1
658,35,1110.97,309.66,204.22,538.29,0.8412,-1,-1,-1
658,36,1312.49,295.46,151.72,537.11,0.8147,-1,-1,-1
658,37,798.21,405.10,66.81,232.31,0.6547,-1,-1,-1
659,1,852.44,330.15,170.31,444.16,0.8718,-1,-1,-1
659,20,1798.66,291.17,120.40,763.72,0.7336,-1,-1,-1
659,32,505.40,361.37,106.83,402.07,0.6653,-1,-1,-1
659,33,1020.65,305.26,113.80,480.07,0.7717,-1,-1,-1
659,24,1454.80,287.78,145.83,564.67,0.7847,-1,-1,-1
659,35,1108.47,306.69,207.42,547.70,0.8459,-1,-1,-1
659,36,1310.81,294.68,154.96,540.68,0.8340,-1,-1,-1
659,37,793.24,403.77,69.26,229.58,0.6914,-1,-1,-1
660,1,850.21,328.78,170.68,443.20,0.8649,-1,-1,-1
660,20,1806.62,286.14,112.75,778.08,0.7413,-1,-1,-1
660,32,500.83,362.61,102.36,400.12,0.7046,-1,-1,-1
660,33,1017.47,305.86,114.62,482.23,0.7694,-1,-1,-1
660,24,1456.45,286.43,146.78,567.60,0.7903,-1,-1,-1
660,35,1105.60,303.16,209.60,555.98,0.8485,-1,-1,-1
660,36,1308.63,292.20,158.58,546.07,0.8387,-1,-1,-1
660,37,789.14,397.98,71.58,233.62,0.7189,-1,-1,-1
661,1,847.96,327.69,169.27,445.85,0.8621,-1,-1,-1
661,20,1811.77,284.21,107.60,787.73,0.7534,-1,-1,-1
661,32,496.16,361.66,119.38,405.72,0.7472,-1,-1,-1
661,33,1013.73,306.02,114.87,486.70,0.7682,-1,-1,-1
661,24,1456.21,285.34,147.75,572.10,0.7937,-1,-1,-1
661,35,1103.35,299.67,209.78,562.86,0.8685,-1,-1,-1
661,36,1306.88,290.10,161.56,552.99,0.8142,-1,-1,-1
661,37,786.60,394.85,69.73,239.24,0.7361,-1,-1,-1
662,1,846.32,328.28,168.17,450.75,0.8513,-1,-1,-1
662,20,1813.46,285.40,105.54,790.24,0.7515,-1,-1,-1
662,32,490.53,360.67,111.87,408.53,0.7765,-1,-1,-1
662,33,1013.56,310.57,109.48,486.24,0.7678,-1,-1,-1
662,24,1454.80,285.67,150.87,574.94,0.8015,-1,-1,-1
662,35,1099.07,299.55,209.93,567.10,0.8827,-1,-1,-1
662,36,1304.09,287.18,165.09,559.39,0.8082,-1,-1,-1
662,37,781.99,391.59,69.48,245.57,0.7734,-1,-1,-1
663,1,838.60,328.77,169.95,449.30,0.8381,-1,-1,-1
663,20,1812.79,283.24,105.72,793.47,0.7607,-1,-1,-1
663,32,482.18,358.09,111.67,412.90,0.7901,-1,-1,-1
663,33,1009.69,311.88,110.72,489.41,0.8036,-1,-1,-1
663,24,1452.16,285.62,153.68,576.42,0.8119,-1,-1,-1
663,35,1093.11,296.86,212.93,572.94,0.8784,-1,-1,-1
663,36,1296.25,287.61,170.79,562.54,0.8232,-1,-1,-1
663,37,781.75,395.92,63.51,237.68,0.2140,-1,-1,-1
664,1,833.02,331.19,172.04,444.24,0.8535,-1,-1,-1
664,20,1812.28,282.66,106.00,794.51,0.7674,-1,-1,-1
664,32,474.76,356.02,119.53,416.24,0.7977,-1,-1,-1
664,33,1006.48,311.90,110.02,490.64,0.8056,-1,-1,-1
664,24,1450.42,285.20,157.36,578.58,0.8186,-1,-1,-1
664,35,1090.56,297.30,208.07,578.98,0.8739,-1,-1,-1
664,36,1288.30,288.19,177.38,566.08,0.8258,-1,-1,-1
664,37,775.82,395.57,64.98,234.94,0.5357,-1,-1,-1
665,1,839.02,332.26,159.92,436.77,0.8440,-1,-1,-1
665,20,1813.95,276.73,104.42,800.52,0.7559,-1,-1,-1
665,32,468.20,356.01,113.72,418.67,0.7516,-1,-1,-1
665,33,1000.48,309.28,114.01,491.77,0.7884,-1,-1,-1
665,24,1448.78,284.26,158.98,580.92,0.8175,-1,-1,-1
665,35,1086.77,294.57,213.83,584.10,0.8690,-1,-1,-1
665,36,1284.95,282.87,178.40,574.40,0.8553,-1,-1,-1
665,37,766.62,395.74,71.72,238.95,0.6894,-1,-1,-1
666,1,841.11,332.06,155.29,440.03,0.8453,-1,-1,-1
666,20,1806.00,269.55,112.50,807.85,0.7588,-1,-1,-1
666,32,462.27,355.28,113.77,420.75,0.7394,-1,-1,-1
666,33,994.80,305.79,115.51,492.18,0.7847,-1,-1,-1
666,24,1447.81,283.25,162.28,582.99,0.8405,-1,-1,-1
666,35,1084.65,291.34,219.80,594.00,0.8739,-1,-1,-1
666,36,1276.28,281.31,183.81,578.58,0.8587,-1,-1,-1
666,37,763.98,395.43,70.50,242.20,0.6974,-1,-1,-1
667,1,839.04,332.52,154.54,444.06,0.8482,-1,-1,-1
667,20,1795.66,264.99,122.85,810.70,0.7675,-1,-1,-1
667,32,453.82,354.85,108.80,420.50,0.7098,-1,-1,-1
667,33,988.48,304.14,117.39,481.63,0.7905,-1,-1,-1
667,24,1444.23,283.87,166.21,581.84,0.8500,-1,-1,-1
667,35,1082.98,287.98,224.06,609.75,0.8776,-1,-1,-1
667,36,1273.58,276.01,182.94,585.04,0.8727,-1,-1,-1
667,37,759.58,396.16,70.51,243.47,0.7136,-1,-1,-1
668,1,836.49,332.50,156.52,441.16,0.8555,-1,-1,-1
668,20,1791.89,261.33,126.84,813.91,0.7446,-1,-1,-1
668,32,446.41,353.12,107.63,423.91,0.7815,-1,-1,-1
668,33,982.34,302.43,119.05,486.07,0.7941,-1,-1,-1
668,24,1442.16,284.47,171.07,581.28,0.8600,-1,-1,-1
668,35,1079.44,285.08,228.69,618.88,0.8780,-1,-1,-1
668,36,1270.28,270.86,183.13,589.74,0.8744,-1,-1,-1
668,37,755.45,391.24,71.96,249.87,0.7262,-1,-1,-1
669,1,835.23,331.50,158.58,434.73,0.8533,-1,-1,-1
669,20,1795.93,256.05,123.08,820.39,0.7749,-1,-1,-1
669,32,440.42,346.42,108.95,432.17,0.7758,-1,-1,-1
669,33,976.58,299.76,121.87,489.97,0.8046,-1,-1,-1
669,24,1440.50,282.39,176.31,582.91,0.8604,-1,-1,-1
669,35,1075.75,282.43,234.08,633.72,0.8838,-1,-1,-1
669,36,1266.43,266.44,184.18,592.95,0.8621,-1,-1,-1
669,37,749.90,391.28,73.93,250.24,0.6921,-1,-1,-1
670,1,834.25,330.46,156.87,431.33,0.8458,-1,-1,-1
670,20,1797.78,249.92,121.58,825.95,0.7925,-1,-1,-1
670,32,433.55,347.66,111.41,434.34,0.7885,-1,-1,-1
670,33,974.84,298.50,120.29,488.52,0.8182,-1,-1,-1
670,24,1440.51,280.68,178.73,584.43,0.8579,-1,-1,-1
670,35,1073.23,280.69,237.75,649.02,0.8828,-1,-1,-1
670,36,1265.45,252.68,184.04,608.85,0.8558,-1,-1,-1
670,37,742.61,388.64,79.75,254.29,0.7225,-1,-1,-1
671,1,834.52,330.14,151.23,432.34,0.8529,-1,-1,-1
671,20,1798.21,244.14,121.80,832.34,0.7864,-1,-1,-1
671,32,429.17,348.78,113.31,435.08,0.8086,-1,-1,-1
671,33,972.98,298.17,121.01,486.09,0.8109,-1,-1,-1
671,24,1440.58,278.65,181.60,588.19,0.8559,-1,-1,-1
671,35,1073.52,280.87,239.17,664.36,0.8848,-1,-1,-1
671,36,1269.36,254.74,182.76,610.02,0.8530,-1,-1,-1
671,37,740.11,385.29,80.08,258.78,0.7257,-1,-1,-1
672,1,835.85,329.68,149.25,433.67,0.8553,-1,-1,-1
672,20,1797.37,229.38,123.33,843.76,0.7838,-1,-1,-1
672,32,424.72,348.27,118.45,439.86,0.7895,-1,-1,-1
672,33,970.88,296.63,124.20,488.05,0.8134,-1,-1,-1
672,24,1441.63,276.51,183.16,590.29,0.8604,-1,-1,-1
672,35,1074.62,279.58,240.74,682.37,0.8894,-1,-1,-1
672,36,1270.64,247.64,184.80,622.79,0.8494,-1,-1,-1
672,37,737.53,383.66,81.77,262.08,0.7198,-1,-1,-1
673,1,837.61,328.29,142.79,433.43,0.8483,-1,-1,-1
673,20,1793.75,169.91,127.22,902.09,0.7711,-1,-1,-1
673,32,421.07,350.24,119.94,439.97,0.7847,-1,-1,-1
673,33,970.11,294.07,125.85,486.04,0.8159,-1,-1,-1
673,24,1443.40,274.32,184.26,593.57,0.8488,-1,-1,-1
673,35,1075.10,274.84,246.35,696.47,0.8859,-1,-1,-1
673,36,1272.38,242.37,186.44,634.54,0.8356,-1,-1,-1
673,37,736.63,380.42,80.62,265.24,0.7207,-1,-1,-1
674,1,838.94,328.50,138.93,433.12,0.8471,-1,-1,-1
674,20,1788.53,157.55,132.93,914.13,0.7816,-1,-1,-1
674,32,419.69,352.96,119.57,440.76,0.7688,-1,-1,-1
674,33,970.35,294.41,125.98,485.72,0.8090,-1,-1,-1
674,24,1445.45,273.81,187.95,593.68,0.8414,-1,-1,-1
674,35,1074.22,268.87,255.61,709.47,0.8774,-1,-1,-1
674,36,1277.36,240.62,183.17,650.48,0.8243,-1,-1,-1
674,37,736.86,380.39,82.58,263.98,0.7019,-1,-1,-1
675,1,839.24,328.82,138.39,433.99,0.8531,-1,-1,-1
675,20,1781.02,192.31,140.09,878.61,0.7948,-1,-1,-1
675,32,416.90,351.10,122.16,446.49,0.7744,-1,-1,-1
675,33,969.37,293.48,127.23,488.94,0.8131,-1,-1,-1
675,24,1447.15,273.42,190.70,594.74,0.8448,-1,-1,-1
675,35,1071.03,265.42,265.57,718.88,0.8752,-1,-1,-1
675,36,1281.94,245.44,184.76,662.16,0.8163,-1,-1,-1
675,37,736.41,381.87,82.40,260.81,0.7085,-1,-1,-1
676,1,838.89,329.75,138.97,435.49,0.8513,-1,-1,-1
676,20,1774.37,213.05,146.80,856.31,0.8226,-1,-1,-1
676,32,414.67,351.56,124.84,449.95,0.7926,-1,-1,-1
676,33,969.46,293.31,128.38,489.55,0.8215,-1,-1,-1
676,24,1454.82,273.06,188.10,589.64,0.8382,-1,-1,-1
676,35,1068.89,260.56,277.02,728.47,0.8543,-1,-1,-1
676,36,1288.37,239.96,187.79,675.99,0.7948,-1,-1,-1
676,37,735.04,382.21,84.21,261.44,0.7246,-1,-1,-1
677,1,838.31,327.20,141.09,436.93,0.8420,-1,-1,-1
677,20,1764.20,227.32,156.65,841.42,0.8336,-1,-1,-1
677,32,411.47,347.39,126.43,453.87,0.7924,-1,-1,-1
677,33,971.47,290.98,126.31,487.71,0.8249,-1,-1,-1
677,24,1460.09,267.40,189.27,592.74,0.8357,-1,-1,-1
677,35,1065.87,252.16,287.97,713.35,0.8501,-1,-1,-1
677,36,1294.94,230.62,201.14,694.51,0.7772,-1,-1,-1
677,37,734.04,379.25,86.30,264.15,0.7434,-1,-1,-1
678,1,838.86,326.26,141.69,438.89,0.8475,-1,-1,-1
678,20,1757.39,232.87,163.62,838.79,0.8555,-1,-1,-1
678,32,409.15,347.44,128.22,455.20,0.7955,-1,-1,-1
678,33,972.05,290.47,127.72,488.58,0.8165,-1,-1,-1
678,24,1466.77,264.21,185.41,595.44,0.8227,-1,-1,-1
678,35,1062.68,243.96,303.58,708.36,0.8709,-1,-1,-1
678,36,1300.77,226.67,205.51,704.78,0.8078,-1,-1,-1
678,37,733.97,378.91,86.82,266.17,0.7408,-1,-1,-1
679,1,838.88,326.73,144.76,438.49,0.8426,-1,-1,-1
679,20,1751.61,241.46,169.93,832.21,0.8450,-1,-1,-1
679,32,408.48,347.46,127.73,455.71,0.7841,-1,-1,-1
679,33,977.08,290.58,125.88,486.22,0.7902,-1,-1,-1
679,24,1475.87,262.77,182.52,595.23,0.8157,-1,-1,-1
679,35,1062.03,237.33,313.89,730.15,0.8623,-1,-1,-1
679,36,1309.06,226.69,203.80,720.84,0.8382,-1,-1,-1
679,37,734.59,377.93,86.26,266.76,0.7336,-1,-1,-1
680,1,837.74,328.78,154.09,438.36,0.8465,-1,-1,-1
680,20,1744.91,246.05,177.13,814.16,0.7731,-1,-1,-1
680,32,408.99,347.18,129.05,458.61,0.7866,-1,-1,-1
680,33,982.01,292.11,122.47,484.38,0.7723,-1,-1,-1
680,24,1485.43,262.04,183.29,602.13,0.8342,-1,-1,-1
680,35,1064.50,232.08,305.76,757.66,0.8740,-1,-1,-1
680,36,1317.93,233.17,206.94,729.60,0.8708,-1,-1,-1
680,37,736.00,377.78,87.02,269.63,0.7449,-1,-1,-1
681,1,839.03,331.34,159.51,437.60,0.8541,-1,-1,-1
681,20,1739.31,250.56,183.10,740.70,0.7894,-1,-1,-1
681,32,410.95,346.16,130.42,462.14,0.7832,-1,-1,-1
681,33,985.55,295.25,120.30,481.69,0.7802,-1,-1,-1
681,24,1491.43,262.07,186.09,607.42,0.8323,-1,-1,-1
681,35,1071.13,226.93,294.99,780.48,0.8695,-1,-1,-1
681,36,1328.62,237.58,204.50,733.37,0.8649,-1,-1,-1
681,37,736.56,380.95,90.93,270.95,0.7563,-1,-1,-1
682,1,840.34,332.71,166.73,440.75,0.8250,-1,-1,-1
682,20,1735.46,255.22,187.15,597.57,0.8296,-1,-1,-1
682,32,413.21,345.68,129.07,464.63,0.7898,-1,-1,-1
682,33,991.93,295.85,117.31,482.25,0.8018,-1,-1,-1
682,24,1500.32,260.12,180.82,616.70,0.8326,-1,-1,-1
682,35,1077.82,223.28,291.23,792.67,0.8819,-1,-1,-1
682,36,1340.24,235.17,202.50,740.73,0.8558,-1,-1,-1
682,37,738.09,381.36,92.96,274.04,0.7630,-1,-1,-1
683,1,845.55,335.07,166.39,433.03,0.8037,-1,-1,-1
683,20,1739.95,259.32,182.64,537.13,0.7006,-1,-1,-1
683,32,414.59,346.83,127.17,464.53,0.7796,-1,-1,-1
683,33,996.98,295.06,118.49,486.27,0.8023,-1,-1,-1
683,24,1508.40,257.51,171.82,622.29,0.8320,-1,-1,-1
683,35,1083.33,220.07,293.77,810.99,0.8783,-1,-1,-1
683,36,1349.86,232.87,212.15,750.68,0.8695,-1,-1,-1
683,37,740.43,382.31,92.49,274.40,0.7639,-1,-1,-1
684,1,850.19,336.67,163.75,435.20,0.8396,-1,-1,-1
684,20,1746.05,263.17,176.69,510.05,0.6231,-1,-1,-1
684,32,417.23,347.87,127.00,465.61,0.7940,-1,-1,-1
684,33,1002.71,296.38,115.82,488.63,0.8060,-1,-1,-1
684,24,1515.31,258.39,171.62,627.20,0.8201,-1,-1,-1
684,35,1090.72,217.22,295.34,841.89,0.8764,-1,-1,-1
684,36,1359.63,226.89,219.97,762.19,0.8636,-1,-1,-1
684,37,746.26,382.68,90.97,277.37,0.7767,-1,-1,-1
685,1,860.21,334.27,158.03,435.89,0.8128,-1,-1,-1
685,20,1753.95,266.84,168.85,509.18,0.4476,-1,-1,-1
685,32,420.73,342.84,128.86,471.95,0.7980,-1,-1,-1
685,33,1009.40,296.77,114.26,489.22,0.8054,-1,-1,-1
685,24,1522.94,259.45,165.16,623.52,0.7557,-1,-1,-1
685,35,1096.99,214.05,299.49,861.92,0.8874,-1,-1,-1
685,36,1370.09,220.98,222.95,769.17,0.8325,-1,-1,-1
685,37,752.72,382.36,88.95,280.48,0.7894,-1,-1,-1
686,1,872.13,333.69,149.64,434.27,0.8561,-1,-1,-1
686,20,1765.86,277.64,156.97,502.46,0.6645,-1,-1,-1
686,32,424.86,342.02,125.87,473.84,0.8145,-1,-1,-1
686,33,1016.94,294.24,116.75,490.65,0.7971,-1,-1,-1
686,24,1541.61,265.94,149.78,619.40,0.4313,-1,-1,-1
686,35,1103.54,210.20,301.41,871.69,0.8993,-1,-1,-1
686,36,1384.30,212.21,232.39,780.58,0.8309,-1,-1,-1
686,37,757.65,382.88,88.30,279.21,0.8152,-1,-1,-1
687,1,878.44,330.62,155.88,437.95,0.8464,-1,-1,-1
687,20,1783.98,296.86,138.73,529.74,0.6378,-1,-1,-1
687,32,429.30,337.68,121.37,473.95,0.7954,-1,-1,-1
687,33,1020.90,294.96,120.65,495.01,0.7959,-1,-1,-1
687,24,1556.50,229.09,142.27,659.81,0.2536,-1,-1,-1
687,35,1106.92,206.43,308.42,877.11,0.9021,-1,-1,-1
687,36,1395.17,203.37,258.62,794.29,0.8370,-1,-1,-1
687,37,764.77,379.97,87.86,282.50,0.8177,-1,-1,-1
688,1,884.03,327.12,152.16,435.29,0.8325,-1,-1,-1
688,20,1801.61,323.58,120.50,526.53,0.6843,-1,-1,-1
688,32,433.31,332.69,123.12,478.63,0.7640,-1,-1,-1
688,33,1028.79,293.35,119.29,490.76,0.8105,-1,-1,-1
688,35,1109.59,197.57,315.73,884.49,0.8989,-1,-1,-1
688,36,1407.77,193.30,278.49,807.73,0.8663,-1,-1,-1
688,37,767.03,377.30,90.96,282.37,0.7856,-1,-1,-1
689,1,891.00,323.08,151.02,431.85,0.8103,-1,-1,-1
689,20,1822.54,360.45,98.93,500.80,0.5571,-1,-1,-1
689,32,436.44,328.92,123.59,477.07,0.8084,-1,-1,-1
689,33,1036.72,290.65,116.89,488.99,0.7757,-1,-1,-1
689,35,1112.52,177.65,323.46,902.09,0.8956,-1,-1,-1
689,36,1418.92,187.62,290.95,809.00,0.8774,-1,-1,-1
689,37,770.20,372.88,95.71,282.90,0.7697,-1,-1,-1
690,1,896.01,317.76,157.81,433.26,0.7927,-1,-1,-1
690,20,1846.59,399.60,74.19,477.17,0.3386,-1,-1,-1
690,32,438.77,322.68,122.73,476.26,0.7845,-1,-1,-1
690,33,1044.63,286.60,115.92,487.59,0.8152,-1,-1,-1
690,35,1112.42,169.38,334.58,905.49,0.8985,-1,-1,-1
690,36,1427.96,178.82,310.81,815.00,0.8657,-1,-1,-1
690,37,774.07,363.74,94.29,287.95,0.7459,-1,-1,-1
691,1,900.83,312.13,162.48,432.40,0.8089,-1,-1,-1
691,32,440.55,318.81,122.58,477.82,0.7141,-1,-1,-1
691,33,1048.52,283.26,115.65,486.64,0.7609,-1,-1,-1
691,35,1111.70,172.17,341.94,903.95,0.9032,-1,-1,-1
691,36,1436.99,166.40,330.08,829.58,0.8799,-1,-1,-1
691,37,777.28,361.14,94.00,289.88,0.7824,-1,-1,-1
692,1,905.91,307.41,151.15,432.61,0.7948,-1,-1,-1
692,32,441.00,313.87,123.93,482.54,0.7419,-1,-1,-1
692,33,1052.70,279.78,116.86,490.60,0.7500,-1,-1,-1
692,35,1109.09,160.01,355.40,918.03,0.8951,-1,-1,-1
692,36,1444.74,155.04,344.14,853.31,0.8965,-1,-1,-1
692,37,779.45,356.02,93.52,293.07,0.7836,-1,-1,-1
693,1,909.42,302.43,149.01,434.94,0.7916,-1,-1,-1
693,32,440.39,309.43,141.18,487.05,0.6779,-1,-1,-1
693,33,1058.21,273.46,109.28,511.31,0.6059,-1,-1,-1
693,35,1105.97,139.22,371.83,936.14,0.8889,-1,-1,-1
693,36,1451.05,144.46,358.10,883.90,0.9008,-1,-1,-1
693,37,778.91,353.02,93.97,292.93,0.7794,-1,-1,-1
694,1,910.19,299.01,144.73,436.95,0.8126,-1,-1,-1
694,32,438.98,304.40,139.39,491.50,0.6922,-1,-1,-1
694,33,1061.71,267.37,101.08,517.35,0.5496,-1,-1,-1
694,35,1102.70,127.34,391.27,948.00,0.8896,-1,-1,-1
694,36,1455.45,137.68,376.50,908.04,0.8982,-1,-1,-1
694,37,779.43,350.91,93.90,294.00,0.7482,-1,-1,-1
695,1,910.97,297.88,142.99,435.80,0.8102,-1,-1,-1
695,32,434.95,299.17,130.92,494.42,0.7972,-1,-1,-1
695,33,1060.55,260.08,125.04,605.42,0.5270,-1,-1,-1
695,35,1095.28,114.10,415.66,961.42,0.8795,-1,-1,-1
695,36,1460.81,130.52,395.50,920.95,0.8994,-1,-1,-1
695,37,779.64,346.67,91.13,295.67,0.7458,-1,-1,-1
696,1,910.40,299.51,139.80,433.30,0.8455,-1,-1,-1
696,32,431.97,296.64,127.92,497.56,0.8193,-1,-1,-1
696,33,1050.91,253.06,148.34,648.69,0.6175,-1,-1,-1
696,35,1095.33,101.97,428.13,974.53,0.8823,-1,-1,-1
696,36,1465.79,125.20,410.20,935.79,0.9045,-1,-1,-1
696,37,776.81,343.83,92.96,297.42,0.7684,-1,-1,-1
696,38,866.69,363.61,63.14,228.62,0.6266,-1,-1,-1
697,1,913.26,296.17,135.30,431.41,0.8157,-1,-1,-1
697,32,426.35,293.59,130.92,498.83,0.7918,-1,-1,-1
697,33,1045.68,248.12,153.18,673.70,0.6702,-1,-1,-1
697,35,1102.93,86.24,437.97,989.28,0.8937,-1,-1,-1
697,36,1474.02,115.40,417.52,953.66,0.8911,-1,-1,-1
697,37,775.20,337.49,94.65,300.09,0.7628,-1,-1,-1
697,38,865.44,361.20,62.71,228.88,0.6717,-1,-1,-1
698,1,916.23,291.07,138.61,435.27,0.8322,-1,-1,-1
698,32,425.34,286.68,127.51,501.06,0.7804,-1,-1,-1
698,33,1045.74,230.85,163.81,701.39,0.6729,-1,-1,-1
698,35,1104.97,69.92,445.55,1005.76,0.9040,-1,-1,-1
698,36,1480.53,109.70,428.44,959.05,0.9017,-1,-1,-1
698,37,774.35,336.40,96.76,300.41,0.7806,-1,-1,-1
698,38,863.00,358.00,64.98,228.15,0.6886,-1,-1,-1
699,1,918.11,285.26,146.03,438.53,0.8359,-1,-1,-1
699,32,422.80,280.42,135.31,503.78,0.7728,-1,-1,-1
699,33,1045.96,212.44,167.65,728.36,0.6958,-1,-1,-1
699,35,1111.64,52.17,449.74,1024.65,0.9052,-1,-1,-1
699,36,1490.37,98.17,430.94,966.90,0.9050,-1,-1,-1
699,37,772.84,333.38,100.97,301.60,0.7890,-1,-1,-1
699,38,863.45,352.26,65.13,228.86,0.6889,-1,-1,-1
700,1,919.47,282.66,147.95,439.61,0.8452,-1,-1,-1
700,32,421.27,276.16,132.12,505.50,0.7964,-1,-1,-1
700,33,1049.45,198.72,163.81,746.40,0.7592,-1,-1,-1
700,35,1124.00,35.08,450.80,1041.33,0.8994,-1,-1,-1
700,36,1499.30,83.45,426.32,983.02,0.9101,-1,-1,-1
700,37,771.74,331.37,102.65,303.48,0.7657,-1,-1,-1
700,38,865.55,347.71,62.71,230.47,0.6502,-1,-1,-1
701,1,920.16,282.38,147.49,437.43,0.8554,-1,-1,-1
701,32,417.25,272.20,131.00,510.91,0.8243,-1,-1,-1
701,33,1051.84,190.11,147.99,756.05,0.7719,-1,-1,-1
701,35,1132.58,23.53,451.25,1052.08,0.8951,-1,-1,-1
701,36,1508.49,74.53,417.75,991.15,0.9082,-1,-1,-1
701,37,771.89,328.99,103.36,305.17,0.7537,-1,-1,-1
701,38,864.38,345.64,64.86,233.16,0.6725,-1,-1,-1
702,1,920.46,279.20,142.35,434.57,0.8407,-1,-1,-1
702,32,414.12,267.44,131.44,516.27,0.8279,-1,-1,-1
702,33,1046.73,180.50,165.45,766.21,0.8141,-1,-1,-1
702,35,1135.83,10.77,454.00,1062.75,0.8916,-1,-1,-1
702,36,1512.03,63.85,413.64,1000.71,0.9111,-1,-1,-1
702,37,772.50,324.73,99.65,306.05,0.7640,-1,-1,-1
702,38,859.39,339.34,70.90,237.42,0.7016,-1,-1,-1
703,1,921.14,276.57,136.67,432.15,0.8366,-1,-1,-1
703,32,407.50,260.81,135.44,521.92,0.8180,-1,-1,-1
703,33,1043.06,170.63,174.78,775.88,0.8353,-1,-1,-1
703,35,1143.63,1.48,454.79,1071.54,0.8957,-1,-1,-1
703,36,1518.87,50.68,406.40,1016.04,0.9060,-1,-1,-1
703,37,771.46,319.02,100.65,310.50,0.7656,-1,-1,-1
703,38,859.24,333.48,71.63,244.26,0.6810,-1,-1,-1
704,1,921.07,271.46,128.01,431.36,0.8208,-1,-1,-1
704,32,400.25,254.42,137.79,523.63,0.8433,-1,-1,-1
704,33,1036.29,159.85,197.76,785.94,0.8462,-1,-1,-1
704,35,1150.29,-3.30,456.46,1074.88,0.9025,-1,-1,-1
704,36,1529.14,38.10,395.38,1029.25,0.9108,-1,-1,-1
704,37,770.75,313.79,103.98,312.89,0.7671,-1,-1,-1
704,38,859.35,328.43,70.94,247.00,0.6798,-1,-1,-1
705,1,920.35,264.29,123.55,430.88,0.8178,-1,-1,-1
705,32,394.95,250.05,142.03,523.03,0.8588,-1,-1,-1
705,33,1027.91,148.76,204.92,795.74,0.8462,-1,-1,-1
705,35,1156.52,-4.67,456.28,1074.99,0.9049,-1,-1,-1
705,36,1541.44,16.51,382.83,1048.13,0.9014,-1,-1,-1
705,37,772.86,309.38,99.38,314.22,0.7490,-1,-1,-1
705,38,855.70,322.85,72.27,246.18,0.6568,-1,-1,-1
706,1,921.20,258.64,122.25,429.28,0.8049,-1,-1,-1
706,32,391.94,242.99,141.98,527.64,0.8136,-1,-1,-1
706,33,1010.77,137.55,213.33,815.63,0.8301,-1,-1,-1
706,35,1166.40,-4.80,459.89,1075.90,0.9111,-1,-1,-1
706,36,1553.98,3.51,369.93,1062.50,0.9177,-1,-1,-1
706,37,772.44,303.15,96.77,316.44,0.7622,-1,-1,-1
706,38,853.23,318.02,73.51,249.27,0.6821,-1,-1,-1
707,1,920.90,254.18,122.67,426.75,0.7559,-1,-1,-1
707,32,388.58,236.67,142.76,529.00,0.8208,-1,-1,-1
707,33,997.27,122.97,220.83,847.66,0.8320,-1,-1,-1
707,35,1176.46,-4.08,470.09,1077.20,0.9136,-1,-1,-1
707,36,1573.40,-1.30,350.35,1071.74,0.9170,-1,-1,-1
707,37,775.43,295.92,91.91,316.75,0.7831,-1,-1,-1
707,38,852.88,312.42,73.74,249.13,0.6648,-1,-1,-1
708,1,922.01,242.63,109.71,432.22,0.6969,-1,-1,-1
708,32,386.34,230.59,144.67,530.72,0.7950,-1,-1,-1
708,33,983.48,108.75,227.89,875.69,0.8468,-1,-1,-1
708,35,1181.98,-3.46,487.02,1074.19,0.9134,-1,-1,-1
708,36,1595.64,-2.04,327.70,1074.31,0.9075,-1,-1,-1
708,37,772.73,288.94,97.68,318.22,0.7736,-1,-1,-1
708,38,852.04,305.33,74.53,255.34,0.6081,-1,-1,-1
709,1,915.86,231.70,116.30,435.56,0.5532,-1,-1,-1
709,32,382.49,219.19,145.41,540.73,0.8032,-1,-1,-1
709,33,972.77,97.40,252.21,900.56,0.8609,-1,-1,-1
709,35,1196.02,-2.77,501.65,1072.90,0.9182,-1,-1,-1
709,36,1623.32,-1.17,299.38,1078.71,0.8982,-1,-1,-1
709,37,768.69,281.68,103.21,321.58,0.7602,-1,-1,-1
709,38,851.70,300.34,74.32,254.01,0.5355,-1,-1,-1
710,32,378.63,212.38,145.69,543.21,0.7942,-1,-1,-1
710,33,948.08,86.40,286.03,924.28,0.8828,-1,-1,-1
710,35,1212.68,-1.48,518.56,1070.61,0.9315,-1,-1,-1
710,36,1653.15,-0.33,269.00,1080.36,0.8971,-1,-1,-1
710,37,766.98,275.12,104.46,325.38,0.7692,-1,-1,-1
710,38,853.27,296.82,71.09,251.54,0.4965,-1,-1,-1
711,32,374.70,207.10,146.46,546.31,0.8141,-1,-1,-1
711,33,932.31,78.79,305.70,943.50,0.8934,-1,-1,-1
711,35,1227.89,-1.77,557.13,1069.96,0.9216,-1,-1,-1
711,36,1688.65,0.89,232.95,1068.35,0.8807,-1,-1,-1
711,37,771.37,270.39,99.44,328.49,0.7466,-1,-1,-1
711,38,852.89,294.65,70.26,254.56,0.4919,-1,-1,-1
712,32,370.96,203.19,146.25,550.29,0.8206,-1,-1,-1
712,33,918.76,65.95,321.28,969.95,0.9029,-1,-1,-1
712,35,1248.07,0.52,573.46,1070.36,0.9111,-1,-1,-1
712,36,1726.92,0.40,193.92,952.29,0.7731,-1,-1,-1
712,37,764.57,266.45,107.24,332.18,0.7431,-1,-1,-1
712,38,852.67,293.20,68.00,253.34,0.5970,-1,-1,-1
713,32,366.22,196.80,147.55,555.68,0.8164,-1,-1,-1
713,33,909.58,53.10,329.24,1000.05,0.8966,-1,-1,-1
713,35,1268.25,2.05,597.68,1069.08,0.9159,-1,-1,-1
713,36,1773.64,1.35,146.72,867.06,0.5927,-1,-1,-1
713,37,760.05,261.23,114.01,336.43,0.7595,-1,-1,-1
713,38,852.02,286.06,71.36,259.51,0.5324,-1,-1,-1
714,32,363.50,194.22,148.54,558.46,0.8265,-1,-1,-1
714,33,901.27,44.10,330.91,1020.13,0.8874,-1,-1,-1
714,35,1287.00,2.58,620.85,1068.45,0.9254,-1,-1,-1
714,37,757.21,259.14,116.73,338.99,0.7820,-1,-1,-1
714,38,853.08,284.96,69.23,261.59,0.5898,-1,-1,-1
715,32,359.38,191.74,153.72,559.96,0.8250,-1,-1,-1
715,33,891.66,36.30,331.76,1034.33,0.8908,-1,-1,-1
715,35,1289.85,0.49,634.19,1067.79,0.9283,-1,-1,-1
715,37,757.04,256.32,120.85,340.35,0.7669,-1,-1,-1
715,38,851.68,281.28,61.87,265.23,0.4193,-1,-1,-1
716,32,356.30,189.12,152.67,564.04,0.8276,-1,-1,-1
716,33,879.70,17.31,332.66,1053.79,0.8965,-1,-1,-1
716,35,1280.93,-0.45,648.67,1069.31,0.9285,-1,-1,-1
716,37,756.99,253.93,120.24,340.98,0.7613,-1,-1,-1
716,38,848.97,275.72,55.60,268.75,0.3652,-1,-1,-1
717,32,351.23,187.96,158.17,564.58,0.8039,-1,-1,-1
717,33,862.92,4.32,342.62,1074.21,0.9083,-1,-1,-1
717,35,1272.04,-1.06,658.24,1068.86,0.9286,-1,-1,-1
717,37,755.11,249.08,124.93,345.61,0.8057,-1,-1,-1
718,32,346.94,183.40,161.57,570.85,0.8183,-1,-1,-1
718,33,847.62,6.44,344.00,1073.68,0.9027,-1,-1,-1
718,35,1266.80,0.38,663.27,1069.73,0.9180,-1,-1,-1
718,37,754.88,245.85,118.74,350.33,0.8089,-1,-1,-1
719,32,343.73,180.31,160.91,575.59,0.8280,-1,-1,-1
719,33,824.72,1.43,351.26,1075.54,0.8994,-1,-1,-1
719,35,1266.50,1.09,662.95,1070.61,0.9180,-1,-1,-1
719,37,753.82,241.89,109.82,354.55,0.7687,-1,-1,-1
720,32,341.32,179.76,159.25,579.76,0.8484,-1,-1,-1
720,33,799.28,0.22,359.62,1076.98,0.8882,-1,-1,-1
720,35,1273.96,2.69,654.48,1061.58,0.9173,-1,-1,-1
720,37,755.80,241.38,92.52,355.26,0.6818,-1,-1,-1
721,32,337.87,175.24,160.04,586.81,0.8474,-1,-1,-1
721,33,775.34,-0.81,363.77,1082.00,0.9126,-1,-1,-1
721,35,1288.57,2.74,638.23,1062.70,0.8841,-1,-1,-1
721,39,1092.61,164.72,128.08,518.43,0.7447,-1,-1,-1
721,40,1241.51,302.57,76.14,216.32,0.6066,-1,-1,-1
722,32,332.71,170.27,162.48,593.53,0.8438,-1,-1,-1
722,33,753.40,-1.11,369.15,1081.83,0.9107,-1,-1,-1
722,35,1302.06,2.12,623.37,1063.62,0.9198,-1,-1,-1
722,39,1088.79,162.23,137.23,519.48,0.7899,-1,-1,-1
722,40,1243.70,295.64,68.33,223.18,0.4930,-1,-1,-1
723,32,327.38,167.12,165.08,597.32,0.8462,-1,-1,-1
723,33,730.16,-1.06,373.52,1081.91,0.9036,-1,-1,-1
723,35,1312.14,2.03,612.09,1063.61,0.9027,-1,-1,-1
723,39,1083.46,161.66,142.24,511.89,0.8314,-1,-1,-1
723,40,1246.28,308.53,64.52,211.50,0.5253,-1,-1,-1
723,41,1304.65,111.01,166.38,546.28,0.7295,-1,-1,-1
724,32,322.43,163.44,166.00,601.26,0.8366,-1,-1,-1
724,33,704.71,-1.09,387.19,1077.03,0.9061,-1,-1,-1
724,35,1321.64,3.91,601.24,1062.81,0.9020,-1,-1,-1
724,39,1078.40,159.06,149.43,509.00,0.8438,-1,-1,-1
724,41,1270.07,107.72,194.28,614.50,0.7753,-1,-1,-1
725,32,316.35,158.70,167.13,605.68,0.8384,-1,-1,-1
725,33,670.71,0.07,396.89,1075.65,0.9040,-1,-1,-1
725,35,1332.92,5.89,588.09,1063.09,0.8821,-1,-1,-1
725,39,1074.53,157.61,151.96,507.38,0.8373,-1,-1,-1
725,41,1243.75,102.03,213.26,658.49,0.8577,-1,-1,-1
726,32,311.92,156.65,167.03,608.79,0.8181,-1,-1,-1
726,33,639.49,1.19,404.59,1075.51,0.9086,-1,-1,-1
726,35,1347.25,7.28,574.49,1061.23,0.8125,-1,-1,-1
726,39,1071.11,154.90,159.18,507.91,0.8424,-1,-1,-1
726,41,1219.31,104.49,236.01,698.95,0.8564,-1,-1,-1
727,32,298.96,149.42,171.27,613.98,0.8201,-1,-1,-1
727,33,609.45,2.24,411.73,1074.20,0.9053,-1,-1,-1
727,35,1379.39,4.72,542.30,1063.37,0.8124,-1,-1,-1
727,39,1066.30,151.93,164.27,510.69,0.8544,-1,-1,-1
727,41,1190.83,104.44,266.04,708.96,0.8694,-1,-1,-1
728,32,290.75,142.96,169.95,619.36,0.8495,-1,-1,-1
728,33,572.84,2.45,429.74,1074.85,0.9091,-1,-1,-1
728,35,1483.46,5.35,437.83,1052.37,0.7383,-1,-1,-1
728,39,1064.41,148.14,152.58,510.52,0.6673,-1,-1,-1
728,41,1155.79,101.44,301.96,714.75,0.8591,-1,-1,-1
728,1,940.93,181.80,121.64,443.95,0.7887,-1,-1,-1
729,32,280.93,132.43,169.48,627.20,0.8670,-1,-1,-1
729,33,529.78,0.71,447.56,1075.23,0.9076,-1,-1,-1
729,35,1636.27,22.06,284.37,1038.37,0.6981,-1,-1,-1
729,39,1061.92,146.06,137.39,508.85,0.7569,-1,-1,-1
729,41,1126.27,94.91,331.34,719.55,0.8772,-1,-1,-1
729,1,937.74,183.48,121.77,439.47,0.8449,-1,-1,-1
730,32,269.47,126.39,172.01,631.01,0.8434,-1,-1,-1
730,33,481.04,0.49,468.77,1076.15,0.9227,-1,-1,-1
730,39,1055.60,142.56,136.28,512.35,0.8079,-1,-1,-1
730,41,1108.78,93.84,348.56,717.26,0.9001,-1,-1,-1
730,1,925.85,183.49,136.63,437.95,0.8500,-1,-1,-1
731,32,256.20,121.55,172.92,636.93,0.8306,-1,-1,-1
731,33,433.12,1.94,483.48,1074.78,0.9070,-1,-1,-1
731,39,1050.55,140.35,133.49,514.26,0.7967,-1,-1,-1
731,41,1102.27,93.63,352.18,716.58,0.8963,-1,-1,-1
731,1,915.59,182.85,142.23,438.87,0.8390,-1,-1,-1
732,32,245.53,111.93,163.43,647.60,0.8457,-1,-1,-1
732,33,375.21,2.65,510.38,1069.46,0.9132,-1,-1,-1
732,39,1048.72,138.58,127.69,514.76,0.8123,-1,-1,-1
732,41,1084.28,91.05,368.02,719.17,0.8785,-1,-1,-1
732,1,907.25,182.82,150.89,438.32,0.8396,-1,-1,-1
733,33,279.75,2.46,571.43,1066.79,0.9026,-1,-1,-1
733,39,1045.60,134.84,121.38,514.12,0.8048,-1,-1,-1
733,41,1081.38,81.26,360.55,726.24,0.8631,-1,-1,-1
733,1,900.27,180.12,160.59,437.77,0.8547,-1,-1,-1
734,33,229.37,5.86,584.12,1063.31,0.9264,-1,-1,-1
734,39,1041.67,136.84,118.01,514.83,0.8040,-1,-1,-1
734,41,1070.43,81.36,356.71,737.23,0.8614,-1,-1,-1
734,1,895.99,182.96,152.39,435.98,0.8419,-1,-1,-1
735,33,170.60,5.26,609.56,1062.66,0.9089,-1,-1,-1
735,39,1034.52,138.06,114.25,518.81,0.7599,-1,-1,-1
735,41,1054.36,82.08,350.65,744.41,0.8626,-1,-1,-1
735,1,889.48,183.19,145.99,428.21,0.8574,-1,-1,-1
735,38,741.79,209.18,107.20,400.68,0.6851,-1,-1,-1
736,33,77.64,3.55,664.46,1065.16,0.8624,-1,-1,-1
736,39,1027.56,136.42,108.08,523.96,0.6483,-1,-1,-1
736,41,1041.54,78.47,334.14,736.61,0.8803,-1,-1,-1
736,1,885.91,182.40,141.19,428.25,0.8479,-1,-1,-1
736,38,721.34,190.57,122.02,409.35,0.6393,-1,-1,-1
737,33,12.15,4.64,690.79,1062.62,0.9244,-1,-1,-1
737,39,1015.44,138.70,103.02,524.45,0.6674,-1,-1,-1
737,41,1038.15,73.80,299.83,733.53,0.8520,-1,-1,-1
737,1,878.98,180.65,137.32,428.31,0.8372,-1,-1,-1
737,38,687.64,181.48,145.39,423.57,0.7135,-1,-1,-1
738,33,-15.43,5.17,692.74,1059.80,0.9044,-1,-1,-1
738,39,1003.44,141.97,91.93,519.55,0.4704,-1,-1,-1
738,41,1016.91,69.99,272.95,740.02,0.8716,-1,-1,-1
738,1,863.60,178.13,136.60,430.87,0.8223,-1,-1,-1
738,38,655.28,173.88,154.25,435.46,0.7847,-1,-1,-1
739,33,-25.46,5.07,673.56,1055.69,0.9128,-1,-1,-1
739,41,996.57,70.36,237.81,738.37,0.8284,-1,-1,-1
739,1,842.86,178.10,137.26,433.95,0.8441,-1,-1,-1
739,38,626.72,168.70,165.68,444.91,0.8122,-1,-1,-1
740,33,-24.81,6.87,629.61,1052.69,0.9056,-1,-1,-1
740,41,973.90,68.38,209.86,738.76,0.8287,-1,-1,-1
740,1,826.69,178.30,142.78,432.11,0.8414,-1,-1,-1
740,38,612.24,165.50,163.88,457.58,0.8234,-1,-1,-1
741,33,-20.89,5.90,575.86,1057.06,0.8886,-1,-1,-1
741,41,952.09,68.25,201.23,753.74,0.8714,-1,-1,-1
741,1,818.43,178.74,142.39,431.88,0.8179,-1,-1,-1
741,38,597.15,162.96,168.46,462.15,0.8471,-1,-1,-1
741,40,1146.91,284.10,63.54,232.19,0.5355,-1,-1,-1
742,33,-18.32,5.23,490.68,1061.33,0.8361,-1,-1,-1
742,41,922.85,67.62,206.71,762.09,0.8391,-1,-1,-1
742,1,807.54,178.41,141.38,434.95,0.8407,-1,-1,-1
742,38,580.51,158.84,171.81,466.96,0.8487,-1,-1,-1
742,40,1139.68,277.03,58.65,250.23,0.4850,-1,-1,-1
743,33,-13.91,8.73,350.38,1050.97,0.7070,-1,-1,-1
743,41,896.45,67.63,217.70,765.20,0.8163,-1,-1,-1
743,1,797.71,180.55,141.71,436.70,0.8275,-1,-1,-1
743,38,571.18,158.42,166.82,471.25,0.8278,-1,-1,-1
743,40,1124.94,263.56,62.89,268.06,0.2820,-1,-1,-1
744,41,855.12,64.95,231.19,766.68,0.8342,-1,-1,-1
744,1,780.30,180.36,145.31,433.22,0.8212,-1,-1,-1
744,38,554.26,157.06,169.59,478.96,0.8404,-1,-1,-1
744,40,1088.36,240.89,85.27,292.17,0.6838,-1,-1,-1
744,32,1.80,61.82,200.11,775.09,0.5664,-1,-1,-1
745,41,811.40,61.66,255.98,765.41,0.7783,-1,-1,-1
745,1,766.27,181.25,139.28,431.01,0.7263,-1,-1,-1
745,38,536.08,154.83,177.30,488.33,0.8413,-1,-1,-1
745,40,1069.19,232.88,97.06,302.70,0.7481,-1,-1,-1
745,32,-6.46,55.05,189.25,774.77,0.8732,-1,-1,-1
746,41,750.20,56.37,300.21,780.00,0.8060,-1,-1,-1
746,1,753.34,181.73,131.63,425.34,0.7471,-1,-1,-1
746,38,517.22,152.76,185.55,496.25,0.8397,-1,-1,-1
746,40,1053.29,225.41,101.34,311.76,0.7225,-1,-1,-1
746,32,-8.09,53.46,168.83,772.34,0.8566,-1,-1,-1
747,41,702.92,45.92,338.40,790.84,0.8323,-1,-1,-1
747,1,735.98,183.04,121.70,404.54,0.6152,-1,-1,-1
747,38,498.39,151.49,188.18,502.63,0.8303,-1,-1,-1
747,40,1047.87,222.11,97.45,316.75,0.7044,-1,-1,-1
747,32,-7.26,52.24,146.00,774.53,0.8304,-1,-1,-1
748,41,661.53,47.99,367.79,790.11,0.8794,-1,-1,-1
748,1,720.63,174.38,112.41,407.97,0.5249,-1,-1,-1
748,38,482.42,149.44,191.12,507.15,0.8525,-1,-1,-1
748,40,1040.66,218.88,96.34,323.13,0.7132,-1,-1,-1
748,32,-5.98,58.06,123.66,773.73,0.8119,-1,-1,-1
749,41,656.72,48.25,362.12,790.84,0.8157,-1,-1,-1
749,1,705.30,184.79,96.90,374.80,0.3418,-1,-1,-1
749,38,466.01,148.55,197.76,516.67,0.8422,-1,-1,-1
749,40,1033.55,219.17,94.63,324.66,0.6747,-1,-1,-1
749,32,-4.18,90.91,105.91,737.06,0.7608,-1,-1,-1
750,41,637.67,53.12,370.40,792.55,0.8591,-1,-1,-1
750,1,694.36,231.66,74.31,321.61,0.4287,-1,-1,-1
750,38,452.00,148.62,200.64,522.55,0.7512,-1,-1,-1
750,40,1028.57,223.65,94.90,322.58,0.7403,-1,-1,-1
750,32,-2.81,155.02,84.97,671.49,0.7269,-1,-1,-1
751,41,619.71,52.74,379.66,801.61,0.8737,-1,-1,-1
751,1,668.30,171.85,80.34,381.72,0.2039,-1,-1,-1
751,38,437.64,149.14,204.99,538.66,0.8016,-1,-1,-1
751,40,1028.55,225.49,92.18,323.38,0.7152,-1,-1,-1
751,42,978.50,241.08,83.27,321.35,0.6530,-1,-1,-1
751,39,883.08,139.60,109.55,512.55,0.6952,-1,-1,-1
752,41,606.81,53.42,375.64,808.40,0.8716,-1,-1,-1
752,38,428.09,144.84,205.03,550.26,0.8283,-1,-1,-1
752,40,1027.86,226.39,91.83,324.09,0.7482,-1,-1,-1
752,42,965.74,244.40,97.33,324.23,0.6887,-1,-1,-1
752,39,873.00,140.37,116.54,518.44,0.7587,-1,-1,-1
753,41,597.13,49.30,367.62,819.05,0.8886,-1,-1,-1
753,38,415.22,140.74,213.25,559.36,0.8388,-1,-1,-1
753,40,1029.51,228.67,90.88,320.69,0.7371,-1,-1,-1
753,42,960.37,249.96,109.97,325.49,0.7030,-1,-1,-1
753,39,864.59,144.42,121.34,522.74,0.7676,-1,-1,-1
754,41,589.74,48.03,352.10,826.74,0.8870,-1,-1,-1
754,38,399.64,137.17,225.02,565.57,0.8195,-1,-1,-1
754,40,1028.67,230.52,93.01,324.64,0.7433,-1,-1,-1
754,42,956.97,252.16,115.25,327.41,0.6710,-1,-1,-1
754,39,858.38,148.09,123.88,525.67,0.7952,-1,-1,-1
755,41,573.95,43.99,347.77,836.31,0.8894,-1,-1,-1
755,38,393.22,133.64,225.10,570.45,0.8486,-1,-1,-1
755,40,1030.30,229.14,94.84,326.94,0.7177,-1,-1,-1
755,42,955.78,251.47,118.80,330.00,0.6919,-1,-1,-1
755,39,852.00,148.64,128.62,529.81,0.7993,-1,-1,-1
756,41,547.39,40.42,342.05,848.25,0.8892,-1,-1,-1
756,38,384.99,132.10,223.59,581.27,0.8420,-1,-1,-1
756,40,1030.43,229.14,100.52,331.40,0.7037,-1,-1,-1
756,42,954.54,252.24,118.94,332.68,0.6797,-1,-1,-1
756,39,848.12,152.61,133.69,526.34,0.8010,-1,-1,-1
757,41,513.01,35.76,341.11,860.67,0.8795,-1,-1,-1
757,38,378.02,133.98,208.47,582.46,0.8541,-1,-1,-1
757,40,1030.31,229.77,105.71,334.17,0.7002,-1,-1,-1
757,42,954.05,252.83,118.75,337.27,0.7567,-1,-1,-1
757,39,843.18,157.14,139.84,523.87,0.8022,-1,-1,-1
758,41,478.17,35.89,343.37,868.77,0.8793,-1,-1,-1
758,38,373.47,131.05,205.37,588.28,0.7723,-1,-1,-1
758,40,1035.69,229.07,112.59,335.46,0.7045,-1,-1,-1
758,42,956.38,252.22,125.46,342.46,0.7991,-1,-1,-1
758,39,844.62,162.80,138.43,522.47,0.8244,-1,-1,-1
759,41,459.99,34.58,330.12,879.54,0.8466,-1,-1,-1
759,38,371.51,132.87,204.59,595.71,0.7958,-1,-1,-1
759,40,1042.24,229.99,112.18,344.68,0.7294,-1,-1,-1
759,42,960.25,255.09,123.95,343.59,0.8125,-1,-1,-1
759,39,845.10,167.64,136.54,523.58,0.8311,-1,-1,-1
760,41,448.35,39.15,306.57,883.03,0.7886,-1,-1,-1
760,38,369.93,131.00,204.43,608.30,0.7834,-1,-1,-1
760,40,1049.52,228.97,108.63,358.48,0.7447,-1,-1,-1
760,42,965.38,256.05,121.91,347.21,0.8079,-1,-1,-1
760,39,844.58,170.22,135.80,524.57,0.8298,-1,-1,-1
761,41,418.93,41.76,316.07,891.64,0.7625,-1,-1,-1
761,38,369.39,132.61,200.19,610.44,0.7331,-1,-1,-1
761,40,1056.06,229.33,105.80,363.46,0.7628,-1,-1,-1
761,42,969.88,257.52,122.27,349.75,0.8297,-1,-1,-1
761,39,846.16,172.68,134.07,527.02,0.8356,-1,-1,-1
761,43,710.53,201.90,139.89,452.01,0.8251,-1,-1,-1
762,41,394.86,40.38,330.46,900.11,0.7497,-1,-1,-1
762,38,363.15,134.80,198.27,613.53,0.7184,-1,-1,-1
762,40,1062.05,230.11,101.32,364.75,0.7785,-1,-1,-1
762,42,971.35,253.30,127.86,356.50,0.8051,-1,-1,-1
762,39,846.17,173.96,133.83,528.27,0.8351,-1,-1,-1
762,43,708.97,202.84,142.52,440.32,0.8180,-1,-1,-1
763,41,363.65,38.69,350.59,909.44,0.6406,-1,-1,-1
763,38,350.11,137.79,192.06,613.33,0.7549,-1,-1,-1
763,40,1065.42,230.64,105.06,367.34,0.7900,-1,-1,-1
763,42,974.48,251.64,134.78,360.29,0.8005,-1,-1,-1
763,39,848.22,173.97,133.20,526.09,0.8246,-1,-1,-1
763,43,706.88,203.91,148.82,447.50,0.8338,-1,-1,-1
764,41,333.93,38.11,375.89,916.97,0.8510,-1,-1,-1
764,38,335.31,124.16,192.64,635.18,0.5560,-1,-1,-1
764,40,1071.39,229.38,102.97,372.97,0.7762,-1,-1,-1
764,42,978.99,250.03,139.43,364.15,0.8012,-1,-1,-1
764,39,849.29,173.28,135.18,529.44,0.8134,-1,-1,-1
764,43,710.77,205.61,148.12,450.47,0.8353,-1,-1,-1
765,41,319.93,36.49,389.98,924.81,0.8616,-1,-1,-1
765,40,1077.62,228.22,102.41,375.30,0.7164,-1,-1,-1
765,42,983.20,250.38,142.89,368.41,0.7743,-1,-1,-1
765,39,850.74,170.12,140.37,523.53,0.8031,-1,-1,-1
765,43,713.68,207.43,147.09,449.32,0.8442,-1,-1,-1
766,41,303.29,34.12,406.55,928.81,0.9034,-1,-1,-1
766,40,1082.44,228.33,103.18,378.93,0.6851,-1,-1,-1
766,42,984.34,249.45,146.26,373.84,0.7989,-1,-1,-1
766,39,854.85,167.58,138.90,516.16,0.8125,-1,-1,-1
766,43,716.53,209.47,145.36,446.26,0.8416,-1,-1,-1
767,41,285.78,31.75,421.74,935.00,0.9007,-1,-1,-1
767,40,1087.15,225.77,114.08,386.83,0.7386,-1,-1,-1
767,42,980.08,249.28,159.14,378.89,0.8228,-1,-1,-1
767,39,855.26,163.90,140.17,514.01,0.8092,-1,-1,-1
767,43,717.88,210.07,144.10,442.60,0.8457,-1,-1,-1
767,44,635.17,272.63,98.44,341.50,0.7333,-1,-1,-1
768,41,266.70,30.55,435.55,940.26,0.9039,-1,-1,-1
768,40,1088.09,224.92,121.52,391.32,0.7685,-1,-1,-1
768,42,978.20,250.45,171.28,380.56,0.8123,-1,-1,-1
768,39,856.29,160.34,139.12,515.01,0.8117,-1,-1,-1
768,43,719.96,208.31,140.78,441.16,0.8234,-1,-1,-1
768,44,632.63,269.56,103.07,341.10,0.7522,-1,-1,-1
769,41,244.99,30.28,448.51,948.62,0.9094,-1,-1,-1
769,40,1090.76,225.57,116.56,395.47,0.7569,-1,-1,-1
769,42,976.16,251.33,182.12,384.84,0.8257,-1,-1,-1
769,39,853.84,158.49,142.86,517.31,0.8253,-1,-1,-1
769,43,721.25,207.88,137.82,439.74,0.8094,-1,-1,-1
769,44,630.38,266.53,105.45,346.39,0.7796,-1,-1,-1
770,41,222.01,25.93,458.54,960.50,0.8976,-1,-1,-1
770,40,1094.66,223.47,107.10,402.00,0.7136,-1,-1,-1
770,42,975.65,250.10,186.97,389.34,0.8340,-1,-1,-1
770,39,851.67,155.48,147.10,519.65,0.8249,-1,-1,-1
770,43,723.19,205.59,134.64,439.20,0.8267,-1,-1,-1
770,44,628.61,264.73,106.17,345.06,0.7875,-1,-1,-1
771,41,199.74,15.23,459.65,980.61,0.8926,-1,-1,-1
771,40,1097.68,219.76,102.49,408.42,0.7146,-1,-1,-1
771,42,974.18,245.14,189.59,395.61,0.8278,-1,-1,-1
771,39,846.27,152.52,151.92,520.31,0.8573,-1,-1,-1
771,43,720.64,198.72,133.41,442.83,0.8494,-1,-1,-1
771,44,626.10,256.35,107.59,347.08,0.7393,-1,-1,-1
772,41,177.45,11.20,460.30,984.10,0.8889,-1,-1,-1
772,40,1096.41,219.27,104.29,412.19,0.7857,-1,-1,-1
772,42,967.76,244.72,193.67,402.03,0.8342,-1,-1,-1
772,39,843.41,153.04,151.98,522.84,0.8601,-1,-1,-1
772,43,721.39,201.40,131.52,440.43,0.8348,-1,-1,-1
772,44,619.59,258.05,112.64,350.98,0.7896,-1,-1,-1
773,41,156.26,10.00,446.58,956.71,0.8627,-1,-1,-1
773,40,1093.29,215.15,108.76,418.19,0.7976,-1,-1,-1
773,42,962.61,241.29,196.90,408.06,0.8424,-1,-1,-1
773,39,840.46,153.54,147.39,523.59,0.8635,-1,-1,-1
773,43,719.89,199.84,127.04,439.54,0.8332,-1,-1,-1
773,44,615.06,257.90,112.62,351.62,0.8120,-1,-1,-1
774,41,141.10,5.13,414.86,948.13,0.8764,-1,-1,-1
774,40,1091.68,211.59,113.44,420.82,0.7753,-1,-1,-1
774,42,960.12,235.42,198.41,413.03,0.8589,-1,-1,-1
774,39,836.18,150.78,144.81,528.23,0.8138,-1,-1,-1
774,43,714.94,193.50,126.73,440.91,0.8314,-1,-1,-1
774,44,610.22,255.45,113.40,349.77,0.7972,-1,-1,-1
775,41,128.07,2.21,378.35,951.13,0.8709,-1,-1,-1
775,40,1086.67,206.92,119.23,424.33,0.7980,-1,-1,-1
775,42,957.44,229.48,200.10,416.05,0.8610,-1,-1,-1
775,39,829.96,150.75,135.83,526.59,0.7834,-1,-1,-1
775,43,709.32,189.17,130.15,443.51,0.8174,-1,-1,-1
775,44,606.05,249.90,114.32,357.35,0.7793,-1,-1,-1
776,41,109.94,0.19,356.53,961.55,0.8844,-1,-1,-1
776,40,1084.65,202.16,121.45,429.32,0.8109,-1,-1,-1
776,42,954.56,225.04,198.91,420.52,0.8485,-1,-1,-1
776,39,820.06,150.70,137.95,528.48,0.7804,-1,-1,-1
776,43,700.65,188.17,134.24,443.68,0.8011,-1,-1,-1
776,44,599.92,247.41,114.09,359.68,0.7792,-1,-1,-1
776,45,382.43,48.04,236.72,781.14,0.7164,-1,-1,-1
777,41,92.26,0.89,344.47,961.14,0.8973,-1,-1,-1
777,40,1081.77,199.45,128.10,431.09,0.8342,-1,-1,-1
777,42,952.26,222.40,194.33,425.22,0.8348,-1,-1,-1
777,39,813.02,152.07,140.79,528.84,0.8012,-1,-1,-1
777,43,691.81,191.01,136.93,442.46,0.7899,-1,-1,-1
777,44,592.00,246.37,113.39,365.82,0.7137,-1,-1,-1
777,45,355.54,43.30,256.78,796.37,0.7781,-1,-1,-1
778,41,73.97,1.89,332.63,975.76,0.8957,-1,-1,-1
778,40,1081.19,193.02,129.84,441.05,0.8311,-1,-1,-1
778,42,949.43,220.06,188.50,428.43,0.8406,-1,-1,-1
778,39,809.85,152.73,140.57,528.65,0.8065,-1,-1,-1
778,43,681.59,190.68,137.38,447.18,0.7419,-1,-1,-1
778,44,585.59,245.86,110.52,363.94,0.7243,-1,-1,-1
778,45,333.87,37.99,276.52,826.46,0.8289,-1,-1,-1
779,41,50.89,1.28,328.88,997.03,0.8965,-1,-1,-1
779,40,1079.25,193.33,126.98,442.25,0.8097,-1,-1,-1
779,42,950.47,216.19,179.10,434.73,0.8365,-1,-1,-1
779,39,800.38,154.38,143.77,524.42,0.7421,-1,-1,-1
779,43,672.40,191.03,137.76,441.94,0.7596,-1,-1,-1
779,44,573.41,244.02,116.21,366.23,0.7650,-1,-1,-1
779,45,327.54,32.76,277.27,856.61,0.8167,-1,-1,-1
780,41,25.48,0.72,327.59,1000.60,0.9101,-1,-1,-1
780,40,1075.75,192.39,128.73,447.97,0.8100,-1,-1,-1
780,42,948.79,213.81,173.04,438.57,0.8449,-1,-1,-1
780,39,791.01,154.50,145.79,529.15,0.8081,-1,-1,-1
780,43,663.48,189.49,140.17,448.02,0.7397,-1,-1,-1
780,44,566.24,243.14,115.21,362.67,0.6802,-1,-1,-1
780,45,318.86,27.18,277.93,882.94,0.8464,-1,-1,-1
781,41,1.40,2.06,326.79,1006.53,0.9110,-1,-1,-1
781,40,1074.13,190.90,134.95,454.57,0.8179,-1,-1,-1
781,42,949.79,212.00,166.41,445.58,0.8393,-1,-1,-1
781,39,789.26,152.86,143.47,531.60,0.8178,-1,-1,-1
781,43,672.11,189.32,127.23,447.52,0.6141,-1,-1,-1
781,44,564.31,242.16,108.05,360.51,0.6032,-1,-1,-1
781,45,306.95,20.32,288.27,893.83,0.8435,-1,-1,-1
782,41,-6.54,3.12,310.08,1006.77,0.9090,-1,-1,-1
782,40,1072.24,188.82,144.60,459.15,0.8124,-1,-1,-1
782,42,949.80,209.08,164.08,453.90,0.8712,-1,-1,-1
782,39,785.60,155.41,145.14,527.56,0.8168,-1,-1,-1
782,43,673.25,189.88,126.15,445.88,0.6774,-1,-1,-1
782,44,556.39,241.21,108.63,377.47,0.6245,-1,-1,-1
782,45,284.83,11.54,311.27,913.78,0.8664,-1,-1,-1
783,41,-7.68,2.74,285.38,1012.75,0.9017,-1,-1,-1
783,40,1070.70,189.05,150.14,460.73,0.8294,-1,-1,-1
783,42,949.71,208.41,163.79,460.79,0.8782,-1,-1,-1
783,39,778.82,155.53,150.76,524.73,0.8088,-1,-1,-1
783,43,673.24,193.69,123.98,444.43,0.6677,-1,-1,-1
783,44,541.51,241.30,117.67,383.63,0.6257,-1,-1,-1
783,45,251.55,2.59,342.74,940.08,0.8584,-1,-1,-1
784,41,-6.82,4.08,262.89,1013.92,0.9015,-1,-1,-1
784,40,1069.33,188.86,154.89,466.69,0.8240,-1,-1,-1
784,42,949.31,206.50,164.18,467.60,0.8681,-1,-1,-1
784,39,781.57,154.82,143.64,523.93,0.7934,-1,-1,-1
784,43,676.85,195.63,119.36,442.45,0.7079,-1,-1,-1
784,44,541.36,241.04,112.91,386.86,0.5871,-1,-1,-1
784,45,231.65,-0.45,359.31,964.24,0.8617,-1,-1,-1
785,41,-5.04,6.71,241.00,1016.87,0.8981,-1,-1,-1
785,40,1071.07,185.77,156.70,476.14,0.8280,-1,-1,-1
785,42,947.97,205.05,165.93,472.15,0.8453,-1,-1,-1
785,39,783.64,150.22,139.43,526.55,0.7902,-1,-1,-1
785,43,680.99,195.51,115.14,441.18,0.7288,-1,-1,-1
785,44,537.14,238.37,117.19,389.61,0.6670,-1,-1,-1
785,45,217.64,-0.86,360.07,979.27,0.8931,-1,-1,-1
786,41,-3.10,7.61,223.46,1018.47,0.8743,-1,-1,-1
786,40,1072.75,181.81,160.31,487.14,0.8263,-1,-1,-1
786,42,948.98,203.08,166.90,482.17,0.8298,-1,-1,-1
786,39,784.73,147.80,139.81,524.94,0.8160,-1,-1,-1
786,43,682.42,196.08,114.21,440.63,0.7290,-1,-1,-1
786,44,514.37,233.74,126.93,395.76,0.6940,-1,-1,-1
786,45,206.31,-1.50,361.19,990.78,0.8784,-1,-1,-1
787,41,-2.24,27.45,204.15,1002.74,0.8780,-1,-1,-1
787,40,1077.13,178.69,163.65,495.12,0.8361,-1,-1,-1
787,42,949.46,204.81,171.11,485.84,0.8345,-1,-1,-1
787,39,789.56,145.65,136.86,526.22,0.8247,-1,-1,-1
787,43,683.32,195.54,113.51,441.14,0.7785,-1,-1,-1
787,44,521.33,234.90,118.98,393.27,0.6557,-1,-1,-1
787,45,195.99,-1.32,366.76,1001.70,0.8834,-1,-1,-1
787,46,617.26,248.90,92.08,367.36,0.6548,-1,-1,-1
788,41,-1.44,49.57,187.96,987.04,0.8716,-1,-1,-1
788,40,1081.16,179.16,166.94,501.56,0.8460,-1,-1,-1
788,42,950.16,208.31,176.27,491.31,0.8563,-1,-1,-1
788,39,792.51,146.81,136.37,524.34,0.8244,-1,-1,-1
788,43,683.55,193.16,112.88,441.58,0.7532,-1,-1,-1
788,44,520.71,235.71,112.62,397.52,0.6460,-1,-1,-1
788,45,183.72,-0.19,370.48,1004.60,0.8982,-1,-1,-1
788,46,609.80,251.27,98.97,370.07,0.7316,-1,-1,-1
789,41,-0.69,75.81,176.66,972.45,0.8653,-1,-1,-1
789,40,1081.80,175.02,165.21,510.45,0.8342,-1,-1,-1
789,42,945.07,210.70,186.47,497.90,0.8387,-1,-1,-1
789,39,794.13,151.10,133.91,519.31,0.8369,-1,-1,-1
789,43,683.79,194.07,119.29,446.89,0.7678,-1,-1,-1
789,44,518.99,234.55,104.60,401.90,0.6086,-1,-1,-1
789,45,171.67,-0.62,375.02,1013.94,0.9006,-1,-1,-1
789,46,605.42,248.54,104.01,379.55,0.7482,-1,-1,-1
790,41,0.30,93.85,159.21,964.11,0.8349,-1,-1,-1
790,40,1084.55,171.00,166.21,515.82,0.8420,-1,-1,-1
790,42,939.17,204.41,204.10,508.68,0.7915,-1,-1,-1
790,39,796.36,150.57,134.33,519.19,0.8471,-1,-1,-1
790,43,689.77,188.76,120.33,448.61,0.7493,-1,-1,-1
790,44,518.65,232.81,102.53,402.04,0.5647,-1,-1,-1
790,45,162.69,-1.20,384.07,1025.22,0.8937,-1,-1,-1
790,46,605.43,248.40,106.87,384.39,0.7294,-1,-1,-1
791,41,0.93,105.09,142.57,958.64,0.8022,-1,-1,-1
791,40,1091.88,170.04,171.13,519.19,0.7853,-1,-1,-1
791,42,957.38,201.08,197.76,521.46,0.8015,-1,-1,-1
791,39,802.49,152.19,133.42,521.31,0.8245,-1,-1,-1
791,43,693.60,194.52,125.59,444.48,0.7750,-1,-1,-1
791,44,518.19,232.83,109.48,409.50,0.6057,-1,-1,-1
791,45,151.01,0.20,396.32,1036.81,0.8914,-1,-1,-1
791,46,607.03,250.23,110.89,387.22,0.7470,-1,-1,-1
792,41,1.10,119.90,124.00,948.81,0.5293,-1,-1,-1
792,40,1102.50,167.70,170.94,508.63,0.7372,-1,-1,-1
792,42,967.55,198.85,203.01,527.33,0.8236,-1,-1,-1
792,39,810.28,154.72,131.04,520.06,0.8028,-1,-1,-1
792,43,698.81,197.31,127.46,447.80,0.8057,-1,-1,-1
792,44,518.10,234.76,112.57,412.63,0.6413,-1,-1,-1
792,45,143.00,0.96,422.14,1046.97,0.8589,-1,-1,-1
792,46,613.50,251.20,109.98,391.06,0.7984,-1,-1,-1
793,41,1.93,378.76,102.82,689.17,0.5703,-1,-1,-1
793,40,1115.80,165.02,165.21,522.31,0.8170,-1,-1,-1
793,42,972.51,193.77,211.43,534.07,0.8463,-1,-1,-1
793,39,818.04,152.53,133.77,524.19,0.8003,-1,-1,-1
793,43,705.01,194.33,128.34,449.48,0.8049,-1,-1,-1
793,44,521.20,232.81,111.39,404.37,0.5560,-1,-1,-1
793,45,126.08,0.42,455.21,1055.15,0.8892,-1,-1,-1
793,46,618.21,250.76,113.34,394.31,0.7888,-1,-1,-1
794,41,2.12,453.83,90.74,601.42,0.5622,-1,-1,-1
794,40,1124.93,160.54,164.97,534.59,0.8547,-1,-1,-1
794,42,980.98,188.23,221.25,543.83,0.8462,-1,-1,-1
794,39,822.60,154.06,138.49,526.37,0.7789,-1,-1,-1
794,43,712.73,195.02,128.46,445.94,0.7988,-1,-1,-1
794,44,525.58,231.70,112.87,411.17,0.6185,-1,-1,-1
794,45,110.21,0.72,480.31,1070.39,0.9023,-1,-1,-1
794,46,619.08,252.77,122.48,395.77,0.7142,-1,-1,-1
795,41,2.04,535.46,83.23,515.70,0.4803,-1,-1,-1
795,40,1138.73,157.04,164.46,539.33,0.8197,-1,-1,-1
795,42,989.26,180.09,229.40,559.52,0.8167,-1,-1,-1
795,39,837.76,157.35,135.13,527.67,0.8232,-1,-1,-1
795,43,725.28,196.79,126.83,449.37,0.7715,-1,-1,-1
795,44,529.24,234.51,109.06,414.75,0.6668,-1,-1,-1
795,45,93.09,1.34,503.56,1073.94,0.9214,-1,-1,-1
795,46,620.53,255.84,128.31,397.04,0.7390,-1,-1,-1
796,41,1.91,557.15,77.53,483.52,0.5385,-1,-1,-1
796,40,1151.35,159.28,163.21,554.55,0.8438,-1,-1,-1
796,42,995.88,180.40,236.19,562.34,0.8531,-1,-1,-1
796,39,847.63,161.00,136.43,529.25,0.8365,-1,-1,-1
796,43,734.12,200.63,129.87,451.22,0.8064,-1,-1,-1
796,44,534.51,236.41,114.40,389.56,0.5599,-1,-1,-1
796,45,72.14,1.63,529.29,1074.25,0.9201,-1,-1,-1
796,46,631.95,256.43,120.13,401.84,0.7112,-1,-1,-1
797,40,1167.22,160.80,157.54,576.64,0.8541,-1,-1,-1
797,42,1001.28,181.07,246.47,571.98,0.8469,-1,-1,-1
797,39,857.15,168.17,132.08,527.22,0.8139,-1,-1,-1
797,43,743.66,206.36,132.06,451.79,0.7888,-1,-1,-1
797,44,535.53,239.14,117.35,361.73,0.5606,-1,-1,-1
797,45,47.67,2.56,557.68,1073.35,0.9131,-1,-1,-1
797,46,625.86,259.62,132.90,406.83,0.7168,-1,-1,-1
798,40,1177.97,162.66,159.87,593.56,0.8343,-1,-1,-1
798,42,1002.02,183.10,258.21,586.45,0.8452,-1,-1,-1
798,39,863.44,172.23,131.00,529.13,0.8024,-1,-1,-1
798,43,749.94,211.28,131.69,446.80,0.8196,-1,-1,-1
798,44,536.65,242.75,117.97,337.57,0.5450,-1,-1,-1
798,45,21.66,3.24,594.16,1068.05,0.9108,-1,-1,-1
798,46,630.96,260.93,133.38,411.69,0.7292,-1,-1,-1
799,40,1187.92,164.27,159.88,610.58,0.8224,-1,-1,-1
799,42,1002.01,185.23,268.03,603.40,0.8559,-1,-1,-1
799,39,865.38,178.26,136.26,527.76,0.7983,-1,-1,-1
799,43,751.79,215.75,133.80,446.81,0.8061,-1,-1,-1
799,44,536.48,246.47,123.51,346.70,0.5390,-1,-1,-1
799,45,3.54,3.84,624.04,1066.36,0.9041,-1,-1,-1
799,46,638.46,263.04,128.91,414.52,0.7690,-1,-1,-1
800,40,1196.02,165.89,161.83,618.83,0.8054,-1,-1,-1
800,42,1007.26,187.35,271.77,619.81,0.8321,-1,-1,-1
800,39,869.93,183.92,135.00,527.32,0.7830,-1,-1,-1
800,43,757.07,223.37,133.33,443.54,0.8024,-1,-1,-1
800,44,535.28,250.31,128.93,354.54,0.4935,-1,-1,-1
800,45,-3.69,3.77,640.02,1061.44,0.9076,-1,-1,-1
800,46,641.95,265.51,126.21,417.99,0.7709,-1,-1,-1
801,40,1203.68,165.55,161.91,628.02,0.8160,-1,-1,-1
801,42,1010.02,189.55,278.67,630.87,0.8488,-1,-1,-1
801,39,872.74,191.43,132.44,525.81,0.7764,-1,-1,-1
801,43,762.60,229.24,129.71,441.53,0.8329,-1,-1,-1
801,44,531.59,252.49,136.93,351.79,0.4641,-1,-1,-1
801,45,-6.25,4.44,645.31,1063.91,0.9127,-1,-1,-1
801,46,643.30,268.32,125.98,419.80,0.7919,-1,-1,-1
802,40,1209.93,165.92,166.22,640.25,0.8241,-1,-1,-1
802,42,1006.54,192.80,294.25,640.61,0.8426,-1,-1,-1
802,39,881.80,192.74,133.36,526.87,0.8149,-1,-1,-1
802,43,772.25,232.48,120.47,438.05,0.8249,-1,-1,-1
802,44,531.78,255.15,139.23,354.54,0.4758,-1,-1,-1
802,45,-6.92,4.86,657.42,1073.44,0.8967,-1,-1,-1
802,46,643.60,269.70,126.97,421.51,0.7841,-1,-1,-1
803,40,1219.34,162.36,170.74,654.27,0.8483,-1,-1,-1
803,42,1004.62,193.68,306.99,650.52,0.8564,-1,-1,-1
803,39,887.92,193.27,134.93,531.45,0.8154,-1,-1,-1
803,43,781.37,235.14,114.24,436.51,0.8210,-1,-1,-1
803,44,533.16,255.17,138.91,342.77,0.6080,-1,-1,-1
803,45,-6.03,4.45,659.99,1074.59,0.8458,-1,-1,-1
803,46,644.19,270.72,127.70,427.54,0.7782,-1,-1,-1
804,40,1232.72,163.27,171.54,658.69,0.8440,-1,-1,-1
804,42,999.32,192.03,320.77,673.51,0.8705,-1,-1,-1
804,39,890.56,191.82,138.43,534.14,0.8472,-1,-1,-1
804,43,786.85,231.35,114.08,435.91,0.8377,-1,-1,-1
804,44,532.27,255.42,137.18,345.56,0.4901,-1,-1,-1
804,45,-5.71,3.80,640.73,1077.91,0.6963,-1,-1,-1
804,46,643.05,271.18,130.58,430.52,0.7676,-1,-1,-1
805,40,1240.43,159.54,184.56,663.16,0.8532,-1,-1,-1
805,42,1001.13,189.60,328.47,686.24,0.8710,-1,-1,-1
805,39,894.75,189.91,138.04,536.69,0.8337,-1,-1,-1
805,43,790.95,229.73,113.54,436.72,0.8299,-1,-1,-1
805,44,529.27,254.63,142.72,325.34,0.5692,-1,-1,-1
805,45,-5.27,3.37,508.28,1073.33,0.6321,-1,-1,-1
805,46,646.00,271.01,131.68,437.79,0.8045,-1,-1,-1
806,40,1248.66,153.53,193.87,672.69,0.8648,-1,-1,-1
806,42,1006.98,182.22,330.52,703.60,0.8763,-1,-1,-1
806,39,901.85,186.63,133.26,537.70,0.8122,-1,-1,-1
806,43,794.79,226.97,113.05,441.19,0.7982,-1,-1,-1
806,44,526.62,252.20,146.61,314.66,0.6715,-1,-1,-1
806,45,-3.91,0.53,563.41,1074.14,0.7612,-1,-1,-1
806,46,648.39,269.87,130.21,442.52,0.8316,-1,-1,-1
807,40,1256.97,145.53,203.80,686.03,0.8719,-1,-1,-1
807,42,1018.48,175.64,325.42,716.36,0.8726,-1,-1,-1
807,39,905.04,184.12,133.37,538.91,0.8236,-1,-1,-1
807,43,798.15,226.53,112.87,447.61,0.8085,-1,-1,-1
807,44,520.13,248.48,153.28,317.77,0.6205,-1,-1,-1
807,45,-3.89,-0.02,567.28,1073.67,0.8728,-1,-1,-1
807,46,649.23,269.01,131.72,447.10,0.8278,-1,-1,-1
808,40,1266.31,138.21,214.82,700.58,0.8791,-1,-1,-1
808,42,1027.85,169.06,324.20,730.89,0.8952,-1,-1,-1
808,39,908.54,185.14,129.07,530.84,0.7927,-1,-1,-1
808,43,802.25,224.13,114.87,450.21,0.8076,-1,-1,-1
808,44,509.45,245.03,167.44,331.39,0.6434,-1,-1,-1
808,45,-3.07,-0.00,555.57,1073.24,0.9095,-1,-1,-1
808,46,652.17,268.52,132.90,450.70,0.8313,-1,-1,-1
809,40,1275.66,128.59,222.45,713.43,0.8594,-1,-1,-1
809,42,1036.46,160.18,323.47,742.43,0.8924,-1,-1,-1
809,39,910.86,182.07,131.91,524.20,0.8240,-1,-1,-1
809,43,803.69,221.21,115.24,446.88,0.8091,-1,-1,-1
809,44,505.72,238.94,176.69,364.01,0.6300,-1,-1,-1
809,45,-2.36,0.65,527.50,1068.90,0.9245,-1,-1,-1
809,46,650.60,265.80,136.88,454.72,0.8061,-1,-1,-1
810,40,1282.27,119.77,233.84,729.45,0.8830,-1,-1,-1
810,42,1047.41,148.68,320.31,760.12,0.8915,-1,-1,-1
810,39,911.06,180.51,137.15,525.64,0.7969,-1,-1,-1
810,43,805.60,219.77,116.46,448.08,0.8102,-1,-1,-1
810,44,501.80,234.61,179.59,453.93,0.7273,-1,-1,-1
810,45,-2.06,1.38,493.79,1066.95,0.8875,-1,-1,-1
810,46,651.02,264.15,137.42,462.92,0.8280,-1,-1,-1
811,40,1288.63,116.81,243.19,745.76,0.9014,-1,-1,-1
811,42,1056.92,144.72,319.30,772.72,0.8862,-1,-1,-1
811,39,911.61,182.92,138.36,521.28,0.7954,-1,-1,-1
811,43,805.54,222.14,116.93,446.61,0.8243,-1,-1,-1
811,44,500.62,234.30,171.56,493.78,0.8199,-1,-1,-1
811,45,-1.95,3.93,444.25,1065.99,0.9157,-1,-1,-1
811,46,648.94,267.22,137.82,464.68,0.8605,-1,-1,-1
812,40,1296.25,110.65,252.88,769.37,0.8952,-1,-1,-1
812,42,1066.17,136.54,316.12,785.84,0.8710,-1,-1,-1
812,39,910.72,179.11,140.24,524.80,0.7911,-1,-1,-1
812,43,803.32,219.00,115.79,446.90,0.8002,-1,-1,-1
812,44,498.01,228.76,171.46,516.62,0.8191,-1,-1,-1
812,45,-1.88,0.76,397.52,1069.93,0.8375,-1,-1,-1
812,46,648.15,263.73,139.47,469.30,0.8226,-1,-1,-1
813,40,1302.19,105.61,260.85,796.20,0.8928,-1,-1,-1
813,42,1073.79,127.12,314.51,798.06,0.8735,-1,-1,-1
813,39,910.95,175.28,140.38,524.70,0.8093,-1,-1,-1
813,43,799.81,217.14,116.80,447.65,0.8014,-1,-1,-1
813,44,496.18,221.70,169.07,531.84,0.8090,-1,-1,-1
813,45,-2.06,0.59,357.13,1064.10,0.6380,-1,-1,-1
813,46,639.00,260.13,150.51,477.50,0.7835,-1,-1,-1
813,48,305.17,67.91,207.41,802.63,0.8574,-1,-1,-1
814,40,1310.16,100.22,264.72,817.80,0.8866,-1,-1,-1
814,42,1085.53,111.42,310.34,833.28,0.8697,-1,-1,-1
814,39,909.28,173.01,142.84,524.88,0.7996,-1,-1,-1
814,43,795.79,216.40,119.82,448.14,0.8030,-1,-1,-1
814,44,493.78,216.83,167.28,541.67,0.8188,-1,-1,-1
814,45,-1.54,-0.24,342.29,1058.30,0.7490,-1,-1,-1
814,46,625.81,256.46,165.07,483.51,0.7931,-1,-1,-1
814,48,269.16,57.33,238.75,824.17,0.8844,-1,-1,-1
815,40,1318.88,99.61,270.08,822.58,0.8687,-1,-1,-1
815,42,1100.56,105.54,305.31,869.37,0.8696,-1,-1,-1
815,39,908.69,173.24,142.67,527.39,0.7992,-1,-1,-1
815,43,793.42,217.22,121.17,449.16,0.7973,-1,-1,-1
815,44,490.81,215.47,166.44,549.62,0.8126,-1,-1,-1
815,45,-1.66,2.87,267.72,1057.63,0.3464,-1,-1,-1
815,46,624.62,254.17,167.54,490.43,0.7753,-1,-1,-1
815,48,234.52,47.90,266.29,840.71,0.8864,-1,-1,-1
816,40,1321.73,97.44,277.95,835.22,0.8635,-1,-1,-1
816,42,1110.99,105.99,298.29,896.19,0.8698,-1,-1,-1
816,39,907.77,175.11,142.53,528.32,0.8123,-1,-1,-1
816,43,787.49,219.77,126.85,449.95,0.8061,-1,-1,-1
816,44,483.48,217.07,168.21,554.08,0.8394,-1,-1,-1
816,46,625.07,252.17,166.60,495.02,0.7763,-1,-1,-1
816,48,216.58,39.83,277.86,851.95,0.8954,-1,-1,-1
817,40,1326.76,93.81,286.91,866.58,0.8665,-1,-1,-1
817,42,1116.16,106.66,299.80,929.78,0.8779,-1,-1,-1
817,39,907.37,176.24,143.34,527.60,0.8214,-1,-1,-1
817,43,781.71,222.41,130.11,449.15,0.8148,-1,-1,-1
817,44,472.31,216.24,173.91,558.71,0.8513,-1,-1,-1
817,46,627.93,249.34,160.30,500.15,0.7744,-1,-1,-1
817,48,202.64,34.90,288.31,863.01,0.8957,-1,-1,-1
818,40,1330.05,88.52,296.06,890.51,0.8674,-1,-1,-1
818,42,1119.27,105.75,304.41,936.52,0.8848,-1,-1,-1
818,39,908.06,179.28,140.57,528.74,0.8163,-1,-1,-1
818,43,778.66,225.64,129.69,445.64,0.8470,-1,-1,-1
818,44,458.45,216.87,184.28,565.24,0.8724,-1,-1,-1
818,46,623.61,248.02,162.26,504.29,0.8077,-1,-1,-1
818,48,191.61,30.01,295.50,891.84,0.8934,-1,-1,-1
819,40,1331.66,80.07,307.20,917.31,0.8668,-1,-1,-1
819,42,1122.21,105.46,310.31,948.62,0.8785,-1,-1,-1
819,39,905.14,180.57,136.95,532.45,0.8111,-1,-1,-1
819,43,774.02,226.54,131.63,444.33,0.8613,-1,-1,-1
819,44,443.68,215.98,192.83,569.88,0.8665,-1,-1,-1
819,46,617.16,247.58,162.65,512.32,0.7943,-1,-1,-1
819,48,177.91,23.55,302.87,927.90,0.8984,-1,-1,-1
819,49,1047.75,305.66,90.11,259.84,0.5704,-1,-1,-1
820,40,1332.63,69.17,317.56,938.23,0.8612,-1,-1,-1
820,42,1128.10,103.30,314.97,970.19,0.8766,-1,-1,-1
820,39,903.90,181.06,136.15,535.63,0.8086,-1,-1,-1
820,43,767.56,226.27,136.29,442.27,0.8552,-1,-1,-1
820,44,430.70,214.90,201.28,574.93,0.8549,-1,-1,-1
820,46,614.06,242.34,167.30,521.12,0.8117,-1,-1,-1
820,48,165.38,16.43,307.79,964.88,0.9026,-1,-1,-1
820,49,1049.14,305.71,95.30,259.53,0.5495,-1,-1,-1
821,40,1340.34,54.46,321.22,951.26,0.8477,-1,-1,-1
821,42,1133.08,97.92,324.80,981.59,0.8892,-1,-1,-1
821,39,904.33,180.74,136.33,538.37,0.8037,-1,-1,-1
821,43,760.70,224.72,141.29,443.47,0.8540,-1,-1,-1
821,44,423.17,214.10,206.55,581.99,0.8218,-1,-1,-1
821,46,612.61,239.98,173.75,527.02,0.8454,-1,-1,-1
821,48,155.35,11.32,314.93,989.41,0.8985,-1,-1,-1
821,49,1053.26,303.38,97.11,261.98,0.5681,-1,-1,-1
822,40,1353.83,39.24,315.25,968.11,0.8756,-1,-1,-1
822,42,1139.48,84.58,336.18,998.43,0.8873,-1,-1,-1
822,39,904.35,180.24,136.76,537.46,0.8125,-1,-1,-1
822,43,758.23,221.64,145.00,447.17,0.8419,-1,-1,-1
822,44,413.06,212.00,212.23,593.28,0.7860,-1,-1,-1
822,46,606.48,235.58,181.80,532.49,0.8640,-1,-1,-1
822,48,144.14,7.71,317.76,1006.24,0.9046,-1,-1,-1
822,49,1050.37,302.90,101.56,262.15,0.6552,-1,-1,-1
823,40,1369.74,16.47,307.59,965.18,0.8764,-1,-1,-1
823,42,1145.71,66.32,349.38,1016.23,0.8847,-1,-1,-1
823,39,904.79,179.66,138.33,535.39,0.8215,-1,-1,-1
823,43,755.30,216.38,147.38,452.12,0.8347,-1,-1,-1
823,44,408.55,209.73,213.82,603.08,0.8206,-1,-1,-1
823,46,604.48,231.76,185.15,540.52,0.8698,-1,-1,-1
823,48,132.76,2.33,321.75,1027.02,0.9097,-1,-1,-1
823,49,1049.18,302.26,103.78,262.63,0.6932,-1,-1,-1
824,40,1385.24,4.93,302.52,974.48,0.8887,-1,-1,-1
824,42,1147.21,47.62,362.84,1034.16,0.8800,-1,-1,-1
824,39,905.61,178.91,140.65,535.26,0.8135,-1,-1,-1
824,43,752.57,212.63,151.33,454.93,0.8342,-1,-1,-1
824,44,406.93,205.92,213.39,611.72,0.8359,-1,-1,-1
824,46,602.49,228.49,186.69,550.68,0.8526,-1,-1,-1
824,48,120.66,-1.29,327.33,1051.00,0.9031,-1,-1,-1
824,49,1051.62,301.80,103.05,263.38,0.6942,-1,-1,-1
825,40,1404.91,-0.09,292.42,1008.15,0.8785,-1,-1,-1
825,42,1144.63,29.40,387.47,1051.81,0.8809,-1,-1,-1
825,39,907.49,181.00,145.53,532.55,0.8197,-1,-1,-1
825,43,748.98,209.69,157.76,454.54,0.8215,-1,-1,-1
825,44,403.58,202.63,213.85,618.99,0.8375,-1,-1,-1
825,46,600.19,226.89,188.22,566.37,0.8474,-1,-1,-1
825,48,104.57,-2.31,336.12,1053.54,0.8822,-1,-1,-1
825,49,1054.99,301.32,101.18,263.89,0.6615,-1,-1,-1
826,40,1422.16,-1.34,283.85,1045.07,0.8552,-1,-1,-1
826,42,1138.64,14.38,424.65,1066.20,0.8883,-1,-1,-1
826,39,909.83,177.40,144.42,536.79,0.8175,-1,-1,-1
826,43,748.08,208.54,159.41,454.29,0.8245,-1,-1,-1
826,44,399.13,200.03,216.32,627.46,0.7983,-1,-1,-1
826,46,597.56,226.99,191.57,580.96,0.8609,-1,-1,-1
826,48,89.46,-2.51,344.35,1045.33,0.8825,-1,-1,-1
826,49,1057.00,300.56,103.26,264.53,0.6433,-1,-1,-1
827,40,1454.08,-2.53,262.61,1072.81,0.8656,-1,-1,-1
827,42,1133.35,3.49,463.14,1076.30,0.9006,-1,-1,-1
827,39,909.69,177.79,151.05,533.25,0.8199,-1,-1,-1
827,43,746.82,207.88,161.65,452.99,0.8215,-1,-1,-1
827,44,394.34,196.34,218.69,636.51,0.7826,-1,-1,-1
827,46,595.85,226.80,193.20,587.81,0.8583,-1,-1,-1
827,48,75.14,-1.59,349.85,1064.38,0.8937,-1,-1,-1
827,49,1059.70,298.87,104.44,265.58,0.6529,-1,-1,-1
828,40,1483.13,-2.93,248.95,1077.20,0.8726,-1,-1,-1
828,42,1130.65,-0.36,508.99,1075.69,0.8980,-1,-1,-1
828,39,908.13,176.33,157.87,530.67,0.8061,-1,-1,-1
828,43,745.73,207.26,163.32,452.50,0.8277,-1,-1,-1
828,44,389.10,191.52,219.52,645.11,0.8686,-1,-1,-1
828,46,594.23,226.37,195.70,591.88,0.8644,-1,-1,-1
828,48,60.23,-2.00,356.60,1076.92,0.9080,-1,-1,-1
828,49,1062.29,295.63,106.81,269.66,0.6992,-1,-1,-1
829,40,1500.93,0.43,252.46,1068.92,0.8184,-1,-1,-1
829,42,1129.73,2.54,552.51,1070.43,0.9010,-1,-1,-1
829,39,911.51,176.24,158.56,525.21,0.8102,-1,-1,-1
829,43,748.22,210.36,164.23,452.62,0.8201,-1,-1,-1
829,44,388.82,191.16,212.84,651.86,0.8678,-1,-1,-1
829,46,592.25,231.00,198.82,603.67,0.8412,-1,-1,-1
829,48,44.27,0.30,366.98,1076.28,0.9133,-1,-1,-1
829,49,1069.07,298.16,105.40,268.25,0.7449,-1,-1,-1
830,40,1527.17,-1.44,252.68,1070.21,0.8036,-1,-1,-1
830,42,1128.32,2.58,598.10,1070.30,0.9023,-1,-1,-1
830,39,918.71,180.05,156.06,514.81,0.7809,-1,-1,-1
830,43,750.11,213.56,171.61,452.06,0.7891,-1,-1,-1
830,44,388.32,190.35,211.91,658.12,0.8761,-1,-1,-1
830,46,590.07,231.04,202.84,617.23,0.8521,-1,-1,-1
830,48,22.70,0.33,386.35,1074.49,0.9188,-1,-1,-1
830,49,1073.63,298.62,105.17,268.42,0.7489,-1,-1,-1
831,40,1552.40,-1.54,261.15,1068.97,0.7660,-1,-1,-1
831,42,1126.51,0.59,650.15,1070.14,0.8983,-1,-1,-1
831,39,921.95,177.27,157.63,515.18,0.8060,-1,-1,-1
831,43,755.28,213.00,164.71,451.43,0.8243,-1,-1,-1
831,44,383.41,187.53,214.46,670.89,0.8743,-1,-1,-1
831,46,586.92,228.62,207.08,628.99,0.8535,-1,-1,-1
831,48,5.04,-0.91,405.20,1079.25,0.9233,-1,-1,-1
831,49,1076.83,296.03,108.56,269.42,0.7000,-1,-1,-1
832,40,1577.55,-0.31,268.54,1066.94,0.7243,-1,-1,-1
832,42,1123.41,0.89,691.57,1070.76,0.9020,-1,-1,-1
832,39,930.85,178.12,153.24,513.86,0.8073,-1,-1,-1
832,43,757.63,215.15,161.93,449.96,0.8292,-1,-1,-1
832,44,380.67,188.03,215.58,680.08,0.8792,-1,-1,-1
832,46,584.18,227.77,207.89,635.64,0.8488,-1,-1,-1
832,48,-3.39,-0.55,419.84,1083.36,0.9281,-1,-1,-1
832,49,1081.72,295.50,108.50,278.17,0.6863,-1,-1,-1
833,40,1606.40,-1.21,275.26,1072.21,0.5174,-1,-1,-1
833,42,1121.48,0.33,746.70,1070.83,0.9097,-1,-1,-1
833,39,929.46,174.77,157.72,520.20,0.8088,-1,-1,-1
833,43,757.43,216.55,163.81,448.99,0.8277,-1,-1,-1
833,44,378.14,187.52,218.15,692.40,0.8858,-1,-1,-1
833,46,581.95,227.20,209.70,645.08,0.8505,-1,-1,-1
833,48,-6.28,-0.74,429.09,1082.56,0.9265,-1,-1,-1
833,49,1087.39,294.28,108.55,279.15,0.7047,-1,-1,-1
834,40,1622.45,-0.77,291.70,747.13,0.6262,-1,-1,-1
834,42,1122.54,-0.30,787.80,1070.12,0.9190,-1,-1,-1
834,39,937.42,173.81,154.24,526.49,0.8125,-1,-1,-1
834,43,763.58,218.64,165.75,448.12,0.8216,-1,-1,-1
834,44,373.25,187.72,221.87,708.44,0.8657,-1,-1,-1
834,46,579.82,224.09,213.33,653.06,0.8448,-1,-1,-1
834,48,-6.48,-0.62,435.71,1079.30,0.9224,-1,-1,-1
834,49,1093.77,297.33,106.92,275.56,0.6410,-1,-1,-1
835,40,1659.48,-0.51,266.79,986.20,0.2986,-1,-1,-1
835,42,1130.07,0.93,796.42,1071.47,0.9125,-1,-1,-1
835,39,935.53,179.03,163.46,525.31,0.7633,-1,-1,-1
835,43,769.63,220.78,166.82,449.30,0.8368,-1,-1,-1
835,44,371.03,189.50,223.80,720.80,0.8785,-1,-1,-1
835,46,579.29,222.20,216.87,661.27,0.8499,-1,-1,-1
835,48,-5.91,1.12,438.97,1073.74,0.9278,-1,-1,-1
835,49,1100.12,296.35,106.73,282.87,0.7140,-1,-1,-1
836,40,1700.45,-0.07,229.03,1037.18,0.3215,-1,-1,-1
836,42,1144.08,0.61,788.69,1066.35,0.9211,-1,-1,-1
836,39,939.62,182.60,166.40,524.89,0.7518,-1,-1,-1
836,43,780.43,223.49,159.21,448.06,0.8432,-1,-1,-1
836,44,372.41,190.31,219.76,734.21,0.8619,-1,-1,-1
836,46,575.99,221.12,226.97,671.22,0.8579,-1,-1,-1
836,48,-5.04,1.65,439.52,1071.77,0.9284,-1,-1,-1
836,49,1111.08,296.86,104.42,282.90,0.7321,-1,-1,-1
837,42,1159.45,3.10,774.13,1065.30,0.9206,-1,-1,-1
837,39,947.13,187.98,163.63,521.32,0.7958,-1,-1,-1
837,43,785.53,225.02,161.28,452.06,0.8335,-1,-1,-1
837,44,372.92,189.40,220.20,746.63,0.8582,-1,-1,-1
837,46,573.76,218.22,235.51,680.60,0.8703,-1,-1,-1
837,48,-4.18,1.38,440.42,1071.44,0.9301,-1,-1,-1
837,49,1119.74,297.33,101.77,286.50,0.7708,-1,-1,-1
838,42,1191.36,4.10,741.75,1066.40,0.8835,-1,-1,-1
838,39,954.41,192.79,164.14,518.48,0.8187,-1,-1,-1
838,43,789.98,225.68,169.11,453.13,0.8296,-1,-1,-1
838,44,371.23,186.63,225.02,759.13,0.8562,-1,-1,-1
838,46,573.97,216.44,238.37,686.32,0.8617,-1,-1,-1
838,48,-3.50,0.28,441.87,1071.04,0.9264,-1,-1,-1
838,49,1126.17,298.99,100.13,286.40,0.7545,-1,-1,-1
839,42,1244.35,3.78,687.36,1064.94,0.8994,-1,-1,-1
839,39,964.47,193.16,158.26,521.23,0.8116,-1,-1,-1
839,43,797.92,226.60,172.51,450.93,0.8149,-1,-1,-1
839,44,369.86,184.64,227.68,776.70,0.8479,-1,-1,-1
839,46,577.70,212.26,239.64,693.28,0.8650,-1,-1,-1
839,48,-3.04,-0.36,444.52,1070.35,0.9290,-1,-1,-1
839,49,1132.64,296.71,100.97,290.24,0.7150,-1,-1,-1
840,42,1327.50,1.98,602.56,1065.22,0.7781,-1,-1,-1
840,39,967.73,193.19,158.25,522.55,0.8093,-1,-1,-1
840,43,807.28,223.69,160.61,453.51,0.8147,-1,-1,-1
840,44,368.37,181.91,231.96,787.45,0.8263,-1,-1,-1
840,46,579.66,206.18,243.83,700.63,0.8679,-1,-1,-1
840,48,-3.08,0.27,445.57,1070.05,0.9288,-1,-1,-1
840,49,1138.16,295.45,103.57,293.88,0.6737,-1,-1,-1
841,42,1413.22,1.43,515.09,1062.41,0.9259,-1,-1,-1
841,39,979.53,189.73,148.73,525.47,0.7971,-1,-1,-1
841,43,815.65,220.48,162.46,454.83,0.8180,-1,-1,-1
841,44,366.02,175.08,234.70,799.14,0.8172,-1,-1,-1
841,46,583.40,199.69,245.37,706.44,0.8622,-1,-1,-1
841,48,-2.92,-0.39,446.39,1069.13,0.9262,-1,-1,-1
841,49,1147.71,294.50,101.68,295.72,0.7113,-1,-1,-1
842,42,1509.52,1.12,416.71,1063.38,0.8668,-1,-1,-1
842,39,980.83,189.53,151.72,523.39,0.8123,-1,-1,-1
842,43,820.31,218.52,169.61,454.46,0.8483,-1,-1,-1
842,44,361.82,163.08,239.40,811.51,0.8333,-1,-1,-1
842,46,583.74,194.19,248.87,712.19,0.8605,-1,-1,-1
842,48,-2.57,-0.20,443.93,1069.47,0.9217,-1,-1,-1
842,49,1152.27,293.41,102.31,294.06,0.6732,-1,-1,-1
842,50,1388.79,229.08,198.26,628.74,0.8708,-1,-1,-1
843,42,1602.18,2.54,322.00,1060.12,0.6204,-1,-1,-1
843,39,988.10,185.88,153.11,523.40,0.8122,-1,-1,-1
843,43,826.56,215.49,169.61,448.96,0.8280,-1,-1,-1
843,44,361.10,150.69,241.15,833.06,0.8444,-1,-1,-1
843,46,581.83,188.28,253.72,728.91,0.8455,-1,-1,-1
843,48,-2.09,0.01,440.94,1067.38,0.9231,-1,-1,-1
843,49,1163.40,290.53,98.33,295.12,0.6425,-1,-1,-1
843,50,1401.89,217.92,228.55,677.65,0.8931,-1,-1,-1
844,42,1687.20,0.15,234.26,1067.69,0.7025,-1,-1,-1
844,39,992.90,180.30,158.52,526.17,0.8173,-1,-1,-1
844,43,831.12,213.35,167.61,445.55,0.8342,-1,-1,-1
844,44,353.16,139.32,250.99,842.24,0.8522,-1,-1,-1
844,46,584.59,182.33,252.19,752.45,0.8478,-1,-1,-1
844,48,-1.30,-0.42,429.75,1061.57,0.8960,-1,-1,-1
844,49,1168.40,282.84,97.95,300.14,0.7411,-1,-1,-1
844,50,1416.23,206.44,249.61,726.24,0.8912,-1,-1,-1
845,42,1752.16,1.99,168.46,1062.50,0.6843,-1,-1,-1
845,39,996.32,175.25,154.61,528.39,0.7952,-1,-1,-1
845,43,831.48,205.66,172.49,448.13,0.8245,-1,-1,-1
845,44,339.76,129.39,265.13,847.83,0.8579,-1,-1,-1
845,46,585.13,173.87,257.56,773.99,0.8444,-1,-1,-1
845,48,-1.78,1.32,417.56,1061.75,0.8187,-1,-1,-1
845,49,1170.29,276.30,99.20,304.58,0.7725,-1,-1,-1
845,50,1430.72,196.78,266.85,760.56,0.8910,-1,-1,-1
846,39,999.09,170.55,154.15,530.27,0.7934,-1,-1,-1
846,43,834.64,201.19,172.06,451.21,0.8092,-1,-1,-1
846,44,326.01,119.85,279.37,855.34,0.8413,-1,-1,-1
846,46,586.21,168.08,256.04,786.60,0.8257,-1,-1,-1
846,48,-1.30,3.82,399.21,1065.60,0.7565,-1,-1,-1
846,49,1171.86,275.73,101.42,302.23,0.8038,-1,-1,-1
846,50,1440.51,189.73,272.10,782.33,0.9032,-1,-1,-1
847,39,999.82,162.26,156.74,527.65,0.8104,-1,-1,-1
847,43,836.38,194.63,170.34,452.39,0.8161,-1,-1,-1
847,44,316.27,109.26,291.50,867.97,0.8147,-1,-1,-1
847,46,586.05,157.48,257.24,803.31,0.8320,-1,-1,-1
847,48,-1.72,5.38,366.48,1061.51,0.7308,-1,-1,-1
847,49,1178.71,272.90,100.47,298.68,0.7055,-1,-1,-1
847,50,1453.34,183.93,264.16,792.74,0.8875,-1,-1,-1
848,39,997.31,153.54,160.20,523.37,0.8076,-1,-1,-1
848,43,834.02,188.88,175.59,454.46,0.8487,-1,-1,-1
848,44,306.00,99.58,296.30,881.05,0.8661,-1,-1,-1
848,46,579.96,149.37,262.25,819.01,0.8343,-1,-1,-1
848,48,-1.87,5.27,298.35,1054.16,0.6479,-1,-1,-1
848,49,1180.37,268.54,99.42,299.37,0.7341,-1,-1,-1
848,50,1467.20,177.96,257.12,806.48,0.8942,-1,-1,-1
849,39,995.22,149.16,157.40,520.55,0.8045,-1,-1,-1
849,43,832.18,187.46,176.90,454.99,0.8703,-1,-1,-1
849,44,295.60,93.62,298.99,901.73,0.8927,-1,-1,-1
849,46,567.31,145.97,273.65,857.16,0.8622,-1,-1,-1
849,48,-2.43,7.84,234.44,1055.78,0.3988,-1,-1,-1
849,49,1178.82,267.30,98.86,301.31,0.8062,-1,-1,-1
849,50,1480.84,175.33,255.18,835.32,0.8941,-1,-1,-1
850,39,994.60,144.06,154.19,518.27,0.8063,-1,-1,-1
850,43,828.96,184.68,177.75,453.86,0.8742,-1,-1,-1
850,44,282.90,83.80,303.72,920.76,0.8839,-1,-1,-1
850,46,560.11,138.67,279.82,879.85,0.8501,-1,-1,-1
850,49,1179.84,261.87,95.36,303.44,0.7789,-1,-1,-1
850,50,1493.48,172.27,253.65,852.26,0.8931,-1,-1,-1
851,39,994.35,139.50,154.60,518.46,0.8044,-1,-1,-1
851,43,827.50,179.78,177.59,457.10,0.8676,-1,-1,-1
851,44,271.05,71.42,309.51,940.37,0.8966,-1,-1,-1
851,46,552.28,131.94,289.75,897.53,0.8685,-1,-1,-1
851,49,1173.08,254.75,105.33,308.40,0.7457,-1,-1,-1
851,50,1506.12,165.94,258.63,866.73,0.9020,-1,-1,-1
851,48,-3.50,4.41,118.77,891.40,0.6207,-1,-1,-1
852,39,992.25,135.78,157.74,517.70,0.8071,-1,-1,-1
852,43,825.57,177.15,179.62,456.35,0.8515,-1,-1,-1
852,44,256.76,62.97,317.32,959.75,0.8918,-1,-1,-1
852,46,543.83,119.81,299.07,914.58,0.8787,-1,-1,-1
852,49,1177.64,249.83,98.52,310.05,0.7404,-1,-1,-1
852,50,1516.58,160.05,267.00,876.62,0.9033,-1,-1,-1
853,39,990.20,132.33,163.08,517.67,0.7998,-1,-1,-1
853,43,822.73,176.33,176.96,454.13,0.8416,-1,-1,-1
853,44,242.97,53.89,324.41,993.67,0.8974,-1,-1,-1
853,46,536.28,108.04,307.13,930.45,0.8870,-1,-1,-1
853,49,1180.66,244.09,98.62,314.55,0.7414,-1,-1,-1
853,50,1526.04,146.66,277.74,894.01,0.9014,-1,-1,-1
854,39,982.24,131.42,168.52,517.38,0.7998,-1,-1,-1
854,43,821.02,176.09,175.75,453.68,0.8468,-1,-1,-1
854,44,223.46,47.20,334.62,1019.30,0.9001,-1,-1,-1
854,46,531.94,99.35,311.47,949.15,0.8928,-1,-1,-1
854,49,1178.17,241.67,98.58,316.87,0.7037,-1,-1,-1
854,50,1531.63,137.64,289.40,910.70,0.9020,-1,-1,-1
855,39,977.55,128.60,173.91,520.53,0.8158,-1,-1,-1
855,43,821.29,173.47,170.12,454.46,0.8418,-1,-1,-1
855,44,206.17,38.24,342.91,1030.99,0.9008,-1,-1,-1
855,46,519.61,88.31,323.20,964.13,0.8941,-1,-1,-1
855,49,1173.05,238.13,98.91,318.95,0.6315,-1,-1,-1
855,50,1540.03,128.30,297.87,924.25,0.9083,-1,-1,-1
856,39,980.93,123.66,165.57,527.12,0.8352,-1,-1,-1
856,43,815.58,171.07,173.02,455.52,0.8454,-1,-1,-1
856,44,184.09,27.98,352.02,1044.34,0.9073,-1,-1,-1
856,46,508.65,75.53,335.12,981.34,0.9023,-1,-1,-1
856,49,1172.59,234.39,95.42,319.44,0.6546,-1,-1,-1
856,50,1541.74,113.99,317.96,942.91,0.9106,-1,-1,-1
857,39,976.57,121.30,168.38,528.34,0.8447,-1,-1,-1
857,43,806.57,168.46,180.63,456.49,0.8492,-1,-1,-1
857,44,180.30,19.58,343.72,1055.30,0.8868,-1,-1,-1
857,46,494.43,65.04,348.49,1003.70,0.9045,-1,-1,-1
857,49,1168.74,229.93,99.02,321.51,0.6999,-1,-1,-1
857,50,1538.74,105.09,339.11,956.26,0.9025,-1,-1,-1
858,39,977.55,120.71,160.56,527.17,0.8353,-1,-1,-1
858,43,800.79,161.71,176.09,461.11,0.8391,-1,-1,-1
858,44,130.17,7.38,378.03,1065.30,0.8998,-1,-1,-1
858,46,481.02,53.08,361.18,1023.74,0.9026,-1,-1,-1
858,49,1165.89,225.84,98.38,323.47,0.6962,-1,-1,-1
858,50,1530.36,91.25,369.03,980.10,0.8980,-1,-1,-1
859,39,966.21,123.04,166.53,523.18,0.8279,-1,-1,-1
859,43,799.07,156.32,172.86,462.59,0.8234,-1,-1,-1
859,44,102.71,2.26,389.21,1068.22,0.9068,-1,-1,-1
859,46,471.14,40.75,369.16,1036.08,0.9041,-1,-1,-1
859,49,1162.93,223.15,99.33,323.77,0.7110,-1,-1,-1
859,50,1542.80,78.86,374.40,996.41,0.8807,-1,-1,-1
860,39,959.61,123.42,172.87,521.68,0.8489,-1,-1,-1
860,43,799.06,149.91,170.25,464.84,0.8282,-1,-1,-1
860,44,72.51,-0.39,403.31,1070.82,0.9018,-1,-1,-1
860,46,460.28,28.18,378.30,1049.81,0.9163,-1,-1,-1
860,49,1159.46,218.42,100.40,325.92,0.6958,-1,-1,-1
860,50,1554.38,63.85,370.62,1015.90,0.9029,-1,-1,-1
861,39,956.29,121.58,175.89,520.65,0.8619,-1,-1,-1
861,43,794.84,145.22,171.91,465.11,0.8512,-1,-1,-1
861,44,40.41,-0.79,421.40,1073.33,0.8692,-1,-1,-1
861,46,447.17,16.26,390.11,1061.70,0.9101,-1,-1,-1
861,49,1158.77,214.09,101.71,327.81,0.6877,-1,-1,-1
861,50,1561.08,54.64,366.73,1025.59,0.9074,-1,-1,-1
862,39,954.36,119.53,178.20,519.56,0.8488,-1,-1,-1
862,43,795.15,142.83,172.66,461.79,0.8395,-1,-1,-1
862,44,8.80,-1.85,437.87,1073.42,0.7873,-1,-1,-1
862,46,439.10,6.85,395.70,1070.97,0.9137,-1,-1,-1
862,49,1160.41,212.08,99.82,326.18,0.6659,-1,-1,-1
862,50,1572.13,40.22,356.30,1037.05,0.9107,-1,-1,-1
863,39,960.07,115.46,174.79,521.27,0.8304,-1,-1,-1
863,43,794.29,140.58,172.89,460.35,0.8489,-1,-1,-1
863,44,6.84,-2.48,423.56,1075.20,0.8525,-1,-1,-1
863,46,427.43,1.54,404.96,1075.28,0.9201,-1,-1,-1
863,49,1160.88,210.74,99.40,324.46,0.6466,-1,-1,-1
863,50,1584.23,33.15,343.27,1043.45,0.9092,-1,-1,-1
864,39,962.80,112.83,175.04,523.44,0.8339,-1,-1,-1
864,43,793.16,138.96,172.81,459.49,0.8544,-1,-1,-1
864,44,1.10,-2.17,418.85,1075.24,0.8977,-1,-1,-1
864,46,415.21,-0.35,410.04,1076.65,0.9225,-1,-1,-1
864,49,1161.52,207.79,100.08,328.49,0.6392,-1,-1,-1
864,50,1596.34,20.01,330.51,1058.07,0.9040,-1,-1,-1
865,39,962.82,109.97,178.34,527.54,0.8287,-1,-1,-1
865,43,795.44,136.81,171.71,460.64,0.8499,-1,-1,-1
865,44,-3.74,-2.13,410.96,1074.37,0.9118,-1,-1,-1
865,46,403.45,-0.91,415.09,1078.16,0.9202,-1,-1,-1
865,49,1160.55,205.58,104.36,331.68,0.6334,-1,-1,-1
865,50,1612.07,11.68,314.29,1067.06,0.9013,-1,-1,-1
866,39,964.38,107.64,178.66,528.84,0.8338,-1,-1,-1
866,43,797.42,135.00,170.33,464.11,0.8541,-1,-1,-1
866,44,-5.92,0.54,382.96,1072.30,0.9118,-1,-1,-1
866,46,384.92,-0.47,426.55,1076.99,0.9195,-1,-1,-1
866,49,1164.60,203.53,99.73,333.01,0.6827,-1,-1,-1
866,50,1643.42,1.81,282.23,1075.33,0.8884,-1,-1,-1
867,39,973.02,106.65,173.38,529.01,0.8221,-1,-1,-1
867,43,796.98,136.92,172.10,466.97,0.8571,-1,-1,-1
867,44,-6.14,2.42,352.63,1070.92,0.9207,-1,-1,-1
867,46,364.60,2.23,434.85,1073.02,0.9154,-1,-1,-1
867,49,1170.07,202.73,97.88,335.41,0.6991,-1,-1,-1
867,50,1679.98,0.20,244.67,1077.84,0.8728,-1,-1,-1
868,39,983.02,107.66,160.15,523.26,0.8263,-1,-1,-1
868,43,794.67,139.63,175.09,469.45,0.8590,-1,-1,-1
868,44,-5.95,1.56,325.94,1071.14,0.9111,-1,-1,-1
868,46,337.93,0.51,446.04,1073.18,0.9192,-1,-1,-1
868,49,1170.98,202.48,98.24,337.64,0.6995,-1,-1,-1
868,50,1706.30,110.42,216.56,965.26,0.7516,-1,-1,-1
869,39,984.67,106.58,157.51,521.11,0.8229,-1,-1,-1
869,43,794.70,141.93,173.95,471.08,0.8630,-1,-1,-1
869,44,-5.07,2.29,300.24,1065.76,0.9165,-1,-1,-1
869,46,307.87,0.56,462.70,1071.76,0.9161,-1,-1,-1
869,49,1172.69,202.91,98.57,339.76,0.7079,-1,-1,-1
869,50,1719.35,182.95,203.03,675.11,0.4262,-1,-1,-1
870,39,984.44,108.51,153.18,518.63,0.8241,-1,-1,-1
870,43,795.31,143.92,172.48,472.73,0.8691,-1,-1,-1
870,44,-4.07,4.32,274.43,1062.68,0.9126,-1,-1,-1
870,46,273.91,1.12,483.44,1071.75,0.9113,-1,-1,-1
870,49,1172.58,203.16,100.86,342.67,0.7101,-1,-1,-1
870,50,1755.14,205.86,166.90,614.37,0.7601,-1,-1,-1
871,39,986.51,113.24,146.06,518.06,0.8178,-1,-1,-1
871,43,795.77,149.85,172.09,471.40,0.8587,-1,-1,-1
871,44,-3.17,6.37,248.27,1062.24,0.8959,-1,-1,-1
871,46,241.22,1.84,500.93,1072.58,0.9159,-1,-1,-1
871,49,1174.54,205.26,100.43,344.29,0.6878,-1,-1,-1
871,50,1792.70,244.44,128.85,578.63,0.5828,-1,-1,-1
872,39,988.44,116.70,144.92,517.84,0.8111,-1,-1,-1
872,43,797.05,155.91,170.92,470.86,0.8490,-1,-1,-1
872,44,-1.77,7.98,214.02,1059.85,0.8787,-1,-1,-1
872,46,208.92,2.07,520.95,1070.56,0.9146,-1,-1,-1
872,49,1181.17,206.95,95.93,346.51,0.7180,-1,-1,-1
872,51,616.95,143.56,161.60,469.13,0.7941,-1,-1,-1
873,39,988.80,120.58,141.98,515.77,0.8106,-1,-1,-1
873,43,798.11,160.19,171.15,472.76,0.8356,-1,-1,-1
873,44,-1.27,37.43,182.08,1032.30,0.8602,-1,-1,-1
873,46,168.90,2.62,548.03,1068.62,0.9237,-1,-1,-1
873,49,1181.17,208.52,98.50,348.66,0.7083,-1,-1,-1
873,51,613.10,145.91,160.13,482.85,0.7627,-1,-1,-1
874,39,989.21,123.59,139.56,519.51,0.7985,-1,-1,-1
874,43,799.29,164.57,170.04,472.98,0.8371,-1,-1,-1
874,44,-0.12,97.12,148.38,975.84,0.8119,-1,-1,-1
874,46,129.28,0.48,572.41,1068.85,0.9102,-1,-1,-1
874,49,1179.57,209.86,101.87,349.70,0.7217,-1,-1,-1
874,51,607.22,149.41,164.37,488.16,0.7563,-1,-1,-1
875,39,989.75,128.68,137.83,518.33,0.7910,-1,-1,-1
875,43,801.77,165.77,169.27,474.12,0.8290,-1,-1,-1
875,44,0.16,127.39,123.45,938.43,0.4873,-1,-1,-1
875,46,102.46,0.98,584.82,1066.35,0.9137,-1,-1,-1
875,49,1174.65,211.70,108.57,349.20,0.6493,-1,-1,-1
875,51,599.67,150.28,171.45,491.13,0.7741,-1,-1,-1
876,39,993.17,132.75,133.57,516.88,0.8014,-1,-1,-1
876,43,802.90,167.76,170.38,471.75,0.8373,-1,-1,-1
876,44,0.30,196.87,135.82,853.17,0.3706,-1,-1,-1
876,46,35.67,1.57,634.78,1068.29,0.8977,-1,-1,-1
876,49,1175.10,211.63,113.10,350.75,0.6063,-1,-1,-1
876,51,590.62,149.33,178.11,498.05,0.8000,-1,-1,-1
877,39,992.62,135.13,131.76,517.70,0.8115,-1,-1,-1
877,43,802.90,168.07,171.33,465.27,0.8343,-1,-1,-1
877,46,4.37,1.37,647.85,1068.44,0.9369,-1,-1,-1
877,49,1174.58,210.50,113.59,353.90,0.6403,-1,-1,-1
877,51,582.30,147.57,173.48,503.26,0.7881,-1,-1,-1
878,39,987.40,135.37,135.08,516.05,0.7997,-1,-1,-1
878,43,801.77,165.80,170.35,469.48,0.8295,-1,-1,-1
878,46,-7.78,1.42,641.78,1069.56,0.9417,-1,-1,-1
878,49,1176.24,208.14,113.83,356.83,0.6438,-1,-1,-1
878,51,571.02,143.85,185.54,510.00,0.7966,-1,-1,-1
879,39,986.12,136.07,134.07,513.66,0.8163,-1,-1,-1
879,43,800.82,163.17,169.64,473.53,0.8388,-1,-1,-1
879,46,-11.22,1.08,623.55,1068.79,0.9240,-1,-1,-1
879,49,1172.89,207.05,113.94,357.53,0.6911,-1,-1,-1
879,51,559.17,143.12,193.46,513.82,0.8391,-1,-1,-1
880,39,982.60,136.07,135.95,511.41,0.8103,-1,-1,-1
880,43,800.09,159.78,170.53,470.64,0.8507,-1,-1,-1
880,46,-11.23,4.47,598.93,1066.27,0.9167,-1,-1,-1
880,49,1171.50,204.12,114.44,360.34,0.7163,-1,-1,-1
880,51,547.17,142.76,203.37,518.45,0.8515,-1,-1,-1
881,39,978.10,135.48,140.23,510.73,0.8070,-1,-1,-1
881,43,798.51,157.54,172.22,466.71,0.8605,-1,-1,-1
881,46,-10.93,4.12,572.71,1064.49,0.9261,-1,-1,-1
881,49,1174.94,200.45,111.93,364.13,0.7112,-1,-1,-1
881,51,533.27,142.88,221.10,521.37,0.8297,-1,-1,-1
882,39,968.73,133.45,145.81,514.41,0.8413,-1,-1,-1
882,43,796.26,154.80,171.96,468.04,0.8555,-1,-1,-1
882,46,-9.69,5.21,547.62,1063.95,0.9208,-1,-1,-1
882,49,1175.85,199.63,112.79,364.94,0.7519,-1,-1,-1
882,51,521.81,141.59,227.67,530.84,0.8172,-1,-1,-1
883,39,964.18,127.38,142.37,520.87,0.8341,-1,-1,-1
883,43,794.13,153.02,172.24,466.31,0.8533,-1,-1,-1
883,46,-8.30,6.57,521.10,1061.06,0.9380,-1,-1,-1
883,49,1175.63,201.34,114.11,364.05,0.7630,-1,-1,-1
883,51,507.17,141.51,237.22,536.20,0.8178,-1,-1,-1
883,52,690.30,219.34,103.86,365.91,0.6266,-1,-1,-1
884,39,959.49,123.24,143.15,523.63,0.7682,-1,-1,-1
884,43,793.06,151.05,170.56,466.51,0.8348,-1,-1,-1
884,46,-7.59,6.14,480.93,1059.16,0.9146,-1,-1,-1
884,49,1176.23,199.96,113.53,366.98,0.7447,-1,-1,-1
884,51,493.26,139.30,238.07,542.35,0.7863,-1,-1,-1
884,52,675.79,225.31,114.68,357.34,0.4744,-1,-1,-1
885,39,957.97,118.93,142.45,525.73,0.7980,-1,-1,-1
885,43,789.52,149.19,170.09,469.46,0.8272,-1,-1,-1
885,46,-6.29,7.41,432.59,1058.13,0.9100,-1,-1,-1
885,49,1174.80,199.28,116.02,367.51,0.7263,-1,-1,-1
885,51,482.50,138.71,242.11,549.16,0.7694,-1,-1,-1
885,52,666.45,226.90,119.27,347.51,0.4696,-1,-1,-1
886,39,955.13,117.25,141.69,519.99,0.8178,-1,-1,-1
886,43,783.40,148.65,169.35,474.03,0.8347,-1,-1,-1
886,46,-5.17,6.20,379.72,1060.36,0.8796,-1,-1,-1
886,49,1172.22,201.70,118.12,368.45,0.7361,-1,-1,-1
886,51,462.09,137.30,246.08,558.44,0.7899,-1,-1,-1
886,52,658.05,217.81,118.78,319.32,0.3491,-1,-1,-1
887,39,952.11,117.05,142.70,515.79,0.8074,-1,-1,-1
887,43,772.36,152.62,175.75,472.18,0.8472,-1,-1,-1
887,46,-3.54,16.75,316.93,1049.72,0.4269,-1,-1,-1
887,49,1169.55,204.31,115.74,368.53,0.7784,-1,-1,-1
887,51,444.83,129.69,255.73,571.25,0.8619,-1,-1,-1
887,52,643.97,221.87,124.11,307.74,0.4475,-1,-1,-1
888,39,934.54,121.78,153.14,504.67,0.8171,-1,-1,-1
888,43,770.86,154.09,170.89,470.87,0.8299,-1,-1,-1
888,49,1165.02,204.61,117.63,367.45,0.7411,-1,-1,-1
888,51,428.91,120.69,261.39,583.41,0.8356,-1,-1,-1
888,52,633.33,214.58,122.14,312.07,0.4525,-1,-1,-1
889,39,926.35,117.66,153.70,508.61,0.7966,-1,-1,-1
889,43,761.20,156.10,171.52,470.93,0.7858,-1,-1,-1
889,49,1160.32,204.75,118.57,369.23,0.7053,-1,-1,-1
889,51,410.67,112.20,266.63,592.24,0.8579,-1,-1,-1
889,52,612.43,221.90,126.40,310.21,0.3007,-1,-1,-1
890,39,900.34,119.58,162.79,509.94,0.8088,-1,-1,-1
890,43,747.05,161.79,169.17,471.10,0.8132,-1,-1,-1
890,49,1149.99,207.83,117.19,370.31,0.7253,-1,-1,-1
890,51,387.38,106.83,262.07,604.28,0.8355,-1,-1,-1
890,52,590.20,199.32,126.71,380.21,0.4052,-1,-1,-1
891,39,894.78,121.19,161.00,513.18,0.8333,-1,-1,-1
891,43,728.15,164.84,176.13,470.08,0.8517,-1,-1,-1
891,49,1140.42,210.68,117.65,370.71,0.7855,-1,-1,-1
891,51,360.63,96.62,273.69,619.61,0.7532,-1,-1,-1
891,52,587.73,207.65,110.47,372.19,0.3734,-1,-1,-1
892,39,884.10,123.64,159.39,513.81,0.8481,-1,-1,-1
892,43,715.25,167.62,175.39,468.81,0.8357,-1,-1,-1
892,49,1132.43,213.57,114.66,371.21,0.7824,-1,-1,-1
892,51,338.60,88.72,281.47,633.47,0.8512,-1,-1,-1
892,52,550.85,210.99,137.69,383.43,0.2741,-1,-1,-1
893,39,873.76,126.56,159.86,514.70,0.8262,-1,-1,-1
893,43,703.46,167.44,174.52,470.85,0.8187,-1,-1,-1
893,49,1123.37,215.50,116.45,376.75,0.7904,-1,-1,-1
893,51,314.65,84.48,288.14,645.98,0.7572,-1,-1,-1
893,52,523.47,213.18,141.02,399.12,0.4075,-1,-1,-1
894,39,863.60,131.78,160.45,516.74,0.7594,-1,-1,-1
894,43,693.30,168.78,172.27,473.26,0.8463,-1,-1,-1
894,49,1117.03,218.75,115.64,377.10,0.7929,-1,-1,-1
894,51,295.23,82.81,296.14,654.04,0.8381,-1,-1,-1
894,52,500.60,220.39,156.82,410.38,0.3671,-1,-1,-1
895,39,849.47,135.44,160.51,518.71,0.7763,-1,-1,-1
895,43,682.24,170.95,169.98,472.20,0.8566,-1,-1,-1
895,49,1109.39,221.13,119.83,379.08,0.7965,-1,-1,-1
895,51,278.67,80.01,301.88,669.58,0.7094,-1,-1,-1
895,52,500.42,226.01,152.28,409.69,0.3595,-1,-1,-1
896,39,833.36,138.28,174.96,518.96,0.8283,-1,-1,-1
896,43,674.13,170.79,169.75,469.07,0.8336,-1,-1,-1
896,49,1103.64,224.86,123.47,376.92,0.7502,-1,-1,-1
896,51,260.84,77.10,296.26,682.96,0.8387,-1,-1,-1
896,52,491.24,196.85,147.35,451.18,0.4452,-1,-1,-1
897,39,823.14,143.48,180.59,515.39,0.8283,-1,-1,-1
897,43,667.71,170.72,168.08,467.22,0.8089,-1,-1,-1
897,49,1097.95,227.52,125.55,377.17,0.7875,-1,-1,-1
897,51,244.08,72.18,303.43,703.00,0.8677,-1,-1,-1
897,52,497.81,183.29,127.46,463.57,0.3768,-1,-1,-1
898,39,821.84,147.22,182.93,515.08,0.8318,-1,-1,-1
898,43,664.93,170.37,166.74,466.22,0.8207,-1,-1,-1
898,49,1096.68,228.62,126.51,380.78,0.8017,-1,-1,-1
898,51,232.60,67.38,309.36,733.16,0.8665,-1,-1,-1
898,52,489.34,177.43,128.46,475.61,0.5380,-1,-1,-1
899,39,820.15,149.02,185.94,515.56,0.8329,-1,-1,-1
899,43,657.91,169.61,172.42,473.57,0.7895,-1,-1,-1
899,49,1096.25,231.19,126.50,380.58,0.7908,-1,-1,-1
899,51,220.98,64.35,312.94,747.82,0.8346,-1,-1,-1
899,52,469.82,172.89,140.06,490.79,0.4795,-1,-1,-1
900,39,823.31,151.63,185.16,514.56,0.8239,-1,-1,-1
900,43,658.32,169.55,172.01,479.80,0.8100,-1,-1,-1
900,49,1099.38,230.82,129.09,384.19,0.8068,-1,-1,-1
900,51,213.76,59.70,296.18,761.00,0.7912,-1,-1,-1
900,52,458.90,169.09,147.05,505.83,0.5940,-1,-1,-1
