1,8,271.11,589.93,43.95,138.37,0.3006,-1,-1,-1
1,7,1445.57,498.45,30.43,85.98,0.3132,-1,-1,-1
1,6,539.67,551.47,32.50,88.89,0.3133,-1,-1,-1
1,5,500.83,551.07,35.87,89.52,0.3594,-1,-1,-1
1,4,121.73,708.25,52.92,96.51,0.4100,-1,-1,-1
1,3,1526.19,561.34,46.58,112.37,0.4233,-1,-1,-1
1,2,1609.11,558.15,56.10,115.71,0.6023,-1,-1,-1
1,1,1370.39,514.35,33.77,100.00,0.6447,-1,-1,-1
1,0,0.61,675.52,50.94,207.58,0.7037,-1,-1,-1
2,9,178.29,555.64,48.15,160.97,0.3527,-1,-1,-1
2,7,1448.77,491.21,31.32,91.43,0.3898,-1,-1,-1
2,5,500.42,535.44,39.07,95.21,0.3221,-1,-1,-1
2,4,108.67,699.63,50.34,95.50,0.5526,-1,-1,-1
2,3,1531.86,558.61,48.57,115.67,0.5625,-1,-1,-1
2,2,1615.31,549.22,60.78,124.59,0.6602,-1,-1,-1
2,1,1372.12,513.56,33.62,101.20,0.6425,-1,-1,-1
2,0,0.11,660.76,40.31,213.30,0.6570,-1,-1,-1
3,10,1886.89,544.75,32.51,116.08,0.3184,-1,-1,-1
3,9,171.29,584.44,48.51,157.08,0.4275,-1,-1,-1
3,7,1451.04,486.24,32.28,92.65,0.3185,-1,-1,-1
3,5,500.53,550.75,36.65,92.26,0.3648,-1,-1,-1
3,4,105.74,724.24,44.04,97.58,0.5264,-1,-1,-1
3,3,1537.90,552.04,49.02,118.23,0.6498,-1,-1,-1
3,2,1620.00,548.64,63.03,120.07,0.6539,-1,-1,-1
3,1,1373.72,507.41,37.77,106.60,0.5891,-1,-1,-1
3,0,0.07,692.74,33.68,211.35,0.6504,-1,-1,-1
4,7,1458.01,485.70,27.64,89.77,0.4457,-1,-1,-1
4,5,499.12,547.17,36.65,93.68,0.4333,-1,-1,-1
4,4,92.42,722.39,43.70,101.12,0.5896,-1,-1,-1
4,3,1549.33,552.54,43.06,120.98,0.6529,-1,-1,-1
4,2,1629.87,547.48,62.64,126.21,0.7595,-1,-1,-1
4,1,1379.97,505.78,36.09,108.98,0.7124,-1,-1,-1
4,0,0.08,706.15,23.77,156.74,0.3936,-1,-1,-1
5,7,1459.88,497.25,27.66,86.03,0.5460,-1,-1,-1
5,5,495.81,539.75,33.97,96.80,0.4487,-1,-1,-1
5,4,76.77,715.44,44.94,103.45,0.5019,-1,-1,-1
5,3,1549.91,561.49,51.48,121.53,0.3998,-1,-1,-1
5,2,1636.25,564.91,62.20,122.44,0.6361,-1,-1,-1
5,1,1384.76,515.87,33.97,110.19,0.7115,-1,-1,-1
6,7,1463.82,505.59,26.52,88.36,0.5390,-1,-1,-1
6,5,498.36,552.07,37.94,98.98,0.4641,-1,-1,-1
6,4,66.60,731.51,41.75,105.11,0.4842,-1,-1,-1
6,2,1642.80,573.65,65.96,124.47,0.7573,-1,-1,-1
6,1,1391.91,527.52,30.40,106.88,0.6359,-1,-1,-1
7,7,1465.97,498.67,27.04,90.35,0.4664,-1,-1,-1
7,5,493.87,539.83,36.80,104.31,0.3786,-1,-1,-1
7,4,51.26,733.34,42.21,109.02,0.3332,-1,-1,-1
7,2,1651.03,570.52,64.85,129.24,0.7406,-1,-1,-1
7,1,1392.05,517.65,32.53,111.80,0.5820,-1,-1,-1
8,7,1467.01,509.32,31.95,87.56,0.5230,-1,-1,-1
8,5,493.07,548.97,35.67,101.29,0.3599,-1,-1,-1
8,4,34.09,741.42,44.79,108.18,0.4952,-1,-1,-1
8,2,1658.19,576.15,66.36,130.12,0.6627,-1,-1,-1
8,1,1394.49,532.52,34.12,107.30,0.6718,-1,-1,-1
9,7,1468.97,512.30,32.21,88.24,0.4327,-1,-1,-1
9,5,490.74,551.16,36.02,96.81,0.3189,-1,-1,-1
9,4,15.80,736.45,48.16,116.66,0.6126,-1,-1,-1
9,3,1577.00,588.48,50.48,123.48,0.5052,-1,-1,-1
9,2,1663.69,583.26,66.19,132.51,0.6920,-1,-1,-1
9,1,1396.96,533.43,35.28,106.50,0.6747,-1,-1,-1
10,8,209.69,613.03,42.43,132.16,0.5095,-1,-1,-1
10,7,1472.37,523.49,29.81,87.23,0.3215,-1,-1,-1
10,5,489.46,543.46,35.98,99.23,0.4576,-1,-1,-1
10,4,0.37,728.42,48.84,115.21,0.6397,-1,-1,-1
10,3,1582.44,603.88,49.97,122.20,0.6845,-1,-1,-1
10,2,1669.49,602.56,64.69,126.73,0.7865,-1,-1,-1
10,1,1398.14,541.68,36.53,106.56,0.6591,-1,-1,-1
11,8,201.00,611.42,44.87,145.28,0.4303,-1,-1,-1
11,7,1471.96,511.28,32.91,86.94,0.3871,-1,-1,-1
11,4,0.15,749.03,37.89,120.50,0.4077,-1,-1,-1
11,3,1589.26,586.20,51.23,127.21,0.6553,-1,-1,-1
11,2,1679.77,576.46,64.88,136.01,0.7657,-1,-1,-1
11,1,1401.01,530.78,36.44,107.05,0.6749,-1,-1,-1
12,8,191.91,606.64,47.49,151.94,0.5128,-1,-1,-1
12,7,1474.72,513.86,37.91,90.50,0.3874,-1,-1,-1
12,3,1596.75,591.87,53.50,128.74,0.7065,-1,-1,-1
12,2,1687.83,589.94,64.44,132.19,0.7709,-1,-1,-1
12,1,1403.09,532.01,37.63,110.95,0.6856,-1,-1,-1
13,8,173.30,578.41,55.65,168.70,0.5474,-1,-1,-1
13,7,1475.37,511.46,40.59,91.27,0.4241,-1,-1,-1
13,3,1599.27,594.85,57.04,126.17,0.6664,-1,-1,-1
13,2,1693.52,590.72,64.62,131.32,0.7226,-1,-1,-1
13,1,1408.19,530.10,35.10,104.30,0.7171,-1,-1,-1
14,8,168.97,600.56,50.18,162.90,0.3145,-1,-1,-1
14,3,1611.86,584.95,54.57,129.96,0.6282,-1,-1,-1
14,2,1702.66,582.22,61.84,133.58,0.6837,-1,-1,-1
14,1,1408.28,529.21,35.81,102.28,0.6684,-1,-1,-1
15,3,1620.31,592.43,52.09,129.50,0.7189,-1,-1,-1
15,2,1711.40,584.63,61.95,138.68,0.7500,-1,-1,-1
15,1,1412.29,531.89,35.81,106.70,0.5294,-1,-1,-1
16,6,516.13,536.71,36.19,106.15,0.4636,-1,-1,-1
16,5,478.15,540.75,34.45,102.63,0.3862,-1,-1,-1
16,3,1626.73,593.78,55.98,130.45,0.6976,-1,-1,-1
16,2,1716.51,592.27,60.51,135.49,0.7422,-1,-1,-1
16,1,1416.97,533.20,34.21,104.61,0.5458,-1,-1,-1
17,6,513.91,539.93,38.39,106.99,0.4907,-1,-1,-1
17,5,476.24,543.75,35.94,102.69,0.5147,-1,-1,-1
17,3,1635.52,588.24,53.83,134.90,0.6952,-1,-1,-1
17,2,1723.81,589.51,62.24,139.30,0.7096,-1,-1,-1
17,1,1418.32,533.06,37.60,108.70,0.6035,-1,-1,-1
18,9,8.26,589.49,54.33,186.25,0.3945,-1,-1,-1
18,6,513.83,540.93,37.79,106.07,0.5021,-1,-1,-1
18,5,474.69,541.06,38.44,105.06,0.5551,-1,-1,-1
18,3,1644.66,591.25,54.22,134.92,0.6255,-1,-1,-1
18,2,1733.64,594.34,60.99,137.25,0.7042,-1,-1,-1
18,1,1420.40,533.34,37.18,109.01,0.6993,-1,-1,-1
19,9,0.81,587.63,48.94,185.73,0.3763,-1,-1,-1
19,6,511.52,539.94,39.63,107.90,0.5126,-1,-1,-1
19,5,473.42,540.14,37.78,106.28,0.5131,-1,-1,-1
19,3,1651.69,592.34,54.77,135.09,0.4434,-1,-1,-1
19,2,1742.27,594.92,63.30,139.12,0.7481,-1,-1,-1
19,1,1422.76,534.35,38.04,107.73,0.7342,-1,-1,-1
20,9,0.20,596.16,37.53,184.21,0.4794,-1,-1,-1
20,6,507.65,535.98,41.25,115.84,0.4847,-1,-1,-1
20,5,471.34,544.92,37.35,106.73,0.4014,-1,-1,-1
20,3,1660.02,593.98,51.58,134.92,0.6052,-1,-1,-1
20,2,1750.85,596.79,62.55,139.79,0.7429,-1,-1,-1
20,1,1424.38,534.64,38.57,106.04,0.7477,-1,-1,-1
21,9,0.09,618.54,24.79,163.13,0.3771,-1,-1,-1
21,6,507.02,539.60,39.31,113.21,0.5237,-1,-1,-1
21,5,468.42,550.41,34.54,100.10,0.4583,-1,-1,-1
21,3,1667.06,596.89,55.28,137.48,0.6871,-1,-1,-1
21,2,1758.66,597.24,62.88,140.47,0.7462,-1,-1,-1
21,1,1426.04,532.25,40.34,112.50,0.6908,-1,-1,-1
22,6,504.75,544.57,36.83,111.01,0.5124,-1,-1,-1
22,5,465.48,550.84,36.61,103.80,0.5558,-1,-1,-1
22,3,1675.01,597.81,54.23,141.21,0.6264,-1,-1,-1
22,2,1772.61,602.05,59.62,137.80,0.7483,-1,-1,-1
22,1,1430.06,538.49,39.90,102.02,0.6691,-1,-1,-1
23,6,499.04,548.48,42.24,108.02,0.5497,-1,-1,-1
23,5,465.84,548.93,33.98,106.48,0.4278,-1,-1,-1
23,3,1680.75,600.50,56.52,143.15,0.7254,-1,-1,-1
23,2,1778.97,599.70,63.42,146.17,0.7717,-1,-1,-1
23,1,1430.82,538.49,40.23,110.12,0.6631,-1,-1,-1
24,6,496.48,552.97,37.67,105.50,0.4579,-1,-1,-1
24,5,460.41,549.29,42.49,108.97,0.4739,-1,-1,-1
24,3,1686.75,601.49,58.97,142.91,0.7311,-1,-1,-1
24,2,1789.08,592.92,65.43,152.34,0.7111,-1,-1,-1
24,1,1436.56,529.59,38.02,116.59,0.6539,-1,-1,-1
25,6,496.98,552.19,38.82,109.41,0.4673,-1,-1,-1
25,5,458.01,546.09,44.55,115.38,0.4381,-1,-1,-1
25,3,1696.12,607.36,55.76,148.72,0.7278,-1,-1,-1
25,2,1797.45,604.47,67.73,147.15,0.7095,-1,-1,-1
25,1,1437.82,535.13,41.12,121.54,0.6621,-1,-1,-1
26,6,495.10,548.70,40.78,114.94,0.5505,-1,-1,-1
26,5,456.98,550.07,41.50,112.70,0.5107,-1,-1,-1
26,3,1704.13,611.76,59.42,149.69,0.7248,-1,-1,-1
26,2,1807.30,608.09,69.18,146.17,0.5900,-1,-1,-1
26,1,1439.79,538.63,44.31,118.57,0.7230,-1,-1,-1
27,7,1530.60,520.70,32.77,86.21,0.6918,-1,-1,-1
27,6,493.79,562.96,39.66,103.45,0.6101,-1,-1,-1
27,5,452.95,558.17,42.77,108.76,0.3937,-1,-1,-1
27,3,1710.99,615.99,59.82,148.61,0.6736,-1,-1,-1
27,2,1813.74,611.87,75.09,151.08,0.6523,-1,-1,-1
27,1,1444.03,542.38,40.86,113.15,0.7473,-1,-1,-1
28,7,1534.06,525.98,33.91,83.31,0.5366,-1,-1,-1
28,6,491.17,565.32,39.42,102.58,0.5865,-1,-1,-1
28,5,450.15,558.85,41.35,108.84,0.3524,-1,-1,-1
28,3,1718.24,616.91,60.14,152.37,0.6737,-1,-1,-1
28,2,1822.63,610.66,74.83,157.54,0.7715,-1,-1,-1
28,1,1447.00,546.11,45.75,110.27,0.7280,-1,-1,-1
29,7,1536.02,525.54,33.83,91.39,0.5617,-1,-1,-1
29,6,491.11,569.32,37.90,98.44,0.5287,-1,-1,-1
29,5,448.68,564.12,40.84,103.86,0.4895,-1,-1,-1
29,3,1725.79,622.87,60.56,160.73,0.7233,-1,-1,-1
29,2,1829.69,620.37,75.59,159.82,0.6925,-1,-1,-1
29,1,1452.27,550.98,39.19,109.82,0.7081,-1,-1,-1
30,7,1539.05,525.20,34.10,91.86,0.5648,-1,-1,-1
30,6,488.82,574.84,38.73,102.75,0.5004,-1,-1,-1
30,5,443.59,565.78,43.38,111.78,0.6151,-1,-1,-1
30,3,1739.23,624.43,58.93,159.43,0.7528,-1,-1,-1
30,2,1835.97,621.43,79.21,149.93,0.6343,-1,-1,-1
30,1,1454.22,550.14,42.12,111.98,0.6417,-1,-1,-1
31,7,1543.15,525.16,32.95,97.71,0.4866,-1,-1,-1
31,6,488.49,578.11,37.93,112.07,0.4165,-1,-1,-1
31,5,443.23,579.66,39.64,109.63,0.5757,-1,-1,-1
31,3,1750.28,628.69,57.96,153.65,0.5785,-1,-1,-1
31,2,1852.60,627.65,66.82,149.65,0.6390,-1,-1,-1
31,1,1457.03,551.29,42.05,121.93,0.6285,-1,-1,-1
32,7,1546.54,530.32,33.38,90.83,0.5976,-1,-1,-1
32,6,486.77,573.75,39.09,108.26,0.5267,-1,-1,-1
32,5,441.29,573.10,41.39,107.23,0.5729,-1,-1,-1
32,3,1757.76,632.20,60.85,154.95,0.6769,-1,-1,-1
32,2,1858.97,635.56,60.42,161.79,0.6872,-1,-1,-1
32,1,1461.68,557.43,39.27,119.26,0.6370,-1,-1,-1
33,7,1549.86,518.52,33.25,90.09,0.6533,-1,-1,-1
33,6,484.04,569.11,37.08,107.61,0.4873,-1,-1,-1
33,5,439.61,563.96,39.26,109.08,0.5151,-1,-1,-1
33,3,1767.82,620.39,60.13,152.14,0.6461,-1,-1,-1
33,2,1870.46,621.37,48.86,170.39,0.6662,-1,-1,-1
33,1,1464.66,541.84,42.73,125.91,0.7429,-1,-1,-1
34,7,1553.61,518.48,32.22,93.38,0.5972,-1,-1,-1
34,6,480.09,566.33,39.23,114.35,0.5207,-1,-1,-1
34,5,436.76,573.75,39.33,103.68,0.4813,-1,-1,-1
34,3,1774.56,620.56,65.19,157.35,0.7453,-1,-1,-1
34,2,1881.33,635.88,37.78,142.70,0.5550,-1,-1,-1
34,1,1469.10,545.19,41.40,124.55,0.7610,-1,-1,-1
35,7,1560.74,516.18,30.85,92.41,0.5334,-1,-1,-1
35,6,477.93,560.39,38.88,110.78,0.3760,-1,-1,-1
35,5,435.14,566.06,39.96,103.00,0.4298,-1,-1,-1
35,3,1784.78,622.24,66.95,158.16,0.6379,-1,-1,-1
35,1,1470.65,539.34,45.91,125.89,0.7299,-1,-1,-1
36,7,1565.22,516.09,30.53,90.57,0.3399,-1,-1,-1
36,6,474.84,550.13,39.18,119.33,0.3022,-1,-1,-1
36,5,431.91,561.09,41.72,105.64,0.3527,-1,-1,-1
36,3,1793.41,617.91,70.28,168.40,0.7064,-1,-1,-1
36,1,1477.34,536.42,43.06,129.54,0.7514,-1,-1,-1
37,7,1570.62,514.61,32.76,92.03,0.4271,-1,-1,-1
37,6,469.14,538.70,43.25,126.88,0.4701,-1,-1,-1
37,5,429.13,552.28,38.45,111.43,0.3535,-1,-1,-1
37,3,1800.22,622.30,76.21,169.47,0.7729,-1,-1,-1
37,1,1481.07,538.33,41.52,126.17,0.7195,-1,-1,-1
38,7,1575.42,502.91,30.86,97.71,0.4790,-1,-1,-1
38,6,466.50,540.74,44.42,124.61,0.5374,-1,-1,-1
38,5,426.25,549.75,39.48,116.06,0.4980,-1,-1,-1
38,3,1809.37,616.79,77.90,178.28,0.7811,-1,-1,-1
38,1,1485.15,532.98,40.65,130.24,0.7105,-1,-1,-1
39,7,1581.05,507.67,33.93,96.84,0.5142,-1,-1,-1
39,6,465.25,529.21,43.55,127.90,0.4775,-1,-1,-1
39,5,423.03,542.02,39.46,115.12,0.4522,-1,-1,-1
39,3,1822.49,630.04,75.62,173.43,0.7505,-1,-1,-1
39,1,1488.04,538.89,43.04,127.12,0.7030,-1,-1,-1
40,7,1582.61,500.03,36.32,104.36,0.3280,-1,-1,-1
40,6,465.73,539.53,42.81,121.95,0.4696,-1,-1,-1
40,5,420.48,540.68,39.08,121.52,0.3850,-1,-1,-1
40,3,1834.76,626.71,74.45,177.98,0.7794,-1,-1,-1
40,1,1492.24,536.57,41.32,126.40,0.7111,-1,-1,-1
41,7,1589.62,502.33,39.28,106.13,0.4960,-1,-1,-1
41,6,463.23,538.32,44.86,120.80,0.4696,-1,-1,-1
41,5,419.52,534.85,40.50,125.08,0.4087,-1,-1,-1
41,3,1845.64,633.22,73.69,179.87,0.7577,-1,-1,-1
41,1,1495.33,547.61,44.10,118.87,0.6972,-1,-1,-1
42,7,1594.76,508.19,34.31,100.44,0.5748,-1,-1,-1
42,6,462.01,545.80,46.55,116.54,0.4622,-1,-1,-1
42,5,418.67,536.42,43.96,127.60,0.5487,-1,-1,-1
42,3,1857.98,638.38,61.38,179.88,0.6916,-1,-1,-1
42,1,1501.29,548.04,43.05,120.45,0.6868,-1,-1,-1
43,7,1596.91,511.87,33.68,97.35,0.5064,-1,-1,-1
43,6,456.83,530.07,47.57,135.28,0.4131,-1,-1,-1
43,5,415.19,535.95,45.72,130.77,0.5425,-1,-1,-1
43,3,1870.96,644.74,48.31,169.47,0.6621,-1,-1,-1
43,1,1506.18,548.96,42.44,122.87,0.6678,-1,-1,-1
44,7,1599.92,510.40,38.55,101.34,0.5301,-1,-1,-1
44,6,451.39,531.33,49.73,137.84,0.4002,-1,-1,-1
44,5,416.56,535.04,43.98,133.26,0.3814,-1,-1,-1
44,3,1882.12,651.46,37.19,166.14,0.6409,-1,-1,-1
44,1,1511.86,552.95,42.54,120.33,0.6220,-1,-1,-1
45,7,1603.82,514.22,40.64,101.88,0.5885,-1,-1,-1
45,6,451.32,532.37,47.96,134.58,0.3258,-1,-1,-1
45,5,416.28,535.04,41.86,131.15,0.3758,-1,-1,-1
45,3,1892.81,674.73,26.50,158.38,0.4757,-1,-1,-1
45,1,1515.49,555.95,44.35,130.16,0.7575,-1,-1,-1
46,7,1608.87,515.82,39.54,100.48,0.5480,-1,-1,-1
46,6,449.13,534.15,46.84,136.80,0.3441,-1,-1,-1
46,5,406.38,540.76,48.57,126.10,0.3123,-1,-1,-1
46,1,1520.13,554.01,42.54,135.26,0.7570,-1,-1,-1
47,7,1619.52,528.46,33.81,91.86,0.5303,-1,-1,-1
47,6,449.73,539.35,43.57,130.93,0.3277,-1,-1,-1
47,1,1525.16,559.41,43.55,131.12,0.7205,-1,-1,-1
48,7,1622.04,528.29,31.79,91.71,0.6493,-1,-1,-1
48,6,448.66,544.55,45.07,131.11,0.3629,-1,-1,-1
48,1,1528.80,560.00,45.12,133.57,0.7090,-1,-1,-1
49,7,1625.94,533.10,31.44,90.80,0.7157,-1,-1,-1
49,6,446.12,551.26,43.90,125.66,0.5423,-1,-1,-1
49,1,1533.65,558.55,44.90,136.55,0.7107,-1,-1,-1
50,7,1632.11,530.37,27.79,90.29,0.4166,-1,-1,-1
50,6,444.61,560.31,43.03,116.53,0.5618,-1,-1,-1
50,5,397.06,555.07,43.67,117.74,0.3637,-1,-1,-1
50,1,1538.21,557.20,46.01,137.62,0.6966,-1,-1,-1
51,7,1637.46,533.78,29.86,89.71,0.6433,-1,-1,-1
51,6,442.09,567.65,43.01,108.74,0.5522,-1,-1,-1
51,5,396.86,550.23,44.21,121.08,0.4896,-1,-1,-1
51,1,1542.42,561.54,46.48,137.43,0.6992,-1,-1,-1
52,7,1640.04,532.10,30.43,91.43,0.5623,-1,-1,-1
52,6,441.93,568.79,40.77,109.43,0.5690,-1,-1,-1
52,5,395.26,551.43,45.90,123.86,0.5372,-1,-1,-1
52,1,1546.53,557.50,50.72,149.19,0.7092,-1,-1,-1
53,16,329.24,557.43,41.20,119.65,0.4316,-1,-1,-1
53,7,1644.22,533.54,30.29,89.41,0.5337,-1,-1,-1
53,6,438.93,565.22,44.68,115.16,0.5363,-1,-1,-1
53,5,392.11,550.37,45.94,127.80,0.5311,-1,-1,-1
53,1,1550.68,556.15,51.73,152.55,0.6876,-1,-1,-1
54,16,327.91,562.56,41.31,111.10,0.5001,-1,-1,-1
54,12,635.66,534.78,31.50,90.79,0.3953,-1,-1,-1
54,7,1648.70,534.30,30.44,89.47,0.5927,-1,-1,-1
54,6,436.05,567.33,44.61,113.27,0.5620,-1,-1,-1
54,5,387.59,548.22,45.46,129.82,0.5157,-1,-1,-1
54,1,1553.16,557.08,52.65,153.62,0.7243,-1,-1,-1
55,16,325.73,558.78,43.14,114.09,0.4942,-1,-1,-1
55,12,635.96,535.76,30.12,90.42,0.3400,-1,-1,-1
55,7,1653.61,532.76,32.73,92.44,0.6041,-1,-1,-1
55,6,434.60,561.81,44.60,119.53,0.4615,-1,-1,-1
55,5,383.97,542.97,46.05,135.20,0.5710,-1,-1,-1
55,1,1558.12,553.15,52.43,158.56,0.7489,-1,-1,-1
56,16,320.44,557.36,45.97,116.32,0.5542,-1,-1,-1
56,12,632.56,535.97,26.42,92.75,0.3524,-1,-1,-1
56,7,1656.78,524.12,36.64,102.15,0.7227,-1,-1,-1
56,6,430.76,562.77,43.12,119.04,0.3546,-1,-1,-1
56,5,382.98,551.76,43.40,126.32,0.5221,-1,-1,-1
56,1,1563.19,553.71,51.60,156.13,0.7373,-1,-1,-1
57,16,314.55,556.54,45.77,118.45,0.4610,-1,-1,-1
57,12,630.73,536.36,27.95,92.59,0.3481,-1,-1,-1
57,7,1658.33,519.88,37.24,104.70,0.7179,-1,-1,-1
57,6,425.74,560.76,44.04,119.90,0.4543,-1,-1,-1
57,5,380.06,551.17,43.69,127.45,0.5247,-1,-1,-1
57,1,1567.67,552.03,53.30,156.80,0.7168,-1,-1,-1
58,16,309.36,554.24,47.45,116.54,0.4667,-1,-1,-1
58,14,545.75,533.12,32.07,95.88,0.3047,-1,-1,-1
58,12,631.27,536.51,27.36,90.53,0.3272,-1,-1,-1
58,7,1661.05,513.41,37.06,108.66,0.6824,-1,-1,-1
58,6,421.10,558.67,45.10,120.85,0.4634,-1,-1,-1
58,5,377.15,546.79,43.17,130.47,0.5754,-1,-1,-1
58,1,1571.69,558.08,52.81,150.56,0.6330,-1,-1,-1
59,16,306.47,550.72,47.25,121.48,0.4357,-1,-1,-1
59,12,626.81,535.75,29.05,90.14,0.3698,-1,-1,-1
59,7,1663.85,509.63,41.46,112.21,0.6578,-1,-1,-1
59,6,418.18,561.00,45.83,117.07,0.4145,-1,-1,-1
59,5,373.94,543.38,41.51,132.11,0.5620,-1,-1,-1
59,1,1578.78,564.26,49.92,145.93,0.6308,-1,-1,-1
60,16,303.47,555.79,47.28,115.62,0.3951,-1,-1,-1
60,7,1664.97,510.91,42.16,110.49,0.7210,-1,-1,-1
60,6,416.64,564.21,47.77,114.11,0.3870,-1,-1,-1
60,5,369.21,547.45,41.02,128.10,0.5510,-1,-1,-1
60,1,1581.58,559.42,51.48,151.93,0.6268,-1,-1,-1
61,16,299.82,559.23,49.40,113.97,0.4345,-1,-1,-1
61,7,1665.80,509.63,44.90,106.64,0.7169,-1,-1,-1
61,6,415.38,560.58,47.68,118.88,0.4222,-1,-1,-1
61,5,365.48,549.68,45.15,127.83,0.4771,-1,-1,-1
61,1,1585.41,547.41,52.66,159.09,0.6205,-1,-1,-1
62,16,296.53,551.32,48.99,115.31,0.4384,-1,-1,-1
62,7,1671.41,520.18,44.23,102.32,0.5488,-1,-1,-1
62,6,413.11,549.98,42.67,127.53,0.3490,-1,-1,-1
62,5,360.80,541.61,47.33,131.44,0.4603,-1,-1,-1
62,1,1589.87,556.20,54.34,155.15,0.7001,-1,-1,-1
63,16,294.97,571.95,46.40,116.11,0.4958,-1,-1,-1
63,7,1681.28,514.86,37.04,93.04,0.5719,-1,-1,-1
63,6,412.62,572.02,45.06,118.74,0.3700,-1,-1,-1
63,5,360.71,564.10,43.57,127.90,0.4003,-1,-1,-1
63,1,1597.11,544.11,53.04,155.30,0.6411,-1,-1,-1
64,16,291.87,549.93,45.59,118.00,0.4852,-1,-1,-1
64,7,1688.81,530.70,33.62,93.95,0.6374,-1,-1,-1
64,6,402.97,545.56,46.21,130.44,0.3328,-1,-1,-1
64,5,357.29,538.72,45.63,135.81,0.4848,-1,-1,-1
64,1,1599.85,564.77,57.09,151.33,0.6265,-1,-1,-1
65,16,287.70,561.55,43.15,116.52,0.5095,-1,-1,-1
65,7,1690.60,529.13,33.10,88.84,0.6811,-1,-1,-1
65,6,401.24,562.03,45.16,120.77,0.3862,-1,-1,-1
65,5,349.11,552.54,47.29,130.89,0.4789,-1,-1,-1
65,1,1602.65,562.13,56.37,149.75,0.7297,-1,-1,-1
66,16,288.43,566.97,40.59,114.27,0.5079,-1,-1,-1
66,7,1698.29,519.84,33.49,92.70,0.6913,-1,-1,-1
66,6,397.56,566.59,48.75,123.76,0.5012,-1,-1,-1
66,5,348.30,557.53,47.07,135.38,0.6009,-1,-1,-1
66,1,1610.95,561.55,55.34,149.59,0.7218,-1,-1,-1
67,17,459.19,552.47,31.05,69.97,0.3430,-1,-1,-1
67,16,281.13,545.99,42.60,123.85,0.3359,-1,-1,-1
67,7,1698.58,536.74,35.18,90.84,0.6537,-1,-1,-1
67,6,394.23,558.98,46.33,120.09,0.5553,-1,-1,-1
67,5,342.68,544.21,49.90,135.87,0.5524,-1,-1,-1
67,1,1613.72,568.01,56.53,155.08,0.7347,-1,-1,-1
68,17,454.96,558.45,30.66,73.38,0.4476,-1,-1,-1
68,16,277.85,562.46,41.11,118.41,0.4448,-1,-1,-1
68,7,1701.99,528.33,33.18,89.98,0.5779,-1,-1,-1
68,6,388.29,562.47,50.47,123.86,0.5489,-1,-1,-1
68,5,341.14,556.94,46.47,129.98,0.5780,-1,-1,-1
68,1,1617.38,564.64,56.59,152.12,0.7318,-1,-1,-1
69,17,451.20,553.73,27.92,73.71,0.4046,-1,-1,-1
69,16,272.35,549.85,40.52,127.43,0.4400,-1,-1,-1
69,7,1704.24,538.51,35.12,91.59,0.6500,-1,-1,-1
69,6,386.57,556.88,46.16,122.97,0.4938,-1,-1,-1
69,5,333.45,543.02,51.87,139.23,0.4394,-1,-1,-1
69,1,1621.61,571.25,58.94,157.46,0.7563,-1,-1,-1
70,17,443.40,555.24,30.66,74.90,0.4612,-1,-1,-1
70,16,266.69,548.89,43.96,131.07,0.3747,-1,-1,-1
70,7,1705.14,534.76,35.13,93.30,0.5962,-1,-1,-1
70,6,380.33,555.52,48.10,128.88,0.5873,-1,-1,-1
70,5,330.49,545.02,50.11,139.65,0.5193,-1,-1,-1
70,1,1625.66,566.11,59.36,156.89,0.7757,-1,-1,-1
71,17,436.45,552.73,33.78,75.90,0.3959,-1,-1,-1
71,7,1706.52,536.82,35.08,93.85,0.6897,-1,-1,-1
71,6,374.84,553.04,48.69,128.96,0.5607,-1,-1,-1
71,5,329.51,547.32,47.27,134.55,0.5147,-1,-1,-1
71,1,1630.24,571.94,58.61,159.49,0.7564,-1,-1,-1
72,17,428.73,555.80,34.97,75.44,0.4245,-1,-1,-1
72,7,1706.68,536.30,36.33,91.25,0.6906,-1,-1,-1
72,6,370.92,554.83,47.33,130.66,0.6105,-1,-1,-1
72,5,325.59,552.17,49.10,133.45,0.6164,-1,-1,-1
72,1,1633.17,558.59,60.44,174.33,0.7885,-1,-1,-1
73,17,425.04,552.05,30.49,74.12,0.4058,-1,-1,-1
73,14,500.54,535.11,34.94,105.42,0.3436,-1,-1,-1
73,7,1708.46,538.74,39.33,95.08,0.5833,-1,-1,-1
73,6,366.63,548.38,47.85,133.53,0.5836,-1,-1,-1
73,5,316.60,543.04,51.98,138.97,0.4709,-1,-1,-1
73,1,1638.32,564.17,60.41,171.90,0.6738,-1,-1,-1
74,17,417.36,553.33,35.00,74.24,0.4468,-1,-1,-1
74,7,1711.00,536.03,37.19,93.35,0.5858,-1,-1,-1
74,6,363.09,548.30,49.05,134.92,0.4973,-1,-1,-1
74,5,314.57,542.86,49.02,141.26,0.3724,-1,-1,-1
74,1,1641.35,571.34,64.89,166.63,0.7210,-1,-1,-1
75,17,412.61,554.44,32.75,76.36,0.3757,-1,-1,-1
75,7,1712.13,539.28,37.79,93.61,0.5706,-1,-1,-1
75,6,355.70,556.91,46.94,127.39,0.6082,-1,-1,-1
75,5,305.58,549.35,49.29,133.65,0.4164,-1,-1,-1
75,1,1643.55,578.55,64.85,162.79,0.7429,-1,-1,-1
76,17,399.71,552.97,36.68,73.68,0.3273,-1,-1,-1
76,12,575.61,536.07,31.22,103.01,0.3407,-1,-1,-1
76,7,1712.59,539.40,38.49,90.83,0.5478,-1,-1,-1
76,6,350.74,551.74,48.73,131.31,0.4953,-1,-1,-1
76,5,293.15,542.83,58.20,141.97,0.4755,-1,-1,-1
76,1,1647.82,579.05,63.99,163.40,0.7341,-1,-1,-1
77,17,396.46,553.49,33.31,78.17,0.3709,-1,-1,-1
77,12,573.87,533.50,30.02,104.94,0.3860,-1,-1,-1
77,7,1713.66,540.88,38.25,90.88,0.5368,-1,-1,-1
77,6,343.45,549.32,48.52,132.99,0.6133,-1,-1,-1
77,5,292.35,545.45,52.84,138.41,0.4480,-1,-1,-1
77,1,1649.09,581.13,67.95,162.83,0.7195,-1,-1,-1
78,17,390.39,552.83,34.94,77.63,0.3429,-1,-1,-1
78,12,571.33,536.47,27.06,99.57,0.3059,-1,-1,-1
78,7,1713.34,540.76,38.43,91.31,0.5829,-1,-1,-1
78,6,340.47,552.76,47.66,132.72,0.5297,-1,-1,-1
78,5,280.56,540.16,56.69,145.80,0.4271,-1,-1,-1
78,1,1652.76,581.75,68.17,164.56,0.7336,-1,-1,-1
79,17,382.76,552.47,33.25,76.65,0.3437,-1,-1,-1
79,12,546.05,534.92,43.33,110.71,0.3190,-1,-1,-1
79,7,1712.81,539.99,39.03,90.47,0.5743,-1,-1,-1
79,6,333.33,548.19,50.38,136.67,0.5562,-1,-1,-1
79,5,270.17,537.83,62.17,145.99,0.5009,-1,-1,-1
79,1,1653.11,585.31,72.99,161.77,0.7503,-1,-1,-1
80,17,373.24,554.05,35.73,76.57,0.3363,-1,-1,-1
80,12,550.29,534.35,38.09,112.31,0.3065,-1,-1,-1
80,7,1712.08,535.95,39.67,92.24,0.6115,-1,-1,-1
80,6,327.22,553.40,49.81,133.81,0.6084,-1,-1,-1
80,5,262.86,536.80,64.63,148.78,0.5575,-1,-1,-1
80,1,1653.24,581.30,75.34,168.00,0.7249,-1,-1,-1
81,17,368.29,554.32,33.41,74.30,0.4967,-1,-1,-1
81,14,451.48,531.30,45.70,120.21,0.3342,-1,-1,-1
81,12,547.78,541.02,37.35,103.87,0.3280,-1,-1,-1
81,7,1711.50,536.10,39.20,91.45,0.5704,-1,-1,-1
81,6,318.22,553.54,51.43,133.34,0.5708,-1,-1,-1
81,5,267.98,551.52,49.53,131.06,0.3501,-1,-1,-1
81,1,1657.60,581.80,72.21,166.94,0.7504,-1,-1,-1
82,17,359.57,554.89,34.70,76.94,0.3522,-1,-1,-1
82,7,1712.16,537.21,36.01,91.12,0.6128,-1,-1,-1
82,6,311.82,555.60,49.09,131.31,0.4983,-1,-1,-1
82,5,262.36,534.97,49.78,148.72,0.3820,-1,-1,-1
82,1,1660.17,582.73,71.82,171.31,0.7395,-1,-1,-1
83,20,129.62,559.16,51.73,132.52,0.5458,-1,-1,-1
83,17,356.32,558.82,31.14,73.32,0.3571,-1,-1,-1
83,7,1712.09,536.64,35.49,91.10,0.5894,-1,-1,-1
83,6,304.27,558.90,51.92,130.46,0.6694,-1,-1,-1
83,5,256.52,542.53,46.92,145.16,0.4586,-1,-1,-1
83,1,1666.84,581.74,66.19,172.44,0.7061,-1,-1,-1
84,20,121.72,561.43,52.24,134.68,0.5341,-1,-1,-1
84,17,346.51,557.49,31.82,74.44,0.4252,-1,-1,-1
84,7,1712.86,535.36,34.10,92.92,0.5715,-1,-1,-1
84,6,295.86,563.22,55.45,127.20,0.5318,-1,-1,-1
84,5,243.88,553.35,53.92,137.43,0.5413,-1,-1,-1
84,1,1664.03,579.08,74.17,178.73,0.7242,-1,-1,-1
85,20,112.20,565.12,53.92,132.71,0.5264,-1,-1,-1
85,7,1711.54,536.19,34.77,92.79,0.4764,-1,-1,-1
85,6,291.37,561.82,49.71,129.52,0.5021,-1,-1,-1
85,5,244.52,558.05,46.41,134.93,0.4785,-1,-1,-1
85,1,1667.96,580.67,72.29,180.37,0.7671,-1,-1,-1
86,20,103.27,561.19,55.79,143.42,0.4138,-1,-1,-1
86,18,390.30,553.40,33.93,94.68,0.4463,-1,-1,-1
86,7,1707.13,535.49,37.14,74.26,0.3145,-1,-1,-1
86,6,284.60,560.85,48.92,132.51,0.5830,-1,-1,-1
86,5,229.83,556.61,51.32,137.14,0.4305,-1,-1,-1
86,1,1672.10,580.62,69.88,179.03,0.7646,-1,-1,-1
87,20,96.78,561.45,59.79,135.51,0.5342,-1,-1,-1
87,18,383.13,554.21,35.92,98.00,0.5402,-1,-1,-1
87,6,280.33,563.88,52.32,132.60,0.5734,-1,-1,-1
87,5,225.45,555.35,50.46,140.24,0.4919,-1,-1,-1
87,1,1671.89,584.63,72.54,179.67,0.7968,-1,-1,-1
88,20,91.75,567.66,50.91,128.87,0.5030,-1,-1,-1
88,19,432.81,548.11,48.26,119.71,0.4156,-1,-1,-1
88,18,377.91,556.13,34.41,97.64,0.3989,-1,-1,-1
88,6,270.13,569.73,51.69,131.66,0.5029,-1,-1,-1
88,5,220.32,561.94,50.35,138.77,0.5733,-1,-1,-1
88,1,1675.14,581.62,71.38,185.34,0.7977,-1,-1,-1
89,20,84.00,561.52,53.97,137.21,0.4656,-1,-1,-1
89,19,431.27,545.91,41.93,122.96,0.5836,-1,-1,-1
89,18,368.17,554.38,30.96,98.42,0.4574,-1,-1,-1
89,6,265.61,566.42,51.47,132.18,0.4706,-1,-1,-1
89,5,215.58,556.90,47.96,144.53,0.3128,-1,-1,-1
89,1,1679.07,584.13,69.51,189.95,0.8037,-1,-1,-1
90,20,74.90,565.15,58.81,139.28,0.4846,-1,-1,-1
90,19,420.05,547.26,46.76,126.13,0.3054,-1,-1,-1
90,18,359.87,570.14,35.45,88.89,0.4281,-1,-1,-1
90,6,260.08,571.01,54.00,134.91,0.5301,-1,-1,-1
90,5,204.26,554.93,53.07,149.50,0.3254,-1,-1,-1
90,1,1682.47,585.67,69.93,193.22,0.7568,-1,-1,-1
91,20,67.96,566.80,55.42,142.37,0.4517,-1,-1,-1
91,19,413.95,551.34,46.27,124.22,0.5728,-1,-1,-1
91,18,354.66,571.00,33.30,88.92,0.3764,-1,-1,-1
91,6,248.58,551.59,68.85,156.53,0.4393,-1,-1,-1
91,5,200.49,560.58,50.64,145.28,0.3825,-1,-1,-1
91,1,1684.95,599.12,73.51,185.58,0.7887,-1,-1,-1
92,20,57.54,571.57,67.07,142.24,0.3359,-1,-1,-1
92,19,408.18,554.15,43.02,125.55,0.5375,-1,-1,-1
92,14,381.09,559.84,35.95,117.17,0.3352,-1,-1,-1
92,6,247.37,554.98,61.33,156.65,0.5456,-1,-1,-1
92,5,189.43,561.14,55.15,151.50,0.3345,-1,-1,-1
92,1,1688.03,602.33,73.64,185.18,0.7964,-1,-1,-1
93,19,401.15,556.76,44.09,126.95,0.5216,-1,-1,-1
93,14,370.36,553.29,36.12,128.66,0.3042,-1,-1,-1
93,6,242.44,572.63,51.93,139.93,0.5533,-1,-1,-1
93,5,185.43,551.36,53.29,164.65,0.5642,-1,-1,-1
93,1,1688.75,606.25,74.01,186.41,0.8092,-1,-1,-1
94,19,391.91,555.77,45.65,129.28,0.6202,-1,-1,-1
94,14,365.29,551.93,39.51,130.41,0.4128,-1,-1,-1
94,6,235.72,576.54,55.04,140.29,0.5421,-1,-1,-1
94,5,182.26,564.88,51.30,152.25,0.5233,-1,-1,-1
94,1,1689.95,607.66,73.73,187.38,0.8040,-1,-1,-1
95,19,387.84,559.19,44.91,127.93,0.5344,-1,-1,-1
95,6,226.08,580.18,57.77,138.77,0.5212,-1,-1,-1
95,5,173.44,564.17,54.85,154.54,0.6019,-1,-1,-1
95,1,1691.91,611.00,75.28,189.64,0.7915,-1,-1,-1
96,19,380.40,568.12,43.95,123.18,0.4838,-1,-1,-1
96,7,1693.55,541.88,44.14,95.89,0.5265,-1,-1,-1
96,6,222.00,582.92,51.96,142.10,0.5758,-1,-1,-1
96,5,164.87,577.54,54.58,146.80,0.4634,-1,-1,-1
96,1,1696.30,611.02,74.62,190.89,0.7886,-1,-1,-1
97,19,371.41,555.99,47.84,134.48,0.5171,-1,-1,-1
97,7,1693.09,545.49,42.42,93.79,0.5334,-1,-1,-1
97,6,211.35,578.18,56.86,144.86,0.6522,-1,-1,-1
97,5,158.85,580.00,52.26,139.19,0.5563,-1,-1,-1
97,1,1700.48,612.73,76.82,193.02,0.7860,-1,-1,-1
98,19,366.68,583.18,45.33,108.56,0.6109,-1,-1,-1
98,14,336.20,562.48,39.68,129.05,0.3058,-1,-1,-1
98,7,1690.99,546.30,40.52,95.18,0.5095,-1,-1,-1
98,6,203.35,581.60,55.11,145.98,0.6216,-1,-1,-1
98,5,151.21,582.66,53.38,144.18,0.5599,-1,-1,-1
98,1,1705.08,612.45,76.66,196.52,0.7919,-1,-1,-1
99,21,413.90,573.32,41.31,119.78,0.3764,-1,-1,-1
99,19,358.43,567.25,46.53,125.59,0.5577,-1,-1,-1
99,14,329.60,556.47,36.36,132.89,0.4519,-1,-1,-1
99,7,1688.30,546.04,42.36,102.94,0.5021,-1,-1,-1
99,5,142.12,581.31,54.55,142.87,0.4824,-1,-1,-1
99,1,1706.66,614.43,78.85,197.61,0.7603,-1,-1,-1
100,19,347.65,576.50,51.87,117.87,0.5459,-1,-1,-1
100,14,319.33,561.31,39.61,131.48,0.4082,-1,-1,-1
100,7,1685.38,548.77,42.45,101.21,0.6411,-1,-1,-1
100,5,130.25,583.91,56.98,140.11,0.5672,-1,-1,-1
100,1,1709.29,612.70,80.83,200.28,0.7946,-1,-1,-1
101,19,340.31,570.72,49.35,122.44,0.5708,-1,-1,-1
101,18,272.97,588.89,33.44,90.93,0.4470,-1,-1,-1
101,14,309.27,578.48,37.23,112.47,0.3813,-1,-1,-1
101,7,1685.25,550.68,38.75,103.07,0.7197,-1,-1,-1
101,5,123.99,578.20,58.43,145.26,0.6033,-1,-1,-1
101,1,1711.13,615.96,81.13,202.63,0.7865,-1,-1,-1
102,19,332.21,575.67,49.00,120.19,0.6190,-1,-1,-1
102,18,261.96,593.65,36.26,87.98,0.5423,-1,-1,-1
102,14,302.23,580.30,35.30,112.74,0.3031,-1,-1,-1
102,12,432.24,561.27,30.61,110.91,0.3856,-1,-1,-1
102,7,1684.55,550.49,36.90,103.00,0.7410,-1,-1,-1
102,5,114.53,581.33,57.68,146.58,0.6262,-1,-1,-1
102,1,1712.81,620.54,82.57,199.40,0.8136,-1,-1,-1
103,22,1545.82,518.91,25.04,78.69,0.4540,-1,-1,-1
103,21,385.34,570.26,39.32,128.66,0.3381,-1,-1,-1
103,19,326.01,574.04,52.67,120.88,0.4853,-1,-1,-1
103,18,255.67,588.52,36.47,100.28,0.4423,-1,-1,-1
103,12,422.61,561.60,31.63,107.65,0.3369,-1,-1,-1
103,7,1683.71,550.44,36.27,101.98,0.7189,-1,-1,-1
103,5,105.15,577.71,57.15,150.78,0.5525,-1,-1,-1
103,1,1713.65,618.70,86.38,206.07,0.8262,-1,-1,-1
104,22,1545.56,521.79,22.54,76.20,0.3727,-1,-1,-1
104,21,373.41,575.67,41.19,123.95,0.4726,-1,-1,-1
104,19,315.32,578.49,50.38,115.57,0.3580,-1,-1,-1
104,18,248.15,589.55,36.08,91.28,0.3085,-1,-1,-1
104,12,415.19,557.63,34.40,107.13,0.4466,-1,-1,-1
104,7,1682.67,551.78,35.29,102.24,0.7075,-1,-1,-1
104,5,95.08,576.44,58.57,149.84,0.5657,-1,-1,-1
104,1,1715.08,624.85,87.01,207.22,0.8178,-1,-1,-1
105,21,367.71,568.51,41.12,134.01,0.3747,-1,-1,-1
105,19,304.67,563.65,53.69,134.26,0.5166,-1,-1,-1
105,18,237.45,591.91,37.59,91.67,0.4489,-1,-1,-1
105,12,408.18,559.12,34.71,117.32,0.4024,-1,-1,-1
105,7,1681.64,549.57,34.63,103.56,0.6655,-1,-1,-1
105,5,87.42,579.65,57.39,149.07,0.6009,-1,-1,-1
105,1,1717.77,624.17,86.72,210.24,0.8057,-1,-1,-1
106,21,360.83,566.73,39.84,135.80,0.5134,-1,-1,-1
106,19,299.33,566.93,51.74,130.07,0.5016,-1,-1,-1
106,18,227.40,589.14,36.30,96.83,0.3598,-1,-1,-1
106,7,1678.35,549.07,34.23,105.96,0.6087,-1,-1,-1
106,5,77.30,573.81,55.58,154.60,0.5599,-1,-1,-1
106,1,1723.83,625.54,84.88,212.40,0.7799,-1,-1,-1
107,21,351.30,561.57,42.94,142.04,0.5354,-1,-1,-1
107,19,287.06,557.07,53.69,140.83,0.4681,-1,-1,-1
107,18,218.50,591.52,39.39,98.16,0.5192,-1,-1,-1
107,7,1677.55,547.61,32.24,105.48,0.5536,-1,-1,-1
107,5,67.69,572.05,58.95,156.47,0.5917,-1,-1,-1
107,1,1726.69,622.51,84.08,217.34,0.7890,-1,-1,-1
108,22,1532.70,524.35,25.23,74.78,0.3922,-1,-1,-1
108,21,341.92,563.12,45.60,141.14,0.5371,-1,-1,-1
108,19,278.23,558.28,54.68,141.85,0.5478,-1,-1,-1
108,18,209.96,586.00,36.90,101.71,0.5889,-1,-1,-1
108,7,1676.86,549.17,30.98,106.41,0.4694,-1,-1,-1
108,5,52.81,567.41,65.64,161.97,0.5359,-1,-1,-1
108,1,1728.65,628.60,84.87,217.71,0.8030,-1,-1,-1
109,22,1527.18,522.29,26.79,74.63,0.3971,-1,-1,-1
109,21,337.22,555.04,41.03,150.75,0.5920,-1,-1,-1
109,19,266.97,571.33,55.44,133.49,0.4146,-1,-1,-1
109,18,200.53,587.78,37.39,106.26,0.5079,-1,-1,-1
109,17,113.52,572.92,58.95,158.05,0.4129,-1,-1,-1
109,16,0.45,573.66,42.01,156.46,0.3691,-1,-1,-1
109,12,381.11,557.40,35.49,113.50,0.4563,-1,-1,-1
109,7,1675.42,549.75,30.46,106.33,0.5373,-1,-1,-1
109,5,44.33,568.90,63.26,159.62,0.4893,-1,-1,-1
109,1,1730.82,628.17,86.16,222.25,0.8076,-1,-1,-1
110,21,325.93,565.82,44.92,139.23,0.6133,-1,-1,-1
110,19,252.40,551.95,60.62,151.38,0.5140,-1,-1,-1
110,18,190.13,587.17,39.34,105.17,0.5302,-1,-1,-1
110,17,102.93,571.97,55.65,158.76,0.5837,-1,-1,-1
110,16,0.32,571.79,32.75,154.11,0.3812,-1,-1,-1
110,12,373.89,557.23,35.00,107.90,0.4486,-1,-1,-1
110,7,1674.66,551.11,28.73,107.18,0.3544,-1,-1,-1
110,5,30.31,567.29,70.32,162.60,0.5921,-1,-1,-1
110,1,1732.23,628.81,86.44,225.56,0.8127,-1,-1,-1
111,21,318.37,576.08,41.33,130.59,0.5317,-1,-1,-1
111,19,248.09,561.65,57.00,142.85,0.4755,-1,-1,-1
111,18,180.46,590.15,37.40,107.52,0.4031,-1,-1,-1
111,17,93.22,566.47,59.97,167.20,0.5886,-1,-1,-1
111,12,365.98,559.30,36.49,109.12,0.4498,-1,-1,-1
111,5,19.83,561.99,72.71,168.72,0.6223,-1,-1,-1
111,1,1733.11,629.47,88.04,227.65,0.8115,-1,-1,-1
112,21,307.21,570.01,40.96,139.71,0.5582,-1,-1,-1
112,19,239.35,571.43,54.82,134.52,0.5937,-1,-1,-1
112,18,170.92,593.43,35.72,101.01,0.4825,-1,-1,-1
112,17,84.34,575.01,59.66,158.93,0.5701,-1,-1,-1
112,12,357.05,559.44,37.01,112.70,0.5559,-1,-1,-1
112,5,9.07,567.91,78.32,164.68,0.5341,-1,-1,-1
112,1,1734.43,632.77,90.18,227.30,0.8080,-1,-1,-1
113,21,298.65,572.53,38.38,139.72,0.6007,-1,-1,-1
113,19,231.95,578.85,52.91,131.44,0.6197,-1,-1,-1
113,18,161.63,596.01,37.67,103.03,0.5199,-1,-1,-1
113,17,75.18,578.75,56.03,158.98,0.5790,-1,-1,-1
113,12,349.36,563.00,36.30,111.46,0.4348,-1,-1,-1
113,5,2.04,557.83,71.66,175.99,0.5961,-1,-1,-1
113,1,1735.05,634.80,90.64,229.76,0.8039,-1,-1,-1
114,21,290.76,571.61,42.53,141.33,0.4919,-1,-1,-1
114,19,217.65,583.15,55.18,126.72,0.5789,-1,-1,-1
114,18,151.75,597.97,33.47,102.38,0.6192,-1,-1,-1
114,17,62.04,563.41,60.57,173.12,0.6499,-1,-1,-1
114,12,341.36,565.62,36.51,108.28,0.5104,-1,-1,-1
114,5,6.94,577.72,55.90,158.31,0.5476,-1,-1,-1
114,1,1737.72,635.35,89.46,230.35,0.7984,-1,-1,-1
115,21,279.16,582.27,37.02,133.01,0.5716,-1,-1,-1
115,19,198.22,566.17,64.76,143.85,0.5423,-1,-1,-1
115,18,141.40,596.14,37.45,106.16,0.6164,-1,-1,-1
115,17,52.18,565.38,60.09,173.99,0.6516,-1,-1,-1
115,12,333.24,563.78,38.25,112.73,0.6417,-1,-1,-1
115,5,4.76,574.76,50.84,160.92,0.4662,-1,-1,-1
115,1,1739.23,636.25,91.27,231.15,0.7915,-1,-1,-1
116,21,271.36,578.99,37.42,138.23,0.4738,-1,-1,-1
116,19,198.73,576.80,56.12,140.70,0.5416,-1,-1,-1
116,18,130.29,599.27,34.55,102.70,0.5737,-1,-1,-1
116,17,44.43,574.52,57.00,167.52,0.6052,-1,-1,-1
116,12,323.26,567.75,39.51,110.31,0.6120,-1,-1,-1
116,5,0.34,585.04,50.07,155.47,0.6271,-1,-1,-1
116,1,1741.10,636.05,91.39,235.60,0.7989,-1,-1,-1
117,21,258.21,558.79,39.90,159.97,0.6098,-1,-1,-1
117,19,186.36,567.79,58.31,148.10,0.4908,-1,-1,-1
117,18,118.53,599.96,37.85,100.24,0.5760,-1,-1,-1
117,17,31.79,575.16,59.88,169.58,0.5951,-1,-1,-1
117,12,313.89,566.44,41.14,113.49,0.5427,-1,-1,-1
117,5,0.56,584.44,40.87,157.09,0.6280,-1,-1,-1
117,1,1740.82,639.19,94.49,238.94,0.8085,-1,-1,-1
118,21,249.12,574.37,38.15,149.77,0.6612,-1,-1,-1
118,19,181.39,586.04,51.82,135.00,0.5471,-1,-1,-1
118,18,110.04,600.38,37.85,106.52,0.5085,-1,-1,-1
118,17,21.59,578.94,60.42,168.45,0.5140,-1,-1,-1
118,12,309.67,558.65,37.17,121.59,0.6467,-1,-1,-1
118,5,0.06,590.54,30.32,153.72,0.4959,-1,-1,-1
118,1,1742.81,636.92,96.27,245.91,0.8036,-1,-1,-1
119,21,239.50,562.22,41.16,162.80,0.6096,-1,-1,-1
119,19,169.20,577.86,54.01,146.70,0.4578,-1,-1,-1
119,18,100.25,601.44,33.65,105.63,0.4756,-1,-1,-1
119,17,10.69,569.88,62.09,181.07,0.5951,-1,-1,-1
119,12,299.16,564.15,40.01,117.81,0.5508,-1,-1,-1
119,1,1745.93,640.59,100.37,245.69,0.8215,-1,-1,-1
120,21,225.48,574.77,43.37,154.60,0.6484,-1,-1,-1
120,19,158.31,583.87,53.09,143.03,0.6007,-1,-1,-1
120,18,89.63,600.73,33.67,113.66,0.4243,-1,-1,-1
120,17,7.20,561.25,55.77,192.66,0.5784,-1,-1,-1
120,12,290.68,560.48,39.87,125.16,0.5785,-1,-1,-1
120,1,1748.48,645.65,104.64,244.00,0.8126,-1,-1,-1
121,23,1741.22,555.14,43.94,114.24,0.4363,-1,-1,-1
121,21,217.38,570.07,43.53,161.72,0.5591,-1,-1,-1
121,19,145.37,587.87,57.36,138.38,0.5885,-1,-1,-1
121,18,77.69,602.21,36.88,112.67,0.5915,-1,-1,-1
121,17,0.71,551.25,54.65,201.12,0.5797,-1,-1,-1
121,12,287.22,564.57,36.02,117.65,0.6308,-1,-1,-1
121,1,1752.41,645.39,103.91,248.67,0.8092,-1,-1,-1
122,23,1739.54,554.51,42.75,116.55,0.3941,-1,-1,-1
122,21,204.26,575.06,48.59,158.01,0.6580,-1,-1,-1
122,19,140.60,595.17,51.94,140.58,0.5101,-1,-1,-1
122,18,67.28,606.01,35.96,109.41,0.4069,-1,-1,-1
122,17,0.17,556.56,45.46,199.39,0.6185,-1,-1,-1
122,12,274.61,564.44,41.29,120.39,0.6008,-1,-1,-1
122,1,1756.23,646.65,99.72,252.41,0.8083,-1,-1,-1
123,23,1739.92,556.07,42.20,118.53,0.4080,-1,-1,-1
123,21,193.62,584.50,50.20,151.32,0.5960,-1,-1,-1
123,19,127.89,600.56,57.67,138.39,0.4503,-1,-1,-1
123,18,53.18,608.38,38.56,116.90,0.3156,-1,-1,-1
123,17,0.03,575.76,38.97,179.25,0.5678,-1,-1,-1
123,12,265.47,557.07,42.97,132.69,0.6607,-1,-1,-1
123,1,1761.34,650.64,96.48,254.71,0.8086,-1,-1,-1
124,23,1739.52,556.00,42.81,114.55,0.4155,-1,-1,-1
124,21,185.20,590.48,47.24,147.00,0.6279,-1,-1,-1
124,19,97.05,582.81,53.08,151.35,0.4444,-1,-1,-1
124,18,42.42,608.65,37.58,116.84,0.3101,-1,-1,-1
124,17,0.06,597.54,27.09,161.04,0.4856,-1,-1,-1
124,12,261.93,571.67,37.49,118.91,0.5866,-1,-1,-1
124,1,1765.14,648.21,97.78,260.74,0.8160,-1,-1,-1
125,23,1736.53,555.00,42.70,117.81,0.3317,-1,-1,-1
125,21,173.41,590.84,52.01,148.50,0.6423,-1,-1,-1
125,19,86.61,579.55,50.54,148.68,0.3180,-1,-1,-1
125,18,31.29,611.99,35.31,112.47,0.4599,-1,-1,-1
125,17,0.09,619.21,25.79,103.09,0.3789,-1,-1,-1
125,12,250.72,571.32,40.12,119.91,0.5345,-1,-1,-1
125,1,1769.91,647.52,103.59,262.07,0.8160,-1,-1,-1
126,21,160.33,597.38,54.51,145.28,0.5843,-1,-1,-1
126,19,97.81,622.94,52.95,110.07,0.3173,-1,-1,-1
126,18,20.50,615.11,39.07,112.38,0.4120,-1,-1,-1
126,12,243.12,565.77,39.79,128.50,0.5828,-1,-1,-1
126,1,1773.47,650.82,104.17,262.06,0.8114,-1,-1,-1
127,21,153.96,601.88,50.39,144.27,0.5949,-1,-1,-1
127,19,82.74,624.49,58.18,116.63,0.4737,-1,-1,-1
127,18,3.22,623.57,38.51,102.83,0.3591,-1,-1,-1
127,12,236.51,570.45,38.48,125.60,0.5794,-1,-1,-1
127,1,1778.00,650.72,104.96,266.45,0.8200,-1,-1,-1
128,21,141.18,602.96,54.93,144.28,0.5498,-1,-1,-1
128,19,71.01,622.43,59.49,120.01,0.4675,-1,-1,-1
128,18,0.05,620.57,28.78,110.68,0.3408,-1,-1,-1
128,12,224.26,559.55,41.26,136.60,0.6125,-1,-1,-1
128,1,1780.83,653.88,106.99,266.91,0.8193,-1,-1,-1
129,24,544.89,528.46,28.26,68.12,0.3434,-1,-1,-1
129,23,1727.20,556.42,38.53,109.65,0.3780,-1,-1,-1
129,21,130.56,598.09,50.67,153.99,0.5154,-1,-1,-1
129,19,64.47,621.35,54.17,125.31,0.3575,-1,-1,-1
129,18,0.16,623.49,19.99,109.21,0.3118,-1,-1,-1
129,12,218.79,567.98,39.32,132.33,0.5914,-1,-1,-1
129,1,1786.18,656.35,112.46,269.14,0.8236,-1,-1,-1
130,23,1724.59,556.63,35.74,116.76,0.3986,-1,-1,-1
130,21,116.04,604.05,61.14,150.95,0.3295,-1,-1,-1
130,19,47.55,621.09,57.35,128.96,0.3906,-1,-1,-1
130,12,209.59,565.14,41.27,135.81,0.5546,-1,-1,-1
130,1,1787.36,657.94,116.65,271.97,0.8219,-1,-1,-1
131,23,1715.56,557.48,44.26,120.28,0.4683,-1,-1,-1
131,21,104.64,596.98,46.59,159.18,0.4307,-1,-1,-1
131,12,200.21,575.93,41.10,125.48,0.4724,-1,-1,-1
131,1,1791.29,659.10,118.84,277.94,0.8319,-1,-1,-1
132,25,2.07,584.03,51.70,161.61,0.5510,-1,-1,-1
132,23,1714.23,555.03,44.62,120.40,0.4538,-1,-1,-1
132,21,94.67,598.25,45.68,162.03,0.4306,-1,-1,-1
132,12,191.64,568.14,41.39,135.08,0.6432,-1,-1,-1
132,1,1796.70,661.26,120.45,285.81,0.8652,-1,-1,-1
133,25,0.12,588.85,42.63,163.27,0.3456,-1,-1,-1
133,23,1712.59,557.56,45.99,120.05,0.4478,-1,-1,-1
133,21,78.89,592.44,50.07,170.75,0.5457,-1,-1,-1
133,12,181.40,564.93,45.04,136.88,0.5320,-1,-1,-1
133,1,1803.53,662.99,115.03,290.67,0.8824,-1,-1,-1
134,23,1710.56,555.95,46.84,120.04,0.4811,-1,-1,-1
134,12,173.58,566.78,40.88,138.82,0.5591,-1,-1,-1
134,1,1807.89,665.48,111.19,295.84,0.8508,-1,-1,-1
135,24,514.79,527.97,29.50,73.98,0.5474,-1,-1,-1
135,23,1705.11,554.76,51.51,119.73,0.5032,-1,-1,-1
135,19,0.17,615.62,46.76,151.67,0.5673,-1,-1,-1
135,12,166.50,571.36,39.98,137.40,0.5435,-1,-1,-1
135,1,1811.32,666.06,107.80,302.87,0.8147,-1,-1,-1
136,26,24.68,574.81,74.11,199.75,0.5249,-1,-1,-1
136,24,508.67,527.07,28.05,73.73,0.5365,-1,-1,-1
136,23,1700.56,557.14,50.73,113.58,0.4715,-1,-1,-1
136,19,0.08,622.64,35.64,145.73,0.6005,-1,-1,-1
136,12,157.12,566.75,41.27,141.37,0.3930,-1,-1,-1
136,1,1818.05,671.03,100.94,305.13,0.8375,-1,-1,-1
137,26,20.31,573.73,66.28,204.14,0.6259,-1,-1,-1
137,24,503.05,527.36,29.80,75.90,0.5479,-1,-1,-1
137,23,1699.63,555.47,50.79,114.24,0.5034,-1,-1,-1
137,19,0.16,640.65,26.46,132.24,0.4698,-1,-1,-1
137,12,148.47,575.68,39.85,135.43,0.4034,-1,-1,-1
137,1,1824.27,680.43,95.11,306.25,0.7742,-1,-1,-1
138,26,12.23,572.87,60.47,204.49,0.6375,-1,-1,-1
138,24,499.68,531.37,30.35,71.98,0.5814,-1,-1,-1
138,23,1698.08,556.31,50.66,113.00,0.4897,-1,-1,-1
138,12,139.97,572.27,41.12,140.12,0.4940,-1,-1,-1
138,1,1830.81,678.96,88.57,310.61,0.7835,-1,-1,-1
139,26,5.44,579.03,55.77,198.96,0.6160,-1,-1,-1
139,24,495.83,527.81,26.40,72.48,0.4401,-1,-1,-1
139,23,1697.73,557.19,48.71,109.68,0.5073,-1,-1,-1
139,1,1832.75,679.02,86.64,315.83,0.7701,-1,-1,-1
140,29,1566.43,549.99,37.13,111.77,0.6625,-1,-1,-1
140,26,0.22,575.39,47.82,213.03,0.6252,-1,-1,-1
140,24,489.83,526.79,29.07,73.76,0.4968,-1,-1,-1
140,23,1698.47,551.68,46.96,116.78,0.5277,-1,-1,-1
140,1,1840.37,682.80,78.99,309.20,0.7505,-1,-1,-1
141,29,1562.87,550.38,39.05,111.07,0.7275,-1,-1,-1
141,26,0.17,581.54,37.14,205.47,0.5907,-1,-1,-1
141,24,484.98,527.98,27.30,73.91,0.5268,-1,-1,-1
141,23,1699.89,551.62,43.98,116.43,0.4524,-1,-1,-1
141,1,1847.47,678.16,71.90,310.30,0.6799,-1,-1,-1
142,29,1559.77,552.72,41.11,106.75,0.6806,-1,-1,-1
142,24,480.46,527.09,28.82,75.72,0.4995,-1,-1,-1
142,23,1702.19,557.14,40.17,113.95,0.4370,-1,-1,-1
142,1,1854.38,699.47,64.99,292.51,0.6423,-1,-1,-1
143,29,1556.58,554.03,40.64,109.37,0.5899,-1,-1,-1
143,24,476.44,527.44,32.03,73.07,0.5369,-1,-1,-1
143,23,1699.17,563.43,40.71,107.55,0.3686,-1,-1,-1
143,1,1860.28,706.02,59.10,294.96,0.5927,-1,-1,-1
144,29,1554.31,556.57,37.24,109.22,0.7093,-1,-1,-1
144,24,474.25,527.40,27.06,75.34,0.5946,-1,-1,-1
144,23,1695.88,567.60,42.68,106.77,0.4585,-1,-1,-1
144,1,1866.55,717.51,52.85,246.59,0.4746,-1,-1,-1
145,29,1548.65,557.47,37.37,107.45,0.6957,-1,-1,-1
145,24,467.70,527.06,28.68,73.62,0.5255,-1,-1,-1
145,23,1694.26,570.27,42.98,107.07,0.6018,-1,-1,-1
146,29,1544.70,555.41,39.27,111.29,0.6497,-1,-1,-1
146,24,463.12,525.82,27.73,74.81,0.5848,-1,-1,-1
146,23,1693.16,574.20,42.83,100.40,0.6214,-1,-1,-1
147,29,1540.34,557.32,39.63,109.18,0.6766,-1,-1,-1
147,27,372.17,531.19,28.37,65.49,0.3213,-1,-1,-1
147,24,456.66,526.70,29.94,76.09,0.5244,-1,-1,-1
147,23,1691.25,573.56,41.18,104.17,0.5343,-1,-1,-1
148,29,1529.96,554.27,47.45,114.01,0.6901,-1,-1,-1
148,27,362.27,528.81,29.01,67.19,0.3125,-1,-1,-1
148,24,452.63,529.72,30.29,73.38,0.5903,-1,-1,-1
148,23,1682.56,569.35,47.98,106.94,0.4709,-1,-1,-1
149,29,1517.35,554.32,57.00,113.84,0.6863,-1,-1,-1
149,27,358.54,529.41,30.78,68.10,0.3715,-1,-1,-1
149,24,448.46,528.99,28.57,75.18,0.5575,-1,-1,-1
149,23,1680.85,570.15,43.10,105.71,0.6105,-1,-1,-1
150,29,1511.00,560.21,60.70,107.35,0.7187,-1,-1,-1
150,27,356.68,530.75,27.35,67.96,0.4075,-1,-1,-1
150,24,442.43,528.45,30.13,77.11,0.5841,-1,-1,-1
150,23,1679.51,565.49,42.42,108.01,0.6682,-1,-1,-1
151,29,1511.13,560.10,56.99,108.76,0.7009,-1,-1,-1
151,27,349.59,533.56,28.52,68.00,0.3415,-1,-1,-1
151,24,435.10,526.67,30.64,78.60,0.5415,-1,-1,-1
151,23,1675.88,567.12,43.07,107.93,0.5866,-1,-1,-1
152,29,1509.12,557.55,54.01,111.18,0.6990,-1,-1,-1
152,24,428.68,530.39,31.10,76.27,0.5592,-1,-1,-1
152,23,1672.77,567.02,43.07,104.97,0.5131,-1,-1,-1
153,29,1502.69,557.07,57.28,109.88,0.6614,-1,-1,-1
153,24,425.00,531.09,27.66,74.42,0.5252,-1,-1,-1
153,23,1675.11,566.67,36.33,92.86,0.4089,-1,-1,-1
154,29,1498.50,551.93,50.99,114.73,0.6689,-1,-1,-1
154,24,416.79,532.32,30.66,77.52,0.5157,-1,-1,-1
155,29,1492.11,552.34,48.61,112.84,0.6495,-1,-1,-1
155,24,410.88,529.34,29.46,80.44,0.5748,-1,-1,-1
156,29,1488.66,550.19,44.70,116.38,0.6682,-1,-1,-1
156,24,403.01,533.59,31.15,78.24,0.5339,-1,-1,-1
157,29,1481.04,551.81,44.56,112.71,0.6720,-1,-1,-1
157,24,397.95,535.35,29.93,77.11,0.5838,-1,-1,-1
158,29,1473.66,547.48,45.54,116.95,0.7304,-1,-1,-1
158,24,393.39,535.94,28.44,79.09,0.5319,-1,-1,-1
159,29,1470.29,546.29,43.62,118.63,0.7112,-1,-1,-1
159,24,387.65,537.51,28.16,77.93,0.5667,-1,-1,-1
160,29,1466.38,545.73,42.68,119.21,0.6753,-1,-1,-1
160,24,379.57,538.40,31.39,79.97,0.5007,-1,-1,-1
161,29,1461.40,547.50,43.69,117.04,0.6508,-1,-1,-1
161,24,376.50,538.49,29.88,79.05,0.4978,-1,-1,-1
162,29,1457.38,550.32,44.56,110.97,0.6770,-1,-1,-1
162,24,371.11,540.08,31.85,77.75,0.5280,-1,-1,-1
163,29,1450.73,550.18,47.71,113.36,0.6457,-1,-1,-1
163,24,364.65,540.45,31.56,80.32,0.4652,-1,-1,-1
164,29,1446.71,548.35,47.52,114.58,0.6249,-1,-1,-1
164,24,360.62,540.45,32.57,80.04,0.5371,-1,-1,-1
165,29,1438.12,547.67,51.96,116.21,0.6663,-1,-1,-1
165,24,354.51,541.50,31.91,80.62,0.5057,-1,-1,-1
166,29,1433.87,548.64,50.18,115.37,0.6798,-1,-1,-1
166,24,350.97,543.75,28.77,78.80,0.5511,-1,-1,-1
167,29,1432.82,543.66,45.05,117.96,0.6658,-1,-1,-1
167,24,344.50,543.51,31.40,78.42,0.6244,-1,-1,-1
168,29,1428.70,542.68,43.27,116.99,0.6641,-1,-1,-1
168,24,338.24,543.26,34.03,79.65,0.5757,-1,-1,-1
169,29,1425.30,544.40,41.73,117.42,0.6759,-1,-1,-1
169,24,334.35,543.82,34.47,78.81,0.5617,-1,-1,-1
170,29,1420.96,539.43,41.56,121.50,0.6740,-1,-1,-1
170,24,330.61,543.05,31.01,78.84,0.5520,-1,-1,-1
171,29,1414.47,538.99,45.11,124.50,0.5670,-1,-1,-1
171,24,325.15,543.84,31.93,77.34,0.5632,-1,-1,-1
172,29,1410.56,533.82,43.05,126.67,0.6204,-1,-1,-1
172,24,320.46,541.21,31.28,78.25,0.5779,-1,-1,-1
173,29,1405.45,531.64,44.22,129.29,0.5631,-1,-1,-1
173,24,314.52,540.86,33.55,82.22,0.5737,-1,-1,-1
174,29,1402.38,531.31,46.22,131.71,0.6384,-1,-1,-1
174,24,310.94,543.58,34.75,78.49,0.6001,-1,-1,-1
175,29,1391.48,532.97,55.80,131.04,0.6645,-1,-1,-1
175,24,306.41,541.31,35.21,79.84,0.4848,-1,-1,-1
176,29,1387.06,536.49,56.61,127.87,0.6767,-1,-1,-1
176,24,301.46,541.59,33.81,81.00,0.5860,-1,-1,-1
177,29,1385.00,534.51,56.27,130.29,0.7054,-1,-1,-1
177,24,297.03,542.30,35.09,77.28,0.6517,-1,-1,-1
178,29,1387.16,535.11,51.97,130.21,0.6719,-1,-1,-1
178,24,293.35,541.60,33.86,82.16,0.6082,-1,-1,-1
179,29,1387.52,536.81,48.67,128.41,0.6810,-1,-1,-1
179,24,289.35,540.12,34.94,83.93,0.6119,-1,-1,-1
180,29,1384.76,535.07,48.11,130.47,0.7040,-1,-1,-1
180,24,284.17,544.14,36.29,81.13,0.5634,-1,-1,-1
181,29,1384.59,537.00,41.61,126.42,0.7124,-1,-1,-1
181,24,281.04,542.67,35.44,83.76,0.5570,-1,-1,-1
182,36,1604.85,546.05,45.04,127.28,0.4360,-1,-1,-1
182,29,1379.74,537.70,43.33,127.52,0.7275,-1,-1,-1
182,24,274.76,543.61,35.08,83.34,0.5938,-1,-1,-1
183,36,1608.83,550.42,41.62,123.64,0.4207,-1,-1,-1
183,29,1375.48,536.61,44.19,128.73,0.7399,-1,-1,-1
183,24,272.59,544.17,33.23,85.30,0.6421,-1,-1,-1
184,36,1609.58,543.86,40.93,130.22,0.4364,-1,-1,-1
184,29,1373.40,535.96,42.85,129.75,0.7634,-1,-1,-1
184,24,266.86,546.89,34.59,83.87,0.6225,-1,-1,-1
185,36,1608.22,542.74,41.65,132.30,0.4627,-1,-1,-1
185,29,1370.78,534.03,44.38,132.12,0.7475,-1,-1,-1
185,24,262.48,547.88,35.10,82.92,0.5510,-1,-1,-1
186,36,1606.40,545.70,44.29,127.28,0.3661,-1,-1,-1
186,29,1369.86,534.29,42.12,132.59,0.7192,-1,-1,-1
186,24,259.37,546.86,35.55,85.10,0.5228,-1,-1,-1
187,36,1595.87,542.20,54.38,133.04,0.3333,-1,-1,-1
187,29,1367.19,533.73,42.65,133.21,0.7051,-1,-1,-1
187,24,254.85,548.35,34.64,86.00,0.5690,-1,-1,-1
188,36,1594.21,547.82,58.10,129.87,0.4374,-1,-1,-1
188,29,1364.73,534.36,44.33,134.51,0.6752,-1,-1,-1
188,24,249.92,549.91,34.90,86.34,0.5666,-1,-1,-1
189,36,1595.38,544.60,58.53,133.41,0.4622,-1,-1,-1
189,29,1358.02,532.03,50.39,138.51,0.6417,-1,-1,-1
189,24,246.83,549.74,34.54,90.46,0.5181,-1,-1,-1
190,36,1594.81,539.96,60.51,136.95,0.5133,-1,-1,-1
190,29,1356.23,534.50,51.09,134.83,0.6758,-1,-1,-1
190,24,241.60,549.34,37.09,90.73,0.5532,-1,-1,-1
191,36,1596.40,539.22,62.68,137.22,0.5088,-1,-1,-1
191,29,1353.79,535.05,52.27,134.54,0.6663,-1,-1,-1
191,24,238.33,554.25,36.43,86.76,0.5020,-1,-1,-1
192,36,1606.50,540.79,50.29,133.48,0.4879,-1,-1,-1
192,29,1352.05,542.71,51.01,126.32,0.6262,-1,-1,-1
192,24,234.11,552.70,38.52,87.67,0.5345,-1,-1,-1
193,36,1603.50,538.87,56.23,135.98,0.5483,-1,-1,-1
193,29,1350.02,540.68,51.63,130.24,0.6603,-1,-1,-1
193,24,228.12,556.52,38.41,85.76,0.6065,-1,-1,-1
194,36,1607.64,551.46,54.67,123.76,0.5190,-1,-1,-1
194,29,1348.49,542.09,48.88,127.97,0.6725,-1,-1,-1
194,24,226.41,559.88,34.66,84.87,0.5888,-1,-1,-1
195,36,1603.34,547.67,60.20,127.95,0.5450,-1,-1,-1
195,29,1346.24,541.07,48.72,130.28,0.6875,-1,-1,-1
195,24,222.37,559.83,34.18,84.08,0.5122,-1,-1,-1
196,36,1608.34,548.25,56.64,127.17,0.5421,-1,-1,-1
196,29,1346.49,542.08,46.12,131.45,0.6782,-1,-1,-1
196,24,218.94,560.90,35.28,87.22,0.4654,-1,-1,-1
197,36,1612.52,549.40,51.92,125.00,0.4579,-1,-1,-1
197,29,1346.08,540.92,44.61,132.26,0.6293,-1,-1,-1
197,24,213.69,561.75,36.02,86.37,0.4672,-1,-1,-1
198,36,1619.60,552.27,46.34,121.84,0.5008,-1,-1,-1
198,29,1345.76,543.10,42.79,126.95,0.4941,-1,-1,-1
198,24,212.03,562.42,33.80,85.48,0.5394,-1,-1,-1
199,36,1621.85,553.98,44.33,120.54,0.5727,-1,-1,-1
199,29,1344.31,543.59,43.81,125.92,0.6218,-1,-1,-1
199,24,206.71,562.37,35.23,87.04,0.5186,-1,-1,-1
200,36,1620.66,555.80,45.87,119.81,0.5277,-1,-1,-1
200,29,1342.56,545.48,45.28,126.68,0.6267,-1,-1,-1
200,24,202.37,563.51,38.08,89.27,0.4726,-1,-1,-1
201,36,1618.43,553.09,51.64,123.06,0.6185,-1,-1,-1
201,29,1341.64,549.07,44.98,122.97,0.6503,-1,-1,-1
201,24,200.68,563.64,34.13,89.37,0.4735,-1,-1,-1
202,36,1621.10,553.07,51.47,123.94,0.6072,-1,-1,-1
202,29,1339.31,548.35,45.95,124.93,0.6763,-1,-1,-1
202,24,193.63,562.88,37.82,92.65,0.6059,-1,-1,-1
203,36,1625.02,553.61,49.06,124.96,0.5664,-1,-1,-1
203,29,1336.94,552.25,48.31,119.36,0.7051,-1,-1,-1
203,24,189.22,563.81,41.23,92.26,0.5574,-1,-1,-1
204,36,1632.13,552.39,46.29,123.02,0.6135,-1,-1,-1
204,29,1336.47,550.74,48.01,121.86,0.7168,-1,-1,-1
204,24,187.75,565.85,39.24,91.30,0.5613,-1,-1,-1
205,36,1631.44,555.20,47.30,119.72,0.6115,-1,-1,-1
205,29,1335.61,545.89,47.49,126.69,0.7263,-1,-1,-1
205,24,182.26,566.99,37.58,90.62,0.5739,-1,-1,-1
206,36,1625.87,554.89,55.21,123.38,0.5101,-1,-1,-1
206,29,1335.76,547.54,47.06,125.63,0.7371,-1,-1,-1
206,24,177.65,567.83,39.96,90.28,0.5752,-1,-1,-1
207,36,1626.39,557.20,57.16,122.84,0.4882,-1,-1,-1
207,29,1334.31,549.09,46.94,127.03,0.7599,-1,-1,-1
207,24,172.80,570.51,39.16,92.65,0.5725,-1,-1,-1
208,36,1648.06,556.63,39.42,121.98,0.4171,-1,-1,-1
208,29,1332.73,546.71,49.49,130.03,0.7474,-1,-1,-1
208,24,168.69,570.38,38.71,92.30,0.5600,-1,-1,-1
209,36,1647.26,558.58,42.62,123.64,0.6142,-1,-1,-1
209,29,1331.30,543.89,49.66,133.71,0.7468,-1,-1,-1
209,24,165.64,568.94,39.11,93.13,0.5244,-1,-1,-1
210,36,1647.12,560.09,46.45,123.74,0.5731,-1,-1,-1
210,29,1330.51,541.93,48.74,135.20,0.7449,-1,-1,-1
210,24,163.12,570.71,37.08,93.31,0.4564,-1,-1,-1
211,36,1654.96,567.87,42.82,117.83,0.5296,-1,-1,-1
211,29,1330.17,545.47,47.12,133.01,0.7634,-1,-1,-1
211,24,158.63,570.42,42.42,95.47,0.5727,-1,-1,-1
212,36,1658.20,557.27,47.43,129.75,0.5281,-1,-1,-1
212,29,1328.22,547.07,49.22,131.28,0.7383,-1,-1,-1
212,24,156.05,570.40,40.53,95.34,0.6044,-1,-1,-1
213,36,1646.73,561.13,63.82,129.47,0.4816,-1,-1,-1
213,29,1329.17,548.97,49.20,131.13,0.7345,-1,-1,-1
213,24,153.76,571.88,40.56,94.89,0.5522,-1,-1,-1
214,36,1653.64,559.73,60.94,128.05,0.5132,-1,-1,-1
214,29,1330.72,547.07,49.18,134.17,0.6757,-1,-1,-1
214,24,151.13,574.27,40.87,94.00,0.5941,-1,-1,-1
215,36,1672.65,558.84,46.11,130.00,0.5428,-1,-1,-1
215,29,1330.44,548.24,49.72,135.30,0.6778,-1,-1,-1
215,24,149.64,571.44,39.62,95.05,0.5917,-1,-1,-1
216,36,1677.39,564.29,44.66,124.39,0.6051,-1,-1,-1
216,29,1332.86,551.35,48.03,134.76,0.6689,-1,-1,-1
216,24,147.62,574.35,36.05,91.85,0.4253,-1,-1,-1
217,36,1681.66,561.25,44.99,124.06,0.4835,-1,-1,-1
217,29,1333.18,550.71,48.69,135.55,0.7014,-1,-1,-1
217,24,142.91,572.81,36.26,95.65,0.4762,-1,-1,-1
218,36,1673.11,561.91,66.99,128.43,0.4890,-1,-1,-1
218,29,1335.98,549.09,47.09,135.30,0.7457,-1,-1,-1
218,24,140.10,573.49,37.90,93.98,0.4896,-1,-1,-1
219,42,0.03,579.24,17.85,84.70,0.3336,-1,-1,-1
219,36,1695.06,561.29,47.30,125.67,0.5400,-1,-1,-1
219,29,1337.52,550.31,46.97,136.43,0.7612,-1,-1,-1
219,24,140.51,572.68,38.84,95.06,0.4862,-1,-1,-1
220,41,15.27,579.23,39.30,92.19,0.5612,-1,-1,-1
220,36,1696.79,564.37,50.43,124.11,0.5392,-1,-1,-1
220,29,1339.48,548.62,48.44,139.18,0.7627,-1,-1,-1
220,24,138.37,575.84,38.34,95.18,0.4596,-1,-1,-1
221,41,11.61,580.60,40.46,86.71,0.5348,-1,-1,-1
221,36,1705.84,566.83,44.31,122.30,0.5218,-1,-1,-1
221,29,1342.87,547.57,47.52,142.14,0.7531,-1,-1,-1
221,24,133.18,573.81,39.86,97.34,0.4649,-1,-1,-1
222,41,11.85,579.97,39.20,89.34,0.5541,-1,-1,-1
222,36,1697.21,559.11,67.19,129.17,0.5033,-1,-1,-1
222,29,1346.66,545.40,44.48,139.16,0.7572,-1,-1,-1
222,24,130.26,573.40,40.23,99.20,0.4811,-1,-1,-1
223,41,10.27,579.48,37.11,89.40,0.4608,-1,-1,-1
223,36,1720.20,563.60,46.05,125.52,0.5336,-1,-1,-1
223,29,1347.11,546.80,47.12,139.59,0.7557,-1,-1,-1
223,24,129.32,574.17,39.19,97.86,0.5022,-1,-1,-1
224,36,1722.15,560.81,48.93,125.99,0.4782,-1,-1,-1
224,29,1348.87,543.63,47.57,141.55,0.7570,-1,-1,-1
224,24,129.27,578.10,41.03,96.30,0.4719,-1,-1,-1
225,36,1729.35,553.73,55.92,130.66,0.5429,-1,-1,-1
225,29,1350.91,545.89,48.53,137.78,0.7485,-1,-1,-1
225,24,127.68,577.72,40.28,97.15,0.4994,-1,-1,-1
226,36,1730.69,558.04,60.36,125.36,0.5111,-1,-1,-1
226,29,1352.55,547.48,47.91,136.71,0.7008,-1,-1,-1
226,24,126.38,586.76,42.65,92.72,0.4238,-1,-1,-1
227,36,1746.42,558.88,48.62,126.10,0.5236,-1,-1,-1
227,29,1354.35,547.18,49.35,139.98,0.7483,-1,-1,-1
227,24,120.81,584.65,40.22,96.27,0.3098,-1,-1,-1
228,41,0.22,589.13,31.60,92.05,0.3095,-1,-1,-1
228,36,1751.60,553.18,54.26,129.83,0.5434,-1,-1,-1
228,29,1356.65,549.10,48.15,142.48,0.7463,-1,-1,-1
228,24,118.27,586.43,37.51,96.27,0.3373,-1,-1,-1
229,36,1751.68,558.61,61.18,127.57,0.5028,-1,-1,-1
229,29,1358.43,547.94,48.32,140.85,0.7454,-1,-1,-1
229,24,117.22,586.16,36.40,96.52,0.4066,-1,-1,-1
230,36,1766.25,555.44,52.90,127.01,0.5397,-1,-1,-1
230,29,1362.51,549.84,48.32,140.23,0.7491,-1,-1,-1
230,24,117.34,586.69,33.71,97.55,0.3009,-1,-1,-1
231,36,1775.68,553.06,56.31,131.62,0.5590,-1,-1,-1
231,29,1363.22,552.64,49.94,137.51,0.7345,-1,-1,-1
231,24,116.31,588.21,35.88,97.19,0.3338,-1,-1,-1
232,36,1776.41,553.88,64.83,131.65,0.5180,-1,-1,-1
232,29,1366.76,552.97,48.02,138.39,0.7349,-1,-1,-1
233,36,1792.01,558.43,56.85,127.44,0.5370,-1,-1,-1
233,29,1368.21,551.02,48.92,141.93,0.7661,-1,-1,-1
234,36,1791.48,560.39,66.51,128.87,0.4532,-1,-1,-1
234,29,1370.67,553.60,48.38,137.48,0.7041,-1,-1,-1
235,36,1810.34,559.38,55.88,128.85,0.4599,-1,-1,-1
235,29,1374.98,554.14,48.79,136.05,0.6636,-1,-1,-1
236,36,1825.79,551.21,55.16,124.56,0.5267,-1,-1,-1
236,29,1377.66,552.37,52.47,136.74,0.7028,-1,-1,-1
237,36,1835.47,547.62,57.66,126.66,0.5034,-1,-1,-1
237,29,1379.82,551.35,54.96,137.45,0.6999,-1,-1,-1
238,36,1845.75,545.71,57.89,139.03,0.5070,-1,-1,-1
238,29,1384.45,553.25,49.92,136.53,0.7134,-1,-1,-1
239,36,1847.38,544.70,65.48,142.01,0.4651,-1,-1,-1
239,29,1386.15,553.50,51.03,137.45,0.6842,-1,-1,-1
239,24,105.06,578.19,45.40,105.49,0.3826,-1,-1,-1
240,36,1865.27,543.17,54.12,131.16,0.4512,-1,-1,-1
240,29,1390.69,549.06,49.75,143.43,0.7217,-1,-1,-1
240,24,104.01,577.79,44.82,105.81,0.3988,-1,-1,-1
241,36,1870.09,547.44,49.26,137.32,0.4767,-1,-1,-1
241,29,1396.41,547.11,48.06,146.14,0.7552,-1,-1,-1
241,24,103.42,575.95,42.60,108.15,0.4285,-1,-1,-1
242,29,1401.08,548.13,48.70,146.19,0.6746,-1,-1,-1
242,24,104.62,578.78,43.52,106.00,0.4135,-1,-1,-1
243,29,1405.22,551.37,47.68,141.75,0.6901,-1,-1,-1
243,24,104.51,576.16,46.38,108.80,0.4093,-1,-1,-1
244,29,1410.48,555.65,48.13,137.88,0.7140,-1,-1,-1
244,24,103.92,576.68,43.33,107.77,0.3628,-1,-1,-1
245,29,1417.34,556.05,45.99,138.86,0.7655,-1,-1,-1
245,24,105.47,577.68,43.23,109.38,0.3807,-1,-1,-1
246,29,1422.88,554.00,46.73,141.70,0.7619,-1,-1,-1
246,24,105.11,577.20,40.71,109.87,0.3632,-1,-1,-1
247,29,1427.48,555.98,47.06,141.21,0.7415,-1,-1,-1
247,24,104.53,580.33,41.51,109.65,0.4197,-1,-1,-1
248,44,1328.37,583.44,47.65,131.23,0.3796,-1,-1,-1
248,29,1434.34,556.47,47.35,141.85,0.7561,-1,-1,-1
248,24,105.17,582.15,40.00,108.15,0.3854,-1,-1,-1
249,44,1334.16,581.55,48.99,132.88,0.3824,-1,-1,-1
249,29,1440.37,553.59,46.48,146.48,0.7948,-1,-1,-1
249,24,105.34,584.65,43.29,109.15,0.4063,-1,-1,-1
250,44,1339.64,581.07,47.30,130.68,0.3014,-1,-1,-1
250,29,1446.91,547.10,48.02,150.61,0.7218,-1,-1,-1
250,24,105.93,586.22,43.91,107.84,0.4542,-1,-1,-1
251,29,1455.67,543.19,42.77,158.85,0.7527,-1,-1,-1
251,24,106.89,587.26,42.05,108.26,0.3931,-1,-1,-1
252,29,1460.93,549.25,45.34,149.65,0.7404,-1,-1,-1
252,24,111.26,588.83,35.91,103.25,0.3095,-1,-1,-1
253,29,1468.58,539.60,45.16,158.34,0.7455,-1,-1,-1
253,24,116.89,591.36,39.00,105.41,0.4483,-1,-1,-1
254,29,1472.73,538.75,46.82,158.45,0.7033,-1,-1,-1
254,24,119.17,591.24,38.75,106.06,0.4651,-1,-1,-1
255,29,1481.15,535.01,44.45,155.82,0.7114,-1,-1,-1
255,24,119.17,593.52,41.54,108.73,0.3868,-1,-1,-1
256,29,1489.01,539.61,47.04,155.42,0.7257,-1,-1,-1
256,24,123.76,593.00,41.15,112.22,0.4109,-1,-1,-1
257,29,1498.12,538.53,44.47,152.41,0.7083,-1,-1,-1
257,24,128.97,595.64,47.34,109.25,0.3283,-1,-1,-1
258,29,1506.05,546.93,46.24,149.45,0.6423,-1,-1,-1
258,24,131.55,596.44,44.86,109.44,0.3460,-1,-1,-1
259,41,0.12,610.35,26.48,94.88,0.4729,-1,-1,-1
259,29,1511.97,552.74,51.32,143.16,0.5939,-1,-1,-1
259,24,131.55,594.42,42.76,111.57,0.3772,-1,-1,-1
260,41,0.15,611.97,30.05,94.23,0.4129,-1,-1,-1
260,29,1509.38,551.18,66.57,147.69,0.6694,-1,-1,-1
260,24,131.72,600.26,41.90,108.27,0.3197,-1,-1,-1
261,41,0.09,611.76,31.37,96.90,0.5006,-1,-1,-1
261,29,1520.25,554.76,65.87,144.64,0.5765,-1,-1,-1
261,24,135.95,601.73,42.00,107.24,0.3941,-1,-1,-1
262,41,0.00,610.38,28.79,97.29,0.4984,-1,-1,-1
262,29,1519.28,565.76,78.34,131.59,0.4398,-1,-1,-1
262,24,140.87,600.86,35.59,107.96,0.4578,-1,-1,-1
263,41,0.13,612.76,33.02,94.46,0.4663,-1,-1,-1
263,24,141.88,602.33,39.79,106.16,0.3133,-1,-1,-1
264,47,984.51,520.06,27.05,77.45,0.3074,-1,-1,-1
264,41,0.00,611.84,33.33,96.80,0.5156,-1,-1,-1
265,47,989.60,512.55,30.15,85.26,0.4172,-1,-1,-1
265,41,0.08,615.19,33.50,92.27,0.4631,-1,-1,-1
266,47,996.50,512.64,29.17,85.02,0.4399,-1,-1,-1
266,41,0.11,613.37,38.77,94.26,0.4623,-1,-1,-1
267,47,1003.24,518.31,26.44,79.12,0.3558,-1,-1,-1
267,41,0.15,613.04,42.35,95.03,0.4943,-1,-1,-1
268,47,1007.76,516.86,29.02,82.63,0.3297,-1,-1,-1
268,41,3.19,611.75,42.11,100.03,0.4669,-1,-1,-1
269,48,1057.83,506.46,41.79,99.87,0.4786,-1,-1,-1
269,47,1023.81,511.07,25.14,91.47,0.3662,-1,-1,-1
269,41,4.53,610.17,44.83,100.27,0.4942,-1,-1,-1
270,48,1064.48,504.92,37.60,95.48,0.4245,-1,-1,-1
270,47,1022.58,509.32,27.48,87.63,0.3831,-1,-1,-1
270,41,7.25,609.07,46.30,98.45,0.4642,-1,-1,-1
271,48,1068.69,506.25,37.31,96.99,0.4254,-1,-1,-1
271,47,1025.24,511.09,28.13,85.92,0.3106,-1,-1,-1
271,41,13.03,610.03,41.80,95.88,0.5401,-1,-1,-1
271,24,162.50,595.33,41.86,111.34,0.4304,-1,-1,-1
272,48,1074.22,509.43,36.15,97.76,0.3737,-1,-1,-1
272,47,1032.17,516.67,26.76,77.99,0.3015,-1,-1,-1
272,41,12.72,604.25,43.26,100.61,0.5138,-1,-1,-1
273,48,1078.89,507.48,44.33,100.22,0.3637,-1,-1,-1
273,41,14.51,606.25,44.63,100.47,0.5929,-1,-1,-1
274,48,1089.13,506.63,40.14,94.10,0.4813,-1,-1,-1
274,41,14.47,600.18,43.24,103.14,0.4455,-1,-1,-1
275,41,16.07,597.04,47.72,107.81,0.6144,-1,-1,-1
276,44,1656.01,581.02,75.68,234.95,0.6511,-1,-1,-1
276,41,18.31,600.86,47.38,104.13,0.6279,-1,-1,-1
277,49,1101.44,502.70,39.33,99.97,0.3152,-1,-1,-1
277,44,1669.63,593.42,79.01,225.93,0.5055,-1,-1,-1
277,41,20.28,598.65,47.12,107.29,0.6056,-1,-1,-1
278,49,1110.04,506.87,42.23,95.71,0.3398,-1,-1,-1
278,44,1682.28,597.86,83.82,226.98,0.4514,-1,-1,-1
278,41,21.48,597.96,47.52,109.35,0.5956,-1,-1,-1
278,24,176.15,590.91,46.92,118.87,0.3741,-1,-1,-1
279,44,1694.60,594.89,88.32,235.10,0.5978,-1,-1,-1
279,41,24.34,598.58,48.16,109.65,0.6058,-1,-1,-1
279,24,178.88,591.67,46.54,118.47,0.4374,-1,-1,-1
280,44,1707.46,559.01,70.04,172.05,0.4081,-1,-1,-1
280,41,25.71,600.13,48.34,111.75,0.6286,-1,-1,-1
280,24,181.55,600.66,44.35,111.35,0.4650,-1,-1,-1
281,44,1722.54,550.71,67.28,185.81,0.3070,-1,-1,-1
281,41,25.47,602.02,50.72,112.57,0.6286,-1,-1,-1
281,24,185.29,599.24,44.96,115.47,0.4178,-1,-1,-1
282,41,28.55,605.23,48.76,110.03,0.6182,-1,-1,-1
282,24,187.04,598.00,48.37,117.42,0.4728,-1,-1,-1
283,41,30.97,610.42,47.76,107.58,0.6025,-1,-1,-1
283,24,188.64,599.62,52.16,118.19,0.4684,-1,-1,-1
284,53,1800.41,608.97,100.17,245.37,0.7479,-1,-1,-1
284,41,32.93,610.19,47.76,109.78,0.6394,-1,-1,-1
284,24,192.17,601.47,48.06,117.83,0.3813,-1,-1,-1
285,53,1826.35,612.54,91.01,246.23,0.8108,-1,-1,-1
285,44,1766.57,550.37,60.42,182.85,0.6448,-1,-1,-1
285,41,35.55,612.01,46.57,110.11,0.6388,-1,-1,-1
285,24,194.65,600.88,51.43,120.26,0.4395,-1,-1,-1
286,56,1312.78,535.51,42.14,118.25,0.3429,-1,-1,-1
286,53,1844.27,610.26,75.11,252.46,0.7455,-1,-1,-1
286,44,1778.80,546.29,62.23,189.92,0.7142,-1,-1,-1
286,41,35.64,612.79,47.86,111.97,0.6464,-1,-1,-1
286,24,196.81,601.13,52.04,121.85,0.4208,-1,-1,-1
287,53,1865.50,615.79,53.69,251.06,0.7013,-1,-1,-1
287,44,1796.75,548.53,61.28,191.26,0.7020,-1,-1,-1
287,41,37.13,613.46,49.56,112.50,0.6323,-1,-1,-1
287,24,199.40,606.74,51.33,119.81,0.4334,-1,-1,-1
288,53,1888.21,653.28,30.97,213.66,0.5868,-1,-1,-1
288,44,1804.77,547.85,69.96,194.78,0.6716,-1,-1,-1
288,41,38.31,614.68,51.39,111.93,0.6126,-1,-1,-1
288,24,200.50,604.97,45.40,122.60,0.4925,-1,-1,-1
289,44,1820.55,543.83,65.44,197.95,0.7279,-1,-1,-1
289,41,39.15,614.51,51.02,114.11,0.5697,-1,-1,-1
289,24,201.71,607.38,40.53,119.73,0.3893,-1,-1,-1
290,44,1833.71,543.89,73.10,198.99,0.7608,-1,-1,-1
290,41,41.47,612.13,52.55,116.57,0.6098,-1,-1,-1
290,24,203.71,605.18,47.25,123.46,0.4323,-1,-1,-1
291,44,1849.54,537.53,60.10,204.56,0.7573,-1,-1,-1
291,41,44.12,613.49,54.70,118.84,0.6152,-1,-1,-1
292,44,1861.22,541.51,58.12,204.91,0.7129,-1,-1,-1
292,41,44.98,612.13,53.91,122.13,0.6634,-1,-1,-1
293,44,1877.54,540.49,41.84,207.94,0.6244,-1,-1,-1
293,41,47.34,615.46,53.21,122.84,0.6508,-1,-1,-1
294,41,47.84,619.77,53.84,119.69,0.6003,-1,-1,-1
294,24,216.75,611.44,49.32,124.06,0.4650,-1,-1,-1
295,41,47.32,620.86,56.41,118.56,0.6144,-1,-1,-1
295,24,214.09,614.43,42.65,122.39,0.4390,-1,-1,-1
296,41,48.32,620.81,57.58,118.61,0.5635,-1,-1,-1
296,24,214.68,613.57,46.88,125.02,0.4413,-1,-1,-1
297,55,1381.46,556.69,40.20,107.39,0.4537,-1,-1,-1
297,41,48.80,621.50,57.73,120.32,0.6090,-1,-1,-1
297,24,223.23,615.07,44.85,124.18,0.3719,-1,-1,-1
298,55,1388.93,544.31,42.39,121.12,0.4214,-1,-1,-1
298,41,49.01,621.44,57.14,120.03,0.6082,-1,-1,-1
298,24,224.82,611.45,47.28,127.48,0.4184,-1,-1,-1
299,55,1396.82,565.25,41.97,106.48,0.3227,-1,-1,-1
299,51,1352.64,532.82,52.14,149.57,0.3324,-1,-1,-1
299,41,49.45,622.79,56.94,118.92,0.6155,-1,-1,-1
299,24,226.81,615.98,45.57,123.51,0.4652,-1,-1,-1
300,55,1398.62,552.05,51.47,123.32,0.3037,-1,-1,-1
300,41,49.60,619.85,58.05,123.94,0.5867,-1,-1,-1
300,24,228.73,614.74,49.22,125.90,0.4987,-1,-1,-1
301,41,48.91,624.46,55.45,122.50,0.5044,-1,-1,-1
301,24,228.00,616.64,50.64,126.47,0.4830,-1,-1,-1
302,41,48.52,623.00,57.80,124.13,0.4920,-1,-1,-1
302,24,227.59,614.13,50.23,129.75,0.4957,-1,-1,-1
303,41,45.97,628.25,55.69,123.82,0.4652,-1,-1,-1
303,24,227.35,622.35,50.43,126.92,0.4471,-1,-1,-1
304,41,46.79,627.71,55.49,123.33,0.4480,-1,-1,-1
304,24,227.94,622.26,49.98,126.68,0.5148,-1,-1,-1
305,41,49.30,636.27,58.54,117.42,0.4621,-1,-1,-1
305,24,227.20,628.51,50.96,125.02,0.4841,-1,-1,-1
306,41,47.68,636.26,57.48,117.10,0.4345,-1,-1,-1
306,24,229.90,627.44,49.87,126.55,0.4850,-1,-1,-1
307,41,45.41,635.04,59.74,122.07,0.4808,-1,-1,-1
307,24,228.57,627.19,50.15,128.70,0.4913,-1,-1,-1
308,47,1343.71,527.83,39.87,110.09,0.3948,-1,-1,-1
308,41,44.55,637.02,61.52,127.52,0.5546,-1,-1,-1
308,24,227.42,629.12,47.39,131.73,0.4620,-1,-1,-1
309,41,43.86,636.51,60.85,126.76,0.6164,-1,-1,-1
309,24,226.06,627.16,47.30,133.47,0.4384,-1,-1,-1
310,41,42.80,638.45,61.15,126.53,0.5955,-1,-1,-1
310,24,225.28,630.46,49.80,132.80,0.4357,-1,-1,-1
311,41,40.89,641.75,63.43,126.64,0.6292,-1,-1,-1
311,24,229.38,631.96,54.02,132.60,0.3678,-1,-1,-1
312,41,39.96,641.08,61.90,126.29,0.5799,-1,-1,-1
312,24,226.14,630.27,52.56,133.59,0.3833,-1,-1,-1
313,41,38.87,643.26,63.86,129.52,0.6416,-1,-1,-1
313,24,228.86,636.51,56.10,132.75,0.3625,-1,-1,-1
314,41,37.64,645.28,60.79,128.53,0.5439,-1,-1,-1
314,24,227.77,638.48,50.54,134.69,0.3736,-1,-1,-1
315,41,36.99,644.68,59.74,128.97,0.5438,-1,-1,-1
315,24,227.83,636.76,50.70,136.85,0.4023,-1,-1,-1
316,41,34.58,645.19,57.62,130.11,0.4176,-1,-1,-1
316,24,226.23,637.27,50.21,137.01,0.3843,-1,-1,-1
317,41,35.01,645.93,55.44,130.96,0.3997,-1,-1,-1
317,24,226.41,638.31,50.73,136.87,0.4154,-1,-1,-1
318,41,34.12,647.31,56.06,131.42,0.4660,-1,-1,-1
318,24,226.18,640.28,47.39,135.49,0.3959,-1,-1,-1
319,47,1399.65,588.00,57.20,154.79,0.4030,-1,-1,-1
319,41,33.16,648.83,54.79,131.26,0.4419,-1,-1,-1
319,24,227.02,641.62,52.02,135.80,0.3736,-1,-1,-1
320,41,28.85,647.48,58.83,134.25,0.4502,-1,-1,-1
320,24,225.61,640.61,52.59,138.93,0.4202,-1,-1,-1
321,48,1531.78,596.00,47.48,127.65,0.4018,-1,-1,-1
321,41,26.12,648.43,60.83,135.91,0.5092,-1,-1,-1
321,24,224.53,639.25,53.65,140.97,0.4290,-1,-1,-1
322,48,1534.42,587.00,58.11,140.02,0.5018,-1,-1,-1
322,41,24.09,648.74,60.44,136.30,0.4720,-1,-1,-1
322,24,223.85,637.87,53.81,142.86,0.4616,-1,-1,-1
323,48,1540.52,583.90,57.38,143.19,0.5776,-1,-1,-1
323,47,1404.80,590.03,68.41,158.73,0.4150,-1,-1,-1
323,41,20.46,647.87,61.65,138.09,0.5179,-1,-1,-1
323,24,222.78,635.41,54.81,146.17,0.3646,-1,-1,-1
324,48,1543.13,591.85,56.61,135.07,0.5380,-1,-1,-1
324,41,16.76,646.24,61.44,138.10,0.5101,-1,-1,-1
324,24,212.60,634.30,46.98,144.37,0.3555,-1,-1,-1
325,48,1548.66,610.08,51.54,121.36,0.4965,-1,-1,-1
325,41,14.68,648.13,62.32,136.16,0.5181,-1,-1,-1
325,24,220.82,634.42,56.15,147.05,0.3881,-1,-1,-1
326,41,11.09,647.06,60.93,137.12,0.5601,-1,-1,-1
326,24,220.63,635.43,53.98,146.26,0.4113,-1,-1,-1
327,47,1418.15,599.37,62.31,150.49,0.6185,-1,-1,-1
327,41,8.32,647.11,61.26,137.12,0.6158,-1,-1,-1
327,24,213.26,638.46,57.74,143.01,0.4917,-1,-1,-1
328,62,1559.22,589.98,53.36,144.82,0.3883,-1,-1,-1
328,59,1786.28,541.29,40.05,119.21,0.5422,-1,-1,-1
328,47,1419.01,594.46,65.05,156.64,0.6021,-1,-1,-1
328,41,6.32,653.78,60.63,132.81,0.6030,-1,-1,-1
328,24,207.68,637.92,62.58,147.97,0.4099,-1,-1,-1
329,62,1562.88,585.19,53.55,152.71,0.4984,-1,-1,-1
329,47,1418.97,597.85,63.83,151.96,0.5802,-1,-1,-1
329,41,10.33,648.87,51.11,135.77,0.4845,-1,-1,-1
329,24,201.08,631.28,47.67,150.73,0.3333,-1,-1,-1
330,62,1562.95,586.78,59.10,158.11,0.4764,-1,-1,-1
330,47,1423.81,596.39,58.64,154.96,0.5070,-1,-1,-1
330,41,5.40,652.51,51.08,130.98,0.5153,-1,-1,-1
330,24,201.15,631.94,49.60,150.83,0.3513,-1,-1,-1
331,62,1550.66,554.40,73.86,188.54,0.3547,-1,-1,-1
331,47,1429.64,596.82,55.82,154.52,0.6447,-1,-1,-1
331,41,4.12,651.48,50.80,132.97,0.5149,-1,-1,-1
331,24,197.24,632.13,49.45,153.08,0.3487,-1,-1,-1
332,59,1805.31,533.75,48.01,126.71,0.3528,-1,-1,-1
332,47,1431.40,601.64,56.38,149.37,0.6267,-1,-1,-1
332,41,2.01,645.54,45.77,133.23,0.5161,-1,-1,-1
332,24,192.56,628.69,50.68,151.57,0.3297,-1,-1,-1
333,59,1813.13,526.88,47.97,129.62,0.4402,-1,-1,-1
333,47,1429.34,595.66,62.68,157.16,0.5239,-1,-1,-1
333,41,0.03,645.52,43.52,133.69,0.5680,-1,-1,-1
333,24,187.75,627.40,65.74,153.71,0.3902,-1,-1,-1
334,59,1820.66,523.96,48.98,129.43,0.5161,-1,-1,-1
334,48,1581.49,585.34,54.92,151.47,0.4692,-1,-1,-1
334,47,1420.93,594.11,71.18,159.21,0.5211,-1,-1,-1
334,41,0.14,646.46,38.22,132.11,0.5768,-1,-1,-1
334,24,189.08,626.14,65.83,155.96,0.3376,-1,-1,-1
335,59,1825.27,518.52,48.48,135.82,0.6376,-1,-1,-1
335,48,1583.85,590.44,58.18,143.79,0.3752,-1,-1,-1
335,47,1412.54,593.76,87.70,159.85,0.3427,-1,-1,-1
335,41,0.15,646.05,32.64,133.54,0.4921,-1,-1,-1
336,59,1827.67,513.58,53.67,136.33,0.5639,-1,-1,-1
336,48,1575.50,536.54,62.65,211.68,0.3026,-1,-1,-1
336,47,1420.97,587.45,85.50,165.52,0.5722,-1,-1,-1
336,41,0.11,648.16,28.80,134.38,0.5375,-1,-1,-1
337,59,1837.54,518.44,48.82,137.16,0.4645,-1,-1,-1
337,48,1572.55,531.43,68.01,220.14,0.4365,-1,-1,-1
337,47,1428.86,592.55,79.50,168.01,0.6618,-1,-1,-1
337,41,0.14,645.91,23.43,136.84,0.4218,-1,-1,-1
338,59,1841.38,519.52,50.23,131.17,0.5996,-1,-1,-1
338,48,1572.71,532.19,69.32,216.73,0.3700,-1,-1,-1
338,47,1430.82,593.40,85.96,166.58,0.5655,-1,-1,-1
338,41,0.11,669.79,18.55,120.33,0.3363,-1,-1,-1
339,59,1846.82,518.94,48.64,132.64,0.5667,-1,-1,-1
339,47,1426.67,599.01,95.39,167.22,0.7191,-1,-1,-1
339,24,168.00,638.68,58.40,157.37,0.4986,-1,-1,-1
340,59,1849.75,518.44,50.20,131.50,0.5756,-1,-1,-1
340,47,1432.41,596.58,91.51,169.97,0.7526,-1,-1,-1
340,24,169.83,640.74,54.18,156.00,0.4730,-1,-1,-1
341,47,1435.52,601.39,87.27,171.85,0.7355,-1,-1,-1
341,24,184.63,637.47,52.14,157.22,0.3833,-1,-1,-1
342,47,1422.86,602.48,93.45,176.62,0.6930,-1,-1,-1
342,24,191.90,637.55,44.97,155.68,0.3150,-1,-1,-1
343,64,146.63,649.87,50.47,162.12,0.5285,-1,-1,-1
343,47,1444.10,614.91,68.71,169.34,0.6041,-1,-1,-1
344,64,139.32,653.89,58.16,163.20,0.4860,-1,-1,-1
344,47,1442.87,617.60,71.04,170.82,0.6753,-1,-1,-1
345,64,137.41,659.44,53.20,164.19,0.3694,-1,-1,-1
345,62,1571.96,595.94,50.82,172.67,0.3963,-1,-1,-1
345,47,1444.79,618.87,69.36,182.30,0.6134,-1,-1,-1
346,64,128.82,662.87,55.51,170.04,0.3676,-1,-1,-1
346,62,1573.58,593.75,53.19,185.18,0.4138,-1,-1,-1
346,59,1879.00,534.21,40.37,141.88,0.4743,-1,-1,-1
346,47,1440.41,622.47,68.46,182.35,0.5912,-1,-1,-1
347,64,117.72,670.77,56.69,170.19,0.4566,-1,-1,-1
347,63,1361.85,582.43,61.52,193.31,0.3553,-1,-1,-1
347,59,1884.71,541.18,34.66,136.78,0.3244,-1,-1,-1
347,47,1432.54,627.05,78.10,185.88,0.5993,-1,-1,-1
348,64,118.47,671.19,55.59,170.12,0.5843,-1,-1,-1
348,48,1576.28,599.80,63.71,188.87,0.5148,-1,-1,-1
348,47,1448.88,630.99,60.94,187.05,0.6564,-1,-1,-1
349,65,1394.44,595.43,65.79,190.97,0.5119,-1,-1,-1
349,64,105.47,674.10,64.04,169.56,0.4650,-1,-1,-1
349,48,1578.73,613.67,63.69,182.71,0.4367,-1,-1,-1
349,47,1444.90,635.13,69.07,191.59,0.6875,-1,-1,-1
350,65,1395.12,597.98,59.56,189.90,0.4075,-1,-1,-1
350,64,102.60,670.66,59.56,173.93,0.4883,-1,-1,-1
350,48,1580.67,614.91,73.18,183.46,0.5738,-1,-1,-1
350,47,1442.90,639.14,79.03,190.24,0.6503,-1,-1,-1
351,65,1392.88,600.95,64.01,191.05,0.3519,-1,-1,-1
351,64,94.75,672.92,59.70,176.05,0.5600,-1,-1,-1
351,63,1354.51,607.24,71.62,178.66,0.4139,-1,-1,-1
351,48,1581.78,608.43,69.54,189.19,0.4102,-1,-1,-1
351,47,1439.70,646.13,84.75,187.39,0.7042,-1,-1,-1
352,65,1358.52,604.40,63.53,184.97,0.4532,-1,-1,-1
352,64,85.92,673.87,62.97,176.37,0.5697,-1,-1,-1
352,48,1584.02,606.58,80.55,206.78,0.5264,-1,-1,-1
352,47,1427.07,649.88,97.38,189.95,0.6594,-1,-1,-1
353,65,1356.96,602.53,64.24,188.79,0.4916,-1,-1,-1
353,64,79.73,680.23,66.63,170.92,0.4339,-1,-1,-1
353,48,1583.44,610.25,72.97,203.18,0.5756,-1,-1,-1
353,47,1437.21,651.60,92.36,191.63,0.6676,-1,-1,-1
354,65,1346.90,604.49,70.95,189.52,0.4860,-1,-1,-1
354,64,79.76,682.58,66.09,172.06,0.5197,-1,-1,-1
354,48,1582.78,619.96,71.90,199.07,0.5588,-1,-1,-1
354,47,1447.98,655.94,81.71,197.13,0.6894,-1,-1,-1
355,65,1349.84,606.83,62.05,190.89,0.4303,-1,-1,-1
355,64,87.22,678.22,49.14,179.36,0.4127,-1,-1,-1
355,63,1390.91,604.59,61.37,197.87,0.4293,-1,-1,-1
355,48,1582.55,628.00,73.19,192.51,0.5786,-1,-1,-1
355,47,1445.90,656.48,83.80,196.07,0.6566,-1,-1,-1
355,24,122.33,667.07,48.14,166.80,0.4648,-1,-1,-1
356,65,1347.87,602.74,63.31,197.46,0.3902,-1,-1,-1
356,64,59.12,681.50,67.22,177.67,0.4241,-1,-1,-1
356,63,1391.38,610.60,60.65,199.75,0.3672,-1,-1,-1
356,48,1581.08,632.79,78.18,196.51,0.5770,-1,-1,-1
356,47,1440.27,658.61,94.83,198.91,0.6952,-1,-1,-1
356,24,115.46,664.86,55.10,172.58,0.3936,-1,-1,-1
357,65,1348.50,582.31,56.29,216.90,0.3654,-1,-1,-1
357,64,75.97,679.30,48.26,176.55,0.3899,-1,-1,-1
357,63,1384.89,611.93,67.23,200.30,0.3771,-1,-1,-1
357,48,1576.59,644.07,85.11,192.14,0.6404,-1,-1,-1
357,47,1448.54,666.43,85.86,196.95,0.7572,-1,-1,-1
358,65,1351.36,598.94,50.43,200.12,0.4392,-1,-1,-1
358,64,60.68,683.45,58.71,181.45,0.5443,-1,-1,-1
358,63,1387.00,614.55,69.65,199.00,0.5231,-1,-1,-1
358,48,1575.25,647.96,92.07,190.56,0.6255,-1,-1,-1
358,47,1450.48,671.72,81.52,192.62,0.7842,-1,-1,-1
359,65,1345.55,593.31,54.22,183.88,0.4115,-1,-1,-1
359,64,48.08,692.93,57.62,175.14,0.3690,-1,-1,-1
359,63,1386.49,614.57,71.57,202.63,0.4642,-1,-1,-1
359,48,1578.98,649.91,93.03,195.39,0.6683,-1,-1,-1
359,47,1450.89,681.74,78.46,192.51,0.6677,-1,-1,-1
360,65,1341.49,593.41,58.39,216.63,0.5521,-1,-1,-1
360,64,40.50,691.88,58.93,178.29,0.4084,-1,-1,-1
360,63,1378.49,621.32,79.47,198.27,0.4151,-1,-1,-1
360,48,1580.81,655.99,91.87,197.34,0.6186,-1,-1,-1
360,47,1454.10,683.81,74.64,193.22,0.7213,-1,-1,-1
361,65,1342.13,593.18,54.51,208.30,0.4559,-1,-1,-1
361,64,33.76,688.56,60.45,183.45,0.4913,-1,-1,-1
361,63,1375.84,620.61,78.06,201.91,0.4502,-1,-1,-1
361,48,1580.39,661.57,93.00,195.25,0.6780,-1,-1,-1
361,47,1454.64,685.64,70.87,199.65,0.7348,-1,-1,-1
361,24,83.33,681.58,54.21,170.76,0.4341,-1,-1,-1
362,65,1341.60,599.21,54.92,221.70,0.5294,-1,-1,-1
362,64,24.36,692.22,68.29,184.81,0.4408,-1,-1,-1
362,63,1374.38,622.44,86.38,207.40,0.4946,-1,-1,-1
362,48,1582.77,660.87,89.12,202.44,0.6443,-1,-1,-1
362,47,1453.08,681.81,77.16,206.15,0.7320,-1,-1,-1
362,24,77.57,683.20,48.45,172.29,0.4968,-1,-1,-1
363,65,1340.08,599.98,55.69,221.49,0.5457,-1,-1,-1
363,64,17.52,692.50,66.88,191.00,0.3859,-1,-1,-1
363,63,1378.48,617.37,82.42,214.98,0.4929,-1,-1,-1
363,48,1584.25,660.76,84.29,205.71,0.5625,-1,-1,-1
363,47,1455.02,678.82,75.21,220.22,0.7406,-1,-1,-1
363,24,68.66,682.23,51.77,177.96,0.4350,-1,-1,-1
364,65,1337.76,611.14,56.09,197.95,0.3122,-1,-1,-1
364,64,10.82,697.28,65.87,187.42,0.4325,-1,-1,-1
364,63,1374.37,629.87,60.14,209.39,0.4714,-1,-1,-1
364,48,1581.41,661.78,80.31,215.25,0.6292,-1,-1,-1
364,47,1451.16,688.17,83.41,221.76,0.7584,-1,-1,-1
364,24,64.35,685.92,51.60,178.39,0.3715,-1,-1,-1
365,65,1338.63,629.76,49.04,161.25,0.3369,-1,-1,-1
365,64,5.04,700.49,62.93,193.06,0.4497,-1,-1,-1
365,63,1372.49,630.08,70.71,216.79,0.5356,-1,-1,-1
365,48,1582.63,665.50,75.80,214.57,0.5975,-1,-1,-1
365,47,1447.44,692.44,92.31,220.07,0.6988,-1,-1,-1
365,24,53.33,692.34,56.45,178.22,0.3847,-1,-1,-1
366,65,1339.79,634.15,51.34,212.46,0.3635,-1,-1,-1
366,64,8.20,705.41,53.06,188.87,0.5091,-1,-1,-1
366,63,1372.90,632.66,69.08,217.85,0.6042,-1,-1,-1
366,48,1579.56,663.66,76.06,218.80,0.6737,-1,-1,-1
366,47,1448.18,697.80,96.77,223.36,0.7253,-1,-1,-1
366,24,49.03,693.98,53.10,174.02,0.5618,-1,-1,-1
367,65,1334.67,640.83,50.13,160.93,0.4946,-1,-1,-1
367,64,3.25,714.21,52.31,185.89,0.5156,-1,-1,-1
367,63,1374.36,638.82,67.78,214.03,0.5760,-1,-1,-1
367,48,1577.77,661.41,82.26,233.98,0.6498,-1,-1,-1
367,47,1454.26,706.48,91.29,220.91,0.7107,-1,-1,-1
367,24,44.39,702.59,49.91,172.35,0.5367,-1,-1,-1
368,65,1333.68,644.79,49.95,168.35,0.4757,-1,-1,-1
368,64,0.18,715.78,46.21,191.04,0.4644,-1,-1,-1
368,63,1372.61,639.19,62.71,217.47,0.5891,-1,-1,-1
368,48,1575.59,663.63,87.30,236.48,0.6304,-1,-1,-1
368,47,1456.63,711.61,90.79,223.05,0.7127,-1,-1,-1
368,24,34.81,707.72,53.67,174.59,0.3835,-1,-1,-1
369,65,1328.76,644.79,57.46,208.48,0.5574,-1,-1,-1
369,64,0.18,714.75,42.36,197.61,0.4829,-1,-1,-1
369,63,1374.13,642.01,62.18,217.41,0.5802,-1,-1,-1
369,48,1577.35,663.45,86.07,238.60,0.6316,-1,-1,-1
369,47,1461.77,710.22,89.05,229.00,0.5707,-1,-1,-1
369,24,24.62,708.00,56.31,180.58,0.6029,-1,-1,-1
370,65,1326.55,643.44,59.58,219.95,0.3464,-1,-1,-1
370,64,0.18,718.99,30.42,194.93,0.3763,-1,-1,-1
370,63,1368.07,643.82,65.54,220.97,0.5170,-1,-1,-1
370,48,1564.29,662.59,102.07,240.59,0.6565,-1,-1,-1
370,47,1460.44,715.63,92.66,230.21,0.6383,-1,-1,-1
370,24,12.73,711.09,57.15,181.72,0.4460,-1,-1,-1
371,66,1504.80,576.76,44.98,67.57,0.3103,-1,-1,-1
371,64,0.16,723.77,28.31,185.79,0.3568,-1,-1,-1
371,63,1366.42,644.92,68.01,222.81,0.4880,-1,-1,-1
371,48,1557.99,667.19,112.88,236.51,0.6947,-1,-1,-1
371,47,1462.03,718.99,91.80,229.38,0.7186,-1,-1,-1
371,24,9.88,713.65,54.99,187.05,0.5524,-1,-1,-1
372,63,1362.46,646.48,71.15,224.29,0.5200,-1,-1,-1
372,48,1555.51,668.98,116.05,241.09,0.6669,-1,-1,-1
372,47,1460.98,719.83,94.39,232.50,0.7244,-1,-1,-1
372,24,1.38,717.71,58.19,182.99,0.6471,-1,-1,-1
373,63,1359.89,649.22,72.67,223.99,0.4941,-1,-1,-1
373,48,1562.99,671.68,110.23,244.49,0.6847,-1,-1,-1
373,47,1459.49,719.68,96.16,235.31,0.7239,-1,-1,-1
373,24,0.34,726.56,51.22,179.10,0.5496,-1,-1,-1
374,63,1359.09,653.85,74.44,222.37,0.5884,-1,-1,-1
374,48,1560.45,678.24,111.85,243.25,0.6547,-1,-1,-1
374,47,1455.08,722.41,96.29,237.41,0.7138,-1,-1,-1
374,24,0.21,730.27,41.70,176.17,0.6577,-1,-1,-1
375,63,1357.99,657.12,77.78,221.94,0.5840,-1,-1,-1
375,48,1562.56,674.09,105.48,245.44,0.6330,-1,-1,-1
375,47,1455.30,724.32,86.18,239.48,0.7044,-1,-1,-1
375,24,0.09,733.11,34.90,180.02,0.5737,-1,-1,-1
376,63,1351.29,653.32,79.14,222.47,0.5088,-1,-1,-1
376,48,1559.61,679.06,103.11,242.68,0.6108,-1,-1,-1
376,47,1456.38,726.02,81.36,241.69,0.7020,-1,-1,-1
376,24,0.10,734.05,23.56,172.78,0.5310,-1,-1,-1
377,67,1712.46,602.55,61.00,149.64,0.3323,-1,-1,-1
377,63,1346.28,648.86,88.20,228.25,0.5839,-1,-1,-1
377,48,1555.72,683.27,99.14,235.51,0.5969,-1,-1,-1
377,47,1456.13,725.32,82.12,247.86,0.6784,-1,-1,-1
378,67,1723.67,605.37,58.91,141.60,0.5157,-1,-1,-1
378,63,1340.72,646.84,87.30,232.63,0.4302,-1,-1,-1
378,48,1550.46,683.32,101.14,243.72,0.6499,-1,-1,-1
378,47,1457.65,725.94,80.75,254.39,0.6445,-1,-1,-1
379,67,1717.40,599.46,62.53,144.91,0.3526,-1,-1,-1
379,63,1336.58,648.43,63.14,181.99,0.3057,-1,-1,-1
379,48,1547.89,677.26,92.27,249.34,0.7072,-1,-1,-1
379,47,1456.78,725.58,79.84,262.25,0.6688,-1,-1,-1
380,67,1729.30,600.78,46.74,144.60,0.3179,-1,-1,-1
380,63,1331.44,648.00,60.72,178.34,0.4129,-1,-1,-1
380,48,1540.97,679.36,96.08,252.26,0.6643,-1,-1,-1
380,47,1454.53,724.83,80.28,267.78,0.6928,-1,-1,-1
381,67,1711.51,601.40,55.89,143.89,0.3309,-1,-1,-1
381,63,1327.79,647.76,59.20,183.20,0.4176,-1,-1,-1
381,48,1530.46,679.53,87.78,259.43,0.6150,-1,-1,-1
381,47,1452.82,727.45,91.93,267.88,0.7050,-1,-1,-1
382,67,1714.19,589.99,62.57,154.10,0.4632,-1,-1,-1
382,63,1323.49,648.48,58.72,182.97,0.6209,-1,-1,-1
382,48,1534.44,677.80,78.68,260.03,0.5855,-1,-1,-1
382,47,1449.62,732.32,90.89,268.19,0.6865,-1,-1,-1
383,67,1710.92,594.97,53.44,146.30,0.3534,-1,-1,-1
383,63,1321.25,649.01,54.37,187.63,0.6668,-1,-1,-1
383,48,1529.04,687.10,83.32,249.69,0.5602,-1,-1,-1
383,47,1446.83,737.79,96.57,267.10,0.7161,-1,-1,-1
384,67,1710.67,596.65,54.61,146.86,0.3830,-1,-1,-1
384,63,1317.45,647.56,52.96,188.77,0.6727,-1,-1,-1
384,48,1519.54,684.08,91.08,258.99,0.5851,-1,-1,-1
384,47,1443.32,740.86,101.57,270.46,0.7348,-1,-1,-1
385,67,1716.88,592.04,69.80,155.68,0.4331,-1,-1,-1
385,48,1518.80,688.78,92.42,250.91,0.6054,-1,-1,-1
385,47,1439.97,742.07,99.39,271.06,0.7481,-1,-1,-1
386,69,1433.00,559.62,46.30,83.25,0.3879,-1,-1,-1
386,67,1718.62,594.23,67.23,157.01,0.3018,-1,-1,-1
386,48,1512.59,694.70,97.13,252.48,0.5701,-1,-1,-1
386,47,1433.38,745.61,95.59,273.97,0.7487,-1,-1,-1
387,67,1727.99,588.76,64.75,154.97,0.3177,-1,-1,-1
387,65,1239.58,643.46,65.64,218.42,0.4951,-1,-1,-1
387,48,1506.10,693.53,97.52,257.14,0.6553,-1,-1,-1
387,47,1431.92,746.03,90.95,275.08,0.7025,-1,-1,-1
388,66,1488.96,559.42,55.78,74.53,0.3930,-1,-1,-1
388,65,1235.69,648.65,56.79,213.33,0.4926,-1,-1,-1
388,48,1494.95,680.20,105.05,275.24,0.5974,-1,-1,-1
388,47,1429.35,746.18,91.06,282.17,0.6605,-1,-1,-1
389,65,1216.95,644.81,69.02,219.57,0.4830,-1,-1,-1
389,48,1486.18,682.81,113.07,275.17,0.6406,-1,-1,-1
389,47,1426.78,746.25,93.82,290.19,0.5931,-1,-1,-1
390,65,1226.31,647.58,57.88,225.27,0.4834,-1,-1,-1
390,48,1487.37,691.69,106.88,265.78,0.5612,-1,-1,-1
390,47,1415.01,749.08,101.93,291.57,0.6095,-1,-1,-1
391,65,1215.58,650.68,58.80,221.46,0.3407,-1,-1,-1
391,48,1482.68,714.21,108.28,239.09,0.5664,-1,-1,-1
391,47,1406.76,751.97,113.44,298.15,0.5774,-1,-1,-1
392,70,1525.37,559.76,43.31,92.26,0.3366,-1,-1,-1
392,65,1195.40,646.85,70.34,229.28,0.4906,-1,-1,-1
392,48,1470.45,707.96,112.84,252.51,0.5198,-1,-1,-1
392,47,1398.01,756.40,108.16,296.02,0.6735,-1,-1,-1
393,71,1335.07,553.67,52.51,117.22,0.4282,-1,-1,-1
393,70,1519.33,563.26,44.14,90.15,0.4266,-1,-1,-1
393,65,1190.98,646.60,68.29,231.64,0.4799,-1,-1,-1
393,48,1457.90,705.83,77.76,172.14,0.3620,-1,-1,-1
393,47,1394.72,762.32,111.85,296.19,0.6515,-1,-1,-1
394,71,1329.35,554.10,49.75,115.91,0.4489,-1,-1,-1
394,70,1517.52,563.81,43.51,91.37,0.3002,-1,-1,-1
394,67,1730.33,604.35,55.58,157.93,0.4590,-1,-1,-1
394,65,1183.57,651.15,65.59,227.86,0.5015,-1,-1,-1
394,47,1388.34,764.74,104.83,299.15,0.5831,-1,-1,-1
395,71,1321.28,556.47,51.97,122.27,0.5622,-1,-1,-1
395,70,1508.56,562.86,43.73,85.89,0.3352,-1,-1,-1
395,67,1727.91,597.80,56.56,167.44,0.4611,-1,-1,-1
395,66,1459.32,559.57,44.29,80.98,0.3552,-1,-1,-1
395,65,1170.22,648.71,70.71,238.55,0.6525,-1,-1,-1
395,47,1380.29,767.47,99.86,301.37,0.6790,-1,-1,-1
396,71,1315.54,558.50,51.87,122.65,0.4676,-1,-1,-1
396,69,1384.09,548.86,44.47,98.69,0.4157,-1,-1,-1
396,67,1726.73,597.87,57.21,171.71,0.4980,-1,-1,-1
396,66,1445.63,558.27,49.27,82.74,0.3514,-1,-1,-1
396,65,1162.30,648.52,70.14,220.93,0.5778,-1,-1,-1
396,47,1372.39,771.90,105.08,302.12,0.7461,-1,-1,-1
397,71,1312.95,562.64,49.13,121.30,0.4727,-1,-1,-1
397,69,1372.40,551.23,45.10,96.76,0.4724,-1,-1,-1
397,67,1723.52,602.03,56.09,167.48,0.5076,-1,-1,-1
397,66,1445.78,562.66,51.57,83.07,0.5600,-1,-1,-1
397,65,1149.18,648.81,73.13,231.56,0.6025,-1,-1,-1
397,48,1418.53,717.29,88.16,262.14,0.4163,-1,-1,-1
397,47,1365.82,772.40,102.11,305.38,0.6440,-1,-1,-1
398,71,1301.22,557.23,47.59,125.88,0.6488,-1,-1,-1
398,69,1367.08,552.05,47.56,94.39,0.4548,-1,-1,-1
398,67,1715.75,606.49,56.10,163.24,0.4393,-1,-1,-1
398,66,1436.72,558.74,51.79,87.62,0.3245,-1,-1,-1
398,65,1141.98,648.62,73.91,240.15,0.5449,-1,-1,-1
398,48,1401.78,715.69,81.29,160.35,0.3366,-1,-1,-1
398,47,1356.65,769.50,112.98,305.74,0.5333,-1,-1,-1
399,71,1293.04,552.11,50.73,128.77,0.5964,-1,-1,-1
399,69,1361.83,556.76,38.32,91.18,0.3336,-1,-1,-1
399,67,1713.06,605.27,59.92,162.25,0.4787,-1,-1,-1
399,65,1129.30,653.90,67.18,224.23,0.6109,-1,-1,-1
399,47,1348.29,768.08,111.71,311.92,0.3335,-1,-1,-1
400,71,1289.70,557.65,40.51,125.10,0.6083,-1,-1,-1
400,69,1349.08,549.03,43.57,99.21,0.5130,-1,-1,-1
400,67,1711.72,610.44,68.80,161.84,0.3388,-1,-1,-1
400,65,1110.50,652.76,95.57,269.11,0.5451,-1,-1,-1
400,47,1339.67,770.48,111.19,309.37,0.3856,-1,-1,-1
401,71,1277.48,552.38,47.27,131.21,0.6619,-1,-1,-1
401,70,1465.26,558.52,44.24,90.96,0.3094,-1,-1,-1
401,69,1340.70,545.05,45.04,101.31,0.4687,-1,-1,-1
401,67,1707.62,610.20,57.03,160.90,0.3395,-1,-1,-1
401,65,1092.89,657.22,83.15,247.40,0.7007,-1,-1,-1
401,47,1322.64,771.84,114.91,307.05,0.5653,-1,-1,-1
402,71,1267.70,551.56,47.77,128.95,0.4939,-1,-1,-1
402,70,1454.67,555.79,45.77,98.39,0.3016,-1,-1,-1
402,69,1323.25,539.48,51.61,110.07,0.4397,-1,-1,-1
402,65,1073.27,655.65,102.20,251.69,0.6523,-1,-1,-1
402,47,1314.70,776.78,115.28,302.45,0.6448,-1,-1,-1
403,71,1262.27,553.63,40.14,128.11,0.4628,-1,-1,-1
403,70,1446.08,557.73,51.31,99.45,0.3681,-1,-1,-1
403,69,1315.05,543.20,51.37,104.82,0.5202,-1,-1,-1
403,65,1057.33,656.08,112.40,283.07,0.6647,-1,-1,-1
403,47,1302.78,761.92,125.15,316.35,0.6407,-1,-1,-1
404,71,1250.97,546.99,44.50,131.08,0.4947,-1,-1,-1
404,70,1435.16,561.35,47.01,89.27,0.4463,-1,-1,-1
404,69,1311.19,543.15,45.82,105.55,0.5543,-1,-1,-1
404,65,1068.08,660.10,92.10,282.27,0.6716,-1,-1,-1
404,47,1284.49,767.40,129.11,310.84,0.7311,-1,-1,-1
405,71,1241.88,546.09,38.66,134.96,0.4920,-1,-1,-1
405,70,1425.16,559.64,46.21,95.31,0.4478,-1,-1,-1
405,69,1296.50,541.57,49.63,108.86,0.4407,-1,-1,-1
405,66,1374.70,559.40,51.11,87.29,0.3299,-1,-1,-1
405,65,1039.88,659.97,104.87,280.52,0.6304,-1,-1,-1
405,47,1258.52,783.36,142.42,296.53,0.6210,-1,-1,-1
406,71,1228.91,548.21,43.76,128.12,0.6197,-1,-1,-1
406,70,1415.34,555.76,46.92,95.89,0.3943,-1,-1,-1
406,69,1291.73,542.56,43.74,104.54,0.6222,-1,-1,-1
406,65,1010.76,661.67,117.88,282.90,0.7467,-1,-1,-1
406,47,1202.60,783.01,182.24,295.61,0.5779,-1,-1,-1
407,71,1218.04,542.45,44.23,140.34,0.5248,-1,-1,-1
407,70,1404.48,552.48,46.92,105.05,0.4213,-1,-1,-1
407,69,1279.51,549.88,43.49,100.73,0.5676,-1,-1,-1
407,65,994.90,664.47,120.67,285.72,0.5517,-1,-1,-1
407,47,1184.00,780.54,186.63,298.48,0.6123,-1,-1,-1
408,71,1204.42,546.67,46.50,131.85,0.5757,-1,-1,-1
408,70,1395.14,557.31,43.95,94.65,0.4107,-1,-1,-1
408,69,1267.33,542.59,43.25,105.48,0.6265,-1,-1,-1
408,65,998.12,667.73,102.71,288.02,0.6287,-1,-1,-1
408,47,1198.14,794.14,159.01,283.88,0.5678,-1,-1,-1
409,71,1193.62,542.79,46.24,138.75,0.5569,-1,-1,-1
409,70,1381.68,551.90,45.67,105.17,0.4233,-1,-1,-1
409,69,1251.13,547.59,49.31,104.11,0.4838,-1,-1,-1
409,66,1328.25,557.92,46.03,92.27,0.3676,-1,-1,-1
409,65,963.97,664.77,120.26,292.16,0.6842,-1,-1,-1
409,47,1193.85,791.82,142.97,287.78,0.7033,-1,-1,-1
410,71,1180.02,543.21,47.04,135.72,0.5673,-1,-1,-1
410,70,1372.55,549.62,43.14,108.66,0.3417,-1,-1,-1
410,69,1239.80,541.42,48.22,107.69,0.5803,-1,-1,-1
410,66,1326.55,559.75,50.16,90.19,0.3963,-1,-1,-1
410,65,942.60,668.62,116.14,293.46,0.7119,-1,-1,-1
410,47,1189.11,810.04,127.12,269.96,0.5441,-1,-1,-1
411,71,1168.12,540.25,45.71,141.36,0.3982,-1,-1,-1
411,70,1356.78,550.42,48.03,106.74,0.4497,-1,-1,-1
411,69,1228.29,545.26,46.99,107.38,0.5131,-1,-1,-1
411,66,1305.00,557.54,48.65,93.42,0.4078,-1,-1,-1
411,65,933.18,669.47,112.68,292.07,0.5428,-1,-1,-1
411,47,1164.06,815.74,136.21,262.68,0.7390,-1,-1,-1
412,71,1151.59,540.87,48.99,135.50,0.5157,-1,-1,-1
412,70,1346.16,554.15,42.90,100.32,0.5035,-1,-1,-1
412,69,1215.97,538.96,43.56,111.68,0.5604,-1,-1,-1
412,66,1293.41,556.25,42.78,92.84,0.3485,-1,-1,-1
412,65,899.94,666.12,137.41,302.02,0.6780,-1,-1,-1
412,47,1150.02,825.57,130.63,251.61,0.6996,-1,-1,-1
413,71,1138.29,542.44,44.38,138.11,0.4519,-1,-1,-1
413,70,1330.69,549.66,43.93,109.20,0.4293,-1,-1,-1
413,69,1197.36,537.41,47.55,117.65,0.5650,-1,-1,-1
413,66,1279.48,555.57,41.34,94.33,0.4545,-1,-1,-1
413,65,893.64,670.28,127.38,298.22,0.6614,-1,-1,-1
413,47,1115.19,813.82,145.62,266.04,0.5992,-1,-1,-1
414,70,1318.85,552.89,46.36,103.19,0.4727,-1,-1,-1
414,69,1182.44,538.86,50.00,114.86,0.6610,-1,-1,-1
414,66,1266.13,552.15,45.00,99.17,0.4608,-1,-1,-1
414,65,865.00,671.79,113.00,301.56,0.7009,-1,-1,-1
414,47,1116.46,826.27,123.88,253.25,0.6701,-1,-1,-1
415,70,1305.11,549.77,43.48,109.41,0.5070,-1,-1,-1
415,69,1165.04,535.51,52.17,118.17,0.6299,-1,-1,-1
415,66,1252.58,557.91,52.10,91.85,0.4585,-1,-1,-1
415,65,837.51,671.55,119.60,304.50,0.7166,-1,-1,-1
416,70,1286.99,552.93,48.21,104.53,0.4722,-1,-1,-1
416,69,1147.89,535.76,51.50,117.76,0.5831,-1,-1,-1
416,66,1238.00,553.67,40.83,94.96,0.4522,-1,-1,-1
416,65,812.05,672.42,109.95,307.61,0.7553,-1,-1,-1
417,74,1021.55,830.85,147.43,246.47,0.5397,-1,-1,-1
417,71,1082.64,539.65,48.62,128.28,0.4162,-1,-1,-1
417,70,1275.19,551.75,43.22,107.39,0.3935,-1,-1,-1
417,69,1135.33,533.09,53.59,118.25,0.5393,-1,-1,-1
417,66,1222.18,555.42,47.87,92.60,0.4343,-1,-1,-1
417,65,782.60,675.91,112.08,307.60,0.7304,-1,-1,-1
418,74,1021.39,833.99,123.27,246.01,0.6615,-1,-1,-1
418,71,1061.19,539.79,50.49,138.33,0.4719,-1,-1,-1
418,70,1256.52,552.43,44.50,106.00,0.4058,-1,-1,-1
418,69,1117.21,531.47,56.86,118.24,0.7112,-1,-1,-1
418,66,1207.64,558.05,41.14,90.71,0.5133,-1,-1,-1
418,65,752.48,675.80,112.77,311.23,0.7946,-1,-1,-1
419,74,1009.22,836.68,109.92,243.32,0.6643,-1,-1,-1
419,73,1779.38,573.67,100.24,212.83,0.4980,-1,-1,-1
419,72,1609.31,613.13,76.92,167.27,0.5803,-1,-1,-1
419,71,1047.70,539.74,50.63,132.45,0.4720,-1,-1,-1
419,70,1240.72,549.62,47.21,105.58,0.3749,-1,-1,-1
419,69,1102.71,531.76,50.83,117.79,0.5705,-1,-1,-1
419,66,1192.70,550.22,41.01,96.92,0.5641,-1,-1,-1
419,65,715.50,677.27,123.75,315.86,0.7996,-1,-1,-1
420,74,973.28,836.71,117.77,243.29,0.7124,-1,-1,-1
420,73,1768.85,575.64,68.63,198.02,0.6185,-1,-1,-1
420,72,1589.89,612.85,78.63,166.00,0.4450,-1,-1,-1
420,71,1033.16,530.87,51.13,136.33,0.4455,-1,-1,-1
420,70,1225.76,553.31,45.55,105.44,0.3605,-1,-1,-1
420,69,1090.74,531.90,51.16,115.20,0.6096,-1,-1,-1
420,66,1177.20,553.43,47.27,93.23,0.5381,-1,-1,-1
420,65,686.02,680.57,127.87,314.56,0.7663,-1,-1,-1
421,74,944.16,833.24,119.67,246.76,0.6579,-1,-1,-1
421,73,1752.76,578.85,68.49,202.65,0.6453,-1,-1,-1
421,72,1582.51,610.00,76.76,169.28,0.4711,-1,-1,-1
421,71,1010.21,537.21,52.70,139.42,0.5131,-1,-1,-1
421,70,1206.41,549.64,46.84,107.81,0.4579,-1,-1,-1
421,69,1071.28,532.26,55.12,117.00,0.6502,-1,-1,-1
421,66,1160.24,553.81,46.31,94.97,0.5058,-1,-1,-1
421,65,656.53,680.50,129.82,317.48,0.7828,-1,-1,-1
422,75,853.80,792.47,102.86,286.38,0.5142,-1,-1,-1
422,74,912.50,845.92,122.43,233.99,0.7687,-1,-1,-1
422,72,1556.48,608.21,85.08,172.65,0.5048,-1,-1,-1
422,71,988.57,526.81,59.92,144.82,0.5408,-1,-1,-1
422,70,1189.45,546.81,50.61,110.66,0.3941,-1,-1,-1
422,69,1052.51,529.42,52.24,116.66,0.5807,-1,-1,-1
422,66,1143.12,551.34,43.39,95.07,0.4906,-1,-1,-1
422,65,623.86,678.64,142.58,328.18,0.8119,-1,-1,-1
423,74,880.15,849.70,123.01,230.30,0.7497,-1,-1,-1
423,72,1554.93,607.52,65.90,171.33,0.6357,-1,-1,-1
423,71,970.66,528.32,54.70,139.71,0.5009,-1,-1,-1
423,69,1032.41,528.15,58.45,119.70,0.5553,-1,-1,-1
423,66,1124.49,552.87,50.45,94.70,0.3632,-1,-1,-1
423,65,599.88,683.54,134.28,323.49,0.7453,-1,-1,-1
424,74,856.24,857.93,116.53,222.07,0.7105,-1,-1,-1
424,72,1538.54,610.39,66.12,169.64,0.6043,-1,-1,-1
424,71,955.54,527.33,52.05,139.31,0.5572,-1,-1,-1
424,69,1013.24,529.31,59.62,116.41,0.5796,-1,-1,-1
424,66,1105.79,551.73,43.70,94.39,0.4101,-1,-1,-1
424,65,561.14,688.90,146.51,323.38,0.7652,-1,-1,-1
424,63,786.81,816.03,108.81,263.97,0.4699,-1,-1,-1
425,74,819.62,862.93,119.82,217.07,0.7476,-1,-1,-1
425,73,1672.40,572.42,73.28,208.36,0.6589,-1,-1,-1
425,72,1520.86,609.04,65.83,169.56,0.6158,-1,-1,-1
425,71,933.97,526.29,54.51,142.58,0.4811,-1,-1,-1
425,69,995.23,527.96,55.67,122.08,0.5311,-1,-1,-1
425,65,518.56,686.51,150.60,330.66,0.7404,-1,-1,-1
425,63,751.32,801.15,108.55,277.42,0.5018,-1,-1,-1
426,74,788.69,868.22,118.28,211.78,0.7128,-1,-1,-1
426,73,1654.28,578.27,71.42,200.31,0.6671,-1,-1,-1
426,72,1507.39,609.94,61.03,166.48,0.5682,-1,-1,-1
426,71,916.05,522.39,55.03,146.50,0.5140,-1,-1,-1
426,69,976.44,527.63,56.48,121.48,0.5633,-1,-1,-1
426,65,480.82,693.34,128.71,328.25,0.6080,-1,-1,-1
426,63,719.99,817.52,98.15,262.48,0.3794,-1,-1,-1
427,74,753.52,873.81,119.66,206.19,0.4977,-1,-1,-1
427,73,1631.39,580.76,75.50,203.90,0.5688,-1,-1,-1
427,72,1488.12,607.80,66.75,172.03,0.5369,-1,-1,-1
427,71,895.66,528.11,55.11,137.92,0.4801,-1,-1,-1
427,69,957.73,531.09,53.59,120.73,0.5067,-1,-1,-1
427,65,436.19,697.49,182.31,334.47,0.6912,-1,-1,-1
428,74,717.92,886.60,118.31,192.76,0.5370,-1,-1,-1
428,73,1610.23,583.21,77.25,204.95,0.5802,-1,-1,-1
428,72,1470.12,607.77,65.91,173.57,0.4352,-1,-1,-1
428,71,866.18,528.93,62.67,142.65,0.5738,-1,-1,-1
428,69,937.38,530.12,56.31,124.74,0.5224,-1,-1,-1
428,65,406.87,700.13,178.77,341.92,0.5711,-1,-1,-1
429,74,683.35,894.21,115.73,185.00,0.6580,-1,-1,-1
429,73,1583.00,587.22,84.57,203.30,0.4164,-1,-1,-1
429,72,1452.81,609.95,71.31,181.15,0.4652,-1,-1,-1
429,71,854.92,531.97,51.32,135.07,0.4167,-1,-1,-1
429,69,918.36,530.66,53.51,125.70,0.4321,-1,-1,-1
429,65,390.30,704.04,124.07,312.30,0.4227,-1,-1,-1
430,79,1367.14,635.86,83.73,198.95,0.3547,-1,-1,-1
430,73,1559.34,587.35,80.31,201.39,0.6544,-1,-1,-1
430,72,1437.67,611.95,70.96,186.66,0.6185,-1,-1,-1
430,71,825.08,531.28,68.02,136.23,0.3031,-1,-1,-1
430,69,892.44,530.95,58.55,126.75,0.3252,-1,-1,-1
430,65,320.97,708.69,171.24,335.19,0.7221,-1,-1,-1
430,63,536.20,859.57,122.13,212.13,0.5320,-1,-1,-1
431,80,559.48,799.40,92.11,177.08,0.3681,-1,-1,-1
431,73,1540.56,592.71,84.43,206.54,0.4344,-1,-1,-1
431,72,1412.51,616.67,75.05,182.32,0.4846,-1,-1,-1
431,71,800.21,543.63,64.07,133.72,0.4177,-1,-1,-1
431,70,1013.63,561.43,46.45,121.25,0.4653,-1,-1,-1
431,65,303.28,713.69,137.00,327.11,0.5726,-1,-1,-1
432,81,571.89,926.69,102.95,152.97,0.6391,-1,-1,-1
432,80,519.02,807.01,93.57,167.56,0.4851,-1,-1,-1
432,73,1515.25,591.65,84.62,206.06,0.6078,-1,-1,-1
432,72,1401.06,618.96,78.31,179.03,0.4413,-1,-1,-1
432,70,988.33,557.53,52.95,129.88,0.5241,-1,-1,-1
432,65,243.96,716.41,167.54,351.88,0.3326,-1,-1,-1
433,81,525.59,938.03,108.61,141.97,0.6462,-1,-1,-1
433,80,481.55,814.76,84.06,156.61,0.5408,-1,-1,-1
433,73,1496.54,596.08,93.43,212.20,0.5098,-1,-1,-1
433,72,1380.35,627.15,81.18,179.24,0.3765,-1,-1,-1
433,70,963.45,561.89,56.34,131.40,0.4860,-1,-1,-1
433,66,938.77,566.60,34.45,104.23,0.4258,-1,-1,-1
433,65,211.92,726.98,152.26,322.92,0.5648,-1,-1,-1
434,81,482.09,948.75,106.49,128.54,0.6239,-1,-1,-1
434,80,433.73,817.92,93.56,174.01,0.5505,-1,-1,-1
434,79,1282.32,626.90,96.22,231.91,0.4436,-1,-1,-1
434,73,1475.81,594.39,76.88,210.35,0.5550,-1,-1,-1
434,72,1359.57,625.74,88.70,183.47,0.5637,-1,-1,-1
434,70,937.97,562.15,60.23,130.31,0.5065,-1,-1,-1
434,65,162.38,729.25,96.92,340.40,0.6667,-1,-1,-1
434,63,296.30,880.28,195.03,199.72,0.7393,-1,-1,-1
435,81,429.70,961.38,111.80,117.96,0.6150,-1,-1,-1
435,80,388.77,827.35,102.24,167.59,0.5314,-1,-1,-1
435,79,1265.73,639.72,85.20,225.38,0.4014,-1,-1,-1
435,73,1455.16,599.94,74.67,208.45,0.5298,-1,-1,-1
435,72,1343.02,629.85,82.45,180.37,0.5609,-1,-1,-1
435,71,717.84,543.06,62.98,132.13,0.3425,-1,-1,-1
435,70,924.27,564.91,56.13,132.53,0.3001,-1,-1,-1
435,65,113.40,735.28,99.73,342.14,0.6873,-1,-1,-1
435,63,265.98,889.05,177.90,190.95,0.7124,-1,-1,-1
436,81,379.61,967.99,112.64,112.01,0.5863,-1,-1,-1
436,80,339.13,832.06,98.33,178.09,0.5250,-1,-1,-1
436,79,1240.06,638.81,83.25,231.34,0.5580,-1,-1,-1
436,73,1431.20,601.00,74.11,208.38,0.6335,-1,-1,-1
436,72,1323.44,631.58,87.57,181.44,0.6079,-1,-1,-1
436,71,694.62,542.35,56.39,134.50,0.4105,-1,-1,-1
436,70,898.07,565.69,58.09,129.88,0.4337,-1,-1,-1
436,65,57.83,735.33,107.68,343.01,0.7330,-1,-1,-1
436,63,237.47,893.84,154.94,186.16,0.7745,-1,-1,-1
437,81,329.15,977.52,98.67,100.95,0.5183,-1,-1,-1
437,80,291.32,845.07,96.00,171.97,0.5842,-1,-1,-1
437,79,1224.56,645.57,74.09,232.08,0.5706,-1,-1,-1
437,73,1410.14,600.04,66.56,208.61,0.5367,-1,-1,-1
437,72,1300.87,632.92,89.38,182.68,0.6758,-1,-1,-1
437,71,673.86,549.75,61.07,131.48,0.3874,-1,-1,-1
437,70,880.45,568.01,53.87,129.93,0.4127,-1,-1,-1
437,66,845.44,567.85,39.94,119.61,0.3731,-1,-1,-1
437,65,4.86,739.26,133.56,340.74,0.7426,-1,-1,-1
437,63,182.30,904.41,160.31,175.59,0.7789,-1,-1,-1
438,81,269.50,993.92,90.65,85.04,0.4964,-1,-1,-1
438,80,241.56,837.57,98.01,194.51,0.4770,-1,-1,-1
438,79,1205.48,644.32,73.65,237.69,0.5704,-1,-1,-1
438,73,1385.40,596.28,67.01,208.14,0.6426,-1,-1,-1
438,72,1282.82,630.65,82.63,185.03,0.5936,-1,-1,-1
438,71,649.99,547.18,62.70,133.89,0.5398,-1,-1,-1
438,70,858.38,567.10,56.49,133.32,0.4911,-1,-1,-1
438,65,0.26,738.14,66.13,281.79,0.4103,-1,-1,-1
438,63,125.67,913.45,156.87,166.55,0.7473,-1,-1,-1
439,81,208.40,1002.24,98.18,77.03,0.5590,-1,-1,-1
439,79,1178.98,646.22,87.70,240.49,0.6064,-1,-1,-1
439,73,1361.23,599.25,66.07,210.61,0.6038,-1,-1,-1
439,72,1264.22,632.12,76.10,182.64,0.5901,-1,-1,-1
439,71,627.70,548.26,61.33,135.30,0.4494,-1,-1,-1
439,70,834.99,567.43,53.78,134.44,0.4638,-1,-1,-1
439,63,66.67,921.63,154.39,158.37,0.7723,-1,-1,-1
440,81,148.74,1014.96,103.02,65.04,0.3626,-1,-1,-1
440,79,1151.64,655.69,93.68,238.42,0.6821,-1,-1,-1
440,73,1335.59,600.63,69.00,208.73,0.6070,-1,-1,-1
440,72,1242.83,633.83,79.67,192.46,0.5396,-1,-1,-1
440,71,602.75,553.45,48.98,127.64,0.6285,-1,-1,-1
440,70,813.49,569.06,51.91,136.79,0.4419,-1,-1,-1
440,63,1.25,932.01,160.94,147.99,0.7368,-1,-1,-1
441,79,1128.02,657.08,97.80,239.26,0.7630,-1,-1,-1
441,73,1307.14,597.87,73.25,220.98,0.5848,-1,-1,-1
441,72,1224.46,633.01,72.92,196.60,0.5350,-1,-1,-1
441,71,580.02,547.46,53.20,134.14,0.5486,-1,-1,-1
441,70,793.24,568.30,49.39,136.88,0.3847,-1,-1,-1
441,69,645.83,538.07,56.57,139.03,0.3379,-1,-1,-1
441,63,0.55,942.76,92.95,137.24,0.5770,-1,-1,-1
442,79,1101.37,670.75,100.60,228.32,0.7682,-1,-1,-1
442,73,1285.47,601.03,68.97,214.54,0.6018,-1,-1,-1
442,72,1207.84,637.29,70.43,193.55,0.5192,-1,-1,-1
442,71,555.19,550.09,50.85,129.90,0.5147,-1,-1,-1
442,70,769.58,567.84,49.12,139.08,0.4436,-1,-1,-1
442,69,621.08,536.00,60.22,144.83,0.3751,-1,-1,-1
443,79,1078.97,675.25,108.29,225.69,0.7825,-1,-1,-1
443,73,1256.01,602.99,72.65,221.64,0.5905,-1,-1,-1
443,72,1185.48,636.75,72.69,198.22,0.6803,-1,-1,-1
443,71,531.17,569.93,45.53,113.55,0.5186,-1,-1,-1
443,70,747.45,570.41,47.41,136.95,0.3591,-1,-1,-1
443,69,594.62,524.47,64.72,152.83,0.3990,-1,-1,-1
443,66,713.14,571.26,36.37,133.22,0.4566,-1,-1,-1
444,79,1051.11,676.71,106.08,231.60,0.7158,-1,-1,-1
444,73,1230.44,604.77,74.98,215.95,0.6595,-1,-1,-1
444,72,1162.84,638.91,73.79,196.52,0.7124,-1,-1,-1
444,71,504.29,566.82,45.81,117.19,0.5784,-1,-1,-1
444,70,721.71,567.65,49.37,141.41,0.3354,-1,-1,-1
444,66,690.42,573.44,35.95,130.92,0.3760,-1,-1,-1
445,79,1026.79,676.78,98.21,235.11,0.7714,-1,-1,-1
445,73,1203.85,601.59,67.86,224.32,0.6144,-1,-1,-1
445,72,1138.85,636.74,76.73,204.75,0.6517,-1,-1,-1
445,71,480.24,570.51,44.87,119.94,0.5718,-1,-1,-1
445,70,699.66,569.51,46.75,139.15,0.3693,-1,-1,-1
445,66,664.53,573.20,37.12,136.92,0.4711,-1,-1,-1
446,79,998.52,675.33,97.17,242.98,0.7730,-1,-1,-1
446,73,1180.09,603.71,74.64,221.59,0.6724,-1,-1,-1
446,72,1116.59,641.30,74.94,199.55,0.6798,-1,-1,-1
446,71,453.08,570.28,47.76,119.52,0.5701,-1,-1,-1
446,70,673.71,567.41,48.21,144.45,0.4169,-1,-1,-1
446,66,639.83,573.42,38.25,135.94,0.3513,-1,-1,-1
447,79,974.05,670.75,92.77,253.40,0.6439,-1,-1,-1
447,73,1153.93,600.91,72.42,224.10,0.6953,-1,-1,-1
447,72,1088.31,644.73,76.82,202.91,0.6834,-1,-1,-1
447,71,426.08,572.92,47.75,117.98,0.5538,-1,-1,-1
447,69,497.85,516.22,61.82,159.55,0.3601,-1,-1,-1
447,66,616.02,572.94,41.42,138.09,0.3543,-1,-1,-1
448,79,941.41,670.22,94.15,255.14,0.6800,-1,-1,-1
448,73,1125.73,604.74,66.58,219.51,0.6608,-1,-1,-1
448,72,1067.66,639.71,73.71,204.47,0.6315,-1,-1,-1
448,71,398.41,574.59,49.30,116.15,0.4296,-1,-1,-1
448,69,478.95,517.80,56.15,160.77,0.3581,-1,-1,-1
449,79,911.44,669.98,109.77,269.61,0.6896,-1,-1,-1
449,73,1098.47,606.36,62.77,219.56,0.5668,-1,-1,-1
449,72,1040.40,639.11,80.33,209.38,0.6349,-1,-1,-1
449,71,368.86,568.06,55.30,122.20,0.6232,-1,-1,-1
449,69,448.52,503.87,67.52,174.73,0.3373,-1,-1,-1
450,79,881.37,676.67,95.44,255.69,0.6483,-1,-1,-1
450,73,1071.56,606.58,59.99,220.00,0.4625,-1,-1,-1
450,72,1021.47,643.09,69.82,200.31,0.5216,-1,-1,-1
450,71,339.34,567.53,54.86,122.38,0.5484,-1,-1,-1
451,79,849.20,683.77,89.91,269.27,0.7650,-1,-1,-1
451,73,1038.24,607.33,61.29,231.46,0.3174,-1,-1,-1
451,72,987.91,634.55,88.00,217.49,0.5234,-1,-1,-1
451,71,313.71,565.38,51.77,123.66,0.3530,-1,-1,-1
452,84,1771.90,774.22,147.42,303.28,0.8553,-1,-1,-1
452,83,896.04,620.77,63.72,214.81,0.3655,-1,-1,-1
452,79,817.30,688.13,103.88,270.79,0.8028,-1,-1,-1
452,73,964.55,612.52,88.56,242.21,0.4451,-1,-1,-1
452,71,284.27,567.79,46.26,123.69,0.4945,-1,-1,-1
453,84,1739.95,773.56,179.27,305.06,0.8488,-1,-1,-1
453,79,786.07,693.52,105.41,267.02,0.7357,-1,-1,-1
453,73,940.75,617.76,90.06,237.49,0.5614,-1,-1,-1
453,71,251.72,569.77,51.73,124.31,0.3510,-1,-1,-1
454,84,1710.18,771.19,184.76,308.41,0.8562,-1,-1,-1
454,79,749.17,695.74,103.66,271.29,0.7773,-1,-1,-1
454,73,915.06,612.83,80.73,246.96,0.6743,-1,-1,-1
454,71,225.15,571.69,51.18,124.05,0.3433,-1,-1,-1
454,66,429.08,570.59,43.45,156.28,0.4400,-1,-1,-1
455,84,1679.79,772.46,186.48,307.45,0.8523,-1,-1,-1
455,79,715.57,699.18,99.21,273.74,0.7854,-1,-1,-1
455,73,887.76,618.19,80.55,247.02,0.7287,-1,-1,-1
455,66,402.34,571.58,44.18,158.82,0.4812,-1,-1,-1
456,84,1644.91,766.46,190.62,312.49,0.8585,-1,-1,-1
456,83,782.47,628.75,66.87,225.36,0.5982,-1,-1,-1
456,79,678.76,694.63,90.37,294.60,0.7836,-1,-1,-1
456,78,475.88,560.46,46.30,146.89,0.4926,-1,-1,-1
456,73,860.55,613.70,77.26,250.40,0.6912,-1,-1,-1
456,66,373.34,572.07,41.73,161.90,0.3424,-1,-1,-1
457,84,1610.88,760.66,190.31,318.42,0.8524,-1,-1,-1
457,83,755.29,629.61,73.37,228.01,0.6255,-1,-1,-1
457,79,642.43,695.37,89.23,309.52,0.7722,-1,-1,-1
457,78,442.93,562.68,53.23,145.44,0.4456,-1,-1,-1
457,73,823.70,623.61,88.15,249.60,0.5786,-1,-1,-1
457,66,342.18,569.21,42.27,156.61,0.3937,-1,-1,-1
458,84,1576.13,760.38,192.47,318.21,0.8505,-1,-1,-1
458,83,719.93,637.22,70.52,224.57,0.6316,-1,-1,-1
458,79,605.94,700.70,103.20,317.02,0.7407,-1,-1,-1
458,78,410.90,560.13,58.15,148.88,0.4301,-1,-1,-1
458,73,794.17,622.45,89.60,256.43,0.7007,-1,-1,-1
458,66,311.36,572.79,45.28,164.65,0.4708,-1,-1,-1
459,84,1542.00,754.73,192.90,325.27,0.8502,-1,-1,-1
459,83,690.92,647.42,70.32,213.79,0.5329,-1,-1,-1
459,79,563.08,704.17,103.46,324.16,0.7353,-1,-1,-1
459,73,766.64,677.80,87.52,204.19,0.4768,-1,-1,-1
459,71,54.11,556.55,58.16,149.46,0.4968,-1,-1,-1
459,66,278.73,575.52,48.17,164.34,0.4416,-1,-1,-1
460,84,1507.37,758.02,192.39,321.79,0.8536,-1,-1,-1
460,83,658.05,648.96,72.08,223.08,0.6612,-1,-1,-1
460,79,517.38,707.13,105.56,336.24,0.7355,-1,-1,-1
460,73,726.50,671.18,97.92,216.80,0.6046,-1,-1,-1
460,66,247.06,579.14,47.22,160.76,0.3299,-1,-1,-1
461,84,1473.64,761.10,188.01,318.90,0.8649,-1,-1,-1
461,83,622.53,651.51,73.19,228.41,0.6034,-1,-1,-1
461,79,469.91,726.25,109.39,328.52,0.7103,-1,-1,-1
461,73,704.88,639.44,84.46,253.73,0.6979,-1,-1,-1
461,66,218.55,580.36,45.32,160.77,0.3329,-1,-1,-1
462,84,1440.10,775.50,187.41,304.50,0.8505,-1,-1,-1
462,83,591.45,651.33,73.52,231.47,0.5048,-1,-1,-1
462,79,423.54,734.43,122.83,323.96,0.7560,-1,-1,-1
462,78,298.78,567.57,53.61,152.41,0.3399,-1,-1,-1
462,73,669.52,633.04,92.03,265.22,0.5890,-1,-1,-1
462,66,182.84,579.55,49.91,169.92,0.4218,-1,-1,-1
463,86,95.05,623.16,59.89,125.93,0.3795,-1,-1,-1
463,84,1404.90,791.00,184.97,289.00,0.8486,-1,-1,-1
463,83,553.91,652.55,77.86,235.65,0.5829,-1,-1,-1
463,79,380.17,740.82,127.37,327.94,0.7758,-1,-1,-1
463,73,632.69,648.88,107.47,257.89,0.7212,-1,-1,-1
463,66,141.12,588.66,61.43,162.29,0.3593,-1,-1,-1
464,84,1370.48,804.36,185.93,275.64,0.8722,-1,-1,-1
464,83,518.37,658.52,88.63,236.01,0.5353,-1,-1,-1
464,79,330.48,750.55,142.07,326.65,0.6680,-1,-1,-1
464,73,597.44,644.23,109.10,266.46,0.6788,-1,-1,-1
464,66,104.69,589.13,60.75,168.48,0.3384,-1,-1,-1
465,84,1334.83,819.56,185.80,260.44,0.8568,-1,-1,-1
465,83,484.04,655.55,87.45,241.06,0.6626,-1,-1,-1
465,79,278.37,749.13,160.04,330.87,0.7200,-1,-1,-1
465,73,556.77,647.86,114.26,267.84,0.7090,-1,-1,-1
466,84,1300.65,829.98,185.13,250.02,0.8279,-1,-1,-1
466,83,444.13,649.97,96.68,253.81,0.6196,-1,-1,-1
466,79,221.32,758.53,173.10,321.47,0.8048,-1,-1,-1
466,73,528.16,686.06,106.35,240.95,0.6716,-1,-1,-1
467,84,1269.04,840.08,181.27,238.92,0.7981,-1,-1,-1
467,83,404.10,664.41,105.51,248.37,0.5689,-1,-1,-1
467,79,168.54,763.67,176.91,316.33,0.8410,-1,-1,-1
467,73,488.15,683.91,113.99,250.03,0.6665,-1,-1,-1
468,84,1235.60,850.29,178.97,229.71,0.8419,-1,-1,-1
468,83,371.29,664.35,82.83,252.44,0.3703,-1,-1,-1
468,79,110.45,764.15,184.08,314.11,0.8536,-1,-1,-1
468,78,111.73,579.77,60.58,167.25,0.3263,-1,-1,-1
468,73,453.70,699.05,105.50,239.53,0.6066,-1,-1,-1
469,84,1205.14,855.70,171.68,223.72,0.8573,-1,-1,-1
469,83,331.28,667.75,72.65,237.60,0.5330,-1,-1,-1
469,79,49.53,774.40,190.30,303.90,0.8414,-1,-1,-1
469,73,411.13,696.88,113.25,246.27,0.5592,-1,-1,-1
470,84,1169.93,854.21,172.22,225.79,0.8428,-1,-1,-1
470,83,288.45,659.43,106.87,271.69,0.5168,-1,-1,-1
470,79,0.58,775.32,181.89,304.68,0.8448,-1,-1,-1
470,73,372.56,699.17,112.18,252.19,0.6652,-1,-1,-1
471,84,1131.08,851.67,173.51,227.95,0.8499,-1,-1,-1
471,83,249.42,659.14,96.39,278.79,0.5281,-1,-1,-1
471,79,0.38,784.41,128.18,291.78,0.7705,-1,-1,-1
471,73,338.54,698.36,108.89,256.23,0.6806,-1,-1,-1
472,84,1091.75,850.20,175.32,229.80,0.8267,-1,-1,-1
472,83,212.03,651.91,111.38,284.38,0.5760,-1,-1,-1
472,73,297.16,698.03,108.86,257.52,0.6604,-1,-1,-1
473,84,1051.63,850.22,178.78,229.78,0.8491,-1,-1,-1
473,83,166.19,659.96,111.15,287.99,0.5628,-1,-1,-1
473,73,260.87,697.98,104.27,262.52,0.6885,-1,-1,-1
474,84,1010.82,849.95,183.25,230.05,0.8508,-1,-1,-1
474,83,124.12,656.18,112.94,292.51,0.6520,-1,-1,-1
474,73,220.88,703.79,98.10,259.86,0.6903,-1,-1,-1
475,84,970.74,850.34,178.22,229.16,0.8338,-1,-1,-1
475,83,76.30,665.61,97.06,288.16,0.5921,-1,-1,-1
475,73,177.22,700.74,99.77,271.63,0.7059,-1,-1,-1
476,84,928.99,859.73,170.63,220.27,0.7548,-1,-1,-1
476,83,27.33,686.35,102.57,269.96,0.6379,-1,-1,-1
476,73,126.69,704.99,111.05,272.69,0.7533,-1,-1,-1
477,84,885.50,864.17,193.50,215.83,0.6598,-1,-1,-1
477,83,0.00,716.95,77.82,235.99,0.3805,-1,-1,-1
477,73,77.33,704.04,113.15,282.33,0.7144,-1,-1,-1
478,84,840.89,869.90,195.07,210.10,0.7546,-1,-1,-1
478,73,23.08,716.31,90.37,240.72,0.3684,-1,-1,-1
479,84,795.40,883.93,191.86,196.07,0.6746,-1,-1,-1
480,84,749.67,891.91,190.45,188.09,0.6640,-1,-1,-1
481,84,704.16,879.61,185.86,200.39,0.7855,-1,-1,-1
482,84,691.95,876.99,150.34,203.01,0.7741,-1,-1,-1
483,84,612.80,876.94,175.24,202.66,0.8149,-1,-1,-1
484,88,1749.38,656.14,95.74,239.95,0.6562,-1,-1,-1
484,87,1679.98,646.02,80.86,285.76,0.4630,-1,-1,-1
484,84,560.16,875.87,176.94,203.46,0.8335,-1,-1,-1
485,88,1708.89,658.79,89.94,235.24,0.6314,-1,-1,-1
485,87,1646.29,645.31,72.86,149.55,0.5513,-1,-1,-1
485,84,509.38,878.03,173.53,201.39,0.8322,-1,-1,-1
486,88,1670.95,656.96,82.37,204.29,0.6011,-1,-1,-1
486,87,1597.02,643.07,85.79,191.50,0.4136,-1,-1,-1
486,84,457.84,879.94,173.12,198.11,0.8497,-1,-1,-1
487,88,1629.65,659.54,83.02,204.02,0.3948,-1,-1,-1
487,87,1554.58,646.10,82.74,300.00,0.3261,-1,-1,-1
487,84,403.40,890.79,173.27,188.04,0.8557,-1,-1,-1
488,88,1587.64,660.13,79.31,152.88,0.3911,-1,-1,-1
488,87,1511.00,647.33,88.77,241.61,0.3613,-1,-1,-1
488,84,350.18,902.96,172.74,176.20,0.8582,-1,-1,-1
489,88,1550.61,660.92,71.12,143.51,0.3816,-1,-1,-1
489,87,1453.56,651.32,103.19,244.65,0.6564,-1,-1,-1
489,84,302.98,917.72,165.66,160.83,0.8445,-1,-1,-1
490,88,1506.20,667.57,74.51,140.45,0.4470,-1,-1,-1
490,87,1408.19,661.30,106.37,238.57,0.6961,-1,-1,-1
490,84,255.93,930.22,155.41,148.85,0.8214,-1,-1,-1
491,88,1453.15,672.73,85.93,139.84,0.3424,-1,-1,-1
491,87,1366.14,665.06,100.03,240.04,0.7025,-1,-1,-1
491,84,206.85,946.30,150.94,133.70,0.8063,-1,-1,-1
492,88,1411.61,677.84,88.77,141.76,0.3353,-1,-1,-1
492,87,1330.45,668.52,95.36,241.86,0.6259,-1,-1,-1
492,84,154.99,951.46,149.07,128.54,0.8022,-1,-1,-1
493,88,1372.36,678.46,81.08,137.02,0.3803,-1,-1,-1
493,87,1291.64,668.17,88.98,250.90,0.6423,-1,-1,-1
493,84,99.74,959.14,151.09,120.86,0.8062,-1,-1,-1
494,88,1328.05,682.46,80.53,142.17,0.4807,-1,-1,-1
494,87,1255.33,672.27,78.54,257.90,0.6540,-1,-1,-1
494,84,40.84,965.00,147.92,115.00,0.7975,-1,-1,-1
495,88,1284.63,688.45,77.75,143.68,0.4730,-1,-1,-1
495,87,1217.58,678.28,65.33,257.71,0.5880,-1,-1,-1
495,84,0.00,965.61,129.42,114.28,0.8047,-1,-1,-1
496,87,1173.80,682.13,68.07,267.40,0.6292,-1,-1,-1
496,84,0.10,966.26,58.95,113.74,0.5919,-1,-1,-1
497,87,1128.80,681.37,64.24,266.28,0.5991,-1,-1,-1
498,87,1078.58,679.35,72.86,271.16,0.6583,-1,-1,-1
499,88,1099.43,687.36,87.61,261.67,0.5535,-1,-1,-1
499,87,1029.18,681.16,74.60,270.44,0.6608,-1,-1,-1
500,88,1054.35,687.14,83.73,256.53,0.6235,-1,-1,-1
500,87,980.61,678.57,82.29,270.78,0.7314,-1,-1,-1
501,88,1009.03,687.26,85.19,271.13,0.6590,-1,-1,-1
501,87,931.89,680.63,91.80,273.33,0.7282,-1,-1,-1
502,88,963.26,685.62,80.95,273.34,0.5906,-1,-1,-1
502,87,882.77,681.15,93.98,270.15,0.6859,-1,-1,-1
503,88,915.46,684.06,79.72,269.74,0.5857,-1,-1,-1
503,87,834.92,683.31,97.76,267.16,0.6909,-1,-1,-1
504,88,872.87,687.01,80.25,278.37,0.5891,-1,-1,-1
504,87,785.42,682.17,99.23,274.56,0.7613,-1,-1,-1
505,88,826.51,692.45,82.40,299.40,0.5896,-1,-1,-1
505,87,736.37,682.95,100.21,289.49,0.7849,-1,-1,-1
506,89,1765.19,655.62,76.71,166.17,0.6666,-1,-1,-1
506,88,770.18,696.97,91.22,299.09,0.5742,-1,-1,-1
506,87,686.30,689.01,92.59,293.95,0.7063,-1,-1,-1
507,89,1738.78,656.58,67.66,165.32,0.6425,-1,-1,-1
507,88,686.88,701.64,120.60,312.95,0.7068,-1,-1,-1
507,87,639.36,692.78,88.15,291.59,0.7606,-1,-1,-1
508,90,1779.15,661.12,77.03,178.30,0.6041,-1,-1,-1
508,89,1700.33,655.55,76.28,167.72,0.5621,-1,-1,-1
508,88,638.79,711.13,121.27,324.99,0.7299,-1,-1,-1
508,87,592.57,699.03,83.49,294.97,0.7602,-1,-1,-1
509,90,1744.33,660.33,75.59,180.85,0.7211,-1,-1,-1
509,89,1667.23,665.88,76.97,169.40,0.6941,-1,-1,-1
509,88,593.95,717.24,112.16,319.74,0.7480,-1,-1,-1
509,87,542.84,708.32,79.95,304.58,0.6886,-1,-1,-1
510,90,1709.78,667.59,74.99,181.36,0.6902,-1,-1,-1
510,89,1637.69,670.36,69.93,167.43,0.6838,-1,-1,-1
510,88,549.12,724.22,105.76,329.00,0.6782,-1,-1,-1
510,87,487.59,711.71,86.65,304.52,0.6367,-1,-1,-1
511,90,1676.42,668.33,69.14,182.80,0.7264,-1,-1,-1
511,89,1597.82,672.63,71.98,169.67,0.7165,-1,-1,-1
511,88,496.80,734.21,106.22,326.77,0.7495,-1,-1,-1
511,87,433.70,720.15,88.00,295.18,0.6165,-1,-1,-1
512,90,1640.22,672.90,75.59,184.85,0.6744,-1,-1,-1
512,89,1558.73,670.35,79.66,179.65,0.7047,-1,-1,-1
512,88,417.06,744.74,136.01,317.98,0.7187,-1,-1,-1
512,87,378.96,727.94,87.58,314.18,0.5389,-1,-1,-1
513,90,1607.52,672.02,67.99,190.05,0.6596,-1,-1,-1
513,89,1523.88,670.79,82.56,179.32,0.7514,-1,-1,-1
513,88,373.41,748.73,125.12,331.27,0.7005,-1,-1,-1
513,87,276.05,733.73,132.88,315.56,0.6430,-1,-1,-1
514,91,1591.08,568.96,35.98,113.42,0.5217,-1,-1,-1
514,90,1568.26,672.01,79.59,197.72,0.6805,-1,-1,-1
514,89,1493.74,675.76,74.92,178.79,0.6380,-1,-1,-1
514,88,309.53,753.93,132.04,324.68,0.7654,-1,-1,-1
514,87,206.52,740.50,146.80,323.66,0.5430,-1,-1,-1
515,91,1562.02,570.46,39.70,111.41,0.6315,-1,-1,-1
515,90,1537.29,673.54,69.91,198.86,0.6554,-1,-1,-1
515,89,1463.60,673.87,73.29,179.72,0.7028,-1,-1,-1
515,88,261.98,759.96,125.11,318.71,0.6420,-1,-1,-1
515,87,151.76,750.41,153.68,326.38,0.3857,-1,-1,-1
516,91,1535.91,571.43,38.94,112.69,0.6467,-1,-1,-1
516,90,1505.08,679.28,72.03,198.20,0.6131,-1,-1,-1
516,89,1430.72,674.08,71.71,179.20,0.7503,-1,-1,-1
516,88,203.58,764.15,117.93,312.37,0.6316,-1,-1,-1
516,87,99.35,753.65,129.28,326.35,0.3563,-1,-1,-1
517,91,1508.28,571.74,38.75,107.74,0.6152,-1,-1,-1
517,90,1473.06,673.12,74.63,201.21,0.6680,-1,-1,-1
517,89,1395.67,672.90,76.59,185.54,0.6918,-1,-1,-1
517,88,108.24,769.69,158.55,309.57,0.7482,-1,-1,-1
517,87,81.53,758.14,81.87,256.20,0.3544,-1,-1,-1
518,91,1479.64,571.90,40.51,106.09,0.5770,-1,-1,-1
518,90,1444.04,682.68,53.09,190.35,0.6109,-1,-1,-1
518,89,1358.12,676.26,83.88,184.37,0.5467,-1,-1,-1
518,88,64.69,777.87,137.91,302.13,0.6758,-1,-1,-1
518,87,6.29,759.78,99.84,311.52,0.4854,-1,-1,-1
519,93,1778.29,732.60,106.60,271.44,0.7417,-1,-1,-1
519,91,1451.95,568.27,44.02,106.83,0.5473,-1,-1,-1
519,90,1411.58,677.21,60.75,194.76,0.6635,-1,-1,-1
519,89,1321.03,675.70,87.07,186.70,0.6924,-1,-1,-1
519,88,1.17,784.87,148.72,294.79,0.8029,-1,-1,-1
520,93,1749.40,733.40,102.28,274.10,0.5995,-1,-1,-1
520,91,1427.65,570.79,42.15,101.80,0.5412,-1,-1,-1
520,90,1375.10,677.07,76.99,197.01,0.7171,-1,-1,-1
520,89,1287.83,675.73,87.30,188.43,0.7500,-1,-1,-1
520,88,0.71,791.19,83.83,287.36,0.3791,-1,-1,-1
521,93,1710.33,731.64,109.28,276.16,0.5822,-1,-1,-1
521,91,1401.54,570.61,43.24,101.60,0.5579,-1,-1,-1
521,90,1349.02,679.05,69.25,203.81,0.7112,-1,-1,-1
521,89,1253.84,682.12,88.42,182.96,0.7217,-1,-1,-1
522,93,1661.35,731.92,122.26,277.62,0.3797,-1,-1,-1
522,91,1375.50,569.58,47.49,101.38,0.5403,-1,-1,-1
522,90,1315.44,677.46,66.89,202.39,0.6762,-1,-1,-1
522,89,1226.57,680.20,81.07,185.11,0.7215,-1,-1,-1
523,91,1350.64,569.11,51.75,102.08,0.5400,-1,-1,-1
523,90,1280.37,679.40,74.76,206.35,0.7021,-1,-1,-1
523,89,1194.95,685.12,77.13,180.36,0.7331,-1,-1,-1
524,91,1323.76,570.70,53.89,100.61,0.5656,-1,-1,-1
524,90,1250.63,682.05,73.21,206.34,0.7239,-1,-1,-1
524,89,1166.46,687.07,75.25,185.34,0.7118,-1,-1,-1
525,94,1578.59,728.12,114.88,274.51,0.7927,-1,-1,-1
525,91,1299.91,569.83,53.43,101.84,0.5810,-1,-1,-1
525,90,1214.72,677.31,74.00,214.60,0.6373,-1,-1,-1
525,89,1133.82,680.34,71.03,195.33,0.6775,-1,-1,-1
526,94,1544.79,723.37,115.38,276.77,0.7742,-1,-1,-1
526,91,1276.31,573.24,48.57,98.99,0.5844,-1,-1,-1
526,90,1176.74,678.13,82.24,220.30,0.7257,-1,-1,-1
526,89,1100.47,685.84,71.34,195.37,0.7436,-1,-1,-1
527,94,1514.53,723.22,112.07,273.08,0.5372,-1,-1,-1
527,91,1254.05,573.11,46.67,99.37,0.5493,-1,-1,-1
527,90,1143.04,682.55,81.18,219.45,0.6787,-1,-1,-1
527,89,1072.10,684.34,69.51,195.58,0.6846,-1,-1,-1
528,94,1477.95,726.58,116.56,268.91,0.7009,-1,-1,-1
528,91,1229.88,572.51,49.61,100.44,0.6030,-1,-1,-1
528,90,1108.90,685.46,85.83,223.32,0.7574,-1,-1,-1
528,89,1037.00,685.99,71.47,202.80,0.6997,-1,-1,-1
529,94,1440.27,727.06,123.09,277.06,0.6292,-1,-1,-1
529,91,1207.23,572.22,48.01,101.28,0.5896,-1,-1,-1
529,90,1063.14,688.72,99.31,228.00,0.7584,-1,-1,-1
529,89,1003.17,687.81,74.41,209.35,0.7331,-1,-1,-1
530,94,1409.77,729.43,126.09,287.47,0.7403,-1,-1,-1
530,91,1184.12,572.76,45.65,100.65,0.6145,-1,-1,-1
530,90,1030.65,691.53,100.40,229.87,0.6775,-1,-1,-1
530,89,969.00,697.96,75.78,208.96,0.6681,-1,-1,-1
531,94,1380.22,726.70,129.89,292.73,0.8185,-1,-1,-1
531,91,1162.73,570.28,44.75,103.17,0.6201,-1,-1,-1
531,90,995.82,697.73,106.39,230.64,0.7042,-1,-1,-1
531,89,936.25,699.99,76.42,205.02,0.6237,-1,-1,-1
532,94,1353.43,734.38,135.21,290.23,0.7072,-1,-1,-1
532,91,1142.86,570.89,44.32,106.03,0.6682,-1,-1,-1
532,90,962.24,703.39,106.59,238.82,0.6895,-1,-1,-1
532,89,896.56,702.94,85.88,212.60,0.6622,-1,-1,-1
533,94,1328.66,736.32,112.51,292.58,0.7369,-1,-1,-1
533,91,1118.65,569.60,46.32,107.82,0.6541,-1,-1,-1
533,90,939.00,702.32,98.77,242.31,0.7112,-1,-1,-1
533,89,859.91,708.02,86.10,208.19,0.6865,-1,-1,-1
534,94,1300.73,738.05,111.73,293.25,0.7131,-1,-1,-1
534,91,1097.89,570.77,44.31,109.22,0.6534,-1,-1,-1
534,90,914.01,706.39,93.73,232.50,0.7622,-1,-1,-1
534,89,834.09,704.53,83.39,212.65,0.6525,-1,-1,-1
535,94,1275.99,739.65,110.38,293.89,0.7396,-1,-1,-1
535,91,1076.16,569.72,42.31,110.57,0.6551,-1,-1,-1
535,90,882.39,707.66,89.70,244.27,0.7502,-1,-1,-1
535,89,803.10,705.05,82.33,224.04,0.6751,-1,-1,-1
536,94,1251.18,738.41,108.04,292.99,0.7715,-1,-1,-1
536,91,1057.89,575.53,43.14,107.57,0.5825,-1,-1,-1
536,90,845.20,706.55,94.04,251.60,0.8327,-1,-1,-1
536,89,770.79,705.74,75.99,228.27,0.6747,-1,-1,-1
537,94,1224.41,733.30,104.26,297.91,0.6899,-1,-1,-1
537,91,1036.02,576.17,43.99,106.58,0.6602,-1,-1,-1
537,90,818.97,710.24,85.09,251.97,0.7013,-1,-1,-1
537,89,738.38,703.74,64.00,238.26,0.6369,-1,-1,-1
538,94,1197.28,736.16,104.63,293.63,0.7852,-1,-1,-1
538,91,1016.60,578.62,44.33,109.52,0.6525,-1,-1,-1
538,90,777.04,709.62,89.80,260.88,0.6952,-1,-1,-1
538,89,702.22,709.48,66.44,232.02,0.5697,-1,-1,-1
539,94,1171.88,735.06,106.46,296.70,0.7507,-1,-1,-1
539,91,996.18,577.30,43.09,110.46,0.6729,-1,-1,-1
539,90,744.35,714.31,91.73,268.96,0.7926,-1,-1,-1
539,89,666.07,714.48,73.19,230.27,0.7134,-1,-1,-1
540,94,1141.05,738.44,105.57,303.81,0.7527,-1,-1,-1
540,91,977.50,578.43,43.98,112.30,0.6849,-1,-1,-1
540,90,715.80,718.15,79.06,267.67,0.6594,-1,-1,-1
540,89,618.16,717.88,92.67,241.03,0.6407,-1,-1,-1
541,94,1112.97,741.94,102.78,302.09,0.7251,-1,-1,-1
541,91,956.66,579.95,43.56,112.97,0.6275,-1,-1,-1
541,90,669.53,724.77,101.32,275.42,0.6790,-1,-1,-1
541,89,570.04,722.94,107.24,249.38,0.7052,-1,-1,-1
542,94,1068.59,751.40,120.45,313.08,0.6380,-1,-1,-1
542,91,936.91,583.77,47.73,111.31,0.7009,-1,-1,-1
542,90,632.08,731.71,104.45,272.60,0.7086,-1,-1,-1
542,89,523.06,725.32,121.80,249.45,0.6912,-1,-1,-1
543,94,1051.82,752.99,111.42,305.83,0.7283,-1,-1,-1
543,91,916.78,584.39,48.29,110.73,0.6851,-1,-1,-1
543,90,597.31,736.71,102.12,281.67,0.7804,-1,-1,-1
543,89,486.88,732.54,129.90,256.42,0.7032,-1,-1,-1
544,94,1025.55,760.57,110.08,308.98,0.7081,-1,-1,-1
544,91,895.48,585.86,47.08,112.00,0.7090,-1,-1,-1
544,90,558.40,748.28,106.83,300.48,0.7091,-1,-1,-1
544,89,450.06,747.42,133.98,259.86,0.7274,-1,-1,-1
545,94,991.19,755.39,116.35,316.29,0.7430,-1,-1,-1
545,91,876.73,583.58,50.55,112.27,0.7021,-1,-1,-1
545,90,526.51,747.19,107.51,293.93,0.7578,-1,-1,-1
545,89,421.10,747.34,134.07,246.71,0.7176,-1,-1,-1
546,94,971.56,757.89,112.15,309.14,0.6960,-1,-1,-1
546,91,857.16,585.11,47.91,111.86,0.7116,-1,-1,-1
546,90,487.20,749.42,111.75,303.60,0.7639,-1,-1,-1
546,89,388.42,744.69,120.95,260.05,0.7419,-1,-1,-1
547,94,934.94,754.94,123.67,313.75,0.7429,-1,-1,-1
547,91,837.50,584.52,50.95,112.42,0.7228,-1,-1,-1
547,90,456.66,753.43,101.03,297.21,0.8201,-1,-1,-1
547,89,359.79,747.03,101.59,264.24,0.7223,-1,-1,-1
548,94,914.90,762.27,116.17,302.64,0.7660,-1,-1,-1
548,91,818.40,584.94,52.39,112.22,0.7541,-1,-1,-1
548,90,415.56,752.77,99.26,305.95,0.7997,-1,-1,-1
548,89,317.99,751.71,101.30,274.43,0.7353,-1,-1,-1
549,94,884.03,752.57,122.15,312.21,0.7788,-1,-1,-1
549,91,796.56,581.78,54.07,114.05,0.7152,-1,-1,-1
549,90,373.35,758.12,109.54,311.93,0.7927,-1,-1,-1
549,89,280.41,759.96,102.61,270.32,0.7634,-1,-1,-1
550,94,861.77,758.42,117.39,309.45,0.7359,-1,-1,-1
550,91,779.26,583.44,53.09,116.10,0.7180,-1,-1,-1
550,90,333.53,759.88,118.12,313.11,0.7553,-1,-1,-1
550,89,241.91,758.82,98.90,284.44,0.7293,-1,-1,-1
551,94,846.91,775.08,108.08,293.54,0.6297,-1,-1,-1
551,91,760.95,585.39,50.87,116.16,0.6974,-1,-1,-1
551,90,289.13,765.41,108.23,306.26,0.7213,-1,-1,-1
551,89,196.14,762.20,99.52,299.30,0.7373,-1,-1,-1
552,94,802.96,713.41,127.49,364.07,0.7284,-1,-1,-1
552,91,742.29,584.79,55.50,114.59,0.7550,-1,-1,-1
552,90,241.84,768.59,114.44,310.37,0.7925,-1,-1,-1
552,89,154.87,768.72,100.74,307.65,0.6995,-1,-1,-1
553,94,792.44,745.43,116.27,334.31,0.7112,-1,-1,-1
553,91,723.23,582.14,56.03,118.37,0.7020,-1,-1,-1
553,90,190.96,777.44,118.91,302.21,0.7402,-1,-1,-1
553,89,105.73,774.22,102.22,305.78,0.6905,-1,-1,-1
554,94,766.52,759.09,118.37,320.35,0.7557,-1,-1,-1
554,91,703.60,581.93,56.69,119.50,0.7027,-1,-1,-1
554,90,141.12,783.20,127.11,296.80,0.7760,-1,-1,-1
554,89,62.89,782.51,104.97,296.21,0.7074,-1,-1,-1
555,94,718.58,760.50,141.86,311.71,0.7076,-1,-1,-1
555,91,688.03,584.80,51.71,118.23,0.7199,-1,-1,-1
555,90,97.00,797.46,136.62,282.54,0.7606,-1,-1,-1
555,89,15.62,791.89,108.19,286.70,0.7458,-1,-1,-1
556,94,699.34,763.39,130.77,297.32,0.7482,-1,-1,-1
556,91,668.58,580.59,54.50,120.88,0.7647,-1,-1,-1
556,90,50.87,805.88,125.93,273.47,0.7983,-1,-1,-1
556,89,0.26,798.51,72.58,281.49,0.6618,-1,-1,-1
557,94,683.84,765.98,122.10,313.91,0.7032,-1,-1,-1
557,91,651.14,578.84,52.24,121.15,0.7397,-1,-1,-1
557,90,0.39,816.46,126.17,262.50,0.8289,-1,-1,-1
558,94,652.62,764.08,126.20,310.97,0.7617,-1,-1,-1
558,91,631.85,576.38,55.85,125.52,0.7541,-1,-1,-1
558,90,0.29,818.45,64.76,256.52,0.7041,-1,-1,-1
559,94,627.13,765.34,127.91,311.11,0.8016,-1,-1,-1
559,91,615.59,576.36,53.36,126.14,0.7400,-1,-1,-1
560,94,608.83,759.39,122.17,320.61,0.7896,-1,-1,-1
560,91,597.10,581.25,52.89,125.48,0.7687,-1,-1,-1
561,94,578.23,757.38,126.05,322.62,0.8302,-1,-1,-1
561,91,578.95,574.81,59.01,131.65,0.7432,-1,-1,-1
562,94,550.91,757.53,127.73,322.47,0.7907,-1,-1,-1
562,91,561.14,580.91,58.52,129.31,0.7125,-1,-1,-1
563,94,530.27,756.68,120.71,323.04,0.8607,-1,-1,-1
563,91,544.61,584.02,61.19,130.23,0.7620,-1,-1,-1
564,94,502.48,759.19,124.92,320.81,0.8215,-1,-1,-1
564,91,531.45,586.01,59.70,126.84,0.6849,-1,-1,-1
565,94,472.13,761.90,132.12,318.10,0.7227,-1,-1,-1
565,91,512.54,583.80,60.79,132.45,0.7126,-1,-1,-1
566,94,435.21,767.13,146.68,312.87,0.7203,-1,-1,-1
566,91,494.92,585.55,65.58,130.34,0.7681,-1,-1,-1
567,94,417.03,779.66,140.92,300.34,0.8360,-1,-1,-1
567,91,481.30,588.08,62.49,132.62,0.7734,-1,-1,-1
568,94,378.13,786.14,154.38,292.47,0.7891,-1,-1,-1
568,91,462.05,587.85,64.69,134.56,0.7325,-1,-1,-1
569,94,356.69,790.47,155.43,289.53,0.7919,-1,-1,-1
569,91,441.17,588.25,72.17,136.65,0.6931,-1,-1,-1
570,94,329.66,790.18,156.02,288.79,0.7938,-1,-1,-1
570,91,428.97,588.09,67.78,139.25,0.7264,-1,-1,-1
571,94,304.96,795.49,156.78,284.51,0.8197,-1,-1,-1
571,91,413.72,591.62,68.05,138.40,0.7138,-1,-1,-1
572,94,283.86,798.11,150.31,278.62,0.5795,-1,-1,-1
572,91,396.26,595.73,69.41,137.04,0.6665,-1,-1,-1
573,91,380.81,594.18,67.94,142.50,0.7178,-1,-1,-1
574,97,1857.19,588.29,51.66,161.11,0.4108,-1,-1,-1
574,91,365.49,597.97,71.01,140.90,0.7035,-1,-1,-1
575,91,344.55,598.31,73.80,140.13,0.7106,-1,-1,-1
576,94,165.19,806.68,160.30,271.69,0.6867,-1,-1,-1
576,91,328.57,598.61,73.67,145.31,0.7441,-1,-1,-1
577,94,145.53,808.58,153.59,217.14,0.5247,-1,-1,-1
577,91,311.94,599.31,75.93,144.02,0.6863,-1,-1,-1
578,94,107.03,811.65,164.44,267.43,0.4211,-1,-1,-1
578,91,293.94,597.13,76.11,150.51,0.7531,-1,-1,-1
579,91,278.28,597.65,71.85,152.41,0.7546,-1,-1,-1
580,98,52.79,823.83,161.97,246.02,0.4697,-1,-1,-1
580,91,263.80,600.96,73.84,150.00,0.6790,-1,-1,-1
581,98,5.56,829.62,177.39,250.38,0.7612,-1,-1,-1
581,97,1802.88,590.57,60.82,181.59,0.4666,-1,-1,-1
581,91,245.60,596.12,74.62,159.28,0.7598,-1,-1,-1
582,98,0.78,833.96,156.62,246.04,0.8050,-1,-1,-1
582,97,1795.04,589.55,64.16,184.54,0.5943,-1,-1,-1
582,91,230.51,598.74,71.49,157.77,0.7674,-1,-1,-1
583,98,0.14,836.11,131.15,234.33,0.6352,-1,-1,-1
583,97,1789.16,606.31,65.12,168.05,0.5116,-1,-1,-1
583,91,210.21,599.66,79.84,160.04,0.7496,-1,-1,-1
584,98,0.29,835.29,99.88,239.69,0.7330,-1,-1,-1
584,97,1783.15,616.40,63.83,158.84,0.4755,-1,-1,-1
584,91,195.10,598.25,79.77,167.95,0.7856,-1,-1,-1
585,98,0.23,844.78,71.12,234.00,0.7105,-1,-1,-1
585,97,1778.28,606.47,65.05,166.44,0.3031,-1,-1,-1
585,91,186.39,601.12,75.08,172.30,0.8117,-1,-1,-1
586,98,0.34,924.28,41.91,155.72,0.5272,-1,-1,-1
586,97,1775.16,585.99,64.08,185.26,0.3876,-1,-1,-1
586,91,167.43,605.34,79.58,169.11,0.7213,-1,-1,-1
587,97,1775.01,590.77,53.80,162.65,0.3607,-1,-1,-1
587,91,155.40,607.92,82.57,169.75,0.7766,-1,-1,-1
588,97,1773.01,585.69,56.68,163.69,0.4643,-1,-1,-1
588,91,141.54,609.68,82.11,173.71,0.7847,-1,-1,-1
589,97,1767.85,583.20,55.58,162.97,0.5740,-1,-1,-1
589,91,126.58,612.97,85.72,173.40,0.7694,-1,-1,-1
590,97,1766.03,581.48,58.90,171.56,0.6646,-1,-1,-1
590,91,114.00,613.92,85.41,177.73,0.7594,-1,-1,-1
591,97,1765.17,581.91,61.52,169.99,0.7534,-1,-1,-1
591,91,99.20,613.97,82.81,179.51,0.7862,-1,-1,-1
592,97,1764.19,578.93,62.72,167.75,0.7301,-1,-1,-1
592,96,1226.48,528.63,27.96,74.46,0.3662,-1,-1,-1
592,91,85.05,618.38,86.49,175.55,0.7912,-1,-1,-1
593,97,1763.96,582.73,62.68,168.52,0.7708,-1,-1,-1
593,96,1224.29,528.25,28.08,75.28,0.4409,-1,-1,-1
593,91,71.65,617.09,85.94,183.06,0.7663,-1,-1,-1
594,97,1760.63,580.10,67.64,173.26,0.7166,-1,-1,-1
594,96,1223.27,528.65,29.49,74.07,0.4172,-1,-1,-1
594,91,55.40,620.85,92.90,184.72,0.7571,-1,-1,-1
595,99,325.65,536.43,41.10,95.60,0.5058,-1,-1,-1
595,97,1748.58,581.73,82.57,177.83,0.7262,-1,-1,-1
595,96,1223.05,527.56,29.41,77.04,0.4104,-1,-1,-1
595,91,44.14,620.71,87.55,188.74,0.7899,-1,-1,-1
596,99,319.31,536.00,43.99,97.83,0.5003,-1,-1,-1
596,97,1748.59,581.03,84.20,178.02,0.7310,-1,-1,-1
596,96,1225.21,527.04,29.19,76.46,0.4221,-1,-1,-1
596,91,29.28,625.89,90.64,189.24,0.7928,-1,-1,-1
597,99,314.72,531.50,41.88,105.28,0.6774,-1,-1,-1
597,97,1757.21,587.79,77.68,170.63,0.7489,-1,-1,-1
597,96,1227.25,527.79,27.58,76.44,0.3632,-1,-1,-1
597,91,14.97,626.51,91.50,192.49,0.7592,-1,-1,-1
598,99,310.38,536.53,42.06,104.91,0.5361,-1,-1,-1
598,97,1759.68,585.97,80.88,170.59,0.7621,-1,-1,-1
598,96,1228.36,528.11,27.16,76.22,0.3452,-1,-1,-1
598,91,1.58,637.59,97.78,191.70,0.7891,-1,-1,-1
599,99,308.83,542.81,41.52,98.12,0.4999,-1,-1,-1
599,97,1765.10,583.11,81.52,173.60,0.7710,-1,-1,-1
599,96,1230.37,525.21,28.19,79.84,0.4843,-1,-1,-1
599,91,0.92,639.04,83.09,192.45,0.7887,-1,-1,-1
600,99,303.75,545.01,44.42,97.99,0.4881,-1,-1,-1
600,97,1765.95,581.75,81.82,177.80,0.7862,-1,-1,-1
600,96,1231.54,519.97,29.72,85.23,0.5879,-1,-1,-1
600,91,0.21,648.08,73.31,190.77,0.7799,-1,-1,-1
601,99,297.92,539.11,48.35,105.01,0.4740,-1,-1,-1
601,97,1777.36,579.97,72.36,179.33,0.7812,-1,-1,-1
601,96,1233.24,523.33,29.05,82.25,0.4027,-1,-1,-1
601,91,0.00,650.18,60.40,192.13,0.7086,-1,-1,-1
602,99,293.98,536.31,49.85,110.33,0.4386,-1,-1,-1
602,97,1785.78,576.51,66.17,182.73,0.7091,-1,-1,-1
602,96,1234.35,521.17,28.72,84.00,0.3458,-1,-1,-1
602,91,0.00,662.83,49.10,180.94,0.5064,-1,-1,-1
603,99,290.93,521.82,48.81,126.31,0.5466,-1,-1,-1
603,97,1790.12,579.57,62.57,182.21,0.6265,-1,-1,-1
603,96,1235.31,519.17,31.29,88.36,0.4021,-1,-1,-1
603,91,0.16,673.92,34.35,175.37,0.4416,-1,-1,-1
604,99,289.05,547.63,47.60,101.73,0.6024,-1,-1,-1
604,97,1803.18,574.44,50.64,187.78,0.4709,-1,-1,-1
604,96,1237.39,519.99,30.21,88.33,0.5448,-1,-1,-1
605,99,285.22,515.78,52.24,132.37,0.4644,-1,-1,-1
605,97,1812.55,582.71,46.58,181.79,0.5071,-1,-1,-1
605,96,1239.76,518.58,29.80,88.18,0.6185,-1,-1,-1
606,99,282.27,532.83,50.55,116.49,0.5505,-1,-1,-1
606,96,1243.17,514.47,28.02,91.29,0.6174,-1,-1,-1
607,99,279.92,543.49,50.67,107.18,0.5706,-1,-1,-1
607,96,1244.16,515.13,29.42,91.25,0.6151,-1,-1,-1
608,99,277.84,542.54,48.94,105.85,0.6194,-1,-1,-1
608,96,1247.06,517.07,29.88,90.20,0.3066,-1,-1,-1
609,99,276.62,547.64,48.38,97.75,0.4792,-1,-1,-1
609,96,1250.63,518.52,31.78,89.64,0.5396,-1,-1,-1
610,99,273.97,523.06,49.93,120.69,0.5587,-1,-1,-1
610,96,1252.32,517.73,33.35,91.95,0.4888,-1,-1,-1
611,99,271.09,509.34,51.49,134.03,0.5750,-1,-1,-1
611,96,1255.69,515.80,29.61,97.28,0.4308,-1,-1,-1
612,99,268.04,503.65,50.23,140.66,0.6361,-1,-1,-1
612,96,1259.72,520.77,29.56,93.18,0.4562,-1,-1,-1
613,99,263.34,497.64,54.58,145.73,0.6912,-1,-1,-1
613,96,1263.40,523.08,29.56,91.80,0.5649,-1,-1,-1
614,100,1834.57,596.42,62.76,188.82,0.5610,-1,-1,-1
614,99,260.64,498.72,54.58,145.66,0.7440,-1,-1,-1
614,96,1266.08,524.13,29.58,90.38,0.6230,-1,-1,-1
615,100,1839.53,601.54,63.10,196.23,0.5262,-1,-1,-1
615,99,258.49,497.75,52.06,147.00,0.7417,-1,-1,-1
615,96,1267.36,524.62,30.31,90.84,0.6180,-1,-1,-1
616,100,1848.10,604.55,58.12,192.27,0.5736,-1,-1,-1
616,99,255.78,500.55,48.89,144.45,0.6219,-1,-1,-1
616,96,1269.37,527.48,31.05,94.58,0.6309,-1,-1,-1
617,100,1852.12,612.23,53.34,190.03,0.5695,-1,-1,-1
617,99,253.85,501.63,50.41,142.16,0.6405,-1,-1,-1
617,96,1272.75,528.29,30.73,96.67,0.5778,-1,-1,-1
618,100,1854.58,610.46,64.82,198.32,0.6581,-1,-1,-1
618,99,250.16,504.08,49.39,141.35,0.6317,-1,-1,-1
618,96,1275.05,531.47,32.57,96.24,0.5522,-1,-1,-1
619,100,1861.80,608.44,57.60,204.57,0.6305,-1,-1,-1
619,99,248.30,506.81,49.51,141.18,0.6438,-1,-1,-1
619,96,1275.92,532.28,34.42,95.82,0.6064,-1,-1,-1
620,100,1869.51,609.67,49.88,207.72,0.6591,-1,-1,-1
620,99,246.09,506.73,50.00,142.06,0.5905,-1,-1,-1
620,96,1276.05,532.59,37.32,99.25,0.6345,-1,-1,-1
621,100,1877.81,609.84,41.61,206.41,0.5314,-1,-1,-1
621,99,244.21,501.39,49.59,148.52,0.6202,-1,-1,-1
621,96,1283.48,529.77,34.15,103.51,0.6011,-1,-1,-1
622,100,1881.46,611.06,37.97,198.49,0.6150,-1,-1,-1
622,99,241.38,501.93,49.01,147.84,0.6673,-1,-1,-1
622,96,1288.57,530.29,30.25,106.30,0.5723,-1,-1,-1
623,100,1888.18,602.87,31.25,194.95,0.3994,-1,-1,-1
623,99,238.46,499.60,48.85,155.65,0.6347,-1,-1,-1
623,96,1293.22,527.96,33.90,103.49,0.6337,-1,-1,-1
624,99,237.62,499.85,48.03,152.68,0.6679,-1,-1,-1
624,96,1295.89,530.68,36.14,105.49,0.6203,-1,-1,-1
625,99,236.32,513.31,48.34,145.15,0.6579,-1,-1,-1
625,96,1301.08,536.69,35.66,102.16,0.6304,-1,-1,-1
626,99,235.46,523.10,49.30,132.43,0.6768,-1,-1,-1
626,96,1305.07,530.65,43.17,109.35,0.5578,-1,-1,-1
627,99,235.01,538.53,47.63,124.38,0.6338,-1,-1,-1
627,96,1313.18,529.73,37.92,109.85,0.6457,-1,-1,-1
628,99,235.06,539.26,48.81,122.92,0.6426,-1,-1,-1
628,96,1318.56,531.87,38.64,107.63,0.6342,-1,-1,-1
629,99,234.64,554.52,47.35,115.43,0.7022,-1,-1,-1
629,96,1324.07,530.47,39.46,105.80,0.7123,-1,-1,-1
630,99,235.45,549.97,48.09,119.84,0.6715,-1,-1,-1
630,96,1330.96,530.38,43.23,107.46,0.6755,-1,-1,-1
631,99,235.94,551.91,52.13,117.75,0.6435,-1,-1,-1
631,96,1340.70,528.57,38.10,109.83,0.6769,-1,-1,-1
632,99,237.97,553.37,52.48,119.72,0.6209,-1,-1,-1
632,96,1346.61,531.44,40.80,108.30,0.7132,-1,-1,-1
633,99,238.36,549.95,54.82,124.64,0.6099,-1,-1,-1
633,96,1354.06,536.45,43.57,108.52,0.6610,-1,-1,-1
634,99,240.06,552.24,50.12,125.72,0.6022,-1,-1,-1
634,96,1363.86,536.99,40.02,107.16,0.6405,-1,-1,-1
635,99,241.60,548.07,53.01,129.01,0.5529,-1,-1,-1
635,96,1368.93,531.07,44.81,119.59,0.7261,-1,-1,-1
636,99,243.67,549.37,51.21,129.87,0.5862,-1,-1,-1
636,96,1378.39,539.76,42.24,112.78,0.6076,-1,-1,-1
637,99,245.17,538.85,54.35,142.45,0.5289,-1,-1,-1
637,96,1389.63,538.26,40.22,115.49,0.4784,-1,-1,-1
638,99,246.27,532.19,54.09,151.02,0.6135,-1,-1,-1
638,96,1397.37,538.21,43.56,122.11,0.6066,-1,-1,-1
639,99,248.64,537.14,54.50,148.85,0.6487,-1,-1,-1
639,96,1413.03,552.19,36.38,110.61,0.4551,-1,-1,-1
640,99,251.22,535.10,52.04,152.83,0.6525,-1,-1,-1
640,96,1418.82,554.21,40.37,106.62,0.3656,-1,-1,-1
641,99,254.74,538.72,52.12,151.07,0.6611,-1,-1,-1
641,96,1431.19,553.14,37.64,104.91,0.5201,-1,-1,-1
642,99,257.50,534.62,52.09,155.42,0.5651,-1,-1,-1
642,96,1442.59,559.51,38.99,105.80,0.5630,-1,-1,-1
643,99,259.56,530.20,50.88,162.62,0.5508,-1,-1,-1
643,96,1455.65,562.50,36.06,95.50,0.3616,-1,-1,-1
644,99,262.76,529.40,47.70,162.98,0.4253,-1,-1,-1
645,99,266.98,572.58,47.55,122.26,0.3867,-1,-1,-1
646,99,271.88,572.78,46.88,124.42,0.4154,-1,-1,-1
647,99,275.58,535.28,43.74,161.12,0.4641,-1,-1,-1
648,99,279.55,565.77,47.14,130.71,0.5229,-1,-1,-1
649,99,283.00,534.78,45.56,154.49,0.4939,-1,-1,-1
650,99,285.20,531.50,49.23,162.63,0.5935,-1,-1,-1
651,99,291.68,530.55,50.67,166.40,0.4293,-1,-1,-1
652,99,300.45,554.86,45.62,126.62,0.5725,-1,-1,-1
653,99,309.16,557.72,42.52,128.19,0.3337,-1,-1,-1
654,99,312.48,556.63,41.71,135.12,0.5726,-1,-1,-1
655,99,319.84,518.29,42.64,167.77,0.4945,-1,-1,-1
656,99,327.38,533.35,45.57,166.25,0.5395,-1,-1,-1
657,99,335.51,532.25,45.82,171.54,0.5519,-1,-1,-1
657,96,1657.67,564.77,46.22,61.65,0.3427,-1,-1,-1
658,99,347.49,578.15,44.53,129.39,0.3959,-1,-1,-1
658,96,1676.33,571.02,44.45,61.79,0.3262,-1,-1,-1
659,99,347.50,590.15,51.83,132.30,0.3628,-1,-1,-1
660,99,358.88,590.41,46.52,129.80,0.4924,-1,-1,-1
661,99,359.06,592.05,51.41,132.18,0.5637,-1,-1,-1
662,99,366.13,597.03,54.00,125.36,0.5369,-1,-1,-1
663,99,379.63,599.47,47.21,119.94,0.5336,-1,-1,-1
664,99,381.85,592.21,55.51,126.02,0.6049,-1,-1,-1
665,99,389.10,597.64,56.84,117.97,0.4860,-1,-1,-1
666,99,393.32,592.97,65.24,120.43,0.6449,-1,-1,-1
667,99,395.25,586.28,76.14,128.22,0.5617,-1,-1,-1
668,99,396.27,581.50,89.13,138.04,0.6016,-1,-1,-1
669,99,405.67,574.37,97.97,141.82,0.4365,-1,-1,-1
670,103,400.68,512.98,29.05,80.74,0.6398,-1,-1,-1
670,99,414.99,571.49,99.72,143.23,0.6277,-1,-1,-1
671,103,405.06,512.00,27.41,77.04,0.4921,-1,-1,-1
671,99,428.23,568.55,95.67,145.03,0.5765,-1,-1,-1
672,103,411.61,509.12,27.77,75.74,0.4475,-1,-1,-1
677,103,437.54,492.85,34.84,85.58,0.4568,-1,-1,-1
677,102,572.14,482.24,19.40,43.31,0.3760,-1,-1,-1
678,103,440.88,496.55,36.30,86.89,0.3790,-1,-1,-1
679,103,449.54,511.18,35.82,82.19,0.3661,-1,-1,-1
680,99,573.65,568.71,74.64,138.69,0.3370,-1,-1,-1
681,99,586.38,596.96,79.06,141.00,0.4250,-1,-1,-1
682,99,605.15,618.88,71.97,138.56,0.3639,-1,-1,-1
683,99,619.53,593.53,59.55,135.80,0.3245,-1,-1,-1
687,103,483.20,507.28,32.40,79.74,0.4386,-1,-1,-1
688,103,485.58,506.37,29.36,80.91,0.3723,-1,-1,-1
690,99,679.76,564.31,110.01,151.72,0.4662,-1,-1,-1
691,99,699.05,566.02,107.91,152.38,0.5892,-1,-1,-1
692,103,507.74,500.70,27.55,82.24,0.5562,-1,-1,-1
692,102,658.07,475.58,17.23,47.55,0.3417,-1,-1,-1
692,99,718.40,570.71,100.11,146.13,0.4479,-1,-1,-1
693,103,510.58,496.10,34.46,89.14,0.3800,-1,-1,-1
693,102,667.17,475.89,20.58,47.53,0.3278,-1,-1,-1
693,99,770.78,574.33,64.15,144.92,0.5255,-1,-1,-1
694,103,510.87,498.71,36.58,88.31,0.4959,-1,-1,-1
694,102,671.86,475.88,19.52,52.35,0.3576,-1,-1,-1
694,99,773.87,581.93,81.70,140.97,0.4815,-1,-1,-1
695,103,517.11,501.13,32.68,87.18,0.5228,-1,-1,-1
695,102,677.07,476.59,20.08,53.52,0.4115,-1,-1,-1
695,99,791.29,585.50,79.72,147.46,0.3590,-1,-1,-1
696,103,527.85,501.88,31.07,81.22,0.4362,-1,-1,-1
697,103,529.67,504.48,32.08,82.13,0.4885,-1,-1,-1
698,103,532.57,500.35,31.81,89.43,0.4732,-1,-1,-1
699,103,534.04,500.39,34.89,90.37,0.3028,-1,-1,-1
700,103,537.18,501.35,35.45,93.06,0.5294,-1,-1,-1
700,102,702.78,479.68,19.89,52.62,0.4622,-1,-1,-1
701,103,544.27,505.50,32.43,89.86,0.4031,-1,-1,-1
701,99,884.00,590.97,90.54,156.90,0.4995,-1,-1,-1
702,103,550.56,507.71,32.97,86.10,0.3620,-1,-1,-1
702,99,929.10,599.66,64.70,153.24,0.5881,-1,-1,-1
703,103,554.62,504.74,32.14,90.36,0.5539,-1,-1,-1
703,99,952.08,604.56,59.67,153.84,0.5376,-1,-1,-1
704,103,555.24,508.94,34.56,91.53,0.5844,-1,-1,-1
704,102,725.65,476.47,20.90,60.67,0.3660,-1,-1,-1
704,99,955.47,611.77,73.42,154.83,0.6474,-1,-1,-1
705,103,554.21,508.11,40.96,94.63,0.5363,-1,-1,-1
705,102,727.77,476.66,20.99,59.66,0.4064,-1,-1,-1
705,99,977.35,612.61,67.62,155.82,0.6481,-1,-1,-1
706,103,562.47,510.77,33.45,92.89,0.6116,-1,-1,-1
706,99,984.54,615.58,80.75,159.61,0.7583,-1,-1,-1
707,103,564.59,512.94,33.05,95.63,0.6616,-1,-1,-1
707,99,993.54,613.64,90.93,169.35,0.7423,-1,-1,-1
708,106,743.00,490.27,21.42,52.78,0.3710,-1,-1,-1
708,103,567.37,517.66,32.55,95.76,0.6891,-1,-1,-1
708,99,992.35,615.65,110.47,173.34,0.6746,-1,-1,-1
709,106,745.56,492.52,22.24,54.08,0.3624,-1,-1,-1
709,103,568.71,520.04,34.16,98.59,0.6430,-1,-1,-1
709,99,999.69,608.97,125.80,179.79,0.7636,-1,-1,-1
710,106,749.10,501.65,20.03,52.74,0.3888,-1,-1,-1
710,103,575.05,530.59,33.86,89.57,0.6403,-1,-1,-1
710,99,1015.63,622.24,126.38,179.50,0.7748,-1,-1,-1
711,106,749.97,503.67,19.60,52.04,0.4168,-1,-1,-1
711,103,575.42,533.89,34.45,88.55,0.5305,-1,-1,-1
711,99,1048.28,619.92,115.78,176.53,0.7111,-1,-1,-1
712,106,756.33,505.35,30.12,52.69,0.3848,-1,-1,-1
712,103,575.90,535.19,36.85,93.51,0.7177,-1,-1,-1
712,99,1072.64,633.64,106.71,177.15,0.4789,-1,-1,-1
713,106,760.81,505.74,23.51,50.27,0.3481,-1,-1,-1
713,103,575.64,534.77,37.35,95.03,0.7372,-1,-1,-1
713,99,1126.94,631.28,72.54,168.77,0.5796,-1,-1,-1
714,106,762.03,510.64,20.31,53.68,0.4318,-1,-1,-1
714,103,579.65,542.68,36.91,99.50,0.6552,-1,-1,-1
714,99,1128.18,636.56,99.23,169.78,0.7374,-1,-1,-1
715,106,764.12,503.44,20.26,61.73,0.4276,-1,-1,-1
715,103,579.42,539.29,38.59,103.06,0.5902,-1,-1,-1
715,99,1139.78,634.96,100.12,174.06,0.7451,-1,-1,-1
716,106,768.60,503.03,23.92,61.01,0.4151,-1,-1,-1
716,103,581.21,544.09,37.80,100.99,0.5082,-1,-1,-1
716,99,1154.84,631.26,102.50,180.25,0.7684,-1,-1,-1
717,106,771.15,510.28,21.89,52.80,0.3222,-1,-1,-1
717,103,579.35,544.91,40.14,101.70,0.5572,-1,-1,-1
717,99,1172.68,628.81,104.29,185.11,0.7812,-1,-1,-1
718,106,772.82,509.41,23.20,55.40,0.3734,-1,-1,-1
718,103,585.38,553.20,35.06,96.66,0.4841,-1,-1,-1
718,99,1189.14,624.49,110.06,196.23,0.7914,-1,-1,-1
719,103,584.57,546.95,38.45,100.37,0.5349,-1,-1,-1
719,99,1210.36,632.78,110.81,193.26,0.6608,-1,-1,-1
720,103,585.27,551.74,39.65,102.12,0.5675,-1,-1,-1
720,99,1229.39,631.92,114.73,198.21,0.6718,-1,-1,-1
721,103,587.86,551.49,41.53,103.13,0.4913,-1,-1,-1
721,99,1262.04,636.59,96.48,170.42,0.4787,-1,-1,-1
722,103,592.72,553.74,37.65,102.34,0.5360,-1,-1,-1
722,99,1296.52,648.43,84.99,198.29,0.4726,-1,-1,-1
723,106,790.60,513.66,26.02,55.39,0.3732,-1,-1,-1
723,103,593.91,550.41,39.38,105.71,0.3706,-1,-1,-1
723,99,1311.13,656.75,102.79,193.76,0.4478,-1,-1,-1
724,106,793.08,524.51,23.30,53.28,0.3642,-1,-1,-1
724,103,594.64,563.18,37.38,102.78,0.4859,-1,-1,-1
724,99,1348.36,663.71,90.32,196.55,0.5486,-1,-1,-1
725,106,797.13,525.05,22.65,53.01,0.4732,-1,-1,-1
725,103,595.05,566.09,37.34,103.77,0.5707,-1,-1,-1
725,99,1371.84,663.34,91.89,205.52,0.7108,-1,-1,-1
726,106,799.50,520.58,21.03,57.26,0.3632,-1,-1,-1
726,103,597.19,565.67,37.52,102.97,0.5734,-1,-1,-1
726,99,1382.33,673.10,106.97,208.79,0.6203,-1,-1,-1
727,103,597.26,570.04,42.47,106.98,0.7153,-1,-1,-1
727,99,1433.12,671.43,74.24,171.11,0.4060,-1,-1,-1
728,103,597.66,568.85,43.11,105.97,0.6729,-1,-1,-1
728,99,1407.77,681.60,130.86,220.46,0.5803,-1,-1,-1
729,103,597.92,565.73,44.15,110.39,0.6381,-1,-1,-1
729,99,1429.21,679.54,139.22,222.36,0.7226,-1,-1,-1
730,106,817.12,524.40,21.17,59.87,0.3511,-1,-1,-1
730,103,599.60,569.84,45.69,111.52,0.5670,-1,-1,-1
730,99,1521.46,689.49,76.64,226.20,0.4556,-1,-1,-1
731,106,817.74,524.87,23.22,59.22,0.4067,-1,-1,-1
731,103,600.13,564.25,47.73,116.30,0.6680,-1,-1,-1
732,106,819.87,526.01,22.93,57.31,0.4915,-1,-1,-1
732,103,602.14,564.90,46.53,116.83,0.6757,-1,-1,-1
733,106,820.65,522.12,24.29,60.86,0.5295,-1,-1,-1
733,103,602.62,568.14,46.13,115.04,0.6499,-1,-1,-1
734,106,824.11,527.26,20.51,51.71,0.4011,-1,-1,-1
734,103,601.97,559.74,47.29,121.98,0.6868,-1,-1,-1
734,99,1592.47,706.76,115.69,231.06,0.6281,-1,-1,-1
735,103,602.71,562.89,47.18,121.84,0.6948,-1,-1,-1
735,99,1610.22,703.29,125.02,233.93,0.7441,-1,-1,-1
736,105,833.94,524.23,23.02,52.11,0.3822,-1,-1,-1
736,103,607.48,559.58,44.87,121.55,0.6750,-1,-1,-1
736,99,1628.26,703.69,137.18,249.31,0.7151,-1,-1,-1
737,105,834.80,523.37,24.61,53.21,0.3775,-1,-1,-1
737,103,607.38,561.88,46.02,121.69,0.6584,-1,-1,-1
737,99,1658.92,692.27,133.30,263.75,0.7946,-1,-1,-1
738,105,836.85,525.39,22.33,53.01,0.3541,-1,-1,-1
738,103,606.80,562.89,48.30,122.68,0.6593,-1,-1,-1
738,99,1687.89,707.51,139.05,263.56,0.7550,-1,-1,-1
739,105,839.84,524.44,22.44,55.33,0.3574,-1,-1,-1
739,103,607.36,565.22,49.79,123.51,0.6562,-1,-1,-1
739,99,1715.16,721.71,154.09,258.71,0.7532,-1,-1,-1
740,105,840.61,523.99,22.11,57.02,0.4218,-1,-1,-1
740,103,607.80,567.23,49.24,123.30,0.6847,-1,-1,-1
740,99,1746.01,739.69,144.71,248.80,0.7464,-1,-1,-1
741,105,841.95,527.38,22.82,55.26,0.4783,-1,-1,-1
741,103,608.08,569.12,49.10,123.89,0.6776,-1,-1,-1
741,99,1784.47,729.09,134.77,266.23,0.5816,-1,-1,-1
742,108,875.16,530.07,22.35,52.96,0.3729,-1,-1,-1
742,105,842.82,528.05,22.41,56.34,0.5105,-1,-1,-1
742,103,609.41,570.28,47.27,123.18,0.6455,-1,-1,-1
742,99,1832.40,755.20,86.99,254.21,0.4326,-1,-1,-1
743,105,844.14,529.22,22.17,55.09,0.4494,-1,-1,-1
743,103,606.72,571.84,52.11,125.63,0.6303,-1,-1,-1
744,105,844.61,528.57,21.97,56.00,0.4811,-1,-1,-1
744,103,605.68,571.97,51.02,127.38,0.6293,-1,-1,-1
745,105,844.42,525.25,22.31,61.54,0.4982,-1,-1,-1
745,103,604.29,573.53,52.60,128.98,0.6668,-1,-1,-1
746,105,843.95,524.63,23.44,63.70,0.5172,-1,-1,-1
746,103,603.37,574.10,50.79,130.60,0.6264,-1,-1,-1
747,105,844.41,524.77,24.20,64.24,0.5047,-1,-1,-1
747,103,603.65,575.01,50.92,132.79,0.6538,-1,-1,-1
748,103,603.11,575.34,51.18,133.21,0.6733,-1,-1,-1
749,103,603.00,577.58,51.13,131.24,0.6753,-1,-1,-1
750,103,602.09,580.08,51.40,129.44,0.6232,-1,-1,-1
