3,0,1347.44,424.85,172.15,367.61,0.8358,-1,-1,-1
3,1,585.21,443.09,92.25,263.53,0.7561,-1,-1,-1
3,2,438.59,443.41,115.21,276.76,0.6979,-1,-1,-1
3,3,1468.80,442.50,138.64,325.97,0.7325,-1,-1,-1
3,4,732.34,460.69,34.66,106.19,0.5315,-1,-1,-1
3,5,916.66,432.71,59.41,153.82,0.4033,-1,-1,-1
4,0,1350.43,420.61,177.55,377.99,0.8240,-1,-1,-1
4,1,584.53,444.01,92.68,264.49,0.7670,-1,-1,-1
4,2,440.47,442.90,116.40,276.55,0.7436,-1,-1,-1
4,3,1473.62,432.29,136.95,335.22,0.7303,-1,-1,-1
4,4,732.58,458.83,35.94,109.85,0.5187,-1,-1,-1
4,5,917.07,431.91,59.70,154.23,0.4196,-1,-1,-1
5,0,1350.77,418.25,178.80,386.55,0.8483,-1,-1,-1
5,1,584.98,444.03,92.68,263.99,0.7658,-1,-1,-1
5,2,444.97,443.96,116.06,273.49,0.6899,-1,-1,-1
5,3,1477.85,428.07,131.31,339.96,0.7403,-1,-1,-1
5,4,732.74,458.85,35.75,109.40,0.5181,-1,-1,-1
5,5,916.70,431.15,60.01,154.59,0.4083,-1,-1,-1
6,0,1357.51,418.22,175.30,387.14,0.8471,-1,-1,-1
6,1,583.36,443.24,93.43,267.93,0.7617,-1,-1,-1
6,2,450.61,444.00,116.38,274.29,0.6951,-1,-1,-1
6,3,1486.57,426.05,125.13,342.60,0.7237,-1,-1,-1
6,4,732.71,457.14,35.75,110.48,0.5346,-1,-1,-1
6,5,916.38,430.39,60.83,156.24,0.4202,-1,-1,-1
6,13,1012.73,429.25,45.54,99.70,0.2053,-1,-1,-1
6,14,966.24,437.68,51.90,142.27,0.2041,-1,-1,-1
7,0,1366.22,419.25,163.05,381.43,0.8559,-1,-1,-1
7,1,584.00,442.77,92.83,268.33,0.7671,-1,-1,-1
7,2,447.65,444.92,117.86,274.34,0.7308,-1,-1,-1
7,3,1493.64,432.63,115.73,337.40,0.7679,-1,-1,-1
7,4,732.80,457.89,35.22,109.82,0.5489,-1,-1,-1
7,5,915.41,430.68,60.81,155.86,0.3742,-1,-1,-1
8,0,1380.90,413.77,154.48,385.59,0.8056,-1,-1,-1
8,1,584.77,442.92,92.16,266.78,0.7823,-1,-1,-1
8,2,449.00,443.89,118.34,274.73,0.7468,-1,-1,-1
8,3,1498.42,420.28,112.94,350.68,0.7695,-1,-1,-1
8,4,733.16,457.00,35.05,109.60,0.5422,-1,-1,-1
8,5,914.57,428.18,61.63,158.27,0.3851,-1,-1,-1
9,0,1392.57,407.49,149.32,392.72,0.7453,-1,-1,-1
9,1,584.74,442.50,91.86,268.22,0.7793,-1,-1,-1
9,2,454.85,444.17,116.14,274.20,0.7434,-1,-1,-1
9,3,1506.23,422.47,106.57,347.01,0.7485,-1,-1,-1
9,4,732.89,456.98,35.58,111.33,0.5346,-1,-1,-1
9,15,1256.13,437.17,35.80,108.05,0.2288,-1,-1,-1
9,18,698.15,451.39,38.16,134.50,0.3397,-1,-1,-1
9,19,1084.62,456.33,46.00,136.43,0.2422,-1,-1,-1
10,0,1411.15,415.79,133.96,376.71,0.7915,-1,-1,-1
10,1,585.36,442.88,91.78,268.01,0.7823,-1,-1,-1
10,2,456.46,443.81,115.59,274.38,0.7179,-1,-1,-1
10,3,1505.91,417.40,111.20,357.14,0.6691,-1,-1,-1
10,4,733.07,457.64,35.24,109.44,0.5202,-1,-1,-1
10,15,1258.78,440.99,35.41,106.12,0.2293,-1,-1,-1
10,18,698.22,452.48,38.80,137.63,0.3117,-1,-1,-1
10,19,1083.54,456.85,46.11,135.95,0.2774,-1,-1,-1
11,0,1421.51,412.63,131.88,385.84,0.7691,-1,-1,-1
11,1,586.04,442.89,91.18,266.33,0.7705,-1,-1,-1
11,2,453.97,442.37,116.30,276.41,0.6894,-1,-1,-1
11,3,1528.14,420.15,101.45,347.09,0.7954,-1,-1,-1
11,4,733.15,458.88,36.08,110.77,0.5668,-1,-1,-1
11,5,914.85,428.98,61.01,156.37,0.2053,-1,-1,-1
11,15,1257.64,441.94,34.80,103.32,0.3544,-1,-1,-1
11,18,698.34,452.75,37.89,134.49,0.2505,-1,-1,-1
11,19,1083.23,456.43,46.80,137.11,0.2999,-1,-1,-1
11,20,1381.33,437.50,43.07,124.92,0.2317,-1,-1,-1
11,21,805.11,466.66,28.30,82.22,0.2417,-1,-1,-1
11,22,653.77,445.78,74.87,196.98,0.2340,-1,-1,-1
12,0,1433.60,408.07,128.90,388.46,0.7273,-1,-1,-1
12,1,585.80,442.05,91.57,266.73,0.7667,-1,-1,-1
12,2,451.03,442.08,117.48,276.41,0.6674,-1,-1,-1
12,3,1536.03,419.76,99.91,353.11,0.7732,-1,-1,-1
12,4,731.78,456.18,37.37,113.74,0.6052,-1,-1,-1
12,5,914.95,429.34,60.73,155.93,0.2012,-1,-1,-1
12,15,1256.73,437.65,35.95,106.83,0.2456,-1,-1,-1
12,18,698.38,453.38,37.55,133.44,0.2278,-1,-1,-1
12,19,1083.93,454.11,47.53,139.10,0.2250,-1,-1,-1
12,20,1382.14,439.71,42.33,122.34,0.2062,-1,-1,-1
12,21,804.86,466.59,28.10,81.39,0.2394,-1,-1,-1
12,22,655.83,448.55,73.95,195.95,0.2028,-1,-1,-1
13,0,1444.22,413.31,127.36,385.29,0.7015,-1,-1,-1
13,1,585.49,441.94,92.12,267.33,0.7539,-1,-1,-1
13,2,446.98,443.27,119.77,276.27,0.7038,-1,-1,-1
13,3,1541.02,421.56,104.19,358.69,0.7515,-1,-1,-1
13,4,730.44,456.09,38.86,118.35,0.5822,-1,-1,-1
13,5,915.22,429.40,60.62,156.12,0.2526,-1,-1,-1
13,15,1256.27,433.78,37.22,110.60,0.2404,-1,-1,-1
13,19,1082.34,453.97,47.96,139.22,0.2103,-1,-1,-1
13,20,1382.37,437.74,42.09,120.83,0.2971,-1,-1,-1
13,21,804.64,466.87,27.98,80.80,0.2274,-1,-1,-1
13,22,658.18,446.65,72.88,193.77,0.3073,-1,-1,-1
14,0,1454.22,410.12,128.65,386.76,0.5769,-1,-1,-1
14,1,584.54,442.30,93.16,268.21,0.7504,-1,-1,-1
14,2,446.47,441.83,121.79,281.72,0.6394,-1,-1,-1
14,3,1548.91,415.95,114.52,373.63,0.6144,-1,-1,-1
14,4,730.24,456.56,39.15,118.86,0.5512,-1,-1,-1
14,15,1257.14,430.77,38.82,114.77,0.2781,-1,-1,-1
14,19,1083.15,454.76,47.73,138.26,0.2088,-1,-1,-1
14,21,804.52,466.68,28.43,81.78,0.2867,-1,-1,-1
14,22,659.24,444.69,74.19,199.10,0.2980,-1,-1,-1
15,0,1451.53,417.06,123.04,380.12,0.4908,-1,-1,-1
15,1,583.51,442.60,93.31,269.68,0.7700,-1,-1,-1
15,2,445.32,443.25,121.64,282.58,0.6578,-1,-1,-1
15,3,1560.31,424.21,125.65,373.81,0.5959,-1,-1,-1
15,4,729.92,452.24,40.86,125.17,0.6068,-1,-1,-1
15,5,914.99,427.02,61.43,159.19,0.3095,-1,-1,-1
15,15,1255.99,434.53,37.33,110.75,0.2233,-1,-1,-1
15,21,804.29,466.59,28.75,82.50,0.2653,-1,-1,-1
15,22,671.13,447.94,63.67,169.50,0.2548,-1,-1,-1
16,0,1455.57,423.93,120.03,375.63,0.4018,-1,-1,-1
16,1,583.69,444.27,92.42,266.47,0.7683,-1,-1,-1
16,2,443.45,442.66,120.66,283.76,0.6511,-1,-1,-1
16,3,1569.57,421.30,143.63,383.36,0.6740,-1,-1,-1
16,4,729.98,453.92,39.72,122.95,0.4916,-1,-1,-1
16,5,915.47,425.88,61.47,160.26,0.2325,-1,-1,-1
16,15,1255.29,432.74,37.70,112.06,0.3295,-1,-1,-1
16,19,1081.51,454.61,48.20,138.27,0.2025,-1,-1,-1
16,21,804.17,465.89,29.07,83.23,0.2217,-1,-1,-1
16,22,661.57,447.62,71.85,192.93,0.2708,-1,-1,-1
17,0,1462.07,420.99,124.14,381.75,0.3625,-1,-1,-1
17,1,583.52,446.08,92.76,267.13,0.7652,-1,-1,-1
17,2,444.24,442.72,119.58,284.66,0.6589,-1,-1,-1
17,3,1571.45,421.29,163.35,385.23,0.7724,-1,-1,-1
17,4,728.70,455.16,38.78,120.74,0.4490,-1,-1,-1
17,15,1254.69,434.52,36.75,109.74,0.3057,-1,-1,-1
17,22,659.44,448.93,72.88,197.56,0.2283,-1,-1,-1
18,0,1481.53,420.55,156.34,391.15,0.6832,-1,-1,-1
18,1,583.67,444.76,93.19,268.78,0.7898,-1,-1,-1
18,2,446.72,443.08,117.39,284.35,0.7161,-1,-1,-1
18,3,1580.67,428.89,165.31,380.65,0.7103,-1,-1,-1
18,4,727.92,457.38,37.92,118.12,0.4405,-1,-1,-1
18,5,916.50,431.43,59.82,157.40,0.2056,-1,-1,-1
18,15,1254.69,436.47,35.82,107.39,0.3850,-1,-1,-1
18,19,1081.63,456.29,48.09,137.24,0.2012,-1,-1,-1
18,21,804.22,466.18,29.50,84.54,0.2086,-1,-1,-1
18,28,1825.75,470.06,75.75,181.09,0.2299,-1,-1,-1
19,0,1466.12,413.21,157.40,391.19,0.4640,-1,-1,-1
19,1,584.85,445.07,93.89,269.58,0.7677,-1,-1,-1
19,2,449.16,445.30,115.82,284.20,0.7092,-1,-1,-1
19,3,1577.17,462.51,163.16,351.59,0.6827,-1,-1,-1
19,4,726.85,459.28,37.64,116.44,0.4066,-1,-1,-1
19,15,1254.24,435.80,35.94,108.14,0.4019,-1,-1,-1
19,21,805.62,467.28,28.79,82.36,0.2233,-1,-1,-1
19,28,1825.59,471.35,74.47,180.19,0.2344,-1,-1,-1
20,0,1464.22,410.69,159.57,395.02,0.3684,-1,-1,-1
20,1,586.70,445.97,95.42,266.75,0.7783,-1,-1,-1
20,2,452.22,450.27,113.70,277.66,0.7097,-1,-1,-1
20,3,1602.38,459.42,163.91,343.86,0.6328,-1,-1,-1
20,4,725.82,454.62,38.85,119.62,0.4105,-1,-1,-1
20,15,1254.32,436.36,35.54,107.07,0.3275,-1,-1,-1
20,28,1825.34,472.00,73.35,180.03,0.2362,-1,-1,-1
21,0,1483.44,413.11,201.51,406.98,0.7286,-1,-1,-1
21,1,586.76,443.81,98.91,269.67,0.7905,-1,-1,-1
21,2,452.00,447.78,113.67,278.77,0.6969,-1,-1,-1
21,3,1612.20,453.94,159.54,348.41,0.6553,-1,-1,-1
21,4,726.15,452.90,39.66,122.27,0.3840,-1,-1,-1
21,15,1253.43,439.27,34.16,102.04,0.3351,-1,-1,-1
21,28,1825.68,469.71,73.25,182.37,0.2077,-1,-1,-1
22,0,1474.76,412.05,205.41,406.23,0.5296,-1,-1,-1
22,1,586.43,443.84,100.48,269.04,0.7777,-1,-1,-1
22,2,453.92,446.68,114.15,280.66,0.5988,-1,-1,-1
22,3,1623.02,427.99,163.33,371.01,0.7015,-1,-1,-1
22,4,725.43,459.46,37.91,113.34,0.3667,-1,-1,-1
22,15,1255.66,437.69,36.86,107.91,0.3680,-1,-1,-1
22,28,1825.76,471.44,71.42,180.14,0.2469,-1,-1,-1
23,0,1465.94,411.70,195.40,391.67,0.4805,-1,-1,-1
23,1,585.17,443.72,102.35,268.87,0.7759,-1,-1,-1
23,2,461.91,445.89,112.94,281.89,0.6875,-1,-1,-1
23,3,1617.18,422.64,157.07,378.41,0.6267,-1,-1,-1
23,4,725.28,465.01,37.14,105.39,0.3625,-1,-1,-1
23,15,1252.86,440.18,35.53,103.09,0.3386,-1,-1,-1
23,22,656.91,449.90,78.84,224.78,0.2405,-1,-1,-1
24,0,1481.74,406.78,210.98,413.26,0.7030,-1,-1,-1
24,1,585.52,443.81,102.99,268.25,0.7548,-1,-1,-1
24,2,466.76,444.86,113.23,286.30,0.6836,-1,-1,-1
24,3,1629.91,418.98,149.26,379.32,0.6253,-1,-1,-1
24,4,726.00,461.49,39.83,108.00,0.4308,-1,-1,-1
24,15,1255.10,437.91,37.65,107.66,0.2969,-1,-1,-1
24,22,657.87,449.41,78.46,234.66,0.2357,-1,-1,-1
25,0,1487.93,406.52,211.21,412.51,0.6348,-1,-1,-1
25,1,585.89,443.67,103.56,268.72,0.7430,-1,-1,-1
25,2,465.92,444.46,113.96,289.38,0.6333,-1,-1,-1
25,3,1645.90,416.13,144.16,386.34,0.6677,-1,-1,-1
25,4,724.73,462.88,40.16,104.26,0.4016,-1,-1,-1
25,15,1251.34,441.52,35.39,101.38,0.3039,-1,-1,-1
25,22,659.60,451.31,75.16,235.49,0.2871,-1,-1,-1
25,31,1423.39,458.56,57.02,99.61,0.3057,-1,-1,-1
26,0,1505.35,409.60,215.91,410.26,0.5970,-1,-1,-1
26,1,586.08,444.23,102.98,268.62,0.7238,-1,-1,-1
26,2,466.18,440.95,115.40,295.21,0.6586,-1,-1,-1
26,3,1651.38,421.22,134.35,379.84,0.6618,-1,-1,-1
26,4,724.13,463.29,41.86,104.29,0.4402,-1,-1,-1
26,15,1250.88,442.09,34.69,99.35,0.3015,-1,-1,-1
26,19,1080.94,453.02,50.32,141.41,0.2766,-1,-1,-1
26,22,662.05,450.93,71.06,230.78,0.3115,-1,-1,-1
26,28,1826.19,467.19,71.88,184.88,0.2767,-1,-1,-1
26,31,1419.28,446.76,63.34,111.01,0.2891,-1,-1,-1
27,0,1513.43,411.33,215.95,411.07,0.5632,-1,-1,-1
27,1,587.03,443.37,102.32,270.37,0.7290,-1,-1,-1
27,2,468.66,444.03,112.88,289.04,0.6226,-1,-1,-1
27,3,1666.24,413.15,129.69,383.92,0.6655,-1,-1,-1
27,4,721.45,457.74,44.07,109.97,0.3559,-1,-1,-1
27,15,1250.79,442.18,34.33,98.39,0.2497,-1,-1,-1
27,19,1080.14,452.50,51.16,142.09,0.2170,-1,-1,-1
27,22,666.40,448.66,66.99,222.27,0.2988,-1,-1,-1
27,28,1826.13,465.20,72.38,186.90,0.2738,-1,-1,-1
27,31,1416.92,442.88,65.33,114.84,0.2697,-1,-1,-1
27,32,1460.87,457.17,33.91,97.87,0.2653,-1,-1,-1
28,0,1516.03,403.40,212.76,425.99,0.5830,-1,-1,-1
28,1,591.07,443.34,100.78,270.86,0.7387,-1,-1,-1
28,2,470.46,441.60,113.53,292.89,0.6030,-1,-1,-1
28,3,1677.16,410.53,126.55,384.67,0.6566,-1,-1,-1
28,4,722.93,460.73,44.08,107.84,0.3628,-1,-1,-1
28,5,917.57,430.74,58.30,158.66,0.2035,-1,-1,-1
28,15,1250.08,443.58,33.29,96.52,0.2577,-1,-1,-1
28,19,1079.66,450.86,52.60,143.51,0.2942,-1,-1,-1
28,22,667.41,450.44,65.21,221.48,0.2407,-1,-1,-1
28,31,1417.84,437.38,66.60,120.99,0.5527,-1,-1,-1
29,0,1533.05,393.27,198.03,435.85,0.7036,-1,-1,-1
29,1,593.00,443.60,99.46,270.52,0.7305,-1,-1,-1
29,2,473.20,442.11,112.39,291.53,0.5853,-1,-1,-1
29,3,1684.76,422.95,128.37,379.00,0.7144,-1,-1,-1
29,4,722.96,460.37,46.15,111.40,0.3503,-1,-1,-1
29,5,917.75,432.07,57.02,157.30,0.2027,-1,-1,-1
29,15,1249.65,443.76,33.17,97.32,0.2252,-1,-1,-1
29,19,1080.25,451.60,52.69,142.95,0.3132,-1,-1,-1
29,31,1421.80,435.31,64.89,122.75,0.5399,-1,-1,-1
30,0,1564.37,390.29,178.36,437.95,0.7467,-1,-1,-1
30,1,594.57,443.48,98.87,271.35,0.7479,-1,-1,-1
30,2,475.43,442.31,111.66,291.74,0.6444,-1,-1,-1
30,3,1688.97,429.96,134.75,371.08,0.6397,-1,-1,-1
30,4,721.58,458.31,47.01,114.68,0.3648,-1,-1,-1
30,5,917.97,432.45,56.25,156.81,0.2107,-1,-1,-1
30,19,1082.67,448.62,53.66,146.14,0.3101,-1,-1,-1
30,31,1426.17,432.10,62.02,125.54,0.5942,-1,-1,-1
31,0,1590.80,390.78,172.14,436.03,0.7353,-1,-1,-1
31,1,597.15,443.11,97.77,272.35,0.7511,-1,-1,-1
31,2,477.15,443.71,110.48,286.91,0.6511,-1,-1,-1
31,3,1718.23,416.23,156.22,391.46,0.6599,-1,-1,-1
31,4,720.01,457.25,47.85,118.86,0.4385,-1,-1,-1
31,5,916.18,431.43,56.79,156.21,0.2317,-1,-1,-1
31,15,1249.83,442.25,33.89,99.75,0.2236,-1,-1,-1
31,19,1081.08,450.92,53.02,144.00,0.3191,-1,-1,-1
31,31,1433.31,429.52,58.89,128.04,0.5751,-1,-1,-1
32,0,1603.53,396.15,171.51,441.37,0.7909,-1,-1,-1
32,1,599.08,443.06,96.86,272.90,0.7619,-1,-1,-1
32,2,478.25,444.78,110.87,288.32,0.6380,-1,-1,-1
32,3,1732.60,417.54,165.24,390.01,0.7325,-1,-1,-1
32,4,718.90,458.95,47.16,119.67,0.4237,-1,-1,-1
32,19,1081.43,451.41,53.07,143.85,0.3539,-1,-1,-1
32,31,1439.13,430.55,55.03,126.66,0.5304,-1,-1,-1
32,34,1485.76,446.70,28.32,93.49,0.2211,-1,-1,-1
33,0,1608.89,395.20,176.19,452.94,0.8077,-1,-1,-1
33,1,600.82,444.29,95.70,271.01,0.7666,-1,-1,-1
33,2,478.19,444.04,112.06,294.38,0.7036,-1,-1,-1
33,3,1740.46,413.37,171.88,398.81,0.6489,-1,-1,-1
33,4,718.06,458.92,46.25,118.90,0.3715,-1,-1,-1
33,5,915.52,430.60,57.38,156.22,0.2168,-1,-1,-1
33,15,1249.93,441.49,34.47,101.98,0.2672,-1,-1,-1
33,19,1079.99,451.61,53.40,144.24,0.3797,-1,-1,-1
33,31,1444.28,431.24,51.65,126.23,0.5779,-1,-1,-1
34,0,1615.95,394.94,179.27,445.44,0.8033,-1,-1,-1
34,1,603.54,443.24,94.21,271.82,0.7622,-1,-1,-1
34,2,477.74,443.87,113.15,300.70,0.7295,-1,-1,-1
34,3,1754.06,450.56,159.66,366.21,0.3172,-1,-1,-1
34,4,715.95,456.81,46.33,120.80,0.3647,-1,-1,-1
34,15,1249.43,440.02,34.84,103.58,0.2929,-1,-1,-1
34,19,1078.83,447.53,54.63,147.92,0.2635,-1,-1,-1
34,31,1449.69,430.76,49.18,126.73,0.6021,-1,-1,-1
34,34,1490.42,443.78,30.39,99.70,0.2079,-1,-1,-1
35,0,1622.90,393.24,192.47,455.52,0.8494,-1,-1,-1
35,1,604.79,444.10,92.99,270.84,0.7727,-1,-1,-1
35,2,477.29,443.82,112.61,300.45,0.7405,-1,-1,-1
35,3,1755.14,427.91,171.83,399.75,0.4109,-1,-1,-1
35,4,716.82,458.57,45.05,119.12,0.3464,-1,-1,-1
35,15,1249.10,438.99,34.77,104.34,0.2474,-1,-1,-1
35,19,1078.40,446.97,54.67,148.82,0.2970,-1,-1,-1
35,22,678.63,462.60,56.80,196.43,0.2293,-1,-1,-1
35,31,1452.13,431.97,46.61,124.65,0.5704,-1,-1,-1
36,0,1632.82,395.96,207.16,470.02,0.8186,-1,-1,-1
36,1,606.21,444.32,91.86,270.36,0.7727,-1,-1,-1
36,2,476.41,443.99,113.34,302.29,0.7073,-1,-1,-1
36,3,1757.19,415.66,170.30,406.15,0.5498,-1,-1,-1
36,4,715.32,456.90,45.14,119.95,0.3124,-1,-1,-1
36,5,917.57,433.26,56.16,154.94,0.2106,-1,-1,-1
36,15,1249.23,437.83,35.02,105.96,0.2607,-1,-1,-1
36,19,1078.11,449.33,53.60,146.61,0.3278,-1,-1,-1
36,22,679.78,461.51,55.54,194.86,0.2237,-1,-1,-1
36,31,1454.65,432.91,45.82,124.86,0.5763,-1,-1,-1
37,0,1646.56,397.81,225.87,472.34,0.7919,-1,-1,-1
37,1,607.92,445.01,91.13,269.81,0.7701,-1,-1,-1
37,2,477.67,444.71,110.98,294.44,0.6661,-1,-1,-1
37,3,1765.52,419.69,162.18,400.55,0.6041,-1,-1,-1
37,4,715.17,454.18,45.92,123.31,0.3143,-1,-1,-1
37,5,918.10,433.64,55.62,155.08,0.2163,-1,-1,-1
37,15,1255.89,435.15,37.61,111.12,0.2600,-1,-1,-1
37,31,1459.35,433.07,45.57,125.64,0.5473,-1,-1,-1
38,0,1636.05,402.99,241.48,472.28,0.8537,-1,-1,-1
38,1,608.17,443.94,91.38,271.43,0.7670,-1,-1,-1
38,2,479.21,444.78,110.38,288.68,0.6848,-1,-1,-1
38,3,1777.50,427.00,155.95,391.72,0.2756,-1,-1,-1
38,4,712.06,452.88,47.81,129.39,0.3084,-1,-1,-1
38,15,1256.52,431.36,38.82,114.20,0.3234,-1,-1,-1
38,31,1461.66,431.90,45.50,126.38,0.6036,-1,-1,-1
39,0,1635.10,404.42,253.10,470.68,0.8708,-1,-1,-1
39,1,608.91,443.01,92.11,272.58,0.7798,-1,-1,-1
39,2,478.52,444.51,112.96,294.03,0.7065,-1,-1,-1
39,3,1794.24,430.38,141.26,375.97,0.5196,-1,-1,-1
39,4,714.27,452.62,46.36,126.57,0.2407,-1,-1,-1
39,15,1256.89,430.63,39.36,114.93,0.4197,-1,-1,-1
39,19,1080.75,452.07,52.09,143.13,0.2784,-1,-1,-1
39,21,805.37,466.33,29.64,82.83,0.2071,-1,-1,-1
39,31,1463.55,431.65,45.44,125.79,0.5842,-1,-1,-1
40,0,1634.85,404.45,262.96,472.74,0.8623,-1,-1,-1
40,1,609.60,443.81,91.95,272.29,0.7745,-1,-1,-1
40,2,477.88,445.96,114.49,295.57,0.6819,-1,-1,-1
40,3,1802.21,423.11,134.75,388.71,0.5961,-1,-1,-1
40,4,702.35,449.67,46.42,128.45,0.2609,-1,-1,-1
40,15,1256.33,431.58,39.04,114.09,0.4412,-1,-1,-1
40,21,804.82,467.79,29.44,81.86,0.2148,-1,-1,-1
40,31,1466.37,432.96,45.31,123.69,0.5641,-1,-1,-1
41,0,1640.03,400.56,275.75,484.16,0.8655,-1,-1,-1
41,1,612.38,443.58,92.04,272.74,0.7916,-1,-1,-1
41,2,478.83,447.39,113.99,294.91,0.6836,-1,-1,-1
41,3,1812.76,397.49,125.79,419.34,0.6854,-1,-1,-1
41,4,704.57,451.26,47.01,127.81,0.3103,-1,-1,-1
41,15,1256.59,430.55,39.51,115.18,0.4799,-1,-1,-1
41,21,804.31,467.40,29.55,81.92,0.2423,-1,-1,-1
41,31,1467.93,434.20,45.68,121.17,0.5075,-1,-1,-1
42,0,1643.06,401.03,271.52,478.02,0.8417,-1,-1,-1
42,1,613.45,442.74,91.15,272.02,0.7989,-1,-1,-1
42,2,475.46,447.47,117.47,303.11,0.6607,-1,-1,-1
42,3,1823.45,391.22,114.92,427.23,0.6497,-1,-1,-1
42,4,700.16,449.39,47.06,129.72,0.2360,-1,-1,-1
42,15,1256.89,429.99,39.87,115.64,0.4901,-1,-1,-1
42,19,1081.75,454.81,51.21,141.12,0.3295,-1,-1,-1
42,21,803.90,467.17,29.52,81.87,0.2349,-1,-1,-1
42,31,1469.41,434.55,46.66,121.01,0.5558,-1,-1,-1
43,0,1652.12,403.75,266.87,479.23,0.8501,-1,-1,-1
43,1,615.11,443.50,90.53,271.52,0.7886,-1,-1,-1
43,2,469.19,445.51,120.39,308.32,0.6241,-1,-1,-1
43,3,1833.43,393.59,105.19,426.21,0.5920,-1,-1,-1
43,5,918.57,434.15,55.11,155.85,0.2595,-1,-1,-1
43,15,1257.43,426.65,41.19,118.76,0.4712,-1,-1,-1
43,19,1081.56,450.83,52.54,146.78,0.2818,-1,-1,-1
43,21,803.93,466.81,29.39,81.85,0.2207,-1,-1,-1
43,31,1471.14,433.16,48.13,122.18,0.5799,-1,-1,-1
44,0,1660.45,392.80,258.84,485.82,0.8458,-1,-1,-1
44,1,615.36,443.72,90.69,271.19,0.7992,-1,-1,-1
44,2,469.12,446.04,123.01,314.08,0.6486,-1,-1,-1
44,3,1845.76,415.57,92.49,399.28,0.4901,-1,-1,-1
44,5,918.92,434.00,54.58,156.22,0.2360,-1,-1,-1
44,15,1257.19,426.77,41.32,118.87,0.4573,-1,-1,-1
44,19,1081.42,450.22,52.40,148.06,0.3550,-1,-1,-1
44,21,803.78,467.34,29.14,81.19,0.2398,-1,-1,-1
44,31,1473.65,435.16,47.80,120.59,0.5326,-1,-1,-1
45,0,1677.77,393.36,244.80,483.76,0.7946,-1,-1,-1
45,1,616.56,442.93,90.97,271.56,0.7777,-1,-1,-1
45,2,467.67,443.47,123.38,315.25,0.6357,-1,-1,-1
45,3,1852.31,423.43,86.64,391.55,0.3503,-1,-1,-1
45,5,919.19,433.38,54.27,156.31,0.2505,-1,-1,-1
45,15,1257.90,425.95,41.63,119.55,0.4573,-1,-1,-1
45,19,1080.79,449.33,52.42,148.91,0.3824,-1,-1,-1
45,21,804.27,468.61,29.13,80.30,0.2792,-1,-1,-1
45,22,697.68,454.76,57.96,206.05,0.3503,-1,-1,-1
45,31,1476.34,433.67,47.09,121.63,0.4938,-1,-1,-1
46,0,1695.56,391.80,239.72,487.04,0.6319,-1,-1,-1
46,1,617.90,442.10,92.29,272.77,0.7591,-1,-1,-1
46,2,466.64,444.97,125.13,318.58,0.6338,-1,-1,-1
46,3,1854.54,398.73,89.17,434.16,0.3963,-1,-1,-1
46,5,919.13,433.62,53.96,156.11,0.2479,-1,-1,-1
46,15,1258.33,424.07,42.27,121.52,0.4613,-1,-1,-1
46,19,1080.79,448.97,51.94,148.17,0.3022,-1,-1,-1
46,21,804.26,468.65,28.92,80.08,0.2344,-1,-1,-1
46,22,696.85,451.22,59.00,209.88,0.2501,-1,-1,-1
46,31,1480.22,435.17,44.25,119.67,0.5208,-1,-1,-1
47,0,1735.41,385.40,216.87,495.17,0.7059,-1,-1,-1
47,1,616.90,441.52,92.60,272.90,0.7759,-1,-1,-1
47,2,465.08,444.34,126.28,320.22,0.6297,-1,-1,-1
47,5,918.60,433.07,54.03,156.55,0.2072,-1,-1,-1
47,15,1259.09,424.19,42.30,121.03,0.4921,-1,-1,-1
47,19,1080.46,450.04,51.43,146.45,0.2798,-1,-1,-1
47,21,803.91,468.20,28.77,80.25,0.2422,-1,-1,-1
47,22,696.74,454.91,57.69,206.02,0.5477,-1,-1,-1
47,31,1484.12,431.88,42.70,121.11,0.5143,-1,-1,-1
48,0,1755.54,386.14,183.89,489.84,0.7899,-1,-1,-1
48,1,618.87,441.18,92.86,272.49,0.7453,-1,-1,-1
48,2,468.30,443.78,124.38,318.34,0.6478,-1,-1,-1
48,5,919.28,435.13,53.45,154.45,0.2110,-1,-1,-1
48,15,1258.95,426.75,41.27,118.38,0.4474,-1,-1,-1
48,19,1080.90,453.73,50.38,142.38,0.2935,-1,-1,-1
48,21,804.85,468.42,29.00,80.56,0.2832,-1,-1,-1
48,22,699.68,453.48,58.95,207.64,0.3822,-1,-1,-1
48,31,1490.67,437.22,39.90,115.91,0.2994,-1,-1,-1
48,38,731.04,451.14,40.61,116.72,0.2954,-1,-1,-1
49,0,1778.97,385.33,158.33,491.92,0.8007,-1,-1,-1
49,1,619.40,441.35,93.21,271.78,0.7551,-1,-1,-1
49,2,469.85,444.42,122.78,317.32,0.6377,-1,-1,-1
49,15,1259.65,433.53,39.69,113.25,0.4593,-1,-1,-1
49,19,1081.29,458.90,48.97,136.85,0.2697,-1,-1,-1
49,21,805.95,467.28,29.67,82.21,0.3126,-1,-1,-1
49,22,700.63,454.74,59.85,207.23,0.4384,-1,-1,-1
49,38,733.01,451.54,40.26,116.23,0.2387,-1,-1,-1
50,0,1797.58,385.74,134.38,497.20,0.8414,-1,-1,-1
50,1,619.66,441.77,95.39,272.29,0.7557,-1,-1,-1
50,2,465.27,443.68,123.07,315.91,0.6202,-1,-1,-1
50,15,1259.89,437.66,38.48,109.43,0.4423,-1,-1,-1
50,19,1080.15,453.31,51.17,142.36,0.2753,-1,-1,-1
50,21,805.97,466.88,30.01,82.58,0.3112,-1,-1,-1
50,22,703.92,451.72,61.26,210.50,0.3771,-1,-1,-1
50,38,733.74,451.20,41.23,119.39,0.2557,-1,-1,-1
50,39,580.63,436.41,48.56,149.17,0.3445,-1,-1,-1
51,0,1807.63,383.88,120.56,498.65,0.8291,-1,-1,-1
51,1,619.98,441.48,97.04,272.39,0.7625,-1,-1,-1
51,2,457.86,443.36,125.95,314.41,0.6074,-1,-1,-1
51,15,1259.81,435.38,39.27,111.71,0.4812,-1,-1,-1
51,19,1079.75,453.25,51.58,142.14,0.2878,-1,-1,-1
51,21,805.89,467.13,30.10,82.97,0.2913,-1,-1,-1
51,22,704.99,456.64,60.91,206.01,0.3362,-1,-1,-1
51,38,735.22,456.76,39.49,114.44,0.2168,-1,-1,-1
51,39,583.58,439.77,47.49,145.06,0.3439,-1,-1,-1
52,0,1817.37,386.34,109.35,493.15,0.8109,-1,-1,-1
52,1,620.60,442.75,97.32,271.35,0.7491,-1,-1,-1
52,2,466.51,444.88,125.18,314.69,0.6583,-1,-1,-1
52,15,1259.13,432.70,39.53,113.25,0.4705,-1,-1,-1
52,19,1080.34,452.88,51.76,142.31,0.3608,-1,-1,-1
52,21,806.72,469.63,29.87,81.27,0.2853,-1,-1,-1
52,22,705.63,456.69,62.03,206.14,0.3014,-1,-1,-1
52,31,1503.04,436.80,41.95,118.63,0.4076,-1,-1,-1
52,38,735.55,455.87,39.45,114.14,0.2570,-1,-1,-1
52,39,588.20,444.58,45.76,139.73,0.3522,-1,-1,-1
53,0,1820.26,384.07,105.29,500.76,0.7787,-1,-1,-1
53,1,620.94,443.58,96.63,270.00,0.7479,-1,-1,-1
53,2,465.66,446.30,124.94,311.90,0.6521,-1,-1,-1
53,15,1259.62,430.54,40.37,115.42,0.5284,-1,-1,-1
53,19,1081.42,451.77,51.79,142.76,0.2596,-1,-1,-1
53,21,806.19,469.68,29.87,80.75,0.2667,-1,-1,-1
53,22,698.12,454.78,63.95,207.06,0.4763,-1,-1,-1
53,31,1504.26,433.97,44.46,121.14,0.3675,-1,-1,-1
53,38,734.09,452.36,40.52,116.02,0.3247,-1,-1,-1
53,39,590.75,448.86,44.38,135.50,0.3016,-1,-1,-1
54,0,1819.49,391.10,102.92,496.01,0.7337,-1,-1,-1
54,1,622.89,442.57,97.01,272.47,0.7377,-1,-1,-1
54,2,467.53,445.94,125.21,314.11,0.6934,-1,-1,-1
54,15,1259.52,430.33,40.28,115.18,0.5063,-1,-1,-1
54,19,1081.84,454.07,50.79,140.21,0.2676,-1,-1,-1
54,21,806.57,469.36,30.16,81.03,0.2472,-1,-1,-1
54,22,699.73,453.06,66.74,208.72,0.3682,-1,-1,-1
54,31,1505.47,441.30,43.19,113.66,0.2749,-1,-1,-1
54,38,733.06,451.86,41.31,116.81,0.2654,-1,-1,-1
54,39,590.10,448.38,44.70,136.02,0.2939,-1,-1,-1
55,0,1822.94,421.03,97.17,466.62,0.7186,-1,-1,-1
55,1,621.84,441.96,95.57,273.14,0.7448,-1,-1,-1
55,2,468.84,445.00,124.08,315.29,0.7045,-1,-1,-1
55,15,1259.59,429.55,40.60,116.34,0.5005,-1,-1,-1
55,19,1081.86,454.31,50.57,139.90,0.2879,-1,-1,-1
55,21,806.83,469.90,30.03,80.53,0.2478,-1,-1,-1
55,22,697.53,455.37,67.54,206.91,0.3818,-1,-1,-1
55,31,1503.87,438.27,45.09,115.56,0.3274,-1,-1,-1
55,38,735.02,452.99,40.80,114.51,0.2015,-1,-1,-1
55,39,588.49,448.98,44.92,135.10,0.3505,-1,-1,-1
55,42,1305.69,421.86,37.15,126.32,0.2011,-1,-1,-1
56,0,1825.78,435.49,94.14,451.72,0.5919,-1,-1,-1
56,1,622.41,441.47,94.74,273.61,0.7329,-1,-1,-1
56,2,470.87,445.46,122.08,313.99,0.7116,-1,-1,-1
56,15,1259.64,426.58,41.30,118.94,0.5103,-1,-1,-1
56,19,1082.27,455.35,50.34,139.29,0.3269,-1,-1,-1
56,21,807.32,470.32,30.25,80.72,0.2603,-1,-1,-1
56,22,695.95,455.86,67.27,206.23,0.4708,-1,-1,-1
56,31,1501.16,440.50,44.02,112.47,0.2924,-1,-1,-1
56,39,587.06,446.49,46.19,137.25,0.3661,-1,-1,-1
56,44,1531.33,441.64,35.22,110.80,0.4985,-1,-1,-1
57,0,1825.10,405.48,99.45,481.77,0.3788,-1,-1,-1
57,1,622.29,442.65,93.29,272.78,0.7314,-1,-1,-1
57,2,470.50,447.17,121.52,312.44,0.6682,-1,-1,-1
57,15,1260.48,431.68,39.53,113.46,0.5175,-1,-1,-1
57,19,1082.86,456.03,49.89,138.44,0.2474,-1,-1,-1
57,21,806.86,470.75,30.37,80.58,0.2536,-1,-1,-1
57,22,695.22,455.50,68.46,209.54,0.5811,-1,-1,-1
57,39,583.80,442.08,48.04,142.85,0.4223,-1,-1,-1
57,42,1305.68,422.31,36.97,125.19,0.2886,-1,-1,-1
57,44,1532.87,437.68,36.22,114.34,0.4886,-1,-1,-1
58,0,1829.06,432.38,93.56,454.26,0.3319,-1,-1,-1
58,1,625.87,443.84,93.00,271.30,0.7337,-1,-1,-1
58,2,472.84,445.44,120.74,312.22,0.6648,-1,-1,-1
58,15,1261.11,432.87,39.48,112.48,0.5224,-1,-1,-1
58,19,1084.30,460.83,47.98,133.24,0.2559,-1,-1,-1
58,21,805.70,468.75,30.99,82.04,0.2630,-1,-1,-1
58,22,696.62,465.94,66.18,201.70,0.2244,-1,-1,-1
58,39,583.42,446.40,46.88,138.69,0.3945,-1,-1,-1
58,42,1305.06,420.58,37.56,127.07,0.2448,-1,-1,-1
58,44,1532.54,435.50,36.58,116.64,0.4184,-1,-1,-1
59,0,1837.97,510.16,78.59,375.72,0.2094,-1,-1,-1
59,1,626.09,442.92,93.11,272.00,0.7172,-1,-1,-1
59,2,473.91,443.18,121.64,316.87,0.7116,-1,-1,-1
59,15,1261.42,432.79,40.19,112.42,0.5377,-1,-1,-1
59,19,1085.41,467.34,45.69,126.44,0.2037,-1,-1,-1
59,21,806.90,469.42,30.79,80.50,0.2406,-1,-1,-1
59,22,697.17,460.64,69.01,210.45,0.4736,-1,-1,-1
59,39,585.43,449.04,46.15,134.88,0.3648,-1,-1,-1
59,42,1305.64,419.76,37.88,126.99,0.2057,-1,-1,-1
59,44,1534.59,434.11,36.83,118.97,0.3591,-1,-1,-1
60,1,625.02,443.18,93.82,274.95,0.7132,-1,-1,-1
60,2,474.57,441.40,124.32,319.37,0.7233,-1,-1,-1
60,15,1261.12,435.00,40.23,110.95,0.5482,-1,-1,-1
60,19,1084.77,464.67,46.67,129.25,0.2499,-1,-1,-1
60,21,806.92,467.37,31.35,81.50,0.2177,-1,-1,-1
60,22,697.30,455.91,70.14,215.95,0.5750,-1,-1,-1
60,39,586.04,450.58,46.17,133.28,0.3243,-1,-1,-1
60,42,1305.13,420.82,37.79,126.64,0.2063,-1,-1,-1
60,44,1535.16,429.12,37.64,122.93,0.2521,-1,-1,-1
61,1,624.14,443.77,94.44,277.44,0.7075,-1,-1,-1
61,2,477.90,443.57,126.10,316.03,0.6856,-1,-1,-1
61,15,1259.78,428.70,42.41,117.15,0.5334,-1,-1,-1
61,19,1083.20,455.22,49.93,139.38,0.3025,-1,-1,-1
61,21,806.94,467.33,31.75,82.70,0.2029,-1,-1,-1
61,22,698.54,455.69,69.83,216.84,0.5448,-1,-1,-1
61,31,1521.60,434.11,45.55,118.45,0.2074,-1,-1,-1
61,39,585.42,454.79,45.06,129.89,0.2861,-1,-1,-1
61,42,1304.54,420.40,37.94,127.08,0.2518,-1,-1,-1
61,44,1542.61,431.08,35.89,117.73,0.2597,-1,-1,-1
62,1,622.86,444.79,92.81,275.38,0.7224,-1,-1,-1
62,2,483.27,442.89,129.92,318.57,0.7249,-1,-1,-1
62,5,919.67,430.55,54.50,159.77,0.2388,-1,-1,-1
62,15,1259.40,430.24,41.52,115.16,0.5512,-1,-1,-1
62,21,806.96,467.87,31.63,82.90,0.2412,-1,-1,-1
62,22,698.04,454.00,69.54,218.79,0.6201,-1,-1,-1
62,39,587.93,457.33,44.30,127.55,0.2783,-1,-1,-1
62,42,1304.35,420.79,37.73,126.62,0.2658,-1,-1,-1
62,44,1547.19,437.96,33.78,111.00,0.2707,-1,-1,-1
63,1,620.07,443.71,94.20,280.20,0.7393,-1,-1,-1
63,2,482.53,440.43,133.25,320.10,0.7251,-1,-1,-1
63,5,920.06,433.17,53.13,157.05,0.2769,-1,-1,-1
63,15,1259.60,431.33,40.80,113.44,0.5324,-1,-1,-1
63,19,1082.94,440.71,54.09,154.83,0.2182,-1,-1,-1
63,21,805.50,468.32,31.03,82.24,0.2557,-1,-1,-1
63,22,697.62,458.30,68.62,213.80,0.6620,-1,-1,-1
63,39,585.43,456.34,44.92,128.81,0.2196,-1,-1,-1
63,42,1304.43,420.42,37.77,126.77,0.2752,-1,-1,-1
64,1,618.95,444.25,93.55,278.48,0.7432,-1,-1,-1
64,2,486.75,442.25,134.40,318.31,0.7205,-1,-1,-1
64,5,921.31,433.80,52.23,155.60,0.2891,-1,-1,-1
64,15,1259.61,433.86,39.77,110.29,0.5248,-1,-1,-1
64,19,1083.36,439.44,52.97,155.19,0.2171,-1,-1,-1
64,22,696.53,452.21,70.61,221.31,0.6377,-1,-1,-1
64,42,1304.26,419.31,38.14,127.77,0.2758,-1,-1,-1
65,1,619.10,447.39,92.62,276.14,0.7429,-1,-1,-1
65,2,495.56,445.73,132.61,315.81,0.7891,-1,-1,-1
65,5,921.62,433.09,51.78,155.15,0.3198,-1,-1,-1
65,15,1259.91,438.62,38.64,105.96,0.5287,-1,-1,-1
65,19,1083.53,436.14,52.98,158.24,0.3378,-1,-1,-1
65,21,804.47,468.76,30.23,80.98,0.2204,-1,-1,-1
65,22,694.98,449.76,71.22,226.39,0.6806,-1,-1,-1
65,42,1304.56,421.45,37.53,125.64,0.2412,-1,-1,-1
66,1,619.96,448.14,91.85,275.62,0.7595,-1,-1,-1
66,2,497.85,447.48,134.95,316.92,0.7284,-1,-1,-1
66,5,921.39,432.64,52.06,156.12,0.3083,-1,-1,-1
66,15,1259.76,439.34,38.82,105.41,0.5299,-1,-1,-1
66,19,1088.17,437.26,46.00,137.02,0.2598,-1,-1,-1
66,21,804.02,468.45,30.09,81.17,0.2191,-1,-1,-1
66,22,697.60,453.15,69.79,222.84,0.6783,-1,-1,-1
66,42,1304.93,421.84,37.52,125.47,0.2687,-1,-1,-1
67,1,619.44,447.16,92.04,275.08,0.7469,-1,-1,-1
67,2,492.13,447.41,139.66,322.03,0.6449,-1,-1,-1
67,5,922.37,433.93,51.25,154.56,0.2756,-1,-1,-1
67,15,1260.45,441.34,38.03,102.97,0.5143,-1,-1,-1
67,19,1091.94,437.82,42.20,126.32,0.2016,-1,-1,-1
67,21,804.25,468.99,29.82,80.92,0.2301,-1,-1,-1
67,22,698.69,453.82,70.33,223.39,0.6747,-1,-1,-1
67,42,1304.73,421.65,37.57,125.52,0.2415,-1,-1,-1
68,1,617.40,446.23,93.52,275.40,0.7347,-1,-1,-1
68,2,492.55,448.99,140.84,317.54,0.6441,-1,-1,-1
68,5,922.84,433.22,51.47,155.69,0.2583,-1,-1,-1
68,15,1259.77,436.49,39.77,108.08,0.4908,-1,-1,-1
68,19,1085.82,436.40,50.14,152.35,0.3227,-1,-1,-1
68,22,700.45,455.64,69.80,219.98,0.6769,-1,-1,-1
68,31,1541.41,430.71,44.44,120.93,0.3741,-1,-1,-1
68,42,1304.67,420.09,38.16,127.21,0.2902,-1,-1,-1
68,48,1006.61,444.71,33.65,82.29,0.2981,-1,-1,-1
69,1,615.53,446.85,94.94,275.14,0.7571,-1,-1,-1
69,2,492.98,446.25,144.64,320.94,0.6178,-1,-1,-1
69,5,922.74,433.07,51.44,155.73,0.2354,-1,-1,-1
69,15,1259.72,436.74,39.55,107.68,0.5127,-1,-1,-1
69,19,1085.33,436.99,50.91,156.61,0.2474,-1,-1,-1
69,22,698.70,456.55,70.67,220.54,0.6660,-1,-1,-1
69,31,1540.85,421.69,46.50,130.15,0.4737,-1,-1,-1
69,42,1304.31,419.37,38.42,128.14,0.2913,-1,-1,-1
70,1,612.84,445.80,96.96,275.12,0.7602,-1,-1,-1
70,2,493.36,443.09,146.25,322.65,0.7277,-1,-1,-1
70,5,922.17,432.93,51.74,156.22,0.2302,-1,-1,-1
70,15,1259.69,437.79,39.20,106.71,0.5124,-1,-1,-1
70,19,1084.91,437.13,50.83,157.61,0.2492,-1,-1,-1
70,22,698.75,457.80,70.73,219.92,0.6304,-1,-1,-1
70,31,1542.19,420.01,47.07,132.65,0.5866,-1,-1,-1
70,42,1304.39,419.18,38.40,128.26,0.2561,-1,-1,-1
70,50,1827.83,471.70,56.50,176.51,0.2481,-1,-1,-1
71,1,611.81,445.51,98.31,276.46,0.7686,-1,-1,-1
71,2,496.90,442.93,146.19,324.04,0.7339,-1,-1,-1
71,5,921.88,432.21,52.23,157.09,0.2230,-1,-1,-1
71,15,1259.56,437.18,39.40,107.34,0.5172,-1,-1,-1
71,19,1079.91,444.24,49.36,151.17,0.2017,-1,-1,-1
71,22,697.80,458.93,70.13,219.63,0.5866,-1,-1,-1
71,31,1542.56,420.45,47.14,132.45,0.5760,-1,-1,-1
71,42,1304.03,419.34,38.19,127.90,0.2501,-1,-1,-1
71,50,1828.91,470.78,56.57,177.03,0.2252,-1,-1,-1
72,1,612.09,444.33,98.18,277.61,0.7655,-1,-1,-1
72,2,498.16,444.04,145.23,323.10,0.7412,-1,-1,-1
72,5,921.76,429.49,52.59,157.65,0.2640,-1,-1,-1
72,15,1259.05,430.55,41.48,113.95,0.5145,-1,-1,-1
72,19,1084.61,439.03,49.93,155.38,0.2423,-1,-1,-1
72,22,698.92,458.45,70.60,221.19,0.5837,-1,-1,-1
72,31,1542.54,420.63,46.72,131.96,0.5699,-1,-1,-1
72,42,1304.03,419.04,38.14,128.06,0.2611,-1,-1,-1
72,50,1828.96,469.67,56.97,178.41,0.2239,-1,-1,-1
73,1,614.65,443.50,97.26,278.34,0.7676,-1,-1,-1
73,2,501.41,444.80,143.12,323.24,0.7758,-1,-1,-1
73,5,920.57,429.52,52.88,157.69,0.3381,-1,-1,-1
73,15,1259.45,430.82,41.11,113.36,0.5074,-1,-1,-1
73,19,1081.71,440.76,49.76,153.74,0.2789,-1,-1,-1
73,22,700.75,458.36,70.47,220.22,0.5996,-1,-1,-1
73,31,1544.51,419.28,46.29,132.80,0.5323,-1,-1,-1
73,42,1303.99,418.76,38.06,128.11,0.2397,-1,-1,-1
73,50,1829.61,468.91,57.35,179.27,0.2338,-1,-1,-1
74,1,617.18,442.44,95.56,280.94,0.7757,-1,-1,-1
74,2,504.92,444.12,142.99,327.24,0.7379,-1,-1,-1
74,5,921.14,431.63,52.72,156.89,0.2221,-1,-1,-1
74,15,1259.67,428.46,41.83,116.20,0.5172,-1,-1,-1
74,19,1079.07,441.50,50.23,153.46,0.3236,-1,-1,-1
74,22,703.88,454.90,72.26,222.50,0.5739,-1,-1,-1
74,31,1544.70,418.92,45.09,130.60,0.2979,-1,-1,-1
74,42,1304.12,419.07,37.80,127.65,0.2190,-1,-1,-1
75,1,617.87,440.25,93.39,283.33,0.7706,-1,-1,-1
75,2,505.37,442.05,141.25,326.08,0.7339,-1,-1,-1
75,5,921.17,432.41,52.72,156.59,0.2284,-1,-1,-1
75,15,1259.16,428.20,41.93,117.02,0.5276,-1,-1,-1
75,19,1079.47,439.42,51.66,156.99,0.3294,-1,-1,-1
75,22,704.12,454.56,73.03,221.51,0.6329,-1,-1,-1
75,42,1304.13,417.42,38.30,129.50,0.2565,-1,-1,-1
76,1,620.43,441.67,90.60,281.65,0.7708,-1,-1,-1
76,2,510.95,446.61,134.96,319.44,0.7659,-1,-1,-1
76,5,920.58,428.76,53.60,158.80,0.2190,-1,-1,-1
76,15,1259.51,427.83,41.82,116.98,0.5213,-1,-1,-1
76,19,1077.91,440.64,51.31,154.56,0.3032,-1,-1,-1
76,22,704.45,450.97,76.10,225.45,0.6644,-1,-1,-1
76,42,1304.10,416.83,38.40,129.99,0.2517,-1,-1,-1
77,1,620.46,441.12,89.14,284.36,0.7672,-1,-1,-1
77,2,515.35,447.08,131.48,319.49,0.7638,-1,-1,-1
77,5,921.25,430.68,53.23,157.76,0.2240,-1,-1,-1
77,15,1259.63,427.77,41.70,116.95,0.5267,-1,-1,-1
77,19,1077.34,441.03,51.56,154.04,0.2716,-1,-1,-1
77,22,703.79,446.96,79.04,229.47,0.6311,-1,-1,-1
77,42,1304.08,416.79,38.36,130.04,0.2621,-1,-1,-1
78,1,625.70,441.66,85.20,280.72,0.7763,-1,-1,-1
78,2,514.02,445.26,131.10,322.09,0.7205,-1,-1,-1
78,5,919.52,430.83,53.57,156.18,0.2032,-1,-1,-1
78,15,1262.19,441.70,37.20,102.53,0.4773,-1,-1,-1
78,19,1078.29,450.03,49.42,144.99,0.2534,-1,-1,-1
78,22,706.02,452.79,80.06,224.53,0.6610,-1,-1,-1
78,48,1003.43,444.08,34.94,83.60,0.2718,-1,-1,-1
79,1,627.43,440.39,83.13,282.30,0.7683,-1,-1,-1
79,2,513.30,446.09,130.95,322.79,0.5523,-1,-1,-1
79,5,918.49,430.82,54.25,155.83,0.2687,-1,-1,-1
79,15,1261.96,439.35,38.46,104.98,0.4630,-1,-1,-1
79,19,1078.86,458.95,47.45,136.87,0.2225,-1,-1,-1
79,22,709.51,457.57,82.12,219.33,0.6625,-1,-1,-1
79,42,1304.12,417.57,38.10,129.17,0.2097,-1,-1,-1
79,48,1003.78,444.61,34.81,82.53,0.2061,-1,-1,-1
79,50,1829.87,469.69,56.94,177.36,0.2174,-1,-1,-1
80,1,628.88,439.44,82.61,284.24,0.7412,-1,-1,-1
80,2,511.10,445.67,132.63,325.36,0.5070,-1,-1,-1
80,5,918.23,429.76,55.18,156.93,0.2105,-1,-1,-1
80,15,1261.61,436.79,39.69,107.62,0.4883,-1,-1,-1
80,22,711.88,458.45,87.16,219.23,0.7267,-1,-1,-1
80,42,1304.29,418.65,37.72,128.15,0.2371,-1,-1,-1
80,48,1003.96,445.10,34.81,82.09,0.2378,-1,-1,-1
80,50,1830.23,470.42,56.29,176.02,0.2094,-1,-1,-1
80,52,485.49,449.63,50.55,131.82,0.2347,-1,-1,-1
81,1,630.62,436.42,83.38,289.19,0.7146,-1,-1,-1
81,2,509.31,445.46,134.77,328.51,0.4905,-1,-1,-1
81,5,918.01,430.54,55.64,156.18,0.2424,-1,-1,-1
81,15,1261.26,434.71,40.55,109.62,0.4970,-1,-1,-1
81,22,712.22,458.53,91.13,220.24,0.7116,-1,-1,-1
81,52,486.66,448.63,50.92,132.59,0.3717,-1,-1,-1
82,1,631.13,439.31,82.34,288.26,0.6814,-1,-1,-1
82,2,534.30,447.28,128.14,332.01,0.5208,-1,-1,-1
82,5,916.57,427.95,56.96,158.69,0.2759,-1,-1,-1
82,15,1261.68,439.22,39.35,105.52,0.5000,-1,-1,-1
82,19,1078.98,455.78,49.18,140.51,0.2732,-1,-1,-1
82,22,712.80,458.62,95.79,220.63,0.7306,-1,-1,-1
82,42,1303.99,418.12,37.92,128.88,0.2322,-1,-1,-1
82,48,1004.50,443.20,35.75,83.37,0.2961,-1,-1,-1
82,50,1831.03,470.69,55.90,176.66,0.2091,-1,-1,-1
82,52,488.59,447.80,50.86,132.17,0.3795,-1,-1,-1
83,1,632.83,441.32,82.00,287.94,0.6484,-1,-1,-1
83,2,543.03,444.85,123.27,336.15,0.4476,-1,-1,-1
83,5,917.71,427.98,57.49,160.39,0.2065,-1,-1,-1
83,15,1261.78,434.62,41.14,110.33,0.4573,-1,-1,-1
83,19,1080.34,446.37,52.63,150.41,0.3024,-1,-1,-1
83,22,713.82,458.04,98.95,222.81,0.7128,-1,-1,-1
83,48,1004.53,445.15,34.99,79.39,0.3316,-1,-1,-1
83,52,490.05,448.11,49.34,128.01,0.3089,-1,-1,-1
84,1,634.62,442.56,83.11,288.05,0.5866,-1,-1,-1
84,2,549.31,442.31,116.52,339.56,0.5377,-1,-1,-1
84,5,917.96,428.25,57.55,160.62,0.2307,-1,-1,-1
84,15,1262.12,435.50,40.78,109.57,0.4270,-1,-1,-1
84,19,1079.34,451.86,51.08,144.43,0.2702,-1,-1,-1
84,22,715.49,460.55,100.84,220.67,0.7028,-1,-1,-1
84,42,1304.01,419.08,37.66,128.03,0.2011,-1,-1,-1
84,48,1004.43,446.75,35.06,77.23,0.2837,-1,-1,-1
84,50,1832.23,469.75,57.46,178.74,0.2033,-1,-1,-1
84,52,488.18,448.49,50.72,131.63,0.3263,-1,-1,-1
84,53,505.16,451.39,97.65,291.44,0.4673,-1,-1,-1
85,1,633.81,444.23,83.85,287.79,0.5711,-1,-1,-1
85,2,546.00,438.73,114.78,346.35,0.4759,-1,-1,-1
85,5,918.62,429.64,56.89,159.33,0.2131,-1,-1,-1
85,15,1263.27,439.72,39.21,105.07,0.3931,-1,-1,-1
85,19,1080.19,456.00,50.01,140.25,0.3130,-1,-1,-1
85,22,718.30,458.10,102.19,224.56,0.7238,-1,-1,-1
85,48,1003.45,446.18,36.24,78.77,0.3337,-1,-1,-1
85,50,1832.52,466.84,60.11,182.69,0.2419,-1,-1,-1
85,52,487.87,448.01,51.73,133.63,0.3928,-1,-1,-1
85,53,506.86,451.89,99.72,299.71,0.4013,-1,-1,-1
86,1,635.93,444.29,85.73,288.36,0.5456,-1,-1,-1
86,2,547.01,444.71,111.17,341.40,0.3530,-1,-1,-1
86,5,918.38,429.47,56.89,160.14,0.2609,-1,-1,-1
86,15,1263.65,440.36,38.92,104.15,0.4200,-1,-1,-1
86,19,1081.97,458.22,49.01,138.01,0.2342,-1,-1,-1
86,22,719.30,456.48,101.88,225.94,0.7347,-1,-1,-1
86,48,1003.61,444.99,36.59,80.41,0.2278,-1,-1,-1
86,50,1831.63,466.30,61.57,184.05,0.2522,-1,-1,-1
86,52,488.68,448.97,52.23,134.97,0.4018,-1,-1,-1
86,53,511.00,452.36,100.26,304.97,0.4522,-1,-1,-1
86,54,616.92,447.71,44.91,282.68,0.2397,-1,-1,-1
87,1,636.49,443.68,86.35,288.42,0.5310,-1,-1,-1
87,2,549.83,445.58,110.12,340.50,0.3819,-1,-1,-1
87,5,918.95,428.56,56.64,160.67,0.3110,-1,-1,-1
87,15,1262.03,433.21,41.07,110.86,0.4075,-1,-1,-1
87,22,720.17,455.91,101.36,225.33,0.7198,-1,-1,-1
87,48,1005.40,449.05,34.85,76.58,0.2119,-1,-1,-1
87,50,1833.54,465.43,64.84,185.36,0.2930,-1,-1,-1
87,52,488.10,450.70,51.64,133.88,0.3494,-1,-1,-1
87,53,511.69,452.54,100.40,308.12,0.4478,-1,-1,-1
88,1,639.56,446.82,87.46,285.72,0.5827,-1,-1,-1
88,2,549.67,442.06,107.77,341.64,0.4498,-1,-1,-1
88,5,918.18,428.46,56.61,161.05,0.2579,-1,-1,-1
88,15,1261.86,430.58,41.76,113.54,0.4245,-1,-1,-1
88,22,722.05,453.50,101.39,228.39,0.6862,-1,-1,-1
88,50,1832.13,465.83,65.67,185.29,0.2675,-1,-1,-1
88,52,489.28,450.42,54.20,138.94,0.2512,-1,-1,-1
88,53,511.70,451.19,99.59,307.98,0.4861,-1,-1,-1
89,1,641.73,449.57,88.33,283.64,0.5881,-1,-1,-1
89,2,577.36,448.87,89.31,290.89,0.4552,-1,-1,-1
89,5,916.91,427.94,57.12,162.31,0.2588,-1,-1,-1
89,15,1262.08,431.10,41.61,113.47,0.4326,-1,-1,-1
89,22,723.25,451.20,101.15,231.01,0.7351,-1,-1,-1
89,52,486.70,450.62,53.24,136.42,0.2745,-1,-1,-1
89,53,508.84,450.38,98.58,306.44,0.5514,-1,-1,-1
90,1,642.66,445.75,89.11,286.67,0.6022,-1,-1,-1
90,2,585.51,449.00,84.41,282.21,0.4331,-1,-1,-1
90,5,916.41,425.95,57.51,161.86,0.3176,-1,-1,-1
90,15,1262.47,435.49,40.13,108.72,0.4309,-1,-1,-1
90,19,1079.04,460.48,49.36,135.65,0.3299,-1,-1,-1
90,22,726.87,451.72,98.96,230.56,0.7265,-1,-1,-1
90,42,1304.72,419.86,37.45,127.20,0.2120,-1,-1,-1
90,50,1829.76,466.01,65.01,184.34,0.2334,-1,-1,-1
90,52,483.48,449.45,64.80,168.90,0.2487,-1,-1,-1
90,53,513.84,448.94,97.80,305.59,0.5634,-1,-1,-1
91,1,644.25,441.72,91.26,292.46,0.6814,-1,-1,-1
91,2,582.18,446.71,84.34,284.44,0.5621,-1,-1,-1
91,5,918.29,429.98,56.26,159.09,0.2361,-1,-1,-1
91,15,1261.03,437.68,39.60,107.96,0.3939,-1,-1,-1
91,19,1077.76,462.63,50.24,132.82,0.3910,-1,-1,-1
91,22,730.10,454.27,96.28,228.04,0.6912,-1,-1,-1
91,48,1007.97,454.56,32.81,71.65,0.2182,-1,-1,-1
91,50,1832.78,467.80,65.42,182.44,0.2058,-1,-1,-1
91,52,485.88,450.78,56.66,147.83,0.2198,-1,-1,-1
91,53,513.33,449.22,96.36,298.86,0.6319,-1,-1,-1
92,1,642.98,437.89,93.44,296.53,0.6772,-1,-1,-1
92,2,582.31,445.65,84.14,285.57,0.4986,-1,-1,-1
92,5,918.56,431.35,56.00,158.44,0.2112,-1,-1,-1
92,15,1260.29,436.64,39.99,109.05,0.4563,-1,-1,-1
92,19,1077.76,458.52,51.81,135.83,0.3438,-1,-1,-1
92,22,731.54,454.38,95.30,227.51,0.6874,-1,-1,-1
92,42,1303.92,417.99,38.21,129.74,0.2090,-1,-1,-1
92,50,1834.13,467.39,66.91,182.12,0.2420,-1,-1,-1
92,52,486.91,450.70,53.73,140.19,0.2129,-1,-1,-1
92,53,511.81,448.03,97.76,302.03,0.6139,-1,-1,-1
93,1,642.29,438.38,94.43,296.22,0.6733,-1,-1,-1
93,2,583.37,445.82,83.35,285.37,0.4922,-1,-1,-1
93,15,1260.10,435.93,40.15,109.69,0.4624,-1,-1,-1
93,19,1077.93,458.50,52.51,136.33,0.4071,-1,-1,-1
93,22,734.76,457.67,93.09,223.81,0.7076,-1,-1,-1
93,42,1303.81,417.48,38.36,130.26,0.2076,-1,-1,-1
93,50,1831.51,468.35,68.02,181.94,0.2840,-1,-1,-1
93,53,512.08,447.86,98.29,302.83,0.6227,-1,-1,-1
94,1,643.60,439.95,94.49,297.40,0.7237,-1,-1,-1
94,2,586.65,446.48,81.77,286.54,0.4786,-1,-1,-1
94,5,919.79,432.43,55.18,156.58,0.2020,-1,-1,-1
94,15,1260.35,437.11,39.84,108.66,0.4625,-1,-1,-1
94,19,1077.66,463.36,51.27,131.54,0.3343,-1,-1,-1
94,22,736.98,454.22,93.54,227.39,0.7048,-1,-1,-1
94,42,1303.50,416.90,38.56,130.97,0.2150,-1,-1,-1
94,50,1831.30,467.18,69.42,183.31,0.2464,-1,-1,-1
94,53,514.62,448.70,97.33,302.71,0.5699,-1,-1,-1
95,1,644.03,440.29,95.90,297.76,0.7413,-1,-1,-1
95,2,586.66,446.62,80.01,281.94,0.4523,-1,-1,-1
95,5,918.47,430.33,56.33,159.78,0.2460,-1,-1,-1
95,15,1258.97,435.61,40.93,110.55,0.5238,-1,-1,-1
95,22,738.38,452.18,93.64,230.79,0.6683,-1,-1,-1
95,42,1303.91,418.10,38.21,130.02,0.2522,-1,-1,-1
95,50,1830.27,467.68,70.46,182.83,0.2025,-1,-1,-1
95,53,512.57,448.27,97.23,302.13,0.5600,-1,-1,-1
96,1,642.88,441.48,96.61,296.71,0.7595,-1,-1,-1
96,2,587.07,446.61,79.13,279.25,0.4054,-1,-1,-1
96,5,917.62,426.41,57.39,161.77,0.2643,-1,-1,-1
96,15,1258.23,434.96,41.34,111.49,0.4772,-1,-1,-1
96,22,742.80,455.09,91.02,228.14,0.6825,-1,-1,-1
96,42,1304.35,419.16,37.91,128.70,0.2354,-1,-1,-1
96,53,509.65,446.85,97.91,303.99,0.5007,-1,-1,-1
97,1,645.10,441.65,96.83,296.20,0.7520,-1,-1,-1
97,2,586.12,446.48,79.28,280.28,0.3891,-1,-1,-1
97,5,917.53,425.30,57.69,162.08,0.2468,-1,-1,-1
97,15,1257.78,433.04,41.75,112.99,0.4491,-1,-1,-1
97,22,746.23,456.38,90.41,229.19,0.6975,-1,-1,-1
97,52,490.60,451.73,53.75,137.76,0.2015,-1,-1,-1
97,53,509.33,446.52,98.07,303.59,0.5032,-1,-1,-1
98,1,647.08,442.78,97.44,295.47,0.7792,-1,-1,-1
98,2,561.20,441.43,101.00,348.07,0.5219,-1,-1,-1
98,5,917.66,426.30,57.39,160.51,0.2104,-1,-1,-1
98,15,1258.20,437.78,40.70,108.75,0.5486,-1,-1,-1
98,22,750.79,458.12,89.27,228.19,0.7152,-1,-1,-1
98,42,1304.36,418.64,37.86,128.87,0.2547,-1,-1,-1
98,50,1829.49,466.30,72.72,184.93,0.2087,-1,-1,-1
98,53,506.64,446.57,98.92,304.81,0.5049,-1,-1,-1
99,1,647.97,442.73,98.11,295.49,0.7606,-1,-1,-1
99,2,562.61,443.09,103.10,355.68,0.5669,-1,-1,-1
99,15,1258.31,440.27,39.94,106.21,0.5311,-1,-1,-1
99,19,1078.63,458.09,52.33,135.69,0.2429,-1,-1,-1
99,22,750.59,456.24,90.04,230.02,0.7761,-1,-1,-1
99,48,1004.99,443.22,36.45,82.32,0.2363,-1,-1,-1
99,50,1828.68,466.73,73.28,183.72,0.2032,-1,-1,-1
99,53,503.67,444.29,100.60,305.15,0.5339,-1,-1,-1
100,1,649.24,441.92,99.28,297.08,0.6840,-1,-1,-1
100,2,568.24,444.23,101.16,354.10,0.5904,-1,-1,-1
100,15,1258.17,441.63,39.68,105.12,0.5535,-1,-1,-1
100,19,1080.04,453.12,53.26,140.91,0.2852,-1,-1,-1
100,22,751.86,453.48,89.26,232.53,0.7635,-1,-1,-1
100,48,1005.44,446.93,34.81,78.90,0.2150,-1,-1,-1
100,53,499.15,440.25,101.27,303.94,0.5654,-1,-1,-1
101,1,650.15,442.66,100.94,296.63,0.7108,-1,-1,-1
101,2,563.30,442.17,104.23,359.30,0.6094,-1,-1,-1
101,15,1257.73,441.79,39.53,104.86,0.5546,-1,-1,-1
101,19,1077.46,453.82,53.17,141.22,0.2585,-1,-1,-1
101,22,753.27,456.07,87.67,232.11,0.7579,-1,-1,-1
101,53,499.00,442.71,103.36,305.42,0.5476,-1,-1,-1
102,1,651.49,441.62,100.56,293.21,0.7176,-1,-1,-1
102,2,565.38,444.05,103.83,358.33,0.6214,-1,-1,-1
102,15,1255.62,440.59,39.40,106.35,0.5570,-1,-1,-1
102,19,1074.82,447.95,55.04,146.98,0.2810,-1,-1,-1
102,22,754.35,457.03,87.65,230.41,0.7433,-1,-1,-1
102,48,1005.07,445.86,35.11,79.99,0.2316,-1,-1,-1
102,53,497.57,441.08,102.95,305.47,0.5780,-1,-1,-1
103,1,652.93,440.46,102.49,294.44,0.7067,-1,-1,-1
103,2,567.06,444.27,104.20,358.40,0.5751,-1,-1,-1
103,15,1257.68,443.02,38.24,103.68,0.4840,-1,-1,-1
103,19,1074.45,443.97,56.26,150.68,0.2254,-1,-1,-1
103,22,754.06,457.24,86.90,227.54,0.7246,-1,-1,-1
103,48,1004.36,444.93,35.20,81.14,0.2763,-1,-1,-1
103,50,1830.68,466.70,74.31,184.79,0.2028,-1,-1,-1
103,53,498.36,444.14,101.25,301.55,0.5501,-1,-1,-1
104,1,655.20,440.38,103.62,296.04,0.7207,-1,-1,-1
104,2,554.19,439.21,111.95,363.17,0.6641,-1,-1,-1
104,15,1255.78,442.38,38.36,105.07,0.4853,-1,-1,-1
104,19,1074.65,443.46,55.83,150.26,0.2426,-1,-1,-1
104,22,755.05,457.99,87.58,229.66,0.7326,-1,-1,-1
104,48,1005.00,445.69,34.49,80.08,0.3040,-1,-1,-1
104,50,1834.00,460.19,77.88,190.53,0.2095,-1,-1,-1
104,53,500.94,445.18,103.27,305.74,0.3812,-1,-1,-1
105,1,656.26,439.80,104.67,297.95,0.7537,-1,-1,-1
105,2,544.12,436.61,122.01,364.04,0.7286,-1,-1,-1
105,15,1256.13,442.81,37.99,104.67,0.4586,-1,-1,-1
105,22,758.25,459.93,87.34,232.70,0.7589,-1,-1,-1
105,48,1005.95,450.11,32.77,75.29,0.2243,-1,-1,-1
105,50,1829.33,465.58,76.21,185.04,0.2273,-1,-1,-1
105,53,502.30,446.24,103.66,306.43,0.2072,-1,-1,-1
106,1,657.81,441.85,104.19,294.41,0.7511,-1,-1,-1
106,2,541.03,438.31,127.00,363.30,0.6724,-1,-1,-1
106,15,1255.36,442.15,38.59,106.13,0.4402,-1,-1,-1
106,22,759.14,458.78,87.22,234.45,0.7376,-1,-1,-1
106,50,1827.36,465.38,76.12,184.95,0.2490,-1,-1,-1
106,53,501.93,444.00,104.58,308.72,0.2751,-1,-1,-1
107,1,659.82,441.28,106.37,295.11,0.7627,-1,-1,-1
107,2,540.36,438.82,131.18,362.22,0.6664,-1,-1,-1
107,15,1254.46,445.02,36.32,101.31,0.3549,-1,-1,-1
107,19,1076.02,452.32,53.12,142.39,0.2382,-1,-1,-1
107,22,760.88,459.67,86.91,235.75,0.7348,-1,-1,-1
107,53,503.28,446.76,104.17,306.36,0.2596,-1,-1,-1
108,1,659.90,438.46,106.51,296.70,0.7569,-1,-1,-1
108,2,542.28,436.98,135.16,367.02,0.6895,-1,-1,-1
108,15,1256.96,445.18,36.90,103.04,0.2843,-1,-1,-1
108,22,759.60,454.17,89.70,244.67,0.7147,-1,-1,-1
108,53,503.85,447.80,104.63,306.72,0.2161,-1,-1,-1
109,1,661.06,438.25,107.71,298.96,0.7368,-1,-1,-1
109,2,543.90,437.12,137.71,367.74,0.6967,-1,-1,-1
109,15,1254.46,447.79,35.04,98.96,0.2317,-1,-1,-1
109,22,761.15,454.91,89.06,243.84,0.6722,-1,-1,-1
109,48,1006.42,451.65,32.04,73.24,0.2342,-1,-1,-1
109,50,1834.41,464.67,76.69,185.06,0.2139,-1,-1,-1
109,53,501.48,461.82,97.13,287.81,0.2203,-1,-1,-1
109,64,531.78,450.47,69.34,126.14,0.2915,-1,-1,-1
110,1,660.60,437.74,107.05,302.16,0.7534,-1,-1,-1
110,2,543.92,438.25,139.41,367.18,0.6860,-1,-1,-1
110,15,1249.24,444.21,35.80,101.63,0.2950,-1,-1,-1
110,22,760.71,457.42,88.68,241.61,0.7076,-1,-1,-1
110,53,500.59,459.97,96.08,288.53,0.2866,-1,-1,-1
111,1,662.09,438.00,108.08,306.79,0.7663,-1,-1,-1
111,2,544.43,441.15,141.42,366.41,0.6626,-1,-1,-1
111,15,1246.02,440.07,36.63,105.48,0.4356,-1,-1,-1
111,19,1074.88,442.76,57.29,154.53,0.2727,-1,-1,-1
111,22,760.32,455.49,89.05,242.91,0.7134,-1,-1,-1
111,53,500.16,449.78,97.84,297.57,0.3627,-1,-1,-1
112,1,665.10,438.04,106.76,307.00,0.7777,-1,-1,-1
112,2,542.68,436.74,143.34,368.75,0.6822,-1,-1,-1
112,15,1244.34,439.50,37.12,106.63,0.4787,-1,-1,-1
112,19,1074.98,442.86,57.03,153.84,0.2458,-1,-1,-1
112,22,760.25,451.61,89.94,247.91,0.7238,-1,-1,-1
112,53,500.48,449.51,96.57,297.73,0.2020,-1,-1,-1
113,1,665.98,437.97,107.95,313.90,0.7861,-1,-1,-1
113,2,547.51,435.57,141.87,370.58,0.6970,-1,-1,-1
113,15,1244.29,440.52,36.61,105.65,0.4759,-1,-1,-1
113,19,1075.49,441.54,57.49,155.50,0.3533,-1,-1,-1
113,22,762.58,451.29,88.89,247.75,0.7145,-1,-1,-1
114,1,666.94,439.52,106.05,315.38,0.7899,-1,-1,-1
114,2,541.04,434.17,144.79,371.82,0.6817,-1,-1,-1
114,15,1243.45,441.01,36.26,104.27,0.5743,-1,-1,-1
114,19,1077.04,440.81,57.16,155.51,0.3853,-1,-1,-1
114,22,764.67,454.03,87.73,244.29,0.7038,-1,-1,-1
115,1,668.28,439.02,103.61,313.46,0.7876,-1,-1,-1
115,2,557.05,436.16,139.00,370.22,0.6533,-1,-1,-1
115,15,1242.39,440.93,36.02,102.74,0.5540,-1,-1,-1
115,19,1079.90,439.80,56.66,155.39,0.3433,-1,-1,-1
115,22,767.26,455.08,87.94,243.54,0.6930,-1,-1,-1
116,1,670.97,438.93,100.52,310.81,0.7857,-1,-1,-1
116,2,556.14,435.43,137.45,372.48,0.6312,-1,-1,-1
116,15,1241.31,441.38,36.26,102.08,0.5973,-1,-1,-1
116,19,1081.71,442.00,55.32,153.37,0.4029,-1,-1,-1
116,22,767.23,451.11,89.37,248.11,0.6743,-1,-1,-1
117,1,671.77,440.43,99.94,311.20,0.7957,-1,-1,-1
117,2,547.73,434.35,139.31,373.06,0.6800,-1,-1,-1
117,15,1241.65,441.53,35.65,100.66,0.5698,-1,-1,-1
117,19,1081.90,443.14,54.20,151.14,0.4226,-1,-1,-1
117,22,769.86,452.34,88.04,246.15,0.6473,-1,-1,-1
118,1,672.77,440.25,97.91,314.12,0.7995,-1,-1,-1
118,2,542.53,435.59,143.27,378.19,0.6853,-1,-1,-1
118,15,1241.46,442.48,35.36,99.51,0.5427,-1,-1,-1
118,19,1081.67,440.64,55.19,154.79,0.4554,-1,-1,-1
118,22,767.67,455.32,85.90,243.83,0.6584,-1,-1,-1
118,68,934.22,434.21,36.93,83.04,0.2898,-1,-1,-1
119,1,673.57,440.76,97.47,319.46,0.8141,-1,-1,-1
119,2,530.19,441.33,152.73,379.62,0.7319,-1,-1,-1
119,5,923.20,433.37,54.92,155.03,0.2002,-1,-1,-1
119,15,1240.46,443.02,35.12,97.46,0.5295,-1,-1,-1
119,19,1082.75,443.72,53.74,150.89,0.4186,-1,-1,-1
119,22,769.88,451.73,88.13,245.57,0.7127,-1,-1,-1
119,68,934.96,434.77,36.39,81.52,0.2584,-1,-1,-1
120,1,676.67,441.63,96.32,319.67,0.8120,-1,-1,-1
120,2,527.87,443.97,158.75,377.97,0.7667,-1,-1,-1
120,5,922.54,434.71,55.44,153.60,0.2517,-1,-1,-1
120,15,1238.30,442.95,36.52,100.79,0.5371,-1,-1,-1
120,19,1082.30,444.72,53.38,150.11,0.3525,-1,-1,-1
120,22,771.84,451.77,90.25,247.27,0.7124,-1,-1,-1
120,68,936.42,435.26,35.44,78.64,0.2158,-1,-1,-1
121,1,677.81,441.16,95.48,320.63,0.8157,-1,-1,-1
121,2,525.67,445.33,164.69,378.19,0.7730,-1,-1,-1
121,5,923.86,436.57,54.75,151.05,0.2618,-1,-1,-1
121,15,1237.96,443.19,36.25,101.46,0.4970,-1,-1,-1
121,19,1082.65,445.78,53.09,149.45,0.3513,-1,-1,-1
121,22,772.18,454.12,92.56,245.19,0.6841,-1,-1,-1
121,68,937.28,435.32,36.07,79.05,0.2285,-1,-1,-1
122,1,681.01,439.97,95.74,320.20,0.8005,-1,-1,-1
122,2,526.02,446.27,169.48,380.64,0.8126,-1,-1,-1
122,5,925.17,437.05,54.08,149.44,0.2637,-1,-1,-1
122,15,1236.17,446.00,35.41,99.73,0.4612,-1,-1,-1
122,19,1083.95,449.91,51.53,145.06,0.3730,-1,-1,-1
122,22,779.40,452.61,95.74,248.67,0.5888,-1,-1,-1
123,1,682.46,439.11,95.27,323.15,0.8127,-1,-1,-1
123,2,527.09,442.45,172.87,388.13,0.8010,-1,-1,-1
123,15,1236.47,452.09,34.14,95.10,0.5373,-1,-1,-1
123,19,1083.95,448.68,51.69,146.17,0.3629,-1,-1,-1
123,22,778.76,458.48,99.30,243.37,0.7214,-1,-1,-1
123,68,939.58,437.05,38.63,84.26,0.2726,-1,-1,-1
123,71,488.29,461.08,44.37,110.18,0.2878,-1,-1,-1
123,72,438.97,477.24,40.40,90.91,0.2575,-1,-1,-1
124,1,683.76,438.15,94.72,325.68,0.8053,-1,-1,-1
124,2,527.67,441.99,174.67,393.12,0.6876,-1,-1,-1
124,15,1236.34,454.71,33.80,92.60,0.5575,-1,-1,-1
124,19,1085.06,449.19,50.89,144.72,0.3515,-1,-1,-1
124,22,777.97,457.13,103.31,245.41,0.7236,-1,-1,-1
124,68,941.14,437.40,38.28,83.04,0.3173,-1,-1,-1
124,71,489.76,464.27,43.07,108.31,0.3366,-1,-1,-1
124,72,437.33,475.24,41.42,93.65,0.2328,-1,-1,-1
125,1,684.06,437.46,93.99,327.30,0.8170,-1,-1,-1
125,2,528.25,441.91,174.82,391.21,0.7677,-1,-1,-1
125,15,1234.14,454.65,34.81,94.21,0.5475,-1,-1,-1
125,19,1083.49,454.71,49.24,139.21,0.3691,-1,-1,-1
125,22,781.68,460.54,104.08,243.37,0.7425,-1,-1,-1
125,68,942.27,437.20,38.37,83.37,0.2830,-1,-1,-1
125,71,488.49,461.85,44.20,112.90,0.2510,-1,-1,-1
125,72,437.12,475.76,41.32,93.40,0.2188,-1,-1,-1
126,1,685.54,437.81,94.52,326.86,0.8111,-1,-1,-1
126,2,541.67,442.03,168.82,390.61,0.6423,-1,-1,-1
126,15,1231.10,452.69,36.44,96.84,0.5450,-1,-1,-1
126,19,1082.42,457.22,48.50,136.98,0.3073,-1,-1,-1
126,22,780.01,456.86,104.94,247.24,0.7282,-1,-1,-1
126,71,488.50,463.59,42.20,108.94,0.2660,-1,-1,-1
127,1,684.93,438.21,96.15,327.95,0.8122,-1,-1,-1
127,2,543.48,440.25,165.00,392.28,0.6704,-1,-1,-1
127,15,1228.77,451.85,37.99,98.64,0.5223,-1,-1,-1
127,19,1081.78,458.59,48.42,135.94,0.3095,-1,-1,-1
127,22,781.04,456.43,104.22,248.89,0.7183,-1,-1,-1
127,71,487.51,462.43,41.72,108.39,0.2582,-1,-1,-1
127,72,436.75,475.64,41.74,93.46,0.2466,-1,-1,-1
128,1,686.27,437.68,99.28,328.80,0.8132,-1,-1,-1
128,2,552.33,440.58,159.89,391.51,0.6721,-1,-1,-1
128,15,1227.11,454.53,38.82,98.46,0.5056,-1,-1,-1
128,19,1081.42,459.27,49.07,135.56,0.3465,-1,-1,-1
128,22,782.81,463.26,100.69,241.16,0.6857,-1,-1,-1
128,71,488.39,462.09,41.71,109.27,0.3045,-1,-1,-1
129,1,683.74,437.82,101.59,328.13,0.8329,-1,-1,-1
129,2,554.53,441.77,157.09,390.21,0.6805,-1,-1,-1
129,15,1226.54,463.31,37.29,91.26,0.4230,-1,-1,-1
129,19,1084.03,458.27,49.82,137.30,0.3197,-1,-1,-1
129,22,785.54,459.31,101.97,244.41,0.6778,-1,-1,-1
129,50,1834.97,456.54,81.50,193.23,0.2043,-1,-1,-1
129,71,490.60,462.86,40.39,106.67,0.3018,-1,-1,-1
130,1,682.49,437.50,103.50,328.50,0.8316,-1,-1,-1
130,2,550.40,442.21,158.15,389.41,0.6633,-1,-1,-1
130,15,1224.18,455.32,40.67,99.09,0.4340,-1,-1,-1
130,19,1082.61,460.88,49.41,134.33,0.3687,-1,-1,-1
130,22,786.56,458.97,101.70,245.30,0.7440,-1,-1,-1
130,68,950.43,436.47,39.89,88.74,0.2376,-1,-1,-1
130,71,490.07,463.59,40.34,107.36,0.3345,-1,-1,-1
130,72,433.86,474.69,42.09,93.37,0.2110,-1,-1,-1
131,1,681.71,436.93,104.22,330.59,0.8231,-1,-1,-1
131,2,563.14,440.31,155.42,391.04,0.5515,-1,-1,-1
131,15,1225.67,463.21,38.83,91.91,0.3967,-1,-1,-1
131,19,1085.06,458.35,50.39,137.03,0.3088,-1,-1,-1
131,22,789.69,458.71,101.66,247.49,0.7644,-1,-1,-1
131,68,952.02,435.28,39.35,89.58,0.2567,-1,-1,-1
131,71,490.88,460.24,39.99,105.81,0.3132,-1,-1,-1
132,1,683.13,435.87,103.37,331.48,0.8129,-1,-1,-1
132,2,567.43,440.23,153.11,389.79,0.5694,-1,-1,-1
132,15,1226.04,465.63,38.23,89.00,0.2669,-1,-1,-1
132,19,1085.92,457.41,51.05,138.08,0.2262,-1,-1,-1
132,22,791.73,456.30,101.74,249.80,0.7880,-1,-1,-1
132,68,954.03,434.62,38.02,88.54,0.2475,-1,-1,-1
132,71,490.93,461.68,40.58,107.67,0.2797,-1,-1,-1
133,1,683.77,435.60,102.78,331.52,0.8010,-1,-1,-1
133,2,578.87,438.28,147.47,391.54,0.6248,-1,-1,-1
133,15,1224.92,465.20,39.32,90.01,0.2900,-1,-1,-1
133,19,1083.36,459.23,50.37,136.23,0.2497,-1,-1,-1
133,22,792.78,458.22,100.42,248.31,0.7891,-1,-1,-1
133,50,1827.72,466.29,74.65,182.82,0.2268,-1,-1,-1
133,68,954.66,434.50,36.93,87.74,0.2363,-1,-1,-1
133,71,491.09,461.15,41.10,109.01,0.3529,-1,-1,-1
133,76,537.79,446.05,100.59,236.15,0.3554,-1,-1,-1
134,1,685.46,434.08,103.22,333.10,0.7910,-1,-1,-1
134,2,579.24,439.80,144.66,390.16,0.6258,-1,-1,-1
134,15,1222.34,461.62,41.47,93.70,0.3002,-1,-1,-1
134,19,1082.50,455.49,52.04,140.09,0.2157,-1,-1,-1
134,22,794.93,453.44,101.79,252.04,0.7736,-1,-1,-1
134,68,954.87,433.84,37.13,89.62,0.2438,-1,-1,-1
134,71,490.79,457.45,42.41,112.85,0.3044,-1,-1,-1
134,76,539.46,446.36,100.65,236.18,0.2765,-1,-1,-1
135,1,685.73,432.59,103.72,332.91,0.7845,-1,-1,-1
135,2,577.38,440.15,144.72,391.40,0.6394,-1,-1,-1
135,19,1081.35,453.07,53.27,142.96,0.2055,-1,-1,-1
135,22,792.49,450.65,103.61,255.97,0.7166,-1,-1,-1
135,50,1827.76,466.22,75.72,183.78,0.2327,-1,-1,-1
135,53,527.84,443.92,114.63,348.22,0.2119,-1,-1,-1
135,68,954.51,434.09,37.02,90.44,0.2615,-1,-1,-1
135,71,489.48,460.73,41.40,109.52,0.3709,-1,-1,-1
136,1,686.19,433.25,103.95,331.71,0.7736,-1,-1,-1
136,2,573.66,439.34,147.42,397.03,0.6531,-1,-1,-1
136,19,1088.76,448.20,54.49,146.98,0.2685,-1,-1,-1
136,22,793.04,450.74,102.79,256.56,0.7076,-1,-1,-1
136,50,1828.17,466.69,75.99,183.82,0.2533,-1,-1,-1
136,68,954.61,434.32,37.16,91.49,0.2886,-1,-1,-1
136,71,489.25,457.34,42.39,113.19,0.3798,-1,-1,-1
137,1,693.97,434.06,102.53,328.45,0.7812,-1,-1,-1
137,2,581.63,436.58,146.88,413.39,0.6708,-1,-1,-1
137,19,1083.22,451.62,53.37,143.64,0.2128,-1,-1,-1
137,22,795.51,453.33,100.25,254.93,0.7601,-1,-1,-1
137,50,1826.94,466.47,75.69,184.15,0.2203,-1,-1,-1
137,68,955.13,434.56,36.55,90.19,0.2797,-1,-1,-1
137,71,489.91,460.02,41.02,109.88,0.3790,-1,-1,-1
138,1,691.90,434.22,104.67,330.66,0.7634,-1,-1,-1
138,2,582.53,436.92,145.76,421.01,0.6509,-1,-1,-1
138,22,799.73,450.91,99.15,259.64,0.7548,-1,-1,-1
138,50,1826.32,470.82,71.64,177.71,0.2491,-1,-1,-1
138,68,956.31,434.65,36.36,89.74,0.2589,-1,-1,-1
138,71,489.93,459.95,40.96,109.92,0.3530,-1,-1,-1
139,1,694.38,433.48,105.77,332.39,0.7558,-1,-1,-1
139,2,573.46,439.23,146.75,417.03,0.6134,-1,-1,-1
139,19,1080.88,456.07,51.14,138.64,0.2186,-1,-1,-1
139,22,804.36,449.71,97.53,262.01,0.7271,-1,-1,-1
139,68,956.80,434.59,36.11,89.12,0.2698,-1,-1,-1
139,71,491.35,459.67,40.91,111.13,0.4722,-1,-1,-1
140,1,694.66,434.29,108.09,331.49,0.7594,-1,-1,-1
140,2,570.98,438.50,148.75,416.71,0.5618,-1,-1,-1
140,19,1081.15,456.57,50.50,138.44,0.2338,-1,-1,-1
140,22,806.10,452.49,92.90,263.04,0.6994,-1,-1,-1
140,68,957.74,434.45,36.14,89.59,0.2312,-1,-1,-1
140,71,491.21,460.28,40.66,111.58,0.4331,-1,-1,-1
141,1,694.22,432.85,111.45,334.84,0.7575,-1,-1,-1
141,2,566.10,438.46,151.98,418.56,0.5603,-1,-1,-1
141,19,1082.21,454.33,50.92,140.42,0.2522,-1,-1,-1
141,22,811.96,451.82,90.44,261.76,0.6511,-1,-1,-1
141,50,1833.34,470.75,73.93,178.53,0.2173,-1,-1,-1
141,68,958.85,434.77,36.19,90.02,0.2081,-1,-1,-1
141,71,491.15,459.37,40.82,112.33,0.3644,-1,-1,-1
142,1,697.91,433.57,115.79,331.56,0.7614,-1,-1,-1
142,2,562.73,438.80,153.31,413.61,0.5183,-1,-1,-1
142,15,1207.85,448.31,43.67,104.31,0.4058,-1,-1,-1
142,19,1081.25,456.27,50.11,138.76,0.2694,-1,-1,-1
142,22,814.02,447.16,92.03,269.36,0.6417,-1,-1,-1
142,68,961.51,434.86,36.42,90.49,0.2797,-1,-1,-1
142,71,490.53,460.65,40.24,111.05,0.3089,-1,-1,-1
143,1,699.48,436.31,120.22,329.73,0.7707,-1,-1,-1
143,2,571.40,434.59,155.91,430.09,0.5327,-1,-1,-1
143,15,1206.88,445.39,42.86,107.07,0.3844,-1,-1,-1
143,19,1080.43,454.32,50.78,140.71,0.3188,-1,-1,-1
143,22,815.78,447.40,90.30,267.72,0.6267,-1,-1,-1
143,50,1826.78,465.95,75.57,183.05,0.2295,-1,-1,-1
143,68,962.04,435.95,45.45,111.52,0.2379,-1,-1,-1
143,71,486.11,464.32,39.21,106.66,0.2274,-1,-1,-1
144,1,699.37,436.68,126.51,331.72,0.7510,-1,-1,-1
144,2,553.32,437.37,162.30,434.91,0.5175,-1,-1,-1
144,15,1204.38,443.87,42.29,109.57,0.3247,-1,-1,-1
144,19,1081.03,461.21,48.67,133.98,0.3109,-1,-1,-1
144,22,818.87,448.75,88.51,264.39,0.5448,-1,-1,-1
144,50,1832.01,463.43,78.58,186.11,0.2112,-1,-1,-1
144,68,960.58,436.87,38.86,96.63,0.2236,-1,-1,-1
144,71,479.84,463.36,41.70,110.40,0.3225,-1,-1,-1
145,1,699.40,438.57,131.54,330.22,0.7511,-1,-1,-1
145,2,547.22,437.26,169.37,440.84,0.6339,-1,-1,-1
145,15,1203.36,443.09,41.04,110.24,0.3647,-1,-1,-1
145,19,1080.75,461.18,48.64,133.94,0.2607,-1,-1,-1
145,22,822.25,455.11,85.13,256.05,0.5678,-1,-1,-1
145,50,1832.50,460.91,80.82,188.86,0.2182,-1,-1,-1
145,68,960.28,437.89,36.04,90.27,0.2052,-1,-1,-1
145,71,480.17,469.39,41.02,104.92,0.3476,-1,-1,-1
146,1,700.37,438.40,134.84,331.23,0.7430,-1,-1,-1
146,2,543.78,439.09,175.12,444.81,0.7284,-1,-1,-1
146,15,1204.16,443.61,38.63,107.31,0.4385,-1,-1,-1
146,19,1080.39,463.38,48.23,132.17,0.3145,-1,-1,-1
146,22,824.99,454.85,84.02,255.27,0.6558,-1,-1,-1
146,68,962.53,438.14,35.65,89.37,0.2458,-1,-1,-1
146,71,479.56,472.51,40.89,101.49,0.3686,-1,-1,-1
146,81,874.65,433.57,85.59,247.76,0.3552,-1,-1,-1
147,1,701.49,437.63,136.48,334.68,0.7977,-1,-1,-1
147,2,542.26,440.62,177.52,448.24,0.7202,-1,-1,-1
147,15,1203.08,447.41,36.52,101.59,0.4762,-1,-1,-1
147,19,1081.31,460.86,48.99,134.09,0.3542,-1,-1,-1
147,22,826.87,457.78,82.79,252.28,0.6119,-1,-1,-1
147,68,965.66,439.25,38.73,95.69,0.2860,-1,-1,-1
147,71,477.73,469.58,42.52,103.67,0.3377,-1,-1,-1
147,81,876.93,432.18,85.46,248.82,0.4328,-1,-1,-1
148,1,702.57,437.44,135.87,333.38,0.7744,-1,-1,-1
148,2,540.77,440.78,179.70,451.74,0.7250,-1,-1,-1
148,15,1202.24,446.70,37.05,104.31,0.4493,-1,-1,-1
148,19,1081.93,458.37,49.71,136.26,0.3643,-1,-1,-1
148,22,828.14,456.84,83.74,254.36,0.6526,-1,-1,-1
148,50,1830.08,467.58,78.91,184.50,0.2044,-1,-1,-1
148,68,965.38,438.92,40.60,98.70,0.2480,-1,-1,-1
148,71,477.01,470.71,42.86,102.86,0.3711,-1,-1,-1
148,81,880.15,431.63,84.68,247.75,0.3675,-1,-1,-1
149,1,705.55,437.37,134.90,337.14,0.8076,-1,-1,-1
149,2,541.18,438.68,178.11,455.24,0.7301,-1,-1,-1
149,15,1201.00,448.07,36.60,101.34,0.4544,-1,-1,-1
149,19,1079.80,459.50,49.42,135.55,0.3016,-1,-1,-1
149,22,830.46,456.10,83.53,253.30,0.6589,-1,-1,-1
149,50,1832.68,468.85,78.27,182.28,0.2790,-1,-1,-1
149,68,965.73,438.89,42.45,101.33,0.2189,-1,-1,-1
149,71,476.01,469.59,43.42,103.30,0.2920,-1,-1,-1
149,81,886.42,439.22,82.95,240.34,0.5616,-1,-1,-1
150,1,708.27,436.00,132.32,338.89,0.8110,-1,-1,-1
150,2,543.94,436.70,176.67,458.16,0.7688,-1,-1,-1
150,15,1199.29,450.20,36.66,98.58,0.4432,-1,-1,-1
150,19,1079.94,458.89,49.45,135.45,0.3430,-1,-1,-1
150,22,831.54,451.36,85.39,258.62,0.6492,-1,-1,-1
150,50,1829.92,464.87,79.90,185.72,0.2667,-1,-1,-1
150,68,961.51,439.18,50.22,120.45,0.2250,-1,-1,-1
150,71,472.73,470.77,42.93,102.09,0.3354,-1,-1,-1
150,81,887.80,440.25,81.42,238.88,0.6119,-1,-1,-1
150,83,499.87,456.31,41.39,110.91,0.3043,-1,-1,-1
151,1,712.40,436.54,130.45,340.10,0.8001,-1,-1,-1
151,2,542.31,438.48,173.93,456.22,0.7591,-1,-1,-1
151,15,1198.60,451.13,37.17,98.18,0.4640,-1,-1,-1
151,19,1080.08,456.62,50.26,137.29,0.3181,-1,-1,-1
151,22,831.08,448.63,87.73,263.47,0.6711,-1,-1,-1
151,50,1829.41,466.87,79.37,183.61,0.2755,-1,-1,-1
151,68,962.31,439.48,48.52,114.83,0.2314,-1,-1,-1
151,71,471.46,472.13,42.61,100.99,0.3664,-1,-1,-1
151,81,891.11,438.21,82.37,239.53,0.6622,-1,-1,-1
151,83,500.20,455.17,41.42,111.39,0.2643,-1,-1,-1
152,1,711.33,435.96,125.15,339.41,0.8059,-1,-1,-1
152,2,544.54,438.38,174.83,457.82,0.7525,-1,-1,-1
152,15,1197.09,451.13,37.88,98.24,0.4819,-1,-1,-1
152,19,1080.36,456.39,50.38,137.26,0.2943,-1,-1,-1
152,22,829.52,444.79,90.55,273.61,0.7111,-1,-1,-1
152,50,1830.45,466.74,76.83,179.59,0.2177,-1,-1,-1
152,68,959.50,439.54,52.83,125.68,0.2407,-1,-1,-1
152,81,890.37,437.90,82.63,240.95,0.4460,-1,-1,-1
152,83,499.67,455.96,40.35,108.97,0.2470,-1,-1,-1
152,84,1128.77,459.57,30.52,85.66,0.3567,-1,-1,-1
153,1,714.48,435.04,124.80,341.67,0.8437,-1,-1,-1
153,2,535.40,437.47,171.11,456.59,0.7399,-1,-1,-1
153,15,1195.25,451.40,37.63,96.54,0.4862,-1,-1,-1
153,19,1079.01,452.64,51.76,141.17,0.3176,-1,-1,-1
153,22,830.72,445.33,89.64,271.50,0.7249,-1,-1,-1
153,50,1827.55,467.48,76.42,180.86,0.2692,-1,-1,-1
153,68,957.68,438.43,56.64,136.51,0.2630,-1,-1,-1
153,81,902.21,436.88,61.01,169.18,0.2313,-1,-1,-1
153,83,501.59,461.35,37.61,101.79,0.2465,-1,-1,-1
153,84,1129.45,458.43,30.75,86.50,0.2720,-1,-1,-1
154,1,716.95,435.57,123.37,340.57,0.8570,-1,-1,-1
154,2,533.97,431.95,169.94,462.30,0.7486,-1,-1,-1
154,15,1194.09,451.53,37.53,96.07,0.5308,-1,-1,-1
154,19,1077.61,453.54,51.45,139.84,0.2058,-1,-1,-1
154,22,830.90,450.28,89.58,274.94,0.6949,-1,-1,-1
154,68,957.59,439.40,57.32,140.59,0.2364,-1,-1,-1
154,81,890.57,436.28,82.29,235.30,0.5447,-1,-1,-1
154,84,1131.13,458.37,30.79,86.58,0.3171,-1,-1,-1
155,1,719.52,436.62,123.37,340.06,0.8591,-1,-1,-1
155,2,531.46,433.62,169.73,462.11,0.7408,-1,-1,-1
155,15,1192.69,452.08,37.66,96.28,0.5442,-1,-1,-1
155,19,1077.27,456.33,50.63,137.00,0.2677,-1,-1,-1
155,22,831.85,448.38,89.88,279.03,0.6800,-1,-1,-1
155,68,959.04,438.45,54.67,136.15,0.3256,-1,-1,-1
155,71,467.94,476.94,40.73,94.87,0.2755,-1,-1,-1
155,81,892.95,436.34,82.34,244.31,0.6243,-1,-1,-1
155,84,1132.42,458.25,31.19,87.42,0.2665,-1,-1,-1
156,1,721.44,433.53,122.77,342.22,0.8377,-1,-1,-1
156,2,530.12,434.58,167.74,461.11,0.7565,-1,-1,-1
156,15,1191.07,449.66,37.77,97.40,0.5351,-1,-1,-1
156,19,1077.64,457.38,50.31,135.88,0.2942,-1,-1,-1
156,22,833.27,444.83,90.72,283.54,0.6884,-1,-1,-1
156,68,959.96,438.81,52.96,133.97,0.3095,-1,-1,-1
156,71,466.62,476.32,40.82,94.20,0.2780,-1,-1,-1
156,81,894.30,436.95,80.87,248.91,0.5882,-1,-1,-1
157,1,724.01,433.41,124.43,342.00,0.8118,-1,-1,-1
157,2,528.66,434.81,167.52,461.97,0.7262,-1,-1,-1
157,15,1189.91,452.91,36.21,94.61,0.4867,-1,-1,-1
157,19,1077.64,458.39,50.30,135.10,0.2781,-1,-1,-1
157,22,837.00,444.59,89.53,282.09,0.6966,-1,-1,-1
157,50,1827.71,469.55,74.28,176.69,0.2173,-1,-1,-1
157,68,958.26,438.07,54.73,141.26,0.4030,-1,-1,-1
157,71,465.96,474.63,41.61,96.10,0.2346,-1,-1,-1
157,81,897.99,437.30,80.32,251.32,0.4400,-1,-1,-1
158,1,728.20,433.13,125.82,341.01,0.7642,-1,-1,-1
158,2,530.71,431.84,168.71,464.83,0.7492,-1,-1,-1
158,15,1189.91,457.62,33.86,89.68,0.3838,-1,-1,-1
158,19,1078.05,458.66,50.73,135.35,0.2945,-1,-1,-1
158,22,842.30,444.82,90.48,283.94,0.7171,-1,-1,-1
158,50,1827.39,465.66,76.65,183.58,0.2166,-1,-1,-1
158,68,960.24,438.19,54.09,141.92,0.2687,-1,-1,-1
158,71,465.66,474.49,40.89,94.30,0.2609,-1,-1,-1
158,81,912.90,438.86,56.04,162.70,0.4436,-1,-1,-1
158,87,662.24,438.18,86.82,343.78,0.5344,-1,-1,-1
159,1,733.49,435.42,126.17,338.46,0.7617,-1,-1,-1
159,2,525.31,431.46,172.05,464.10,0.7795,-1,-1,-1
159,15,1189.39,456.86,33.48,89.56,0.2551,-1,-1,-1
159,19,1078.45,458.41,50.54,135.29,0.3050,-1,-1,-1
159,22,842.75,445.15,89.31,285.23,0.7386,-1,-1,-1
159,50,1827.49,467.73,75.38,182.13,0.2412,-1,-1,-1
159,68,962.04,438.59,53.12,142.36,0.2144,-1,-1,-1
159,71,464.92,471.80,41.30,95.60,0.2073,-1,-1,-1
159,81,904.08,441.70,80.88,232.33,0.4174,-1,-1,-1
159,83,499.86,457.19,39.02,103.73,0.2318,-1,-1,-1
159,87,665.37,437.34,86.63,345.33,0.5173,-1,-1,-1
160,1,735.33,430.68,125.05,344.39,0.7588,-1,-1,-1
160,2,527.12,432.67,170.52,461.12,0.7844,-1,-1,-1
160,19,1077.75,458.52,50.46,135.26,0.2990,-1,-1,-1
160,22,844.69,447.69,87.12,280.89,0.7413,-1,-1,-1
160,50,1827.72,465.15,76.57,185.09,0.2054,-1,-1,-1
160,68,963.16,438.41,50.69,139.05,0.2256,-1,-1,-1
160,71,464.32,471.51,41.72,97.13,0.2205,-1,-1,-1
160,81,917.37,439.81,60.62,165.69,0.3848,-1,-1,-1
160,83,499.76,458.94,39.62,102.08,0.2187,-1,-1,-1
160,87,666.72,437.68,85.96,345.74,0.5323,-1,-1,-1
161,1,738.84,429.85,122.47,345.53,0.7790,-1,-1,-1
161,2,528.30,434.83,169.41,457.20,0.7808,-1,-1,-1
161,19,1077.79,459.16,50.00,134.05,0.3061,-1,-1,-1
161,22,847.34,448.04,87.06,280.72,0.7504,-1,-1,-1
161,50,1827.54,463.82,77.29,186.94,0.2042,-1,-1,-1
161,81,924.02,440.05,56.25,147.15,0.4000,-1,-1,-1
161,83,497.92,458.68,40.51,102.33,0.2152,-1,-1,-1
161,87,667.31,440.07,85.63,347.25,0.6252,-1,-1,-1
162,1,741.78,429.61,120.86,348.71,0.7779,-1,-1,-1
162,2,528.50,432.95,173.42,459.83,0.7730,-1,-1,-1
162,15,1187.92,454.78,32.79,88.92,0.2638,-1,-1,-1
162,19,1077.68,459.64,49.76,133.64,0.2252,-1,-1,-1
162,22,849.31,449.27,87.98,281.66,0.7437,-1,-1,-1
162,81,928.18,441.33,57.37,142.25,0.3191,-1,-1,-1
162,83,497.44,457.81,41.27,102.41,0.2395,-1,-1,-1
162,87,668.16,440.74,85.42,350.40,0.6213,-1,-1,-1
162,90,1137.83,440.29,42.14,103.49,0.3197,-1,-1,-1
163,1,744.45,431.83,118.64,347.31,0.7899,-1,-1,-1
163,2,529.64,432.62,176.44,462.20,0.8000,-1,-1,-1
163,15,1186.41,445.50,35.41,99.96,0.4379,-1,-1,-1
163,19,1078.23,460.21,49.30,132.85,0.2134,-1,-1,-1
163,22,852.92,449.85,89.48,281.74,0.7396,-1,-1,-1
163,81,914.64,439.69,94.03,247.38,0.5735,-1,-1,-1
163,87,668.18,440.58,86.31,360.07,0.5952,-1,-1,-1
163,90,1139.20,438.04,43.32,105.79,0.3611,-1,-1,-1
164,1,747.51,431.85,118.53,351.13,0.7863,-1,-1,-1
164,2,529.59,431.35,180.72,466.88,0.7893,-1,-1,-1
164,15,1185.45,443.41,34.97,101.60,0.5076,-1,-1,-1
164,19,1079.42,461.29,48.63,131.48,0.2829,-1,-1,-1
164,22,856.35,449.96,93.08,283.18,0.7081,-1,-1,-1
164,50,1828.46,466.45,76.30,184.92,0.2445,-1,-1,-1
164,81,916.61,439.80,94.48,256.91,0.5582,-1,-1,-1
164,87,670.25,438.97,86.41,362.79,0.5993,-1,-1,-1
164,90,1138.73,437.70,44.58,108.49,0.3954,-1,-1,-1
165,1,748.10,430.61,118.13,352.79,0.7890,-1,-1,-1
165,2,530.87,431.25,184.48,469.04,0.8058,-1,-1,-1
165,15,1186.23,452.88,31.79,92.37,0.3335,-1,-1,-1
165,19,1079.64,461.07,48.83,131.94,0.2434,-1,-1,-1
165,22,862.18,450.87,97.16,282.15,0.6614,-1,-1,-1
165,50,1830.57,466.97,76.70,184.33,0.3081,-1,-1,-1
165,81,917.11,438.75,94.80,262.44,0.5198,-1,-1,-1
165,87,674.49,441.31,85.27,347.73,0.6939,-1,-1,-1
165,90,1142.44,442.09,42.05,103.00,0.2557,-1,-1,-1
166,1,749.61,430.80,118.22,356.60,0.7908,-1,-1,-1
166,2,530.57,431.67,187.40,470.99,0.7935,-1,-1,-1
166,15,1186.68,456.26,30.87,89.33,0.2960,-1,-1,-1
166,19,1079.38,458.18,49.98,135.25,0.2463,-1,-1,-1
166,22,860.77,453.77,100.06,284.06,0.6399,-1,-1,-1
166,50,1832.76,463.83,78.02,186.81,0.2041,-1,-1,-1
166,81,921.45,435.82,91.54,259.55,0.5078,-1,-1,-1
166,87,675.04,441.99,87.99,350.37,0.7229,-1,-1,-1
166,90,1144.31,442.84,41.67,102.27,0.2402,-1,-1,-1
167,1,750.07,431.35,117.49,356.25,0.7970,-1,-1,-1
167,2,533.09,432.73,190.75,471.09,0.8015,-1,-1,-1
167,15,1186.85,458.17,30.78,88.67,0.2283,-1,-1,-1
167,19,1079.09,457.08,50.54,136.87,0.2493,-1,-1,-1
167,22,868.53,450.24,107.84,283.16,0.7054,-1,-1,-1
167,50,1833.92,463.30,78.59,186.73,0.2117,-1,-1,-1
167,81,927.04,436.10,85.98,252.26,0.5910,-1,-1,-1
167,87,675.12,441.89,89.08,351.45,0.7096,-1,-1,-1
167,90,1145.04,443.00,41.79,102.99,0.2483,-1,-1,-1
168,1,751.90,432.76,117.14,356.57,0.7932,-1,-1,-1
168,2,537.83,434.47,198.11,467.57,0.8078,-1,-1,-1
168,19,1078.87,457.66,50.21,135.97,0.2529,-1,-1,-1
168,22,868.15,446.82,116.28,286.66,0.7508,-1,-1,-1
168,50,1831.79,467.37,76.65,183.35,0.2503,-1,-1,-1
168,81,933.19,434.60,81.58,246.86,0.5948,-1,-1,-1
168,87,674.63,442.47,90.00,353.97,0.7276,-1,-1,-1
168,90,1146.87,441.43,42.61,103.77,0.3479,-1,-1,-1
169,1,752.61,434.72,116.02,355.26,0.8001,-1,-1,-1
169,2,539.28,428.76,209.52,471.64,0.8084,-1,-1,-1
169,19,1078.42,456.43,50.69,137.68,0.2566,-1,-1,-1
169,22,865.73,446.52,118.63,288.98,0.7801,-1,-1,-1
169,50,1827.67,466.62,74.87,182.63,0.2302,-1,-1,-1
169,71,466.39,469.29,44.61,105.57,0.2499,-1,-1,-1
169,81,938.17,434.24,77.32,241.07,0.5910,-1,-1,-1
169,87,675.85,442.55,90.16,354.99,0.7356,-1,-1,-1
169,90,1147.78,440.89,42.98,104.17,0.3555,-1,-1,-1
170,1,755.34,435.24,115.47,355.52,0.7810,-1,-1,-1
170,2,538.81,429.48,220.71,470.92,0.8299,-1,-1,-1
170,19,1078.30,456.21,50.66,137.63,0.2526,-1,-1,-1
170,22,868.68,446.28,118.53,290.30,0.7985,-1,-1,-1
170,50,1826.29,465.59,73.68,184.17,0.2414,-1,-1,-1
170,71,465.79,468.15,44.17,108.34,0.2703,-1,-1,-1
170,81,941.53,434.13,74.52,236.45,0.6173,-1,-1,-1
170,87,676.91,442.26,89.61,356.26,0.7284,-1,-1,-1
170,90,1148.26,442.22,42.89,103.01,0.4363,-1,-1,-1
171,1,757.41,435.57,112.90,348.01,0.7896,-1,-1,-1
171,2,539.34,430.36,230.87,470.52,0.8574,-1,-1,-1
171,19,1078.76,454.63,50.86,138.73,0.2227,-1,-1,-1
171,22,870.05,446.73,117.97,291.37,0.7918,-1,-1,-1
171,50,1827.61,466.43,72.08,183.67,0.2577,-1,-1,-1
171,71,465.30,467.13,43.31,109.67,0.2758,-1,-1,-1
171,81,943.96,435.87,76.16,247.35,0.6678,-1,-1,-1
171,87,677.65,442.21,90.46,360.71,0.7301,-1,-1,-1
171,90,1148.22,444.41,42.86,100.91,0.4404,-1,-1,-1
172,1,761.50,436.48,114.37,345.93,0.8126,-1,-1,-1
172,2,539.19,433.65,234.71,469.85,0.8476,-1,-1,-1
172,19,1079.12,454.33,50.96,139.67,0.2847,-1,-1,-1
172,22,870.36,447.44,117.68,290.97,0.7947,-1,-1,-1
172,50,1828.60,464.85,71.88,184.78,0.2710,-1,-1,-1
172,71,467.11,466.42,42.54,110.72,0.3009,-1,-1,-1
172,81,949.38,435.46,76.72,251.91,0.6841,-1,-1,-1
172,87,678.49,444.95,88.24,357.08,0.7007,-1,-1,-1
172,90,1147.54,445.50,42.75,100.52,0.4060,-1,-1,-1
173,1,762.92,437.51,115.65,344.50,0.8189,-1,-1,-1
173,2,537.97,432.51,233.11,469.71,0.8566,-1,-1,-1
173,15,1168.35,452.61,33.64,94.20,0.2020,-1,-1,-1
173,19,1082.45,454.80,50.16,140.26,0.3410,-1,-1,-1
173,22,872.12,445.02,118.00,293.77,0.7873,-1,-1,-1
173,50,1827.77,466.76,69.77,182.45,0.2308,-1,-1,-1
173,71,467.84,468.47,40.96,108.67,0.2837,-1,-1,-1
173,81,950.78,434.57,78.20,258.72,0.6615,-1,-1,-1
173,87,682.20,446.70,87.11,350.20,0.6240,-1,-1,-1
173,90,1146.96,446.32,42.40,100.24,0.3464,-1,-1,-1
174,1,763.13,439.35,118.85,348.88,0.8228,-1,-1,-1
174,2,542.19,432.72,231.85,472.07,0.8522,-1,-1,-1
174,15,1169.84,453.63,33.94,93.31,0.2588,-1,-1,-1
174,19,1083.15,455.35,49.52,140.28,0.4153,-1,-1,-1
174,22,874.70,444.84,118.04,293.78,0.7876,-1,-1,-1
174,50,1828.55,465.95,69.92,184.09,0.2765,-1,-1,-1
174,71,467.29,468.24,39.43,106.15,0.2818,-1,-1,-1
174,81,952.50,435.59,77.64,259.59,0.6312,-1,-1,-1
174,87,685.61,450.40,86.34,348.41,0.4749,-1,-1,-1
174,90,1147.93,448.39,41.55,98.61,0.2839,-1,-1,-1
175,1,766.66,439.85,118.21,350.67,0.8434,-1,-1,-1
175,2,549.22,433.89,227.95,471.26,0.8354,-1,-1,-1
175,19,1083.35,456.05,48.85,139.77,0.3226,-1,-1,-1
175,22,875.64,444.11,117.52,294.33,0.7924,-1,-1,-1
175,50,1828.02,468.38,67.95,181.27,0.2904,-1,-1,-1
175,71,465.88,464.03,40.10,109.72,0.3294,-1,-1,-1
175,81,956.32,435.25,77.76,261.17,0.6014,-1,-1,-1
175,87,692.60,464.91,83.30,337.29,0.2060,-1,-1,-1
175,90,1155.71,452.51,42.68,95.08,0.4228,-1,-1,-1
175,94,1677.39,430.22,96.86,155.20,0.2094,-1,-1,-1
176,1,766.59,441.59,117.96,356.36,0.8305,-1,-1,-1
176,2,554.96,432.88,224.24,475.04,0.7968,-1,-1,-1
176,19,1081.90,455.51,48.90,139.89,0.3475,-1,-1,-1
176,22,876.90,443.80,116.24,294.27,0.7983,-1,-1,-1
176,50,1828.52,466.81,68.31,182.62,0.2433,-1,-1,-1
176,71,467.61,465.65,40.03,110.60,0.3225,-1,-1,-1
176,81,961.68,434.58,78.23,259.65,0.5874,-1,-1,-1
176,90,1158.54,455.65,42.85,90.68,0.4384,-1,-1,-1
177,1,767.88,441.02,117.95,355.48,0.8228,-1,-1,-1
177,2,556.16,436.79,219.66,472.24,0.7982,-1,-1,-1
177,15,1161.32,449.96,39.43,98.48,0.3973,-1,-1,-1
177,19,1082.50,454.80,48.74,140.32,0.2484,-1,-1,-1
177,22,880.24,446.34,115.03,291.87,0.7898,-1,-1,-1
177,50,1829.46,467.01,68.24,181.88,0.2490,-1,-1,-1
177,71,466.74,468.05,39.24,109.32,0.3347,-1,-1,-1
177,81,964.55,434.35,79.84,261.71,0.5190,-1,-1,-1
178,1,771.66,440.37,115.51,356.15,0.8096,-1,-1,-1
178,2,560.04,433.37,216.95,474.91,0.8392,-1,-1,-1
178,15,1157.09,446.92,41.45,99.89,0.4758,-1,-1,-1
178,19,1080.46,452.25,49.73,142.83,0.2769,-1,-1,-1
178,22,885.70,447.64,112.26,289.55,0.7653,-1,-1,-1
178,71,465.07,464.18,40.37,112.23,0.3350,-1,-1,-1
178,81,967.67,433.08,82.80,265.83,0.4584,-1,-1,-1
179,1,774.14,439.14,114.65,355.16,0.7901,-1,-1,-1
179,2,568.41,432.52,210.40,477.87,0.8621,-1,-1,-1
179,15,1158.51,450.83,41.26,96.84,0.4627,-1,-1,-1
179,19,1078.59,454.00,49.22,140.64,0.2659,-1,-1,-1
179,22,888.86,445.70,110.35,292.22,0.7734,-1,-1,-1
179,71,463.89,461.01,41.41,115.64,0.3514,-1,-1,-1
179,81,969.27,434.72,84.70,264.55,0.5232,-1,-1,-1
180,1,778.37,437.90,116.54,357.74,0.7649,-1,-1,-1
180,2,574.23,430.06,205.26,479.57,0.8399,-1,-1,-1
180,15,1157.00,449.94,41.41,98.06,0.4494,-1,-1,-1
180,19,1078.96,453.05,49.59,141.42,0.3249,-1,-1,-1
180,22,892.99,445.06,106.49,293.08,0.7770,-1,-1,-1
180,71,464.81,464.30,39.65,111.46,0.4746,-1,-1,-1
180,81,977.12,434.28,87.59,262.47,0.4865,-1,-1,-1
180,97,571.96,443.38,57.29,111.58,0.3414,-1,-1,-1
181,1,778.51,436.27,116.47,358.47,0.7561,-1,-1,-1
181,2,579.79,423.98,201.56,486.95,0.8645,-1,-1,-1
181,15,1155.32,445.44,42.28,101.18,0.4800,-1,-1,-1
181,19,1078.21,446.64,52.34,149.84,0.3509,-1,-1,-1
181,22,898.56,443.54,104.32,295.89,0.7278,-1,-1,-1
181,71,466.05,467.00,38.17,107.72,0.3696,-1,-1,-1
181,81,972.80,436.86,88.40,263.60,0.6196,-1,-1,-1
181,97,572.18,449.73,57.23,110.93,0.4076,-1,-1,-1
182,1,780.28,435.26,117.70,364.19,0.7532,-1,-1,-1
182,2,582.69,423.98,199.90,486.40,0.8653,-1,-1,-1
182,15,1155.59,446.32,40.97,100.36,0.5447,-1,-1,-1
182,19,1079.72,444.92,52.66,152.40,0.3727,-1,-1,-1
182,22,906.74,445.82,100.46,296.70,0.7130,-1,-1,-1
182,71,467.16,470.74,36.94,103.79,0.4221,-1,-1,-1
182,81,976.45,435.08,89.63,268.67,0.6124,-1,-1,-1
182,97,569.60,445.26,61.91,120.94,0.4496,-1,-1,-1
183,1,782.92,434.41,118.53,367.40,0.7695,-1,-1,-1
183,2,585.96,424.77,197.35,485.90,0.8583,-1,-1,-1
183,15,1156.38,448.84,39.07,97.89,0.5412,-1,-1,-1
183,19,1080.74,444.72,52.16,152.53,0.3258,-1,-1,-1
183,22,913.17,443.05,97.39,298.20,0.7463,-1,-1,-1
183,71,467.36,472.02,37.09,103.24,0.3812,-1,-1,-1
183,81,980.10,436.88,87.09,261.44,0.6249,-1,-1,-1
183,97,567.71,447.89,65.82,130.65,0.4806,-1,-1,-1
184,1,783.90,433.79,118.70,367.97,0.7829,-1,-1,-1
184,2,590.04,425.94,194.29,484.13,0.8523,-1,-1,-1
184,15,1155.38,450.82,39.50,97.96,0.6062,-1,-1,-1
184,19,1081.35,442.40,52.49,154.54,0.3371,-1,-1,-1
184,22,920.41,441.27,93.71,299.63,0.7691,-1,-1,-1
184,71,466.94,472.26,37.22,102.80,0.4025,-1,-1,-1
184,81,984.27,440.31,83.00,246.16,0.6323,-1,-1,-1
184,97,565.26,444.63,71.82,146.80,0.4361,-1,-1,-1
185,1,785.70,434.50,118.75,369.02,0.7814,-1,-1,-1
185,2,597.18,427.95,189.90,482.05,0.8411,-1,-1,-1
185,15,1156.02,451.69,38.76,95.33,0.5556,-1,-1,-1
185,19,1080.79,438.65,53.40,158.50,0.3222,-1,-1,-1
185,22,923.04,441.49,91.94,303.05,0.7595,-1,-1,-1
185,71,467.82,474.52,37.40,101.21,0.4629,-1,-1,-1
185,81,986.03,441.00,84.97,252.55,0.6331,-1,-1,-1
185,97,564.42,444.93,74.59,157.17,0.4478,-1,-1,-1
186,1,785.74,435.06,116.95,367.45,0.8028,-1,-1,-1
186,2,601.74,426.15,187.55,483.87,0.8440,-1,-1,-1
186,15,1155.45,448.13,41.30,98.47,0.5952,-1,-1,-1
186,19,1078.74,442.60,51.77,153.40,0.2450,-1,-1,-1
186,22,926.03,445.14,90.50,305.61,0.7452,-1,-1,-1
186,71,469.01,477.32,37.31,98.45,0.4710,-1,-1,-1
186,81,989.64,442.51,82.58,244.08,0.5728,-1,-1,-1
186,97,561.25,438.50,78.07,174.26,0.4861,-1,-1,-1
187,1,789.23,435.30,115.74,367.75,0.8032,-1,-1,-1
187,2,606.67,428.41,183.10,483.68,0.8413,-1,-1,-1
187,15,1156.69,450.17,41.15,96.00,0.5453,-1,-1,-1
187,19,1077.36,442.44,52.01,153.65,0.2557,-1,-1,-1
187,22,928.55,445.29,91.02,307.64,0.7313,-1,-1,-1
187,71,468.71,477.32,37.98,98.37,0.4649,-1,-1,-1
187,81,994.06,442.54,84.19,251.19,0.6250,-1,-1,-1
187,97,562.96,434.59,75.23,176.34,0.4801,-1,-1,-1
188,1,792.25,434.59,114.49,364.36,0.8122,-1,-1,-1
188,2,607.60,426.57,184.46,495.39,0.8356,-1,-1,-1
188,15,1156.77,451.83,41.37,95.94,0.5013,-1,-1,-1
188,19,1084.56,441.40,50.93,154.27,0.2251,-1,-1,-1
188,22,932.28,442.03,92.18,310.30,0.6870,-1,-1,-1
188,71,467.84,477.88,37.56,97.27,0.3660,-1,-1,-1
188,81,996.13,444.08,83.19,250.39,0.5058,-1,-1,-1
188,97,563.79,434.40,74.67,180.82,0.4445,-1,-1,-1
189,1,793.64,433.12,114.12,367.81,0.8100,-1,-1,-1
189,2,608.66,426.05,184.89,505.07,0.7960,-1,-1,-1
189,15,1156.06,447.20,43.15,100.45,0.4804,-1,-1,-1
189,19,1087.46,441.81,49.63,153.86,0.2084,-1,-1,-1
189,22,936.88,441.82,98.50,311.75,0.7793,-1,-1,-1
189,71,467.09,476.87,38.53,99.16,0.4110,-1,-1,-1
189,81,1002.35,438.60,86.94,265.05,0.5323,-1,-1,-1
189,97,563.84,433.64,71.33,180.05,0.5280,-1,-1,-1
189,102,511.99,449.83,37.11,112.47,0.2175,-1,-1,-1
190,1,797.67,432.40,116.72,372.59,0.8022,-1,-1,-1
190,2,614.18,426.29,186.29,511.69,0.7025,-1,-1,-1
190,15,1154.19,448.76,43.23,99.52,0.4187,-1,-1,-1
190,19,1082.45,442.87,49.56,154.00,0.2759,-1,-1,-1
190,22,940.43,442.86,102.03,309.72,0.7576,-1,-1,-1
190,71,467.47,476.87,38.26,98.83,0.3897,-1,-1,-1
190,81,1006.17,440.17,86.58,267.73,0.4651,-1,-1,-1
190,97,567.01,438.84,67.40,172.85,0.5402,-1,-1,-1
190,102,513.54,454.15,35.49,107.42,0.2455,-1,-1,-1
191,1,798.89,432.55,116.12,371.35,0.7813,-1,-1,-1
191,2,617.30,425.94,185.28,516.87,0.7482,-1,-1,-1
191,15,1154.07,446.07,45.18,102.10,0.4997,-1,-1,-1
191,19,1082.18,441.84,49.80,155.92,0.2233,-1,-1,-1
191,22,945.32,443.53,106.84,310.47,0.7603,-1,-1,-1
191,71,465.30,477.13,37.78,98.24,0.3553,-1,-1,-1
191,81,1007.45,436.72,87.21,273.19,0.3265,-1,-1,-1
191,97,566.85,446.61,64.60,168.60,0.5801,-1,-1,-1
191,102,513.47,453.64,35.22,106.53,0.2043,-1,-1,-1
192,1,799.70,429.23,117.49,380.12,0.7872,-1,-1,-1
192,2,620.84,426.41,185.14,526.07,0.7261,-1,-1,-1
192,15,1152.56,447.09,45.94,101.80,0.4782,-1,-1,-1
192,19,1084.10,441.97,49.09,156.39,0.2346,-1,-1,-1
192,22,946.51,449.14,107.91,304.16,0.7593,-1,-1,-1
192,71,464.47,476.94,37.35,97.46,0.3430,-1,-1,-1
192,81,1009.22,435.87,88.24,277.62,0.2938,-1,-1,-1
192,97,567.64,443.45,65.49,171.66,0.5892,-1,-1,-1
193,1,801.39,426.11,115.74,380.87,0.7858,-1,-1,-1
193,2,625.66,427.08,179.22,527.55,0.7649,-1,-1,-1
193,15,1150.24,442.98,48.08,105.91,0.4476,-1,-1,-1
193,22,946.20,442.87,111.91,311.15,0.7560,-1,-1,-1
193,71,464.22,477.60,37.67,97.75,0.3081,-1,-1,-1
193,81,1017.50,437.53,86.20,264.88,0.5388,-1,-1,-1
193,97,568.95,442.86,64.88,172.27,0.6286,-1,-1,-1
193,102,512.93,445.09,37.64,114.49,0.2454,-1,-1,-1
194,1,805.13,424.82,117.55,383.73,0.7888,-1,-1,-1
194,2,631.43,425.47,182.37,538.85,0.7598,-1,-1,-1
194,15,1148.11,447.30,45.96,101.21,0.3701,-1,-1,-1
194,22,945.44,443.48,110.60,310.63,0.7482,-1,-1,-1
194,71,460.78,476.01,38.26,99.94,0.3317,-1,-1,-1
194,81,1017.96,434.12,91.88,276.49,0.6466,-1,-1,-1
194,97,569.40,442.56,64.67,173.99,0.6697,-1,-1,-1
194,102,514.70,444.75,37.28,114.73,0.2165,-1,-1,-1
195,1,807.99,424.14,120.80,382.61,0.7892,-1,-1,-1
195,2,635.00,422.44,181.29,540.82,0.7844,-1,-1,-1
195,15,1145.24,444.77,46.12,103.51,0.4054,-1,-1,-1
195,22,947.33,448.19,112.15,308.62,0.7594,-1,-1,-1
195,71,461.24,474.04,39.63,100.95,0.2971,-1,-1,-1
195,81,1021.78,433.22,93.61,278.45,0.6926,-1,-1,-1
195,97,569.33,441.63,64.75,174.80,0.6821,-1,-1,-1
195,102,512.13,440.64,38.92,120.28,0.3772,-1,-1,-1
196,1,811.44,426.47,127.53,379.78,0.8252,-1,-1,-1
196,2,641.36,424.37,176.55,536.42,0.8010,-1,-1,-1
196,15,1144.20,441.19,46.83,106.78,0.4139,-1,-1,-1
196,22,947.84,449.20,112.90,308.10,0.7276,-1,-1,-1
196,71,458.89,473.23,40.86,102.04,0.3466,-1,-1,-1
196,81,1026.37,432.29,94.82,280.29,0.6812,-1,-1,-1
196,97,570.09,442.85,64.66,173.82,0.6701,-1,-1,-1
196,102,512.37,439.60,39.28,121.75,0.4384,-1,-1,-1
197,1,816.13,427.99,136.17,378.72,0.8145,-1,-1,-1
197,2,641.60,421.91,173.52,551.23,0.8226,-1,-1,-1
197,15,1144.54,443.49,45.42,104.35,0.3621,-1,-1,-1
197,22,950.46,447.13,112.61,310.13,0.7515,-1,-1,-1
197,50,1826.77,465.67,70.07,185.31,0.2480,-1,-1,-1
197,71,456.87,471.24,41.94,104.02,0.3352,-1,-1,-1
197,81,1030.42,431.63,95.27,281.56,0.4672,-1,-1,-1
197,97,570.16,441.15,65.46,174.56,0.6701,-1,-1,-1
197,102,512.58,439.54,39.11,121.49,0.4483,-1,-1,-1
198,1,818.53,433.15,142.44,374.21,0.8300,-1,-1,-1
198,2,647.60,423.13,167.57,540.56,0.8328,-1,-1,-1
198,15,1144.71,441.27,45.82,106.57,0.3869,-1,-1,-1
198,22,955.90,447.35,109.92,311.39,0.7685,-1,-1,-1
198,50,1826.40,464.21,69.52,186.26,0.2304,-1,-1,-1
198,71,456.87,471.44,41.09,103.43,0.3185,-1,-1,-1
198,81,1035.58,433.50,93.96,280.23,0.6462,-1,-1,-1
198,97,570.86,442.00,65.67,174.17,0.6822,-1,-1,-1
198,102,514.61,443.21,38.10,118.98,0.3382,-1,-1,-1
199,1,820.49,433.63,150.54,374.95,0.8462,-1,-1,-1
199,2,649.28,423.69,169.91,538.41,0.8391,-1,-1,-1
199,15,1142.98,443.49,44.50,105.10,0.3757,-1,-1,-1
199,22,963.43,447.93,108.15,313.01,0.7579,-1,-1,-1
199,71,456.04,472.08,40.69,103.26,0.2785,-1,-1,-1
199,81,1040.06,437.24,93.32,279.14,0.6358,-1,-1,-1
199,97,571.84,444.08,64.46,171.38,0.6885,-1,-1,-1
199,102,514.73,446.66,37.21,115.98,0.3016,-1,-1,-1
200,1,819.64,435.98,154.22,374.05,0.8426,-1,-1,-1
200,2,651.97,422.49,171.72,539.69,0.8591,-1,-1,-1
200,15,1141.65,442.41,43.93,106.56,0.3230,-1,-1,-1
200,22,968.87,448.73,106.31,311.59,0.7219,-1,-1,-1
200,71,455.17,469.16,39.20,100.47,0.2894,-1,-1,-1
200,81,1041.75,434.15,94.81,284.74,0.6057,-1,-1,-1
200,94,1664.68,434.48,122.36,201.95,0.2071,-1,-1,-1
200,97,572.31,446.61,64.10,169.97,0.6769,-1,-1,-1
200,102,512.64,444.40,37.79,117.47,0.3385,-1,-1,-1
201,1,821.60,437.62,155.56,373.34,0.8389,-1,-1,-1
201,2,658.62,423.18,172.46,537.56,0.8445,-1,-1,-1
201,15,1139.40,440.57,43.73,108.67,0.3228,-1,-1,-1
201,22,974.41,451.62,101.58,309.20,0.7077,-1,-1,-1
201,71,453.01,467.83,40.85,105.92,0.2766,-1,-1,-1
201,81,1046.20,435.85,95.00,287.99,0.6135,-1,-1,-1
201,97,573.71,444.54,63.82,169.60,0.6632,-1,-1,-1
201,102,511.02,440.79,38.99,120.90,0.2783,-1,-1,-1
202,1,821.74,437.69,155.11,375.03,0.8450,-1,-1,-1
202,2,659.23,421.37,176.81,542.17,0.8548,-1,-1,-1
202,15,1138.14,438.60,42.87,109.66,0.3481,-1,-1,-1
202,22,982.49,449.33,97.42,313.18,0.7740,-1,-1,-1
202,71,452.79,471.66,38.43,100.36,0.2488,-1,-1,-1
202,81,1050.79,436.32,93.83,282.04,0.6830,-1,-1,-1
202,97,574.47,447.05,63.95,167.35,0.6782,-1,-1,-1
202,102,511.64,438.90,39.28,122.28,0.2162,-1,-1,-1
202,105,660.13,466.43,31.12,71.88,0.2112,-1,-1,-1
203,1,822.62,437.71,153.23,375.96,0.8434,-1,-1,-1
203,2,666.51,426.27,177.27,548.85,0.8228,-1,-1,-1
203,15,1138.49,437.19,41.96,110.32,0.2445,-1,-1,-1
203,22,986.83,449.42,96.10,314.24,0.7718,-1,-1,-1
203,71,452.84,473.94,38.71,99.77,0.2245,-1,-1,-1
203,81,1054.19,434.47,94.38,282.89,0.6935,-1,-1,-1
203,97,574.68,443.73,66.22,171.06,0.7086,-1,-1,-1
203,102,509.82,439.31,39.72,122.84,0.3393,-1,-1,-1
204,1,823.67,437.16,151.97,376.10,0.8423,-1,-1,-1
204,2,663.18,423.95,180.95,558.46,0.8435,-1,-1,-1
204,22,990.32,449.24,95.28,316.47,0.7722,-1,-1,-1
204,50,1824.46,468.57,66.75,181.62,0.2674,-1,-1,-1
204,71,452.77,473.17,39.90,101.85,0.2984,-1,-1,-1
204,81,1058.55,434.70,92.57,283.01,0.6989,-1,-1,-1
204,97,577.11,449.69,64.47,165.61,0.7258,-1,-1,-1
204,106,1187.45,442.85,34.82,105.58,0.2176,-1,-1,-1
205,1,824.55,433.66,152.08,379.32,0.8316,-1,-1,-1
205,2,666.95,424.04,179.87,568.22,0.8479,-1,-1,-1
205,22,994.02,447.44,94.96,317.23,0.7864,-1,-1,-1
205,71,452.22,474.22,40.09,101.14,0.3193,-1,-1,-1
205,81,1062.59,439.46,89.54,276.68,0.7152,-1,-1,-1
205,94,1682.79,435.21,96.85,156.84,0.2147,-1,-1,-1
205,97,575.43,446.44,66.12,169.97,0.7469,-1,-1,-1
205,102,509.89,442.60,38.78,119.67,0.2065,-1,-1,-1
206,1,829.48,435.51,149.85,377.08,0.8325,-1,-1,-1
206,2,671.98,422.86,176.91,570.27,0.8388,-1,-1,-1
206,22,999.16,447.58,94.22,317.37,0.7752,-1,-1,-1
206,50,1828.40,467.24,65.98,179.20,0.2189,-1,-1,-1
206,71,452.35,475.13,39.32,98.13,0.2302,-1,-1,-1
206,81,1064.08,436.45,89.98,281.86,0.6802,-1,-1,-1
206,97,575.95,446.93,66.51,170.51,0.7255,-1,-1,-1
206,102,510.37,441.51,39.20,120.98,0.2851,-1,-1,-1
206,106,1190.07,453.33,32.81,97.04,0.3292,-1,-1,-1
207,1,830.73,435.52,149.36,376.70,0.8277,-1,-1,-1
207,2,674.58,419.52,175.78,573.83,0.8416,-1,-1,-1
207,22,1006.59,448.86,93.75,313.83,0.7192,-1,-1,-1
207,71,451.16,473.01,38.98,97.17,0.2644,-1,-1,-1
207,81,1069.39,435.09,88.12,285.16,0.6520,-1,-1,-1
207,97,580.35,455.48,63.21,161.50,0.7391,-1,-1,-1
207,102,511.45,447.87,37.26,113.64,0.2334,-1,-1,-1
207,106,1190.49,451.21,34.39,99.32,0.3588,-1,-1,-1
208,1,832.35,434.55,149.33,379.81,0.8236,-1,-1,-1
208,2,678.20,420.30,173.92,572.29,0.8346,-1,-1,-1
208,22,1008.92,450.81,92.64,310.27,0.6928,-1,-1,-1
208,71,448.40,470.50,40.78,101.91,0.2034,-1,-1,-1
208,81,1069.86,433.53,90.09,302.38,0.5922,-1,-1,-1
208,97,581.27,454.76,63.48,162.69,0.7305,-1,-1,-1
208,102,511.27,445.27,38.47,116.22,0.3968,-1,-1,-1
208,106,1189.58,448.25,36.07,102.41,0.4098,-1,-1,-1
209,1,834.82,434.44,148.03,380.61,0.8075,-1,-1,-1
209,2,682.21,415.63,173.68,577.73,0.8193,-1,-1,-1
209,22,1026.90,445.57,102.14,317.12,0.5993,-1,-1,-1
209,81,1080.16,433.59,83.28,284.14,0.6136,-1,-1,-1
209,97,583.72,457.47,63.74,159.98,0.7433,-1,-1,-1
209,102,511.54,444.16,39.23,117.61,0.4144,-1,-1,-1
209,106,1190.51,448.82,36.94,102.87,0.4842,-1,-1,-1
210,1,839.86,427.70,149.30,386.26,0.8139,-1,-1,-1
210,2,685.29,415.58,173.00,577.50,0.7953,-1,-1,-1
210,22,1027.93,443.69,128.13,319.53,0.8152,-1,-1,-1
210,50,1829.92,471.30,65.65,176.05,0.2342,-1,-1,-1
210,97,585.82,457.11,64.68,159.74,0.7272,-1,-1,-1
210,102,511.28,442.51,39.64,118.43,0.4126,-1,-1,-1
210,106,1190.81,445.92,38.44,106.28,0.4825,-1,-1,-1
211,1,847.22,430.46,149.19,386.08,0.7886,-1,-1,-1
211,2,685.87,420.26,173.41,573.72,0.8112,-1,-1,-1
211,22,1027.44,443.45,140.39,319.97,0.8007,-1,-1,-1
211,50,1830.02,471.77,65.85,175.27,0.2314,-1,-1,-1
211,97,586.17,451.58,68.22,165.14,0.7423,-1,-1,-1
211,102,510.78,441.32,40.06,119.76,0.4344,-1,-1,-1
211,106,1191.92,445.36,38.76,107.33,0.4640,-1,-1,-1
212,1,852.39,430.85,148.14,385.69,0.7878,-1,-1,-1
212,2,687.23,415.65,174.09,577.98,0.8253,-1,-1,-1
212,22,1026.84,445.38,148.63,319.25,0.7905,-1,-1,-1
212,81,1098.91,429.87,75.33,253.77,0.3555,-1,-1,-1
212,97,587.68,450.92,68.01,164.96,0.7129,-1,-1,-1
212,102,511.16,440.28,40.35,120.28,0.4645,-1,-1,-1
212,106,1193.45,447.11,38.13,105.16,0.5083,-1,-1,-1
213,1,860.38,430.80,144.18,386.56,0.8084,-1,-1,-1
213,2,688.51,413.94,175.86,579.10,0.8220,-1,-1,-1
213,22,1024.14,448.20,154.67,318.44,0.8067,-1,-1,-1
213,81,1099.68,433.56,79.88,270.14,0.5038,-1,-1,-1
213,97,588.15,452.27,67.88,164.58,0.7383,-1,-1,-1
213,102,511.12,439.16,40.86,121.37,0.4532,-1,-1,-1
213,106,1194.67,447.25,37.58,103.44,0.3673,-1,-1,-1
214,1,869.31,429.35,140.48,385.13,0.8162,-1,-1,-1
214,2,689.50,413.60,175.76,578.95,0.8243,-1,-1,-1
214,22,1022.33,448.48,158.06,319.13,0.7728,-1,-1,-1
214,71,441.32,474.24,40.59,99.54,0.2506,-1,-1,-1
214,81,1103.78,431.26,81.26,277.93,0.5416,-1,-1,-1
214,97,588.68,450.90,68.37,167.12,0.7260,-1,-1,-1
214,102,511.19,439.05,41.11,120.98,0.4716,-1,-1,-1
214,106,1196.25,445.60,38.15,103.82,0.3776,-1,-1,-1
215,1,875.16,429.08,135.63,387.30,0.8101,-1,-1,-1
215,2,692.87,411.71,176.45,581.98,0.8178,-1,-1,-1
215,22,1020.03,446.68,159.70,321.65,0.8160,-1,-1,-1
215,50,1830.01,470.78,65.17,173.59,0.2366,-1,-1,-1
215,71,440.54,475.55,40.54,98.27,0.2233,-1,-1,-1
215,81,1109.36,426.53,83.05,290.61,0.5558,-1,-1,-1
215,97,591.31,454.90,66.51,162.43,0.6824,-1,-1,-1
215,102,511.00,438.38,41.57,121.47,0.4793,-1,-1,-1
215,106,1197.70,441.60,40.18,109.12,0.3530,-1,-1,-1
216,1,879.16,427.30,131.61,388.96,0.8191,-1,-1,-1
216,2,695.48,415.31,175.70,578.00,0.7933,-1,-1,-1
216,22,1021.96,445.98,163.44,324.22,0.8255,-1,-1,-1
216,81,1115.77,429.85,80.47,289.45,0.4628,-1,-1,-1
216,97,593.39,456.12,67.19,166.21,0.6857,-1,-1,-1
216,102,510.78,438.07,41.81,121.17,0.4926,-1,-1,-1
216,106,1198.90,440.09,41.14,111.76,0.4075,-1,-1,-1
217,1,881.45,428.91,129.55,391.54,0.8152,-1,-1,-1
217,2,696.01,413.53,177.98,579.25,0.7479,-1,-1,-1
217,22,1023.79,446.55,163.19,322.85,0.7896,-1,-1,-1
217,71,434.60,476.91,41.80,96.61,0.2389,-1,-1,-1
217,81,1127.83,431.02,61.22,216.60,0.3340,-1,-1,-1
217,97,594.80,457.58,66.56,165.56,0.7145,-1,-1,-1
217,102,510.46,438.16,41.99,120.82,0.4861,-1,-1,-1
217,106,1199.60,437.56,42.04,114.08,0.4761,-1,-1,-1
218,1,885.37,427.25,128.78,396.94,0.8202,-1,-1,-1
218,2,700.38,410.65,181.44,583.15,0.7671,-1,-1,-1
218,22,1026.13,441.01,164.10,329.03,0.7870,-1,-1,-1
218,71,431.20,476.15,43.80,96.70,0.2297,-1,-1,-1
218,81,1135.81,434.61,54.78,193.08,0.2392,-1,-1,-1
218,97,597.34,457.83,65.83,165.10,0.6982,-1,-1,-1
218,102,509.57,439.31,41.84,120.01,0.5038,-1,-1,-1
218,106,1202.26,440.86,41.38,111.08,0.4354,-1,-1,-1
219,1,888.87,425.55,129.34,401.92,0.8411,-1,-1,-1
219,2,703.90,411.33,183.17,582.07,0.7602,-1,-1,-1
219,22,1033.13,437.13,159.55,332.31,0.7945,-1,-1,-1
219,71,428.33,470.92,47.73,102.38,0.2632,-1,-1,-1
219,81,1132.86,428.48,78.97,283.83,0.2696,-1,-1,-1
219,97,595.45,461.04,65.92,165.34,0.6769,-1,-1,-1
219,102,509.48,439.22,41.96,119.80,0.5114,-1,-1,-1
219,106,1202.75,439.70,41.99,111.95,0.4275,-1,-1,-1
220,1,890.97,426.08,129.44,406.86,0.8422,-1,-1,-1
220,2,714.00,409.81,187.70,582.75,0.8118,-1,-1,-1
220,22,1042.31,439.03,151.89,330.16,0.8068,-1,-1,-1
220,71,432.64,475.17,46.46,100.01,0.2755,-1,-1,-1
220,97,596.50,461.51,65.63,164.85,0.7001,-1,-1,-1
220,102,509.11,438.63,42.34,120.25,0.5422,-1,-1,-1
220,106,1206.86,445.13,39.80,105.90,0.3048,-1,-1,-1
221,1,895.18,424.80,129.59,408.35,0.8386,-1,-1,-1
221,2,721.23,410.82,202.03,583.34,0.8604,-1,-1,-1
221,22,1050.14,438.73,145.43,330.60,0.8092,-1,-1,-1
221,50,1828.92,469.40,64.97,174.00,0.2092,-1,-1,-1
221,71,431.98,473.67,47.07,101.57,0.2237,-1,-1,-1
221,81,1144.79,437.00,78.23,294.51,0.5497,-1,-1,-1
221,97,597.33,460.42,64.05,163.42,0.7230,-1,-1,-1
221,102,509.12,439.39,42.39,120.36,0.5023,-1,-1,-1
222,1,896.46,425.06,130.49,408.94,0.8379,-1,-1,-1
222,2,722.04,410.87,214.41,583.49,0.8614,-1,-1,-1
222,22,1061.87,440.10,135.52,329.42,0.8168,-1,-1,-1
222,50,1829.28,468.43,66.22,176.65,0.2384,-1,-1,-1
222,81,1154.78,433.69,78.97,296.07,0.5986,-1,-1,-1
222,97,599.11,461.02,62.23,163.19,0.7403,-1,-1,-1
222,102,508.85,439.15,42.56,121.01,0.4928,-1,-1,-1
222,110,1038.91,435.77,57.49,147.82,0.2662,-1,-1,-1
223,1,899.28,427.40,130.71,410.81,0.8240,-1,-1,-1
223,2,724.73,406.39,231.62,588.40,0.8502,-1,-1,-1
223,22,1072.96,439.52,126.52,330.92,0.7982,-1,-1,-1
223,71,433.43,473.22,46.67,99.74,0.2101,-1,-1,-1
223,81,1162.56,430.79,79.20,301.71,0.2279,-1,-1,-1
223,97,599.23,458.05,62.68,168.34,0.6914,-1,-1,-1
223,102,508.39,439.62,43.11,121.04,0.4910,-1,-1,-1
223,110,1041.05,437.04,54.76,141.07,0.2724,-1,-1,-1
224,1,899.86,427.91,129.94,412.68,0.8212,-1,-1,-1
224,2,729.89,406.75,246.25,586.27,0.8502,-1,-1,-1
224,22,1089.25,441.42,121.00,333.54,0.7632,-1,-1,-1
224,50,1830.26,466.45,67.29,179.15,0.2421,-1,-1,-1
224,71,432.84,468.42,48.60,103.85,0.2110,-1,-1,-1
224,97,601.82,459.37,60.19,165.06,0.6905,-1,-1,-1
224,102,508.36,440.15,43.66,120.68,0.5185,-1,-1,-1
224,110,1042.15,439.15,56.01,144.97,0.3281,-1,-1,-1
225,1,902.38,428.42,129.90,414.13,0.8180,-1,-1,-1
225,2,732.03,409.93,256.37,585.99,0.8309,-1,-1,-1
225,22,1094.07,439.98,115.11,336.48,0.7244,-1,-1,-1
225,50,1830.89,468.75,67.40,178.27,0.2086,-1,-1,-1
225,71,429.98,472.19,48.01,102.95,0.2737,-1,-1,-1
225,81,1162.75,426.96,79.13,310.52,0.3152,-1,-1,-1
225,97,602.75,460.91,60.38,166.72,0.6750,-1,-1,-1
225,102,508.84,440.18,43.87,120.60,0.4953,-1,-1,-1
225,110,1043.03,441.39,55.41,144.44,0.2193,-1,-1,-1
226,1,905.46,428.81,131.90,415.05,0.8178,-1,-1,-1
226,2,733.55,403.90,271.60,592.28,0.8566,-1,-1,-1
226,22,1100.42,437.17,111.68,341.86,0.6919,-1,-1,-1
226,50,1830.17,469.09,67.54,177.26,0.2126,-1,-1,-1
226,71,429.71,473.59,46.88,101.13,0.2322,-1,-1,-1
226,81,1169.08,431.25,74.49,305.30,0.5215,-1,-1,-1
226,97,603.36,462.27,59.83,167.39,0.6738,-1,-1,-1
226,102,508.22,439.74,44.34,121.01,0.5070,-1,-1,-1
227,1,907.30,428.40,134.33,416.31,0.8113,-1,-1,-1
227,2,734.49,405.10,282.41,589.64,0.8732,-1,-1,-1
227,22,1109.68,438.37,107.74,342.63,0.7436,-1,-1,-1
227,50,1828.34,470.10,66.92,174.06,0.2001,-1,-1,-1
227,71,428.54,476.77,45.15,97.09,0.2399,-1,-1,-1
227,81,1175.76,428.33,74.12,310.44,0.5511,-1,-1,-1
227,97,605.11,459.11,58.90,168.34,0.6644,-1,-1,-1
227,102,507.35,438.60,44.94,122.16,0.4668,-1,-1,-1
228,1,907.99,425.25,136.66,418.60,0.7918,-1,-1,-1
228,2,737.34,408.13,286.50,586.83,0.8740,-1,-1,-1
228,22,1113.68,438.90,107.27,350.26,0.7538,-1,-1,-1
228,71,426.49,478.12,45.48,97.89,0.2775,-1,-1,-1
228,81,1182.91,428.95,72.92,307.94,0.4416,-1,-1,-1
228,97,606.01,460.61,57.23,166.60,0.6634,-1,-1,-1
228,102,506.48,439.00,45.19,122.27,0.4947,-1,-1,-1
229,1,907.47,426.67,137.69,417.67,0.7790,-1,-1,-1
229,2,741.72,408.61,291.43,586.98,0.8633,-1,-1,-1
229,22,1115.66,441.62,105.30,347.69,0.7591,-1,-1,-1
229,71,424.80,477.61,46.15,100.42,0.3821,-1,-1,-1
229,81,1198.91,420.17,56.54,203.51,0.5812,-1,-1,-1
229,97,606.72,456.12,59.12,175.31,0.6667,-1,-1,-1
229,102,506.83,438.68,45.53,122.86,0.4472,-1,-1,-1
229,114,1876.91,388.32,42.80,243.42,0.2633,-1,-1,-1
230,1,909.77,425.82,140.10,416.84,0.7787,-1,-1,-1
230,2,746.00,412.15,289.58,582.60,0.8321,-1,-1,-1
230,22,1120.43,442.72,107.12,348.50,0.7168,-1,-1,-1
230,71,425.79,478.33,45.87,99.47,0.4626,-1,-1,-1
230,81,1202.13,417.86,57.96,191.76,0.5678,-1,-1,-1
230,97,610.12,457.56,58.50,175.15,0.6641,-1,-1,-1
230,102,506.78,440.29,44.85,120.86,0.4376,-1,-1,-1
231,1,909.65,425.42,138.50,416.81,0.7764,-1,-1,-1
231,2,750.23,411.40,287.50,585.41,0.8498,-1,-1,-1
231,22,1131.12,440.05,116.46,350.50,0.7973,-1,-1,-1
231,71,425.12,477.39,46.16,100.70,0.4684,-1,-1,-1
231,81,1205.49,418.32,59.99,187.71,0.5553,-1,-1,-1
231,97,611.75,462.98,57.54,168.56,0.6846,-1,-1,-1
231,102,507.54,439.92,44.81,121.26,0.4875,-1,-1,-1
232,1,911.16,425.00,136.07,419.13,0.7990,-1,-1,-1
232,2,758.26,409.65,283.29,586.54,0.8219,-1,-1,-1
232,22,1136.97,440.22,122.58,351.09,0.7951,-1,-1,-1
232,71,425.66,477.72,45.94,100.12,0.4858,-1,-1,-1
232,81,1208.85,418.40,60.44,184.00,0.4756,-1,-1,-1
232,97,611.30,455.30,60.14,175.74,0.6764,-1,-1,-1
232,102,507.64,440.70,44.38,120.76,0.5419,-1,-1,-1
233,1,916.71,424.86,133.88,422.74,0.7580,-1,-1,-1
233,2,764.95,412.25,277.76,584.40,0.8234,-1,-1,-1
233,22,1135.40,442.90,128.08,350.81,0.8316,-1,-1,-1
233,71,424.81,477.79,45.05,99.31,0.4406,-1,-1,-1
233,81,1213.05,425.65,59.62,177.85,0.3829,-1,-1,-1
233,97,612.21,453.71,61.45,177.19,0.6711,-1,-1,-1
233,102,507.68,440.51,43.70,120.55,0.5223,-1,-1,-1
233,117,737.97,430.54,114.70,195.86,0.2858,-1,-1,-1
234,1,920.16,424.56,131.97,425.73,0.7377,-1,-1,-1
234,2,773.65,417.40,272.19,580.35,0.7897,-1,-1,-1
234,22,1134.21,445.10,131.32,352.94,0.8436,-1,-1,-1
234,71,423.54,476.79,44.61,99.95,0.4593,-1,-1,-1
234,81,1216.03,424.03,61.40,180.89,0.3032,-1,-1,-1
234,97,614.33,456.66,60.93,172.07,0.6641,-1,-1,-1
234,102,507.80,440.22,43.45,120.84,0.5272,-1,-1,-1
234,117,743.13,431.81,112.06,193.32,0.3089,-1,-1,-1
235,1,921.26,423.74,131.87,432.40,0.6978,-1,-1,-1
235,2,784.13,418.75,263.24,578.31,0.8166,-1,-1,-1
235,22,1134.31,445.00,134.60,356.25,0.8149,-1,-1,-1
235,71,423.31,476.59,43.50,99.08,0.4737,-1,-1,-1
235,81,1219.47,428.96,61.29,176.77,0.4326,-1,-1,-1
235,97,615.63,454.40,61.53,175.85,0.6713,-1,-1,-1
235,102,507.65,440.58,42.78,120.42,0.5102,-1,-1,-1
235,117,747.45,433.79,111.95,194.35,0.2197,-1,-1,-1
236,1,928.63,423.27,126.78,429.22,0.6907,-1,-1,-1
236,2,785.38,410.66,261.10,586.66,0.8125,-1,-1,-1
236,22,1134.44,444.15,136.69,358.39,0.8209,-1,-1,-1
236,71,422.81,474.75,43.08,100.31,0.4677,-1,-1,-1
236,81,1223.34,430.53,62.42,177.68,0.4839,-1,-1,-1
236,97,619.07,457.26,59.20,173.13,0.6884,-1,-1,-1
236,102,507.37,440.26,42.31,120.31,0.4780,-1,-1,-1
236,119,737.76,431.28,154.59,433.70,0.5302,-1,-1,-1
237,1,936.24,423.11,122.89,419.49,0.5452,-1,-1,-1
237,2,788.65,416.65,254.78,580.98,0.8147,-1,-1,-1
237,22,1136.65,441.78,138.19,361.27,0.8085,-1,-1,-1
237,71,422.37,472.40,42.87,100.69,0.2571,-1,-1,-1
237,81,1230.71,429.81,63.66,181.16,0.4660,-1,-1,-1
237,97,619.91,454.84,58.79,175.34,0.6499,-1,-1,-1
237,102,508.28,440.01,41.71,119.45,0.4445,-1,-1,-1
237,119,745.46,433.19,149.37,430.62,0.5870,-1,-1,-1
238,1,942.25,421.78,118.98,407.29,0.5794,-1,-1,-1
238,2,787.10,409.92,255.53,587.42,0.8136,-1,-1,-1
238,22,1139.15,437.15,138.92,366.18,0.7699,-1,-1,-1
238,71,422.57,473.16,42.32,100.20,0.2825,-1,-1,-1
238,81,1236.69,429.33,65.84,182.49,0.4721,-1,-1,-1
238,97,621.43,459.25,56.49,175.04,0.6747,-1,-1,-1
238,102,509.05,441.50,40.62,116.68,0.3341,-1,-1,-1
238,119,748.38,436.64,146.16,428.64,0.4338,-1,-1,-1
238,120,1067.75,440.52,61.57,148.90,0.2078,-1,-1,-1
239,1,951.87,423.27,108.17,366.65,0.4359,-1,-1,-1
239,2,789.50,407.65,252.51,590.56,0.8386,-1,-1,-1
239,22,1144.67,437.52,135.99,366.76,0.7496,-1,-1,-1
239,71,422.38,474.75,41.28,98.51,0.2397,-1,-1,-1
239,81,1226.36,433.09,100.83,295.30,0.4480,-1,-1,-1
239,97,624.74,461.05,55.29,173.64,0.6684,-1,-1,-1
239,102,509.06,441.62,40.45,116.57,0.3981,-1,-1,-1
239,119,723.51,438.68,148.47,427.64,0.5458,-1,-1,-1
239,121,1118.24,443.47,33.91,101.91,0.2054,-1,-1,-1
240,1,952.57,424.94,119.85,412.46,0.6240,-1,-1,-1
240,2,794.31,411.94,247.58,586.74,0.8480,-1,-1,-1
240,22,1154.01,437.44,132.14,371.22,0.7143,-1,-1,-1
240,81,1229.67,432.15,100.91,320.98,0.5407,-1,-1,-1
240,97,626.26,460.71,54.26,172.39,0.5954,-1,-1,-1
240,102,508.71,441.26,40.63,117.49,0.4040,-1,-1,-1
240,114,1875.98,387.74,44.41,255.38,0.2346,-1,-1,-1
240,119,722.06,438.07,153.03,430.42,0.6310,-1,-1,-1
240,120,1065.40,442.69,62.42,152.12,0.2169,-1,-1,-1
241,1,956.27,425.53,117.53,416.97,0.6740,-1,-1,-1
241,2,806.17,416.26,240.41,583.69,0.8196,-1,-1,-1
241,22,1164.70,438.10,124.89,370.65,0.7354,-1,-1,-1
241,81,1236.88,430.30,94.71,327.06,0.5438,-1,-1,-1
241,97,629.26,457.31,55.36,174.72,0.5834,-1,-1,-1
241,102,508.62,441.87,40.35,116.95,0.4083,-1,-1,-1
241,119,725.03,437.27,154.75,429.43,0.6225,-1,-1,-1
241,120,1066.55,448.43,59.41,145.98,0.2554,-1,-1,-1
241,121,1119.68,445.81,33.62,100.78,0.2013,-1,-1,-1
242,1,957.37,425.86,116.12,412.61,0.5606,-1,-1,-1
242,2,817.39,423.54,229.30,579.79,0.8240,-1,-1,-1
242,22,1175.69,437.47,120.44,366.83,0.6818,-1,-1,-1
242,81,1239.91,429.41,95.10,339.32,0.2629,-1,-1,-1
242,97,629.99,459.27,54.98,170.85,0.5867,-1,-1,-1
242,102,508.50,444.24,39.68,114.90,0.3896,-1,-1,-1
242,119,745.02,437.29,149.02,434.46,0.6463,-1,-1,-1
242,120,1067.74,448.95,58.26,143.44,0.2413,-1,-1,-1
243,1,967.60,427.47,112.58,408.96,0.4631,-1,-1,-1
243,2,821.48,403.37,228.59,601.71,0.8007,-1,-1,-1
243,22,1183.52,435.50,118.11,368.14,0.6389,-1,-1,-1
243,97,632.67,461.36,55.43,168.08,0.5670,-1,-1,-1
243,102,508.96,449.13,38.31,109.93,0.3382,-1,-1,-1
243,119,737.64,437.05,149.74,432.74,0.6695,-1,-1,-1
243,120,1068.34,449.38,57.84,142.89,0.2464,-1,-1,-1
243,121,1120.57,446.71,33.88,102.40,0.2026,-1,-1,-1
244,1,972.90,423.24,111.68,416.42,0.4868,-1,-1,-1
244,2,831.41,395.29,222.30,613.37,0.7915,-1,-1,-1
244,22,1197.52,433.39,116.88,369.93,0.7684,-1,-1,-1
244,97,634.89,462.23,57.92,168.84,0.5952,-1,-1,-1
244,102,508.42,447.86,39.09,111.42,0.3742,-1,-1,-1
244,119,735.89,436.09,151.06,432.91,0.6903,-1,-1,-1
244,120,1069.30,449.98,57.46,142.48,0.2628,-1,-1,-1
244,121,1120.82,449.81,32.97,99.74,0.2082,-1,-1,-1
245,1,976.25,420.90,111.05,419.53,0.2528,-1,-1,-1
245,2,840.47,400.64,217.28,615.19,0.7382,-1,-1,-1
245,22,1204.53,431.76,117.50,372.26,0.7983,-1,-1,-1
245,97,634.46,462.99,59.57,168.69,0.5915,-1,-1,-1
245,102,507.95,446.72,39.66,112.12,0.3848,-1,-1,-1
245,114,1878.15,394.20,42.12,244.85,0.2038,-1,-1,-1
245,119,737.68,437.56,153.13,434.59,0.6435,-1,-1,-1
245,120,1068.86,450.75,57.01,141.63,0.2624,-1,-1,-1
245,124,680.26,459.44,53.61,138.61,0.2106,-1,-1,-1
246,1,981.33,422.75,110.85,421.12,0.2652,-1,-1,-1
246,2,850.25,412.15,209.93,615.38,0.7832,-1,-1,-1
246,22,1206.83,431.44,115.54,370.76,0.7652,-1,-1,-1
246,50,1829.61,463.09,70.39,183.59,0.2001,-1,-1,-1
246,97,634.23,461.24,60.79,169.54,0.5923,-1,-1,-1
246,102,507.57,442.30,41.24,116.74,0.3772,-1,-1,-1
246,114,1878.42,394.34,41.75,244.89,0.2031,-1,-1,-1
246,119,740.03,439.22,154.96,433.82,0.5698,-1,-1,-1
246,120,1069.86,449.43,57.74,144.43,0.3268,-1,-1,-1
246,121,1122.16,452.88,31.79,96.86,0.2059,-1,-1,-1
246,124,680.71,459.31,53.80,140.33,0.2727,-1,-1,-1
247,1,989.26,427.71,110.50,419.41,0.2769,-1,-1,-1
247,2,860.28,420.95,202.15,614.02,0.7729,-1,-1,-1
247,22,1212.98,430.68,116.73,369.59,0.7320,-1,-1,-1
247,97,634.89,458.42,63.19,173.16,0.5075,-1,-1,-1
247,102,505.85,441.39,42.12,117.84,0.4357,-1,-1,-1
247,114,1877.84,391.20,41.63,244.35,0.2572,-1,-1,-1
247,119,760.41,436.65,153.19,439.84,0.5569,-1,-1,-1
247,120,1069.10,447.55,58.39,148.18,0.2383,-1,-1,-1
247,124,680.40,457.69,54.04,141.87,0.2845,-1,-1,-1
247,125,1282.02,427.96,57.58,202.10,0.2143,-1,-1,-1
248,1,997.54,439.45,109.71,410.35,0.2499,-1,-1,-1
248,2,871.17,420.18,198.76,619.29,0.7379,-1,-1,-1
248,22,1220.23,431.48,125.60,371.12,0.8024,-1,-1,-1
248,97,636.72,460.96,61.71,171.21,0.5894,-1,-1,-1
248,102,505.00,440.43,42.85,118.79,0.3943,-1,-1,-1
248,114,1877.27,390.34,42.41,250.11,0.2778,-1,-1,-1
248,119,764.63,434.40,150.78,443.00,0.5747,-1,-1,-1
248,120,1072.15,439.87,61.09,153.08,0.3615,-1,-1,-1
248,124,683.94,460.23,52.22,139.37,0.2321,-1,-1,-1
249,1,997.17,434.20,111.33,415.26,0.2453,-1,-1,-1
249,2,878.71,422.86,194.80,620.69,0.7133,-1,-1,-1
249,22,1227.98,431.36,132.32,371.57,0.6993,-1,-1,-1
249,71,415.63,474.62,41.34,98.51,0.2168,-1,-1,-1
249,97,635.92,453.35,64.01,179.70,0.5774,-1,-1,-1
249,102,505.90,442.92,42.45,116.65,0.4016,-1,-1,-1
249,119,776.66,431.09,147.74,446.49,0.7505,-1,-1,-1
249,120,1069.73,441.38,61.02,153.29,0.2689,-1,-1,-1
249,124,685.17,458.89,51.98,141.46,0.2118,-1,-1,-1
249,126,460.02,447.84,43.52,110.62,0.2049,-1,-1,-1
250,1,996.37,431.06,113.06,418.68,0.2053,-1,-1,-1
250,2,899.71,423.14,201.83,615.54,0.7204,-1,-1,-1
250,22,1232.77,432.34,146.05,372.30,0.7418,-1,-1,-1
250,97,642.81,450.11,65.49,183.62,0.6447,-1,-1,-1
250,102,507.51,444.12,41.99,115.43,0.3396,-1,-1,-1
250,119,779.34,427.64,148.48,450.19,0.7529,-1,-1,-1
250,120,1085.45,437.08,61.17,156.16,0.3144,-1,-1,-1
251,2,904.61,409.84,211.73,634.04,0.7894,-1,-1,-1
251,22,1226.00,430.03,173.04,374.85,0.8487,-1,-1,-1
251,97,648.62,449.76,65.72,182.08,0.6700,-1,-1,-1
251,102,508.06,445.62,41.78,114.40,0.3449,-1,-1,-1
251,119,782.08,428.74,145.52,449.50,0.7635,-1,-1,-1
251,120,1089.93,438.33,59.87,153.06,0.2400,-1,-1,-1
251,130,602.47,463.14,21.57,55.42,0.2068,-1,-1,-1
252,2,910.38,403.33,215.39,636.25,0.8474,-1,-1,-1
252,22,1223.87,427.13,187.83,378.92,0.8414,-1,-1,-1
252,71,411.62,472.41,42.56,99.88,0.3845,-1,-1,-1
252,97,650.20,447.86,66.72,183.89,0.7185,-1,-1,-1
252,102,507.86,443.49,42.82,116.86,0.3642,-1,-1,-1
252,119,783.75,429.64,144.96,450.04,0.7428,-1,-1,-1
252,120,1095.82,438.48,52.42,135.48,0.2195,-1,-1,-1
252,131,1858.72,527.17,49.61,253.43,0.4945,-1,-1,-1
253,2,916.36,404.33,213.24,636.26,0.8429,-1,-1,-1
253,22,1221.71,427.34,196.49,380.15,0.8539,-1,-1,-1
253,71,411.11,471.19,43.32,100.68,0.3768,-1,-1,-1
253,97,651.51,446.87,66.81,185.48,0.6938,-1,-1,-1
253,102,508.48,444.02,42.86,116.80,0.3318,-1,-1,-1
253,119,786.81,432.25,141.08,444.77,0.7412,-1,-1,-1
253,120,1098.29,440.90,47.62,124.24,0.2823,-1,-1,-1
253,126,464.82,455.15,40.78,103.01,0.2086,-1,-1,-1
253,131,1853.46,482.52,60.23,296.03,0.5930,-1,-1,-1
254,2,919.33,409.28,208.05,631.23,0.8355,-1,-1,-1
254,22,1217.98,424.15,200.45,385.39,0.8595,-1,-1,-1
254,71,410.00,468.36,43.84,103.71,0.3536,-1,-1,-1
254,97,654.13,448.29,64.99,183.72,0.7196,-1,-1,-1
254,102,508.91,446.16,42.28,114.96,0.3833,-1,-1,-1
254,119,786.28,433.18,140.36,444.25,0.7462,-1,-1,-1
254,120,1097.38,442.03,53.12,141.64,0.2917,-1,-1,-1
254,126,465.42,457.88,40.01,100.32,0.2098,-1,-1,-1
254,131,1841.49,402.60,76.88,377.45,0.5196,-1,-1,-1
254,134,730.71,484.91,46.22,112.48,0.3836,-1,-1,-1
255,2,920.06,405.16,201.85,637.61,0.8328,-1,-1,-1
255,22,1220.09,427.59,204.64,384.23,0.8621,-1,-1,-1
255,71,409.25,470.49,42.93,102.88,0.3801,-1,-1,-1
255,97,656.56,449.34,64.64,183.33,0.6826,-1,-1,-1
255,102,510.64,446.18,41.83,114.66,0.3656,-1,-1,-1
255,119,796.60,430.82,139.08,446.07,0.7032,-1,-1,-1
255,120,1102.97,438.68,46.71,123.16,0.3306,-1,-1,-1
255,126,467.31,463.02,38.86,97.56,0.2098,-1,-1,-1
255,131,1821.83,388.47,90.36,391.24,0.7462,-1,-1,-1
255,134,730.71,483.82,46.71,113.80,0.3561,-1,-1,-1
256,2,927.24,408.31,197.91,631.05,0.8421,-1,-1,-1
256,22,1223.69,428.28,206.49,385.61,0.8679,-1,-1,-1
256,71,408.40,474.12,41.83,100.16,0.3763,-1,-1,-1
256,97,659.21,450.36,65.96,183.49,0.7103,-1,-1,-1
256,102,509.94,441.34,43.47,119.98,0.4503,-1,-1,-1
256,119,803.06,432.31,136.38,449.40,0.7444,-1,-1,-1
256,120,1102.61,436.52,46.56,120.87,0.3241,-1,-1,-1
256,126,465.77,462.39,39.61,99.66,0.2165,-1,-1,-1
256,131,1813.06,393.38,99.07,386.63,0.7645,-1,-1,-1
256,134,729.60,483.57,47.01,115.05,0.3395,-1,-1,-1
257,2,927.36,407.77,194.64,633.54,0.8272,-1,-1,-1
257,22,1228.19,428.93,206.36,385.40,0.8663,-1,-1,-1
257,71,407.60,474.52,42.12,100.74,0.3681,-1,-1,-1
257,97,659.88,452.43,67.32,182.42,0.7086,-1,-1,-1
257,102,509.58,440.35,43.52,120.70,0.4334,-1,-1,-1
257,119,805.98,433.65,136.52,460.19,0.7060,-1,-1,-1
257,120,1103.07,435.52,47.00,120.76,0.3593,-1,-1,-1
257,126,464.56,463.25,39.54,99.29,0.2191,-1,-1,-1
257,131,1813.98,393.86,102.82,386.94,0.7880,-1,-1,-1
257,134,729.70,484.11,46.37,113.95,0.3060,-1,-1,-1
258,2,931.26,398.14,192.91,642.59,0.8026,-1,-1,-1
258,22,1237.91,427.56,200.49,385.44,0.8651,-1,-1,-1
258,71,407.30,473.42,41.80,99.41,0.2303,-1,-1,-1
258,97,659.78,448.20,71.15,191.45,0.7454,-1,-1,-1
258,102,510.77,445.59,41.62,114.72,0.2753,-1,-1,-1
258,119,796.73,433.23,141.10,472.30,0.6284,-1,-1,-1
258,120,1103.38,434.16,48.20,121.74,0.3991,-1,-1,-1
258,131,1809.97,396.21,105.04,383.18,0.7381,-1,-1,-1
258,134,731.33,485.74,46.42,114.98,0.2514,-1,-1,-1
259,2,930.58,394.90,190.85,647.26,0.7606,-1,-1,-1
259,22,1245.77,427.35,195.28,385.38,0.8004,-1,-1,-1
259,71,406.80,474.22,41.89,98.90,0.2677,-1,-1,-1
259,97,660.80,450.29,71.00,188.00,0.7307,-1,-1,-1
259,102,509.66,443.27,42.50,116.94,0.2403,-1,-1,-1
259,119,804.42,432.15,138.31,474.01,0.6528,-1,-1,-1
259,120,1103.58,432.58,49.38,123.07,0.4000,-1,-1,-1
259,126,464.14,459.45,40.27,101.85,0.2054,-1,-1,-1
259,131,1791.61,400.15,117.62,376.18,0.7976,-1,-1,-1
259,134,733.18,487.41,45.12,111.78,0.2252,-1,-1,-1
260,2,933.12,395.98,185.59,644.18,0.7713,-1,-1,-1
260,22,1255.36,426.08,189.07,386.82,0.7872,-1,-1,-1
260,71,405.28,472.95,43.37,102.01,0.3154,-1,-1,-1
260,97,662.93,452.19,70.03,185.06,0.7028,-1,-1,-1
260,102,508.88,446.59,41.72,113.64,0.2537,-1,-1,-1
260,114,1878.36,398.08,42.72,258.73,0.2134,-1,-1,-1
260,119,808.14,432.52,137.35,477.66,0.5791,-1,-1,-1
260,120,1104.83,433.47,49.25,120.53,0.2856,-1,-1,-1
260,131,1766.17,401.82,136.25,374.95,0.7756,-1,-1,-1
260,134,734.90,489.58,43.96,109.11,0.2701,-1,-1,-1
260,137,1049.58,461.15,65.04,136.99,0.2810,-1,-1,-1
261,2,936.87,399.98,181.73,641.01,0.7815,-1,-1,-1
261,22,1267.19,426.31,180.96,386.86,0.7394,-1,-1,-1
261,71,404.20,470.73,44.02,102.77,0.2713,-1,-1,-1
261,97,663.19,450.95,71.05,188.73,0.7249,-1,-1,-1
261,102,507.28,444.23,43.09,116.31,0.3154,-1,-1,-1
261,114,1875.97,395.42,43.49,261.96,0.3075,-1,-1,-1
261,119,789.84,441.54,139.82,473.75,0.5593,-1,-1,-1
261,120,1107.47,435.93,48.75,117.46,0.2110,-1,-1,-1
261,126,461.17,451.88,43.38,110.69,0.2223,-1,-1,-1
261,131,1732.01,398.32,165.56,380.27,0.7868,-1,-1,-1
261,134,735.49,492.15,43.46,107.48,0.2654,-1,-1,-1
261,137,1052.16,462.24,63.69,133.51,0.2954,-1,-1,-1
262,2,937.38,396.24,180.02,645.36,0.7996,-1,-1,-1
262,22,1290.81,424.33,165.59,391.41,0.7774,-1,-1,-1
262,71,403.63,470.66,43.34,98.81,0.3281,-1,-1,-1
262,97,663.63,450.59,71.06,189.58,0.6880,-1,-1,-1
262,102,505.95,439.84,44.91,120.63,0.4139,-1,-1,-1
262,114,1866.86,399.55,47.02,259.33,0.2646,-1,-1,-1
262,119,812.45,434.38,137.94,480.44,0.6393,-1,-1,-1
262,120,1107.01,435.43,50.67,119.96,0.3308,-1,-1,-1
262,126,459.29,449.64,44.27,113.22,0.2133,-1,-1,-1
262,131,1703.31,413.20,193.05,366.21,0.8118,-1,-1,-1
262,134,733.47,489.40,45.51,112.01,0.2441,-1,-1,-1
262,137,1048.14,447.02,73.03,154.56,0.2236,-1,-1,-1
263,2,941.66,396.22,178.26,645.22,0.8203,-1,-1,-1
263,22,1306.35,424.50,154.33,391.59,0.7907,-1,-1,-1
263,50,1844.17,419.57,82.38,238.74,0.2313,-1,-1,-1
263,71,403.61,470.64,43.47,96.94,0.3306,-1,-1,-1
263,97,665.15,452.73,70.45,186.30,0.6493,-1,-1,-1
263,102,504.39,438.91,45.75,121.75,0.4045,-1,-1,-1
263,119,816.50,433.81,134.80,481.86,0.6634,-1,-1,-1
263,120,1108.32,437.22,50.41,118.07,0.3363,-1,-1,-1
263,131,1685.15,424.09,216.94,354.24,0.8338,-1,-1,-1
263,134,730.80,487.18,47.20,115.21,0.2525,-1,-1,-1
263,138,1292.48,429.54,49.75,120.99,0.4681,-1,-1,-1
264,2,945.97,399.46,179.12,641.35,0.8215,-1,-1,-1
264,22,1322.92,420.53,143.73,397.51,0.8137,-1,-1,-1
264,71,402.73,468.79,44.43,99.14,0.3457,-1,-1,-1
264,97,667.15,452.64,71.21,186.64,0.6317,-1,-1,-1
264,102,505.21,439.47,45.81,121.07,0.4164,-1,-1,-1
264,114,1858.90,395.51,51.76,261.65,0.2546,-1,-1,-1
264,119,818.25,433.45,131.23,481.65,0.6325,-1,-1,-1
264,120,1110.02,438.68,48.97,113.64,0.2284,-1,-1,-1
264,131,1672.21,425.86,234.70,352.63,0.8500,-1,-1,-1
264,134,730.63,490.40,46.81,112.83,0.2550,-1,-1,-1
264,138,1294.64,432.07,48.20,118.47,0.3474,-1,-1,-1
265,2,947.42,402.09,180.88,639.86,0.8286,-1,-1,-1
265,22,1333.60,421.94,134.64,398.47,0.8056,-1,-1,-1
265,71,402.10,467.98,46.12,102.04,0.3569,-1,-1,-1
265,97,669.93,452.16,71.73,187.02,0.6308,-1,-1,-1
265,102,505.35,438.85,46.25,121.61,0.4094,-1,-1,-1
265,119,820.50,433.06,129.42,483.35,0.5963,-1,-1,-1
265,120,1110.47,437.97,50.78,118.07,0.3257,-1,-1,-1
265,126,457.82,458.94,40.03,101.14,0.2131,-1,-1,-1
265,131,1663.94,427.41,238.51,349.98,0.8360,-1,-1,-1
265,138,1298.25,434.54,46.46,114.14,0.3183,-1,-1,-1
266,2,947.50,402.99,179.04,638.77,0.8176,-1,-1,-1
266,22,1342.52,422.23,130.89,404.82,0.8193,-1,-1,-1
266,71,401.64,467.32,47.68,105.66,0.3041,-1,-1,-1
266,97,674.15,453.91,70.80,184.82,0.5930,-1,-1,-1
266,102,505.61,438.64,46.51,121.85,0.4104,-1,-1,-1
266,119,821.75,431.83,127.66,485.26,0.6313,-1,-1,-1
266,120,1110.85,437.78,51.73,120.26,0.4104,-1,-1,-1
266,126,457.38,457.12,41.46,104.06,0.2044,-1,-1,-1
266,131,1655.40,413.75,239.82,360.83,0.8503,-1,-1,-1
267,2,949.05,402.51,177.72,639.02,0.8105,-1,-1,-1
267,22,1348.33,418.82,129.12,414.50,0.8201,-1,-1,-1
267,50,1830.69,459.21,66.99,193.96,0.2807,-1,-1,-1
267,71,400.68,464.73,49.28,109.02,0.3753,-1,-1,-1
267,97,675.44,454.08,70.38,183.33,0.6218,-1,-1,-1
267,102,505.65,438.90,46.55,121.44,0.4299,-1,-1,-1
267,119,821.99,428.33,126.16,490.78,0.7041,-1,-1,-1
267,120,1113.51,438.43,50.68,119.03,0.3499,-1,-1,-1
267,126,458.10,462.73,39.15,97.52,0.2264,-1,-1,-1
267,131,1653.21,418.49,225.73,347.79,0.8300,-1,-1,-1
268,2,949.04,403.87,175.10,638.27,0.8181,-1,-1,-1
268,22,1357.45,423.91,133.59,408.37,0.8309,-1,-1,-1
268,50,1828.04,468.81,66.57,185.04,0.2289,-1,-1,-1
268,71,398.32,463.52,50.45,110.92,0.3047,-1,-1,-1
268,97,676.72,454.13,69.67,182.87,0.6810,-1,-1,-1
268,102,505.75,437.87,47.13,123.34,0.4164,-1,-1,-1
268,119,824.23,429.71,125.73,488.56,0.5945,-1,-1,-1
268,120,1119.40,446.66,45.73,110.51,0.2918,-1,-1,-1
268,131,1648.95,415.98,207.47,340.44,0.8203,-1,-1,-1
269,2,951.58,403.58,176.51,639.01,0.8197,-1,-1,-1
269,22,1364.89,424.22,150.05,413.09,0.8576,-1,-1,-1
269,50,1827.07,470.84,67.69,182.87,0.2225,-1,-1,-1
269,71,395.73,462.27,50.75,110.43,0.3000,-1,-1,-1
269,97,678.02,453.35,69.00,183.00,0.6683,-1,-1,-1
269,102,505.13,436.25,47.61,124.86,0.4431,-1,-1,-1
269,119,822.63,428.76,126.52,491.60,0.5654,-1,-1,-1
269,120,1119.59,444.50,45.26,111.64,0.3672,-1,-1,-1
269,131,1645.49,417.62,191.15,338.44,0.8101,-1,-1,-1
270,2,951.50,404.56,174.96,638.53,0.8080,-1,-1,-1
270,22,1368.35,424.24,164.03,414.57,0.8497,-1,-1,-1
270,50,1826.21,469.97,67.07,181.68,0.2627,-1,-1,-1
270,97,680.14,452.23,68.91,186.51,0.6998,-1,-1,-1
270,102,505.35,436.03,47.57,125.10,0.4103,-1,-1,-1
270,119,828.52,426.83,128.88,494.02,0.5995,-1,-1,-1
270,120,1119.12,441.39,45.40,113.25,0.2592,-1,-1,-1
270,131,1640.05,410.57,172.23,343.34,0.8015,-1,-1,-1
270,141,1050.24,430.50,106.76,217.36,0.3154,-1,-1,-1
271,2,952.59,405.21,172.06,638.32,0.7717,-1,-1,-1
271,22,1369.62,423.57,177.82,414.40,0.8316,-1,-1,-1
271,50,1825.63,471.49,65.67,178.87,0.2518,-1,-1,-1
271,71,393.52,459.36,52.82,113.95,0.2412,-1,-1,-1
271,97,682.95,448.18,69.90,192.71,0.6160,-1,-1,-1
271,102,507.01,437.37,47.01,123.63,0.3776,-1,-1,-1
271,119,829.36,426.27,130.99,495.13,0.6076,-1,-1,-1
271,131,1636.46,415.43,150.88,338.38,0.7669,-1,-1,-1
271,134,736.47,479.22,47.83,119.15,0.2386,-1,-1,-1
271,141,1055.45,428.07,105.98,216.81,0.3347,-1,-1,-1
272,2,956.09,403.96,166.59,639.11,0.8078,-1,-1,-1
272,22,1365.36,425.99,190.08,415.09,0.8649,-1,-1,-1
272,50,1827.07,466.55,68.77,184.16,0.2433,-1,-1,-1
272,71,394.99,461.24,53.05,113.29,0.3113,-1,-1,-1
272,97,685.79,445.77,70.56,197.76,0.6513,-1,-1,-1
272,102,508.03,440.34,46.23,120.65,0.3849,-1,-1,-1
272,119,830.39,426.71,131.46,494.05,0.6614,-1,-1,-1
272,126,454.74,455.62,40.78,102.37,0.2155,-1,-1,-1
272,131,1623.12,416.30,137.24,335.68,0.7026,-1,-1,-1
272,134,737.80,476.89,47.04,120.39,0.2287,-1,-1,-1
272,141,1058.61,422.23,106.72,219.48,0.2968,-1,-1,-1
273,2,960.90,403.11,163.37,640.02,0.8123,-1,-1,-1
273,22,1363.76,427.69,197.42,419.56,0.8805,-1,-1,-1
273,50,1827.23,470.44,68.83,182.37,0.2030,-1,-1,-1
273,71,394.24,463.51,51.94,110.12,0.3625,-1,-1,-1
273,97,686.64,443.56,70.83,201.46,0.6531,-1,-1,-1
273,102,509.75,448.45,43.48,112.22,0.2800,-1,-1,-1
273,119,831.15,424.29,132.15,495.70,0.6601,-1,-1,-1
273,126,455.06,459.66,39.32,98.26,0.2246,-1,-1,-1
273,131,1620.32,429.77,119.74,323.50,0.7103,-1,-1,-1
273,134,739.05,473.99,45.67,120.44,0.2764,-1,-1,-1
273,138,1306.46,428.00,50.22,122.61,0.2250,-1,-1,-1
273,141,1067.34,427.77,88.74,180.81,0.2501,-1,-1,-1
274,2,962.19,403.21,160.05,640.19,0.8158,-1,-1,-1
274,22,1365.04,425.49,203.11,428.06,0.8754,-1,-1,-1
274,71,394.78,466.79,50.51,106.36,0.3265,-1,-1,-1
274,97,688.54,449.35,67.61,191.93,0.5838,-1,-1,-1
274,102,509.74,448.07,43.79,112.26,0.2925,-1,-1,-1
274,119,832.69,424.67,132.45,494.71,0.6800,-1,-1,-1
274,126,455.24,459.90,39.21,97.74,0.2106,-1,-1,-1
274,131,1617.51,438.72,107.41,311.89,0.7957,-1,-1,-1
274,134,739.53,471.64,44.92,122.35,0.2988,-1,-1,-1
274,141,1066.02,425.57,105.69,217.18,0.3287,-1,-1,-1
274,143,803.31,473.44,34.07,70.02,0.2049,-1,-1,-1
275,2,963.93,404.72,157.49,639.12,0.7983,-1,-1,-1
275,22,1368.83,424.13,203.22,430.25,0.8780,-1,-1,-1
275,50,1827.58,468.69,69.62,182.21,0.2109,-1,-1,-1
275,71,394.42,465.31,51.87,107.98,0.3167,-1,-1,-1
275,97,693.89,449.27,69.19,193.46,0.5685,-1,-1,-1
275,102,510.51,449.06,43.82,111.66,0.2948,-1,-1,-1
275,119,832.72,422.62,133.25,495.95,0.7002,-1,-1,-1
275,131,1595.83,438.88,116.86,313.01,0.7846,-1,-1,-1
275,138,1307.04,425.30,52.07,125.41,0.2667,-1,-1,-1
275,141,1065.97,425.14,108.29,224.17,0.4189,-1,-1,-1
276,2,966.57,401.24,157.13,642.21,0.8142,-1,-1,-1
276,22,1373.01,425.27,199.66,429.15,0.8333,-1,-1,-1
276,71,394.10,464.88,52.96,108.53,0.2716,-1,-1,-1
276,97,697.40,449.31,68.41,192.34,0.5449,-1,-1,-1
276,102,510.49,452.98,42.44,106.93,0.2126,-1,-1,-1
276,119,829.69,423.63,132.51,495.03,0.7021,-1,-1,-1
276,131,1576.70,437.80,131.39,316.34,0.8035,-1,-1,-1
276,138,1307.01,427.28,52.72,123.65,0.4031,-1,-1,-1
276,141,1067.76,422.84,109.39,229.24,0.4046,-1,-1,-1
277,2,970.96,403.66,156.67,640.50,0.8281,-1,-1,-1
277,22,1376.73,425.52,197.00,429.30,0.8147,-1,-1,-1
277,97,694.53,452.55,67.82,191.82,0.4532,-1,-1,-1
277,119,826.81,423.65,132.24,495.49,0.6845,-1,-1,-1
277,131,1557.36,418.06,153.40,335.76,0.8513,-1,-1,-1
277,138,1307.94,429.50,52.76,120.81,0.2548,-1,-1,-1
277,141,1072.18,425.61,106.97,227.33,0.3676,-1,-1,-1
278,2,971.03,401.50,158.67,643.33,0.8239,-1,-1,-1
278,22,1391.90,425.83,200.41,425.87,0.8073,-1,-1,-1
278,97,704.50,451.78,68.50,193.36,0.4961,-1,-1,-1
278,102,508.64,456.74,41.16,102.09,0.2726,-1,-1,-1
278,119,829.49,423.22,131.56,495.60,0.7099,-1,-1,-1
278,131,1548.32,459.15,156.49,291.16,0.8507,-1,-1,-1
278,141,1082.47,438.20,100.46,217.71,0.2768,-1,-1,-1
279,2,974.12,401.02,158.98,644.73,0.8244,-1,-1,-1
279,22,1417.80,430.64,191.29,419.36,0.5474,-1,-1,-1
279,71,390.26,460.86,55.81,112.83,0.3212,-1,-1,-1
279,97,711.12,452.29,69.44,192.71,0.4307,-1,-1,-1
279,102,505.66,457.52,41.38,101.45,0.3372,-1,-1,-1
279,119,828.48,420.78,132.46,498.52,0.7356,-1,-1,-1
279,131,1535.98,421.53,176.90,327.78,0.8376,-1,-1,-1
279,141,1085.07,444.01,97.91,215.21,0.2678,-1,-1,-1
280,2,977.06,401.18,161.07,643.23,0.8128,-1,-1,-1
280,22,1435.49,428.54,170.53,422.04,0.7809,-1,-1,-1
280,71,387.90,461.12,56.40,113.89,0.3620,-1,-1,-1
280,97,715.11,452.15,70.90,193.29,0.5381,-1,-1,-1
280,102,504.86,457.77,41.83,101.10,0.3202,-1,-1,-1
280,119,826.66,419.49,134.01,499.70,0.7231,-1,-1,-1
280,131,1553.06,449.96,156.05,294.65,0.7798,-1,-1,-1
280,141,1092.77,459.30,89.60,200.11,0.2537,-1,-1,-1
281,2,979.05,398.32,163.85,645.51,0.8157,-1,-1,-1
281,22,1444.26,428.33,151.62,421.16,0.7883,-1,-1,-1
281,71,388.57,460.86,56.75,113.03,0.3627,-1,-1,-1
281,97,717.35,455.94,71.77,190.78,0.6095,-1,-1,-1
281,102,504.62,456.37,42.61,101.99,0.3043,-1,-1,-1
281,119,830.23,420.13,137.16,498.97,0.7255,-1,-1,-1
281,131,1539.19,417.74,169.41,331.24,0.6383,-1,-1,-1
281,141,1094.22,458.68,88.39,201.57,0.2408,-1,-1,-1
282,2,980.81,400.34,165.71,643.40,0.7954,-1,-1,-1
282,22,1456.39,434.70,142.01,416.50,0.7364,-1,-1,-1
282,71,384.93,463.19,55.34,111.44,0.3588,-1,-1,-1
282,97,718.49,459.23,71.97,185.70,0.5087,-1,-1,-1
282,102,504.55,455.14,43.38,103.78,0.3270,-1,-1,-1
282,119,831.51,419.47,142.50,497.32,0.7456,-1,-1,-1
282,131,1531.05,418.45,160.74,323.72,0.5455,-1,-1,-1
282,147,793.41,451.04,36.91,84.32,0.2557,-1,-1,-1
283,2,984.14,399.47,166.87,644.29,0.7813,-1,-1,-1
283,22,1469.92,431.59,143.78,421.86,0.7704,-1,-1,-1
283,71,384.24,463.43,54.82,111.91,0.4533,-1,-1,-1
283,97,719.21,458.74,73.83,185.35,0.6083,-1,-1,-1
283,102,504.17,455.59,43.32,103.62,0.3480,-1,-1,-1
283,119,833.61,420.95,151.72,496.87,0.7567,-1,-1,-1
283,150,685.67,495.84,35.09,105.13,0.2748,-1,-1,-1
284,2,988.41,401.34,162.99,641.30,0.7639,-1,-1,-1
284,22,1479.08,428.03,145.70,423.30,0.7981,-1,-1,-1
284,71,385.01,466.08,54.24,109.18,0.4321,-1,-1,-1
284,97,719.09,457.35,76.46,187.41,0.6897,-1,-1,-1
284,102,504.52,456.50,42.97,103.38,0.3518,-1,-1,-1
284,119,833.69,421.01,162.12,498.48,0.7645,-1,-1,-1
284,150,685.19,494.47,35.65,104.46,0.2975,-1,-1,-1
284,151,1346.26,443.83,31.92,102.15,0.3799,-1,-1,-1
285,2,990.72,404.55,159.39,638.41,0.7923,-1,-1,-1
285,22,1486.68,435.71,142.93,416.38,0.7758,-1,-1,-1
285,71,383.05,467.20,54.09,107.84,0.4211,-1,-1,-1
285,97,717.59,455.38,79.57,189.19,0.7342,-1,-1,-1
285,102,504.24,456.51,42.94,103.61,0.3971,-1,-1,-1
285,119,833.46,428.10,170.37,495.70,0.7774,-1,-1,-1
285,150,683.78,496.99,36.72,103.87,0.2944,-1,-1,-1
285,151,1348.21,444.39,32.47,102.08,0.4819,-1,-1,-1
286,2,993.59,406.61,157.10,636.81,0.7906,-1,-1,-1
286,22,1498.73,434.49,149.84,417.26,0.8168,-1,-1,-1
286,71,381.26,468.50,53.51,106.34,0.3749,-1,-1,-1
286,97,717.76,453.86,83.18,190.76,0.7743,-1,-1,-1
286,102,504.26,457.16,42.60,102.95,0.3725,-1,-1,-1
286,119,831.68,425.27,178.72,498.91,0.7843,-1,-1,-1
286,141,1093.65,438.07,91.29,216.56,0.2234,-1,-1,-1
286,150,683.36,498.42,37.98,103.67,0.2537,-1,-1,-1
286,151,1350.73,443.03,33.12,103.03,0.4343,-1,-1,-1
286,153,964.27,446.52,49.68,134.16,0.2282,-1,-1,-1
287,2,994.31,406.67,156.89,636.91,0.7841,-1,-1,-1
287,22,1505.68,429.80,168.06,422.56,0.8299,-1,-1,-1
287,71,379.82,469.74,52.27,104.41,0.3052,-1,-1,-1
287,97,719.11,454.91,83.18,188.91,0.7627,-1,-1,-1
287,102,504.13,457.27,42.59,103.23,0.3371,-1,-1,-1
287,119,833.09,420.97,184.37,500.50,0.8053,-1,-1,-1
287,151,1351.65,443.99,33.74,104.35,0.4865,-1,-1,-1
287,153,964.13,447.84,49.89,135.19,0.2820,-1,-1,-1
288,2,995.86,406.53,156.00,637.77,0.7845,-1,-1,-1
288,22,1510.30,429.16,193.19,428.24,0.8567,-1,-1,-1
288,71,379.43,470.71,51.34,103.83,0.3560,-1,-1,-1
288,97,720.24,447.03,84.61,195.61,0.7396,-1,-1,-1
288,102,504.03,456.36,42.82,104.46,0.3750,-1,-1,-1
288,119,832.89,421.05,187.43,500.50,0.8140,-1,-1,-1
288,151,1353.84,443.94,33.94,103.21,0.2486,-1,-1,-1
288,154,1483.42,436.58,61.84,209.77,0.2328,-1,-1,-1
289,2,998.06,408.18,154.39,635.34,0.7846,-1,-1,-1
289,22,1509.65,438.02,213.18,421.44,0.8817,-1,-1,-1
289,71,379.63,471.94,50.24,102.26,0.2899,-1,-1,-1
289,97,724.07,446.36,84.26,197.48,0.6597,-1,-1,-1
289,102,505.00,456.11,42.44,104.59,0.3565,-1,-1,-1
289,119,836.34,423.72,186.04,496.38,0.8089,-1,-1,-1
289,151,1356.65,442.49,35.34,105.13,0.3069,-1,-1,-1
289,154,1483.62,418.00,87.73,293.89,0.3407,-1,-1,-1
290,2,1001.26,404.82,153.47,639.00,0.8122,-1,-1,-1
290,22,1506.52,436.32,230.70,429.81,0.8746,-1,-1,-1
290,71,378.40,474.07,48.13,98.27,0.2483,-1,-1,-1
290,97,729.03,448.72,82.49,195.13,0.6345,-1,-1,-1
290,102,505.22,456.41,41.23,102.55,0.3480,-1,-1,-1
290,119,838.75,417.46,185.52,503.45,0.8087,-1,-1,-1
290,150,681.31,496.93,41.52,107.20,0.3406,-1,-1,-1
290,151,1359.53,440.34,36.67,106.97,0.2755,-1,-1,-1
290,154,1459.71,414.26,99.45,313.08,0.4380,-1,-1,-1
291,2,1003.49,403.03,153.99,639.76,0.7856,-1,-1,-1
291,22,1504.80,433.80,242.13,435.47,0.8359,-1,-1,-1
291,97,732.69,454.50,80.23,191.13,0.6253,-1,-1,-1
291,102,505.20,456.98,40.80,101.87,0.2589,-1,-1,-1
291,119,834.38,421.35,187.14,500.45,0.8189,-1,-1,-1
291,150,680.20,483.37,47.55,121.05,0.3435,-1,-1,-1
291,151,1361.83,441.79,37.38,105.75,0.3009,-1,-1,-1
291,154,1437.87,423.47,110.94,297.45,0.6329,-1,-1,-1
292,2,1003.07,403.58,154.49,638.69,0.7559,-1,-1,-1
292,22,1500.61,435.53,249.48,438.00,0.8560,-1,-1,-1
292,97,738.09,452.59,78.24,193.21,0.6021,-1,-1,-1
292,102,504.97,456.42,41.20,103.24,0.2615,-1,-1,-1
292,119,835.65,422.89,187.19,496.96,0.8121,-1,-1,-1
292,131,1402.98,428.72,157.00,315.28,0.3366,-1,-1,-1
292,150,681.25,482.22,48.66,122.97,0.2976,-1,-1,-1
293,2,1007.03,404.66,154.66,637.62,0.8020,-1,-1,-1
293,22,1500.48,436.99,256.63,442.39,0.8686,-1,-1,-1
293,97,740.80,449.44,76.80,197.55,0.6662,-1,-1,-1
293,102,504.33,454.72,41.57,104.73,0.3594,-1,-1,-1
293,119,838.76,417.18,186.36,503.99,0.8220,-1,-1,-1
293,131,1399.48,429.91,134.81,280.36,0.7028,-1,-1,-1
293,150,681.80,486.51,47.40,119.18,0.2648,-1,-1,-1
294,2,1007.55,402.49,155.25,641.41,0.8147,-1,-1,-1
294,22,1501.12,435.24,262.01,445.78,0.8660,-1,-1,-1
294,50,1827.21,472.94,67.82,174.31,0.2062,-1,-1,-1
294,97,742.80,452.03,72.50,194.44,0.6552,-1,-1,-1
294,102,504.83,457.29,40.33,101.41,0.3396,-1,-1,-1
294,119,841.30,414.27,184.38,506.95,0.8318,-1,-1,-1
294,131,1399.48,429.61,136.38,280.54,0.7576,-1,-1,-1
294,150,682.13,484.37,48.70,121.67,0.3562,-1,-1,-1
295,2,1008.16,402.95,153.42,640.55,0.8107,-1,-1,-1
295,22,1499.88,430.13,264.55,448.32,0.8549,-1,-1,-1
295,97,745.97,451.85,72.82,196.42,0.6376,-1,-1,-1
295,102,504.57,458.46,39.71,99.70,0.2810,-1,-1,-1
295,119,844.17,412.74,182.00,507.72,0.8263,-1,-1,-1
295,120,1156.70,437.34,45.52,113.82,0.3221,-1,-1,-1
295,131,1398.01,428.95,142.96,281.41,0.7587,-1,-1,-1
295,150,683.18,486.29,47.76,119.39,0.2559,-1,-1,-1
295,157,1537.71,431.86,69.98,218.81,0.4276,-1,-1,-1
296,2,1009.13,403.96,154.30,638.69,0.8181,-1,-1,-1
296,22,1508.70,429.11,258.77,450.24,0.8341,-1,-1,-1
296,50,1827.73,470.75,68.97,175.73,0.2376,-1,-1,-1
296,71,376.47,468.69,51.28,105.57,0.2046,-1,-1,-1
296,97,751.60,449.35,73.94,196.82,0.6583,-1,-1,-1
296,102,504.95,459.91,39.12,98.07,0.2660,-1,-1,-1
296,119,847.74,412.83,179.03,508.45,0.8370,-1,-1,-1
296,120,1156.96,436.72,46.06,114.54,0.3720,-1,-1,-1
296,131,1397.10,427.38,142.93,282.88,0.7694,-1,-1,-1
296,150,683.05,490.41,47.34,116.30,0.2991,-1,-1,-1
296,157,1547.79,430.73,70.73,219.17,0.3584,-1,-1,-1
297,2,1011.32,405.10,154.37,636.86,0.8149,-1,-1,-1
297,22,1522.52,429.97,248.13,448.76,0.7895,-1,-1,-1
297,50,1827.82,471.01,69.71,175.67,0.2085,-1,-1,-1
297,71,376.55,469.26,50.58,105.47,0.2289,-1,-1,-1
297,97,757.35,447.86,73.33,200.06,0.7291,-1,-1,-1
297,102,505.32,458.21,39.84,100.38,0.2769,-1,-1,-1
297,119,851.33,408.92,176.11,512.42,0.8351,-1,-1,-1
297,120,1157.65,436.79,46.58,115.69,0.3653,-1,-1,-1
297,131,1399.63,433.99,137.33,276.80,0.7833,-1,-1,-1
297,150,681.89,491.61,47.45,114.95,0.3195,-1,-1,-1
297,157,1557.99,439.93,69.67,212.72,0.4018,-1,-1,-1
298,2,1011.01,406.05,155.84,635.59,0.8085,-1,-1,-1
298,22,1534.49,431.28,238.71,445.31,0.7482,-1,-1,-1
298,50,1827.40,471.36,69.90,175.41,0.2311,-1,-1,-1
298,71,376.69,467.69,50.67,107.24,0.2850,-1,-1,-1
298,97,756.22,447.34,72.97,200.06,0.7156,-1,-1,-1
298,102,505.60,455.83,40.87,103.67,0.3013,-1,-1,-1
298,119,853.45,410.64,173.72,512.52,0.8060,-1,-1,-1
298,120,1157.99,436.50,47.38,116.89,0.4044,-1,-1,-1
298,131,1395.69,440.88,128.43,267.32,0.7831,-1,-1,-1
298,150,681.93,492.88,47.38,113.01,0.2634,-1,-1,-1
298,157,1567.02,431.50,71.12,215.12,0.3779,-1,-1,-1
298,158,1879.47,389.02,39.13,236.37,0.2624,-1,-1,-1
299,2,1011.67,404.98,158.25,635.10,0.8110,-1,-1,-1
299,22,1548.39,423.69,234.62,456.42,0.7704,-1,-1,-1
299,71,377.04,469.65,48.67,104.51,0.2907,-1,-1,-1
299,97,761.95,451.86,71.88,198.43,0.7053,-1,-1,-1
299,102,505.76,456.79,40.31,103.02,0.2108,-1,-1,-1
299,119,863.27,415.55,167.93,512.22,0.7731,-1,-1,-1
299,120,1158.41,437.18,47.46,116.04,0.2430,-1,-1,-1
299,131,1390.99,450.38,118.70,257.18,0.7392,-1,-1,-1
299,150,681.38,488.65,48.22,116.10,0.3248,-1,-1,-1
299,157,1578.38,422.78,75.86,224.67,0.3315,-1,-1,-1
300,2,1013.35,405.32,159.56,630.90,0.8217,-1,-1,-1
300,22,1560.85,422.38,223.38,457.57,0.6959,-1,-1,-1
300,71,377.37,469.76,47.79,104.00,0.3174,-1,-1,-1
300,97,764.61,451.14,71.55,198.66,0.7139,-1,-1,-1
300,102,505.35,456.75,40.12,102.85,0.3015,-1,-1,-1
300,119,870.68,419.60,160.17,513.33,0.7726,-1,-1,-1
300,120,1161.02,439.35,46.61,113.82,0.2246,-1,-1,-1
300,131,1375.75,422.36,118.61,284.77,0.7877,-1,-1,-1
300,150,683.24,494.47,46.11,110.72,0.3332,-1,-1,-1
300,157,1583.55,425.10,76.18,223.00,0.4268,-1,-1,-1
301,2,1010.34,404.79,159.72,628.75,0.8169,-1,-1,-1
301,22,1596.16,421.84,208.80,456.61,0.7294,-1,-1,-1
301,71,377.32,468.25,47.77,105.60,0.3902,-1,-1,-1
301,97,768.36,449.61,70.30,199.93,0.7476,-1,-1,-1
301,102,505.30,458.03,39.27,101.47,0.3099,-1,-1,-1
301,119,877.11,419.40,154.10,523.10,0.7650,-1,-1,-1
301,120,1161.94,440.31,46.54,112.13,0.2098,-1,-1,-1
301,131,1375.47,448.36,97.50,258.35,0.8124,-1,-1,-1
301,134,735.47,478.53,41.81,118.57,0.2422,-1,-1,-1
301,150,682.52,491.42,48.43,115.47,0.2726,-1,-1,-1
301,157,1588.94,425.74,77.42,221.76,0.3789,-1,-1,-1
301,159,-44.12,636.09,198.96,224.38,0.3010,-1,-1,-1
302,2,1008.97,406.29,161.43,623.80,0.8146,-1,-1,-1
302,22,1615.71,415.24,193.01,465.08,0.7632,-1,-1,-1
302,71,378.20,468.68,46.70,104.57,0.4012,-1,-1,-1
302,97,771.39,456.12,70.41,195.06,0.7885,-1,-1,-1
302,102,505.85,459.86,37.95,99.08,0.3998,-1,-1,-1
302,119,881.86,419.31,148.91,529.58,0.7534,-1,-1,-1
302,120,1163.52,438.02,49.47,116.83,0.2748,-1,-1,-1
302,131,1368.69,454.23,91.26,253.61,0.8322,-1,-1,-1
302,134,736.69,479.20,41.17,118.51,0.2601,-1,-1,-1
302,150,682.57,492.18,48.39,114.72,0.2408,-1,-1,-1
302,157,1595.52,422.03,81.55,227.45,0.3662,-1,-1,-1
302,159,-23.03,668.92,161.48,190.25,0.5671,-1,-1,-1
303,2,1012.39,404.70,161.39,621.43,0.8100,-1,-1,-1
303,22,1632.80,408.90,181.01,480.31,0.7716,-1,-1,-1
303,71,377.56,466.22,47.26,107.24,0.4224,-1,-1,-1
303,97,771.34,454.11,71.76,198.02,0.7770,-1,-1,-1
303,102,505.49,459.49,38.05,100.20,0.4127,-1,-1,-1
303,119,874.25,421.08,149.36,528.25,0.7567,-1,-1,-1
303,120,1165.68,438.25,49.15,114.35,0.2622,-1,-1,-1
303,131,1354.26,421.10,98.39,284.92,0.7919,-1,-1,-1
303,134,738.66,477.58,40.68,118.60,0.2840,-1,-1,-1
303,150,682.67,492.07,48.66,114.76,0.2345,-1,-1,-1
303,157,1599.73,418.94,83.78,229.41,0.3900,-1,-1,-1
303,159,-21.59,648.24,160.67,210.11,0.6844,-1,-1,-1
304,2,1015.32,403.85,165.59,623.24,0.8100,-1,-1,-1
304,22,1651.23,410.33,174.21,489.73,0.7762,-1,-1,-1
304,71,377.50,466.47,46.78,106.98,0.3868,-1,-1,-1
304,97,774.71,453.79,73.46,199.04,0.7692,-1,-1,-1
304,102,505.19,459.00,38.54,101.70,0.4884,-1,-1,-1
304,119,869.03,420.01,153.81,530.91,0.7953,-1,-1,-1
304,120,1173.68,438.84,46.94,111.92,0.3284,-1,-1,-1
304,131,1343.86,420.36,99.11,285.72,0.7747,-1,-1,-1
304,134,739.02,477.22,41.06,119.25,0.3331,-1,-1,-1
304,150,682.45,489.41,50.10,117.80,0.2549,-1,-1,-1
304,157,1607.13,419.16,84.92,229.92,0.3350,-1,-1,-1
304,159,-36.66,557.09,192.79,301.04,0.7201,-1,-1,-1
305,2,1018.40,404.26,172.31,620.24,0.7974,-1,-1,-1
305,22,1660.20,414.69,168.23,492.45,0.7422,-1,-1,-1
305,71,377.16,466.33,46.75,107.31,0.3849,-1,-1,-1
305,97,774.59,450.16,75.95,204.92,0.7745,-1,-1,-1
305,102,504.99,457.61,38.72,103.02,0.4554,-1,-1,-1
305,119,872.91,420.88,152.70,530.18,0.7790,-1,-1,-1
305,120,1179.70,439.44,44.64,109.95,0.3835,-1,-1,-1
305,131,1338.32,425.08,99.60,280.77,0.7662,-1,-1,-1
305,134,739.28,478.74,40.87,118.75,0.3207,-1,-1,-1
305,141,1109.71,435.14,62.20,153.13,0.2370,-1,-1,-1
305,150,683.51,476.28,53.58,128.42,0.2186,-1,-1,-1
305,157,1614.04,410.56,88.99,239.80,0.3236,-1,-1,-1
305,159,-44.85,495.84,208.69,362.56,0.6235,-1,-1,-1
306,2,1021.97,405.05,182.64,615.81,0.8195,-1,-1,-1
306,22,1671.25,417.85,173.82,494.71,0.8635,-1,-1,-1
306,71,377.04,466.05,46.95,107.97,0.3833,-1,-1,-1
306,97,775.85,447.12,76.77,208.11,0.7658,-1,-1,-1
306,102,504.50,457.44,39.13,103.52,0.4757,-1,-1,-1
306,119,874.33,420.05,152.29,531.48,0.7988,-1,-1,-1
306,120,1182.51,441.62,43.03,107.60,0.5475,-1,-1,-1
306,131,1326.99,439.63,105.12,263.23,0.8031,-1,-1,-1
306,134,739.02,480.54,40.84,117.24,0.3089,-1,-1,-1
306,141,1109.03,433.99,62.57,154.12,0.2076,-1,-1,-1
306,150,683.03,480.24,51.55,123.93,0.2343,-1,-1,-1
306,157,1606.31,411.64,122.11,338.93,0.3464,-1,-1,-1
306,159,-32.60,469.91,188.31,390.54,0.7374,-1,-1,-1
306,161,1299.21,416.28,54.90,152.00,0.3347,-1,-1,-1
307,2,1022.33,401.95,192.89,617.83,0.8297,-1,-1,-1
307,22,1685.04,413.66,196.78,502.28,0.8523,-1,-1,-1
307,71,377.92,466.65,46.41,107.26,0.3605,-1,-1,-1
307,97,778.97,451.87,74.13,202.05,0.7219,-1,-1,-1
307,102,504.28,460.80,38.02,100.23,0.4179,-1,-1,-1
307,119,872.73,419.63,153.23,531.64,0.8147,-1,-1,-1
307,120,1184.40,442.61,42.01,105.87,0.5622,-1,-1,-1
307,131,1319.14,450.43,112.18,250.19,0.8039,-1,-1,-1
307,134,735.54,481.57,40.61,113.86,0.3359,-1,-1,-1
307,150,684.04,487.18,49.42,118.67,0.2355,-1,-1,-1
307,157,1605.17,409.03,135.32,393.84,0.5688,-1,-1,-1
307,159,-29.19,415.24,182.08,446.18,0.7493,-1,-1,-1
307,161,1297.82,418.01,55.17,154.21,0.2868,-1,-1,-1
308,2,1021.91,401.34,203.29,616.21,0.8433,-1,-1,-1
308,22,1686.63,418.53,213.82,497.74,0.8351,-1,-1,-1
308,71,378.05,466.93,46.44,107.03,0.3478,-1,-1,-1
308,97,781.12,449.49,73.61,203.66,0.7512,-1,-1,-1
308,102,503.68,462.24,38.06,98.95,0.4128,-1,-1,-1
308,119,874.10,420.39,152.96,531.11,0.8196,-1,-1,-1
308,120,1186.99,442.46,42.32,105.80,0.4958,-1,-1,-1
308,131,1305.99,432.53,126.80,267.70,0.8114,-1,-1,-1
308,134,733.94,479.23,42.38,116.49,0.3389,-1,-1,-1
308,150,685.66,490.74,47.86,115.15,0.2544,-1,-1,-1
308,157,1603.90,402.61,137.11,404.44,0.6368,-1,-1,-1
308,159,-17.84,404.87,160.09,455.99,0.7872,-1,-1,-1
309,2,1021.69,399.24,213.29,616.79,0.8482,-1,-1,-1
309,22,1679.53,418.08,228.46,502.49,0.8586,-1,-1,-1
309,71,377.87,465.57,46.75,108.06,0.3292,-1,-1,-1
309,97,787.53,446.80,72.75,207.90,0.7213,-1,-1,-1
309,102,502.55,461.42,38.93,99.59,0.4336,-1,-1,-1
309,119,872.89,421.37,153.15,529.24,0.8313,-1,-1,-1
309,120,1188.89,443.49,41.40,104.15,0.4223,-1,-1,-1
309,131,1298.69,431.37,132.29,269.85,0.8018,-1,-1,-1
309,134,734.38,477.98,44.28,118.60,0.3718,-1,-1,-1
309,150,684.68,492.10,47.09,112.47,0.2231,-1,-1,-1
309,157,1609.75,405.51,137.12,403.83,0.5926,-1,-1,-1
309,159,-10.26,398.55,145.15,462.52,0.8111,-1,-1,-1
310,2,1021.56,400.03,221.36,615.18,0.8572,-1,-1,-1
310,22,1673.98,418.21,241.57,510.74,0.8810,-1,-1,-1
310,71,376.32,464.43,46.71,108.42,0.2798,-1,-1,-1
310,97,791.66,444.72,70.75,210.30,0.7222,-1,-1,-1
310,102,500.89,460.18,40.12,100.92,0.4624,-1,-1,-1
310,119,874.00,421.82,152.43,529.16,0.8078,-1,-1,-1
310,120,1190.72,445.22,41.05,102.92,0.4922,-1,-1,-1
310,131,1292.41,429.05,134.54,270.93,0.7629,-1,-1,-1
310,134,734.74,479.97,44.94,117.80,0.3745,-1,-1,-1
310,157,1617.82,408.37,137.46,402.99,0.5079,-1,-1,-1
310,159,-5.95,396.85,136.82,463.89,0.8050,-1,-1,-1
311,2,1018.91,402.61,226.14,612.66,0.8585,-1,-1,-1
311,22,1670.49,419.67,247.42,514.70,0.8750,-1,-1,-1
311,71,375.79,465.86,46.21,107.19,0.2415,-1,-1,-1
311,97,796.20,444.55,68.84,211.25,0.7320,-1,-1,-1
311,102,500.48,456.40,42.14,104.36,0.4798,-1,-1,-1
311,119,873.36,420.64,152.97,530.34,0.8185,-1,-1,-1
311,120,1190.90,446.55,40.55,101.01,0.5117,-1,-1,-1
311,131,1288.00,432.09,129.34,263.21,0.7591,-1,-1,-1
311,134,734.74,479.57,46.57,119.02,0.4493,-1,-1,-1
311,157,1635.42,408.70,135.57,408.37,0.4775,-1,-1,-1
311,159,-4.41,393.76,129.59,463.52,0.8183,-1,-1,-1
312,2,1020.54,403.91,226.41,611.30,0.8613,-1,-1,-1
312,22,1671.50,420.24,247.97,514.68,0.8619,-1,-1,-1
312,71,375.39,462.78,47.32,109.81,0.2190,-1,-1,-1
312,97,799.21,448.00,67.74,208.30,0.7321,-1,-1,-1
312,102,499.79,455.31,43.13,105.86,0.4224,-1,-1,-1
312,119,871.75,420.20,154.65,531.46,0.8328,-1,-1,-1
312,120,1190.85,443.15,42.20,106.06,0.4683,-1,-1,-1
312,131,1276.66,430.11,124.21,260.12,0.7647,-1,-1,-1
312,134,734.58,479.91,47.67,118.70,0.4648,-1,-1,-1
312,157,1628.65,410.98,138.42,407.38,0.5091,-1,-1,-1
312,159,-0.91,391.60,129.31,468.26,0.8304,-1,-1,-1
313,2,1020.37,402.68,227.51,612.60,0.8614,-1,-1,-1
313,22,1676.26,422.23,244.33,514.51,0.8693,-1,-1,-1
313,71,374.75,460.34,48.44,113.04,0.2313,-1,-1,-1
313,97,802.35,445.44,71.19,211.56,0.7278,-1,-1,-1
313,102,499.53,457.55,42.78,104.05,0.3888,-1,-1,-1
313,119,870.70,419.54,155.92,532.43,0.8133,-1,-1,-1
313,120,1191.24,440.71,43.73,110.02,0.4890,-1,-1,-1
313,131,1270.31,432.52,116.98,256.54,0.7861,-1,-1,-1
313,134,734.21,478.85,48.56,118.88,0.4908,-1,-1,-1
313,157,1631.46,412.72,141.79,402.10,0.4769,-1,-1,-1
313,158,1875.84,385.20,41.37,242.48,0.2044,-1,-1,-1
313,159,4.03,392.46,135.71,468.10,0.8574,-1,-1,-1
314,2,1021.76,402.37,225.98,611.93,0.8651,-1,-1,-1
314,22,1684.81,419.08,237.66,518.10,0.8702,-1,-1,-1
314,71,375.75,464.22,46.92,109.26,0.2101,-1,-1,-1
314,97,803.52,445.57,72.75,211.54,0.7230,-1,-1,-1
314,102,498.25,456.12,43.93,105.77,0.4152,-1,-1,-1
314,119,869.92,419.01,157.57,533.24,0.8200,-1,-1,-1
314,120,1192.01,438.99,44.72,112.46,0.5536,-1,-1,-1
314,131,1269.11,427.19,106.99,261.48,0.8066,-1,-1,-1
314,134,734.45,481.83,47.71,115.89,0.4094,-1,-1,-1
314,157,1636.56,414.68,143.88,398.55,0.3581,-1,-1,-1
314,159,12.88,394.06,144.57,463.53,0.8540,-1,-1,-1
315,2,1026.85,399.47,222.90,616.15,0.8600,-1,-1,-1
315,22,1735.68,422.04,219.21,516.24,0.7127,-1,-1,-1
315,71,376.08,463.14,47.15,110.72,0.3025,-1,-1,-1
315,97,806.39,443.43,74.90,214.31,0.7223,-1,-1,-1
315,102,497.73,454.31,44.39,106.74,0.4378,-1,-1,-1
315,119,869.01,417.10,159.73,534.89,0.8149,-1,-1,-1
315,120,1192.30,434.87,45.47,116.14,0.5376,-1,-1,-1
315,131,1266.51,426.84,98.13,260.58,0.7805,-1,-1,-1
315,134,733.00,480.93,48.42,116.87,0.3637,-1,-1,-1
315,157,1648.22,418.48,172.30,457.00,0.4210,-1,-1,-1
315,159,26.08,397.93,166.54,463.49,0.8670,-1,-1,-1
316,2,1032.02,401.63,216.19,612.04,0.8604,-1,-1,-1
316,22,1760.48,416.72,187.04,518.66,0.7920,-1,-1,-1
316,71,376.63,462.98,46.73,110.66,0.2968,-1,-1,-1
316,97,806.81,444.29,76.29,214.93,0.6920,-1,-1,-1
316,102,497.57,453.19,44.75,108.06,0.4586,-1,-1,-1
316,119,867.14,415.71,160.52,536.26,0.8044,-1,-1,-1
316,120,1195.00,435.97,45.13,115.01,0.6062,-1,-1,-1
316,131,1264.11,428.23,90.79,261.80,0.7537,-1,-1,-1
316,134,732.33,481.19,48.50,116.09,0.3195,-1,-1,-1
316,157,1652.42,414.36,189.79,475.05,0.6290,-1,-1,-1
316,159,30.63,405.77,197.55,456.85,0.8803,-1,-1,-1
317,2,1034.75,399.88,213.40,614.67,0.8568,-1,-1,-1
317,22,1774.57,415.82,171.07,517.67,0.7080,-1,-1,-1
317,71,377.27,463.68,46.61,111.19,0.3883,-1,-1,-1
317,97,804.22,443.78,74.73,216.86,0.6833,-1,-1,-1
317,102,496.99,451.56,45.02,109.93,0.4665,-1,-1,-1
317,119,867.19,417.64,162.61,533.67,0.8188,-1,-1,-1
317,120,1196.04,437.41,44.43,113.65,0.5818,-1,-1,-1
317,131,1260.18,421.96,86.09,264.73,0.7733,-1,-1,-1
317,134,732.55,481.85,48.59,115.59,0.3408,-1,-1,-1
317,157,1653.31,409.37,191.73,473.95,0.5928,-1,-1,-1
317,159,29.03,402.95,227.98,459.34,0.8819,-1,-1,-1
318,2,1038.23,400.04,210.47,613.37,0.8527,-1,-1,-1
318,22,1769.59,421.22,166.48,525.27,0.6348,-1,-1,-1
318,71,377.04,463.19,46.43,110.95,0.3310,-1,-1,-1
318,97,805.99,443.79,73.29,216.46,0.6695,-1,-1,-1
318,102,496.54,453.07,43.93,108.14,0.4918,-1,-1,-1
318,119,868.59,417.12,163.72,534.71,0.8160,-1,-1,-1
318,120,1199.33,437.59,44.05,112.00,0.5601,-1,-1,-1
318,131,1256.46,429.32,82.49,257.34,0.7974,-1,-1,-1
318,134,731.86,481.59,48.95,115.65,0.3319,-1,-1,-1
318,157,1674.04,408.78,176.60,441.57,0.3689,-1,-1,-1
318,159,24.90,402.59,258.20,460.89,0.9010,-1,-1,-1
319,2,1040.45,400.53,208.02,611.80,0.8538,-1,-1,-1
319,22,1790.09,415.87,151.52,525.27,0.6739,-1,-1,-1
319,71,377.09,462.84,46.57,111.40,0.3382,-1,-1,-1
319,97,813.36,444.76,72.04,214.11,0.6716,-1,-1,-1
319,102,495.80,453.95,43.24,107.44,0.4819,-1,-1,-1
319,119,867.19,416.20,165.14,535.60,0.8182,-1,-1,-1
319,120,1201.70,439.35,43.40,109.37,0.5848,-1,-1,-1
319,131,1247.39,427.88,86.75,259.47,0.7733,-1,-1,-1
319,134,731.26,482.00,48.87,114.75,0.2258,-1,-1,-1
319,151,1435.14,437.63,38.95,109.74,0.2702,-1,-1,-1
319,157,1696.45,402.47,171.25,445.13,0.4389,-1,-1,-1
319,159,22.12,400.99,273.47,462.76,0.8975,-1,-1,-1
320,2,1043.96,401.66,204.39,610.65,0.8578,-1,-1,-1
320,22,1809.94,417.89,130.04,522.22,0.7309,-1,-1,-1
320,71,377.40,464.04,46.03,109.84,0.2706,-1,-1,-1
320,97,816.51,445.34,72.19,213.91,0.6271,-1,-1,-1
320,102,495.04,450.74,43.82,110.38,0.4495,-1,-1,-1
320,119,866.93,416.59,166.87,534.40,0.8259,-1,-1,-1
320,120,1203.69,440.85,42.91,107.69,0.4242,-1,-1,-1
320,131,1238.97,436.35,91.24,252.38,0.7425,-1,-1,-1
320,134,734.63,486.10,46.52,110.40,0.2580,-1,-1,-1
320,151,1437.79,435.02,40.62,113.93,0.4442,-1,-1,-1
320,157,1696.74,397.99,171.32,457.99,0.5097,-1,-1,-1
320,159,23.90,403.81,280.87,458.05,0.8933,-1,-1,-1
321,2,1046.36,400.67,201.84,611.72,0.8622,-1,-1,-1
321,22,1827.12,428.77,110.21,512.16,0.7349,-1,-1,-1
321,71,377.50,464.05,45.92,109.83,0.2798,-1,-1,-1
321,97,817.99,448.20,70.54,210.62,0.6440,-1,-1,-1
321,102,493.59,448.42,44.03,112.59,0.4154,-1,-1,-1
321,119,867.70,417.39,165.89,533.91,0.8209,-1,-1,-1
321,120,1207.69,442.79,39.36,97.88,0.3217,-1,-1,-1
321,131,1238.55,435.39,95.71,251.78,0.7710,-1,-1,-1
321,134,734.55,486.76,46.28,110.04,0.2860,-1,-1,-1
321,151,1438.91,435.33,41.92,114.27,0.5423,-1,-1,-1
321,157,1708.80,400.62,162.08,443.88,0.5447,-1,-1,-1
321,159,24.04,403.54,285.75,457.57,0.8874,-1,-1,-1
322,2,1047.93,404.27,199.25,609.06,0.8587,-1,-1,-1
322,22,1838.97,428.21,97.76,511.88,0.6971,-1,-1,-1
322,71,376.73,462.79,46.56,111.33,0.3777,-1,-1,-1
322,97,820.07,448.94,70.75,210.41,0.6701,-1,-1,-1
322,102,492.19,446.30,44.53,115.01,0.4478,-1,-1,-1
322,119,867.77,416.69,164.77,534.67,0.8248,-1,-1,-1
322,131,1236.36,443.15,96.96,242.65,0.7587,-1,-1,-1
322,134,734.86,486.54,46.16,110.32,0.2854,-1,-1,-1
322,151,1438.57,434.67,43.37,114.74,0.5468,-1,-1,-1
322,157,1722.25,394.73,159.52,449.97,0.5505,-1,-1,-1
322,159,28.34,405.02,288.67,447.55,0.8864,-1,-1,-1
323,2,1050.01,402.19,196.97,610.04,0.8646,-1,-1,-1
323,22,1847.47,463.30,85.47,478.88,0.6176,-1,-1,-1
323,71,376.52,462.97,46.61,111.46,0.4024,-1,-1,-1
323,97,822.33,452.89,70.53,206.16,0.6409,-1,-1,-1
323,102,492.07,446.08,44.25,114.93,0.4654,-1,-1,-1
323,119,870.66,415.52,165.14,535.84,0.8173,-1,-1,-1
323,131,1232.94,441.08,98.62,243.55,0.7668,-1,-1,-1
323,151,1440.47,437.96,44.13,110.90,0.4974,-1,-1,-1
323,157,1732.93,392.87,153.67,450.07,0.6868,-1,-1,-1
323,159,28.39,407.46,293.86,443.91,0.8896,-1,-1,-1
324,2,1053.24,399.46,194.63,613.10,0.8562,-1,-1,-1
324,22,1847.26,436.28,85.14,506.36,0.5789,-1,-1,-1
324,71,376.55,463.98,46.23,110.59,0.4084,-1,-1,-1
324,97,823.08,456.96,70.25,201.55,0.6238,-1,-1,-1
324,102,491.51,446.60,43.92,114.48,0.4749,-1,-1,-1
324,119,872.28,416.07,164.73,535.44,0.8081,-1,-1,-1
324,131,1224.11,437.79,101.30,247.46,0.7489,-1,-1,-1
324,134,735.87,486.97,45.20,108.69,0.2606,-1,-1,-1
324,151,1443.37,440.68,45.28,108.14,0.5523,-1,-1,-1
324,157,1744.26,392.73,151.86,453.48,0.6027,-1,-1,-1
324,159,33.27,407.99,292.23,439.04,0.8971,-1,-1,-1
325,2,1055.34,398.05,193.03,614.48,0.8535,-1,-1,-1
325,22,1849.48,403.52,84.92,537.75,0.5327,-1,-1,-1
325,71,376.55,464.28,46.46,110.51,0.4271,-1,-1,-1
325,97,826.32,445.59,75.31,215.97,0.4446,-1,-1,-1
325,102,491.01,446.87,43.89,115.42,0.4747,-1,-1,-1
325,119,873.77,415.40,163.94,535.98,0.8057,-1,-1,-1
325,131,1219.79,443.94,99.30,240.60,0.6803,-1,-1,-1
325,134,734.81,487.49,45.47,109.12,0.2410,-1,-1,-1
325,151,1446.89,439.62,46.74,108.51,0.5733,-1,-1,-1
325,157,1758.07,391.86,157.35,469.85,0.5504,-1,-1,-1
325,159,41.28,406.34,287.50,441.12,0.9014,-1,-1,-1
326,2,1056.74,398.47,192.05,614.49,0.8586,-1,-1,-1
326,22,1850.66,405.88,82.62,537.12,0.3076,-1,-1,-1
326,71,377.04,465.66,46.21,109.62,0.4041,-1,-1,-1
326,97,829.87,441.00,77.91,222.32,0.3749,-1,-1,-1
326,102,490.32,445.69,44.22,116.27,0.4507,-1,-1,-1
326,119,875.15,415.80,163.11,535.89,0.7933,-1,-1,-1
326,131,1214.42,454.31,94.02,226.52,0.5428,-1,-1,-1
326,134,733.68,486.40,46.90,111.10,0.2553,-1,-1,-1
326,151,1448.60,441.43,47.06,107.17,0.5908,-1,-1,-1
326,157,1760.01,394.28,164.78,502.02,0.6152,-1,-1,-1
326,159,56.37,406.48,274.45,437.08,0.8902,-1,-1,-1
327,2,1057.04,395.69,191.87,617.98,0.8637,-1,-1,-1
327,71,377.21,466.64,46.09,108.40,0.4017,-1,-1,-1
327,97,848.11,442.87,56.24,155.91,0.3476,-1,-1,-1
327,102,489.47,445.40,44.04,116.14,0.5024,-1,-1,-1
327,119,878.21,417.17,160.71,534.33,0.7847,-1,-1,-1
327,131,1201.86,437.19,80.38,197.76,0.4026,-1,-1,-1
327,134,734.23,485.63,47.36,111.70,0.2871,-1,-1,-1
327,151,1450.54,441.53,48.43,106.84,0.5938,-1,-1,-1
327,157,1761.17,392.30,166.82,537.35,0.7191,-1,-1,-1
327,159,78.28,403.68,256.28,435.67,0.8740,-1,-1,-1
327,165,414.79,478.17,45.32,90.84,0.2486,-1,-1,-1
328,2,1057.53,395.99,192.26,617.93,0.8601,-1,-1,-1
328,71,377.84,467.13,46.37,108.55,0.4554,-1,-1,-1
328,97,858.44,444.85,48.86,132.73,0.3225,-1,-1,-1
328,102,489.47,449.78,42.33,111.92,0.3987,-1,-1,-1
328,119,878.57,415.72,160.08,536.18,0.7551,-1,-1,-1
328,131,1197.15,442.81,88.68,220.73,0.3381,-1,-1,-1
328,134,734.29,485.07,47.77,112.22,0.3384,-1,-1,-1
328,151,1452.86,442.45,47.15,105.38,0.6210,-1,-1,-1
328,157,1763.51,388.03,161.68,551.13,0.7892,-1,-1,-1
328,159,97.76,392.46,237.37,438.36,0.8826,-1,-1,-1
328,165,414.93,477.73,45.03,90.37,0.2347,-1,-1,-1
329,2,1057.74,399.45,191.91,615.07,0.8602,-1,-1,-1
329,71,377.96,467.15,46.30,107.88,0.4088,-1,-1,-1
329,97,863.22,446.02,47.02,125.62,0.2291,-1,-1,-1
329,102,490.16,453.07,41.34,108.81,0.3901,-1,-1,-1
329,119,875.29,418.18,161.57,535.77,0.7763,-1,-1,-1
329,134,734.01,484.50,48.43,113.44,0.3478,-1,-1,-1
329,151,1455.46,441.52,45.49,104.22,0.5395,-1,-1,-1
329,157,1764.56,396.06,156.59,542.09,0.8197,-1,-1,-1
329,159,116.57,393.35,220.28,431.97,0.8312,-1,-1,-1
329,165,415.27,477.54,44.84,89.96,0.2337,-1,-1,-1
330,2,1057.38,396.39,192.41,618.24,0.8641,-1,-1,-1
330,71,377.99,466.64,46.25,107.54,0.4273,-1,-1,-1
330,102,489.47,452.76,41.67,109.14,0.4431,-1,-1,-1
330,119,871.30,419.76,165.70,533.27,0.8044,-1,-1,-1
330,134,734.82,484.89,47.89,112.53,0.3622,-1,-1,-1
330,151,1457.94,441.16,44.25,103.56,0.4592,-1,-1,-1
330,157,1766.35,397.31,153.95,533.45,0.7416,-1,-1,-1
330,159,137.75,401.25,200.25,422.82,0.8069,-1,-1,-1
330,165,414.79,476.29,45.19,90.78,0.2214,-1,-1,-1
331,2,1058.23,395.44,193.36,618.95,0.8650,-1,-1,-1
331,71,377.50,465.53,46.79,108.58,0.4202,-1,-1,-1
331,102,488.57,453.13,41.81,108.93,0.3922,-1,-1,-1
331,119,870.88,420.36,168.21,532.31,0.8023,-1,-1,-1
331,134,734.20,483.73,48.35,114.16,0.3463,-1,-1,-1
331,151,1461.45,440.50,43.20,105.20,0.5808,-1,-1,-1
331,157,1773.69,391.55,139.69,463.11,0.7398,-1,-1,-1
331,159,160.70,394.65,183.19,429.26,0.7993,-1,-1,-1
331,165,413.83,474.97,46.10,92.96,0.2073,-1,-1,-1
332,2,1058.98,396.86,193.72,618.75,0.8638,-1,-1,-1
332,71,377.10,462.94,48.30,112.79,0.4429,-1,-1,-1
332,102,488.37,451.05,42.41,111.19,0.4044,-1,-1,-1
332,119,873.41,420.25,171.14,532.32,0.8234,-1,-1,-1
332,134,735.54,484.20,47.92,113.67,0.3066,-1,-1,-1
332,151,1465.59,439.84,43.11,106.82,0.5811,-1,-1,-1
332,157,1772.41,394.47,143.51,458.47,0.7844,-1,-1,-1
332,159,187.24,393.51,167.53,430.84,0.7744,-1,-1,-1
333,2,1060.04,397.46,194.51,617.63,0.8717,-1,-1,-1
333,71,376.63,467.77,46.65,106.07,0.2870,-1,-1,-1
333,102,489.93,452.75,41.37,109.10,0.3879,-1,-1,-1
333,119,873.25,419.42,173.55,533.28,0.8293,-1,-1,-1
333,134,736.79,482.07,48.48,116.33,0.3101,-1,-1,-1
333,141,1197.34,463.23,67.79,160.94,0.2106,-1,-1,-1
333,151,1469.97,440.24,41.40,104.34,0.5665,-1,-1,-1
333,157,1770.63,394.24,146.98,460.82,0.7827,-1,-1,-1
333,159,206.34,391.13,158.46,433.13,0.7502,-1,-1,-1
333,168,28.92,591.97,55.26,197.49,0.3759,-1,-1,-1
334,2,1060.52,396.64,193.88,618.61,0.8760,-1,-1,-1
334,71,376.19,470.53,46.43,103.14,0.2700,-1,-1,-1
334,102,490.27,453.30,40.87,108.47,0.3500,-1,-1,-1
334,119,873.63,420.20,174.82,532.42,0.8306,-1,-1,-1
334,134,737.83,482.31,48.11,116.38,0.3443,-1,-1,-1
334,151,1470.73,440.26,41.32,106.11,0.4882,-1,-1,-1
334,157,1774.61,392.18,146.66,462.28,0.6609,-1,-1,-1
334,159,220.79,403.87,152.18,419.39,0.7156,-1,-1,-1
335,2,1060.84,396.90,192.25,617.06,0.8785,-1,-1,-1
335,71,377.11,470.99,47.05,103.27,0.2309,-1,-1,-1
335,102,489.31,449.14,42.27,113.40,0.4439,-1,-1,-1
335,119,873.52,419.20,176.11,533.23,0.8365,-1,-1,-1
335,134,737.54,481.37,48.29,118.13,0.3814,-1,-1,-1
335,141,1206.41,457.52,65.75,162.25,0.2286,-1,-1,-1
335,151,1472.71,438.53,41.12,107.02,0.5401,-1,-1,-1
335,157,1779.78,406.86,142.13,450.53,0.6193,-1,-1,-1
335,159,210.81,422.35,160.74,400.24,0.7263,-1,-1,-1
336,2,1060.19,396.75,192.60,617.43,0.8792,-1,-1,-1
336,102,488.11,447.31,42.05,113.72,0.4382,-1,-1,-1
336,119,873.24,420.83,174.86,531.73,0.8423,-1,-1,-1
336,134,736.81,482.87,47.46,116.04,0.3294,-1,-1,-1
336,150,683.03,496.00,46.47,108.43,0.2535,-1,-1,-1
336,151,1473.89,437.90,40.34,106.83,0.5231,-1,-1,-1
336,157,1789.03,436.84,132.82,422.43,0.5101,-1,-1,-1
336,159,218.94,415.75,168.31,403.62,0.6272,-1,-1,-1
336,170,2.76,443.42,141.54,344.99,0.8054,-1,-1,-1
337,2,1061.19,397.38,194.10,617.52,0.8804,-1,-1,-1
337,102,487.53,449.29,41.07,111.67,0.2599,-1,-1,-1
337,119,874.00,419.27,174.52,533.34,0.8339,-1,-1,-1
337,134,735.19,483.12,47.80,117.04,0.3868,-1,-1,-1
337,150,681.19,495.68,47.61,108.83,0.2856,-1,-1,-1
337,151,1475.06,436.27,41.17,109.78,0.5354,-1,-1,-1
337,157,1797.77,438.81,129.93,419.90,0.3927,-1,-1,-1
337,159,235.48,428.56,174.88,395.97,0.7155,-1,-1,-1
337,170,2.78,442.56,145.05,343.85,0.8231,-1,-1,-1
338,2,1061.58,397.37,195.23,617.01,0.8736,-1,-1,-1
338,119,875.49,418.19,175.48,535.02,0.8205,-1,-1,-1
338,134,734.92,483.52,47.68,116.72,0.3662,-1,-1,-1
338,150,681.12,486.39,49.80,114.41,0.2385,-1,-1,-1
338,151,1479.12,436.06,41.22,109.72,0.5945,-1,-1,-1
338,159,240.93,440.03,191.05,383.73,0.7957,-1,-1,-1
338,170,2.31,449.29,145.06,336.21,0.8322,-1,-1,-1
339,2,1061.92,396.47,193.77,617.63,0.8826,-1,-1,-1
339,119,874.76,418.27,174.12,535.08,0.8224,-1,-1,-1
339,134,736.32,485.10,46.52,114.39,0.4451,-1,-1,-1
339,150,680.33,490.75,49.10,112.45,0.3504,-1,-1,-1
339,151,1482.21,437.23,41.07,108.64,0.5214,-1,-1,-1
339,159,238.54,405.70,211.43,417.24,0.8189,-1,-1,-1
339,170,1.49,445.93,148.04,339.14,0.8344,-1,-1,-1
340,2,1063.03,398.95,193.97,614.81,0.8842,-1,-1,-1
340,119,876.09,418.18,171.99,534.89,0.8207,-1,-1,-1
340,134,736.37,485.07,46.10,114.03,0.4510,-1,-1,-1
340,150,679.87,491.34,49.22,112.67,0.3510,-1,-1,-1
340,151,1484.17,436.93,41.27,109.39,0.4274,-1,-1,-1
340,159,236.44,405.66,219.98,417.95,0.8486,-1,-1,-1
340,170,0.01,442.52,149.29,343.94,0.8388,-1,-1,-1
340,175,1204.57,437.62,95.24,239.34,0.2645,-1,-1,-1
341,2,1064.20,403.13,193.53,610.81,0.8853,-1,-1,-1
341,119,877.46,417.93,170.46,534.64,0.8211,-1,-1,-1
341,134,735.76,483.66,46.37,115.44,0.4481,-1,-1,-1
341,150,679.41,491.84,48.97,111.80,0.3512,-1,-1,-1
341,151,1486.13,434.61,42.49,111.89,0.2683,-1,-1,-1
341,159,243.55,430.41,211.88,391.91,0.8178,-1,-1,-1
341,170,-0.12,436.36,150.89,348.61,0.8458,-1,-1,-1
341,175,1205.82,428.30,95.62,241.84,0.2138,-1,-1,-1
342,2,1066.20,400.24,195.75,613.19,0.8777,-1,-1,-1
342,102,491.13,455.19,39.34,107.12,0.2254,-1,-1,-1
342,119,883.59,423.26,170.29,529.24,0.8177,-1,-1,-1
342,134,737.06,483.49,45.70,115.06,0.4751,-1,-1,-1
342,150,679.26,489.80,50.06,114.21,0.3736,-1,-1,-1
342,151,1489.69,434.44,44.02,112.81,0.2312,-1,-1,-1
342,159,244.05,433.65,214.94,387.39,0.8159,-1,-1,-1
342,170,1.52,441.48,149.83,343.19,0.8342,-1,-1,-1
342,175,1210.61,428.73,94.57,242.70,0.2108,-1,-1,-1
343,2,1064.91,400.90,194.48,612.67,0.8819,-1,-1,-1
343,102,492.89,455.96,38.37,104.78,0.2119,-1,-1,-1
343,119,884.54,423.36,169.57,529.24,0.8164,-1,-1,-1
343,134,738.12,484.92,45.18,113.68,0.4102,-1,-1,-1
343,150,678.71,489.12,50.48,113.71,0.3016,-1,-1,-1
343,151,1492.95,434.09,45.57,113.54,0.2276,-1,-1,-1
343,159,243.60,431.48,216.87,388.56,0.8163,-1,-1,-1
343,170,-0.97,433.75,153.92,356.08,0.7921,-1,-1,-1
343,175,1204.88,423.99,96.30,247.94,0.2446,-1,-1,-1
344,2,1066.09,399.58,195.01,614.29,0.8784,-1,-1,-1
344,102,493.48,457.27,37.44,101.87,0.2277,-1,-1,-1
344,119,886.57,424.41,168.50,527.97,0.8186,-1,-1,-1
344,134,737.35,485.05,45.69,114.45,0.4690,-1,-1,-1
344,150,677.96,488.21,51.89,115.56,0.3688,-1,-1,-1
344,159,242.47,413.11,221.54,404.88,0.8107,-1,-1,-1
344,170,6.25,436.22,148.13,350.32,0.7776,-1,-1,-1
344,175,1199.77,421.06,99.52,255.83,0.2911,-1,-1,-1
345,2,1067.19,401.14,196.86,611.87,0.8807,-1,-1,-1
345,102,493.02,452.36,39.27,107.53,0.2123,-1,-1,-1
345,119,888.27,424.19,166.81,527.68,0.8060,-1,-1,-1
345,134,736.11,484.00,46.36,114.79,0.3778,-1,-1,-1
345,150,679.01,489.50,51.73,114.65,0.3220,-1,-1,-1
345,159,245.97,407.33,216.92,409.90,0.8543,-1,-1,-1
345,170,10.38,433.93,145.60,354.17,0.8136,-1,-1,-1
345,175,1198.32,411.50,105.90,270.16,0.3104,-1,-1,-1
345,177,1834.89,467.42,62.28,177.28,0.2132,-1,-1,-1
346,2,1066.57,400.32,196.92,613.57,0.8778,-1,-1,-1
346,102,491.20,447.98,41.01,112.29,0.2665,-1,-1,-1
346,119,890.51,424.10,167.40,527.33,0.8131,-1,-1,-1
346,134,735.28,483.07,47.37,115.77,0.4084,-1,-1,-1
346,150,678.01,491.99,51.57,113.06,0.3181,-1,-1,-1
346,159,255.96,401.97,209.35,413.58,0.8381,-1,-1,-1
346,170,31.62,437.36,134.75,348.10,0.8019,-1,-1,-1
346,175,1199.05,408.99,106.01,267.78,0.2805,-1,-1,-1
346,177,1835.19,465.18,63.59,179.80,0.2014,-1,-1,-1
347,2,1068.20,403.00,197.54,611.16,0.8741,-1,-1,-1
347,102,490.33,447.49,41.29,112.69,0.2490,-1,-1,-1
347,119,892.09,424.22,167.93,526.99,0.8082,-1,-1,-1
347,134,735.02,484.06,47.46,114.99,0.3356,-1,-1,-1
347,150,674.38,489.05,54.57,118.37,0.3347,-1,-1,-1
347,159,266.67,402.63,201.37,414.68,0.8133,-1,-1,-1
347,170,49.85,439.74,127.78,342.35,0.8050,-1,-1,-1
347,175,1199.63,408.83,106.15,265.50,0.2750,-1,-1,-1
347,177,1836.28,465.84,63.63,178.42,0.2429,-1,-1,-1
348,2,1067.62,399.31,199.73,614.40,0.8733,-1,-1,-1
348,102,484.92,447.15,42.86,114.30,0.3001,-1,-1,-1
348,119,893.53,423.16,164.59,527.69,0.8009,-1,-1,-1
348,134,733.57,481.90,48.86,116.28,0.3806,-1,-1,-1
348,150,673.82,491.84,54.44,116.48,0.2442,-1,-1,-1
348,151,1501.45,434.48,45.23,112.62,0.2111,-1,-1,-1
348,159,283.52,407.84,188.83,406.89,0.7898,-1,-1,-1
348,170,54.44,435.23,130.01,347.71,0.6841,-1,-1,-1
348,175,1201.29,406.80,105.61,261.21,0.2795,-1,-1,-1
348,177,1835.15,464.37,65.46,182.09,0.2346,-1,-1,-1
349,2,1067.88,402.33,200.28,611.81,0.8727,-1,-1,-1
349,102,478.21,443.00,45.91,119.63,0.2747,-1,-1,-1
349,119,897.17,422.02,162.51,529.28,0.8063,-1,-1,-1
349,134,734.14,482.75,48.61,115.80,0.2584,-1,-1,-1
349,150,673.76,493.32,54.33,115.25,0.2263,-1,-1,-1
349,159,290.96,400.73,175.48,403.52,0.8059,-1,-1,-1
349,170,52.24,433.93,133.04,349.37,0.5192,-1,-1,-1
349,177,1833.54,465.93,65.62,181.07,0.2479,-1,-1,-1
350,2,1066.69,399.67,201.12,613.97,0.8741,-1,-1,-1
350,102,477.56,443.72,47.49,118.37,0.4960,-1,-1,-1
350,119,899.12,421.42,163.07,529.87,0.8087,-1,-1,-1
350,134,734.95,486.26,47.14,112.38,0.2047,-1,-1,-1
350,150,672.98,493.11,54.30,115.15,0.2052,-1,-1,-1
350,159,306.33,397.62,163.39,406.47,0.8006,-1,-1,-1
350,170,76.95,436.88,135.20,346.76,0.7810,-1,-1,-1
350,177,1832.58,465.29,66.54,182.23,0.2510,-1,-1,-1
351,2,1066.19,399.68,199.89,614.22,0.8754,-1,-1,-1
351,102,478.20,446.19,47.28,115.62,0.4336,-1,-1,-1
351,119,899.30,421.72,163.26,528.87,0.8005,-1,-1,-1
351,134,735.41,485.92,47.23,112.78,0.2935,-1,-1,-1
351,150,672.30,492.06,54.35,115.82,0.2871,-1,-1,-1
351,159,328.16,390.17,148.26,408.43,0.7794,-1,-1,-1
351,170,80.52,438.30,154.48,345.08,0.8100,-1,-1,-1
351,177,1831.84,465.05,66.73,182.19,0.2607,-1,-1,-1
352,2,1066.49,400.72,200.83,613.44,0.8788,-1,-1,-1
352,102,478.10,445.55,47.91,115.89,0.4016,-1,-1,-1
352,119,900.28,422.59,163.08,527.39,0.7984,-1,-1,-1
352,134,734.14,484.75,48.01,113.53,0.2776,-1,-1,-1
352,150,672.08,489.68,55.14,117.56,0.2822,-1,-1,-1
352,159,346.03,396.27,136.73,401.69,0.7256,-1,-1,-1
352,170,81.07,436.19,174.56,345.62,0.8394,-1,-1,-1
352,177,1830.46,464.98,66.17,181.00,0.2357,-1,-1,-1
352,178,2.89,505.06,55.99,350.55,0.5708,-1,-1,-1
353,2,1065.33,400.16,200.96,614.22,0.8772,-1,-1,-1
353,102,473.83,445.72,48.29,116.56,0.2848,-1,-1,-1
353,119,900.01,421.25,162.53,527.67,0.8015,-1,-1,-1
353,134,735.45,485.87,47.21,113.00,0.3161,-1,-1,-1
353,150,670.84,490.11,54.62,116.76,0.2881,-1,-1,-1
353,159,360.73,413.81,128.53,385.84,0.5818,-1,-1,-1
353,170,85.98,434.93,189.96,347.85,0.8505,-1,-1,-1
353,177,1830.80,462.36,67.68,185.47,0.2637,-1,-1,-1
353,178,6.43,506.93,60.33,349.48,0.6886,-1,-1,-1
354,2,1065.50,399.05,201.43,615.37,0.8736,-1,-1,-1
354,102,474.47,450.01,46.77,111.84,0.2014,-1,-1,-1
354,119,901.94,421.92,163.47,527.71,0.7946,-1,-1,-1
354,134,735.15,485.61,47.19,112.58,0.3231,-1,-1,-1
354,150,676.85,482.81,56.28,120.95,0.2658,-1,-1,-1
354,159,362.73,400.63,132.00,400.27,0.5872,-1,-1,-1
354,170,89.43,435.92,196.96,346.56,0.8236,-1,-1,-1
354,177,1831.55,464.12,67.28,183.73,0.2645,-1,-1,-1
354,178,7.96,499.26,66.58,354.31,0.6864,-1,-1,-1
355,2,1065.74,400.60,199.67,613.38,0.8756,-1,-1,-1
355,119,902.30,421.90,163.79,526.16,0.7722,-1,-1,-1
355,134,735.37,485.00,46.98,113.00,0.3868,-1,-1,-1
355,150,678.76,482.10,55.94,120.56,0.2347,-1,-1,-1
355,159,357.41,392.96,137.91,404.04,0.5678,-1,-1,-1
355,170,90.20,439.55,200.85,337.14,0.8582,-1,-1,-1
355,177,1831.00,462.86,67.43,183.78,0.2739,-1,-1,-1
355,178,13.33,468.48,84.12,384.38,0.7159,-1,-1,-1
356,2,1065.77,401.58,199.06,613.48,0.8681,-1,-1,-1
356,119,902.65,421.96,162.16,524.14,0.7563,-1,-1,-1
356,131,1054.44,435.62,69.95,212.51,0.5826,-1,-1,-1
356,134,736.99,486.51,45.83,112.21,0.4018,-1,-1,-1
356,150,680.11,481.05,55.69,120.49,0.2594,-1,-1,-1
356,159,363.26,401.61,142.57,396.61,0.6160,-1,-1,-1
356,170,99.82,439.07,197.16,332.55,0.8341,-1,-1,-1
356,177,1830.93,463.62,67.71,183.15,0.2872,-1,-1,-1
356,178,17.12,450.71,118.39,402.07,0.8013,-1,-1,-1
357,2,1067.42,399.43,201.95,615.51,0.8534,-1,-1,-1
357,102,470.58,443.78,49.57,117.79,0.2183,-1,-1,-1
357,119,903.20,421.70,160.26,522.69,0.7651,-1,-1,-1
357,131,1052.20,432.28,69.08,212.78,0.2987,-1,-1,-1
357,134,737.33,490.13,44.05,108.44,0.2812,-1,-1,-1
357,150,679.85,479.40,56.13,121.67,0.3066,-1,-1,-1
357,159,375.01,405.15,156.13,395.30,0.6806,-1,-1,-1
357,170,110.23,437.34,191.05,330.31,0.8121,-1,-1,-1
357,177,1830.55,464.80,67.38,181.51,0.2589,-1,-1,-1
357,178,14.25,451.00,152.95,407.16,0.8446,-1,-1,-1
358,2,1067.56,400.40,202.82,614.41,0.8522,-1,-1,-1
358,119,903.33,419.01,159.88,524.76,0.7857,-1,-1,-1
358,131,1051.56,435.47,65.91,209.05,0.5519,-1,-1,-1
358,134,735.74,485.25,46.23,114.32,0.3777,-1,-1,-1
358,150,680.55,478.67,54.97,118.90,0.2449,-1,-1,-1
358,159,397.89,401.01,160.71,395.95,0.6522,-1,-1,-1
358,170,121.49,437.53,182.03,329.92,0.8110,-1,-1,-1
358,177,1832.17,463.16,68.58,183.30,0.2567,-1,-1,-1
358,178,12.94,452.78,180.10,403.18,0.8562,-1,-1,-1
359,2,1067.76,399.16,204.16,615.36,0.8521,-1,-1,-1
359,102,478.10,443.33,48.98,115.63,0.2384,-1,-1,-1
359,119,906.07,419.51,157.82,524.01,0.7900,-1,-1,-1
359,131,1044.02,429.54,67.09,213.59,0.4369,-1,-1,-1
359,134,735.48,483.57,46.90,116.26,0.3854,-1,-1,-1
359,150,680.59,479.69,53.33,113.67,0.2702,-1,-1,-1
359,151,1532.56,428.23,45.14,112.88,0.2027,-1,-1,-1
359,159,401.02,407.15,173.16,392.43,0.8124,-1,-1,-1
359,170,128.95,435.18,174.43,332.55,0.8211,-1,-1,-1
359,177,1832.34,465.86,68.06,180.95,0.2687,-1,-1,-1
359,178,7.05,445.81,194.53,408.65,0.8451,-1,-1,-1
360,2,1067.98,401.06,205.57,613.84,0.8503,-1,-1,-1
360,119,909.16,420.13,158.00,522.79,0.7899,-1,-1,-1
360,131,1037.32,430.22,67.28,213.13,0.2363,-1,-1,-1
360,134,736.83,486.63,45.56,113.34,0.3582,-1,-1,-1
360,150,678.86,481.03,55.30,117.36,0.2071,-1,-1,-1
360,151,1534.99,428.60,44.93,115.06,0.2227,-1,-1,-1
360,159,404.11,411.12,179.75,387.35,0.8068,-1,-1,-1
360,170,139.62,436.30,165.76,327.01,0.7774,-1,-1,-1
360,177,1831.23,464.73,68.52,181.89,0.2267,-1,-1,-1
360,178,4.88,446.79,206.46,407.15,0.8747,-1,-1,-1
361,2,1068.03,402.37,207.15,612.29,0.8538,-1,-1,-1
361,119,909.49,419.19,157.72,519.65,0.7993,-1,-1,-1
361,134,735.99,484.36,46.27,115.28,0.2948,-1,-1,-1
361,159,400.65,405.32,193.09,393.06,0.8433,-1,-1,-1
361,170,157.60,435.43,155.33,328.33,0.7516,-1,-1,-1
361,177,1832.29,465.09,68.05,179.82,0.2224,-1,-1,-1
361,178,3.19,443.90,214.98,408.93,0.8764,-1,-1,-1
362,2,1068.78,402.30,208.16,612.63,0.8602,-1,-1,-1
362,119,910.23,416.68,159.22,519.93,0.8060,-1,-1,-1
362,131,1031.42,431.93,65.65,210.85,0.2984,-1,-1,-1
362,134,733.94,483.98,46.48,114.91,0.2726,-1,-1,-1
362,159,397.74,406.51,198.54,392.74,0.8476,-1,-1,-1
362,170,162.87,439.88,147.45,325.08,0.6718,-1,-1,-1
362,178,4.58,445.49,223.28,409.57,0.8542,-1,-1,-1
363,2,1068.33,401.59,208.65,613.00,0.8536,-1,-1,-1
363,119,914.51,419.67,159.64,516.78,0.8019,-1,-1,-1
363,134,732.96,482.51,47.12,115.99,0.3875,-1,-1,-1
363,151,1539.33,426.20,44.72,118.35,0.3506,-1,-1,-1
363,159,394.49,411.39,201.97,386.99,0.8394,-1,-1,-1
363,170,171.89,438.15,136.83,327.89,0.7533,-1,-1,-1
363,178,2.56,446.77,225.49,406.29,0.8442,-1,-1,-1
364,2,1068.73,401.39,209.88,613.34,0.8541,-1,-1,-1
364,119,914.75,412.69,160.79,521.75,0.8269,-1,-1,-1
364,134,733.14,482.79,47.34,116.11,0.4328,-1,-1,-1
364,151,1541.64,426.21,43.81,118.45,0.3538,-1,-1,-1
364,159,395.34,415.62,202.35,383.13,0.8503,-1,-1,-1
364,170,185.47,442.54,124.41,322.06,0.7325,-1,-1,-1
364,178,0.72,440.20,228.34,409.34,0.8533,-1,-1,-1
365,2,1068.31,402.88,209.54,611.20,0.8522,-1,-1,-1
365,119,916.55,412.67,160.50,521.86,0.8190,-1,-1,-1
365,134,733.45,481.55,48.01,117.92,0.4254,-1,-1,-1
365,159,393.73,412.43,204.45,385.55,0.8574,-1,-1,-1
365,170,194.50,437.64,119.02,327.49,0.7411,-1,-1,-1
365,178,3.05,441.89,231.17,410.39,0.8605,-1,-1,-1
366,2,1067.72,399.56,210.08,615.40,0.8472,-1,-1,-1
366,119,919.15,412.01,160.51,523.49,0.8291,-1,-1,-1
366,134,732.85,482.06,47.37,116.82,0.4094,-1,-1,-1
366,150,665.38,492.64,53.65,113.23,0.2219,-1,-1,-1
366,159,396.61,411.02,202.51,381.95,0.8220,-1,-1,-1
366,170,202.99,435.34,113.87,329.19,0.7747,-1,-1,-1
366,178,4.71,442.74,230.48,406.27,0.8590,-1,-1,-1
367,2,1069.39,401.18,210.72,613.87,0.8218,-1,-1,-1
367,119,921.62,410.42,159.34,525.42,0.8253,-1,-1,-1
367,134,731.73,481.55,47.32,117.15,0.4554,-1,-1,-1
367,150,662.95,491.03,54.34,115.50,0.2650,-1,-1,-1
367,159,396.60,404.39,200.35,386.90,0.8418,-1,-1,-1
367,170,216.65,436.51,111.68,327.68,0.7566,-1,-1,-1
367,178,23.78,441.79,218.03,394.61,0.7861,-1,-1,-1
368,2,1071.00,398.80,214.44,616.23,0.7877,-1,-1,-1
368,119,923.84,409.63,157.84,525.67,0.8198,-1,-1,-1
368,134,731.32,481.78,47.23,116.75,0.4662,-1,-1,-1
368,150,662.42,492.08,54.10,115.15,0.2040,-1,-1,-1
368,159,398.26,394.79,197.40,393.55,0.8463,-1,-1,-1
368,170,231.12,438.31,114.82,326.68,0.7359,-1,-1,-1
368,178,42.09,436.10,202.35,391.00,0.7830,-1,-1,-1
369,2,1072.54,400.45,216.52,614.66,0.7462,-1,-1,-1
369,119,926.03,415.64,155.38,517.34,0.8220,-1,-1,-1
369,134,731.58,482.41,47.07,116.10,0.4196,-1,-1,-1
369,159,404.85,395.87,189.89,393.09,0.8536,-1,-1,-1
369,170,239.99,434.20,127.11,330.33,0.8104,-1,-1,-1
369,177,1829.48,471.00,66.09,174.27,0.2406,-1,-1,-1
369,178,68.18,432.93,184.05,392.12,0.7696,-1,-1,-1
370,2,1069.71,397.18,218.56,617.70,0.7952,-1,-1,-1
370,119,929.79,416.71,156.64,519.83,0.8016,-1,-1,-1
370,134,730.87,480.95,47.61,117.53,0.4005,-1,-1,-1
370,159,413.04,408.52,180.65,382.19,0.8351,-1,-1,-1
370,170,246.82,431.76,140.82,331.62,0.8301,-1,-1,-1
370,178,97.61,435.95,155.37,386.16,0.8105,-1,-1,-1
371,2,1067.47,397.96,216.42,616.54,0.7178,-1,-1,-1
371,119,932.80,415.72,156.41,521.10,0.7965,-1,-1,-1
371,134,730.31,481.31,47.90,117.97,0.3850,-1,-1,-1
371,159,424.76,401.41,174.82,387.67,0.8320,-1,-1,-1
371,170,247.78,432.20,152.71,330.62,0.8392,-1,-1,-1
371,178,121.78,441.34,139.97,379.24,0.7981,-1,-1,-1
372,2,1070.40,397.35,216.24,616.62,0.8190,-1,-1,-1
372,119,935.22,415.64,155.72,520.85,0.7960,-1,-1,-1
372,134,730.54,482.13,47.18,116.53,0.3729,-1,-1,-1
372,159,439.29,425.65,156.44,353.56,0.7975,-1,-1,-1
372,170,246.94,435.57,158.86,325.95,0.8179,-1,-1,-1
372,178,129.75,438.17,135.38,382.52,0.7601,-1,-1,-1
373,2,1071.38,397.23,217.87,617.31,0.8387,-1,-1,-1
373,119,937.64,416.52,155.36,521.27,0.7950,-1,-1,-1
373,134,731.97,482.66,46.60,114.84,0.3945,-1,-1,-1
373,159,454.49,400.55,156.71,374.51,0.8000,-1,-1,-1
373,170,254.81,436.00,157.38,318.90,0.8034,-1,-1,-1
373,178,148.96,434.62,141.09,384.43,0.8089,-1,-1,-1
373,186,1877.12,388.22,42.56,252.51,0.2325,-1,-1,-1
373,188,-1.78,490.18,50.03,318.00,0.6281,-1,-1,-1
374,2,1071.73,398.20,217.65,616.10,0.8098,-1,-1,-1
374,119,942.52,417.02,153.40,519.44,0.7884,-1,-1,-1
374,134,732.64,480.34,47.74,117.80,0.3961,-1,-1,-1
374,159,467.65,400.46,149.96,371.17,0.7724,-1,-1,-1
374,170,267.92,442.81,150.06,301.23,0.7789,-1,-1,-1
374,178,157.45,431.20,143.47,386.53,0.7264,-1,-1,-1
374,186,1863.09,390.95,45.55,260.20,0.2247,-1,-1,-1
374,188,0.57,490.95,50.27,317.65,0.7026,-1,-1,-1
375,2,1072.06,400.14,217.64,613.45,0.7954,-1,-1,-1
375,119,941.41,413.00,153.85,521.90,0.7756,-1,-1,-1
375,134,733.07,480.03,48.01,118.73,0.3846,-1,-1,-1
375,159,480.81,408.59,145.64,362.65,0.7128,-1,-1,-1
375,170,277.24,452.89,144.91,294.46,0.7425,-1,-1,-1
375,177,1831.19,461.96,70.27,183.10,0.2815,-1,-1,-1
375,178,166.93,434.36,159.02,382.73,0.8168,-1,-1,-1
375,188,3.27,486.08,53.55,326.33,0.6592,-1,-1,-1
376,2,1072.53,399.84,219.23,613.15,0.8087,-1,-1,-1
376,119,942.87,417.95,151.98,521.26,0.7739,-1,-1,-1
376,134,731.26,479.17,48.57,119.96,0.3214,-1,-1,-1
376,159,486.31,403.80,145.47,364.64,0.6939,-1,-1,-1
376,170,273.16,435.56,151.60,312.68,0.7423,-1,-1,-1
376,178,167.09,438.19,169.76,378.53,0.7681,-1,-1,-1
376,186,1859.20,392.31,48.03,261.77,0.2425,-1,-1,-1
376,188,5.38,480.11,62.59,331.97,0.7803,-1,-1,-1
376,189,1257.33,439.49,38.62,104.65,0.2052,-1,-1,-1
377,2,1072.78,400.87,222.06,613.94,0.8123,-1,-1,-1
377,119,946.46,417.61,152.47,521.18,0.7970,-1,-1,-1
377,134,731.15,481.11,47.92,118.49,0.3284,-1,-1,-1
377,159,487.46,399.14,147.07,369.62,0.7358,-1,-1,-1
377,170,280.98,441.86,147.22,306.53,0.7057,-1,-1,-1
377,178,165.42,440.99,185.96,376.32,0.7974,-1,-1,-1
377,188,11.12,442.09,83.38,366.89,0.7789,-1,-1,-1
378,2,1071.58,398.76,222.71,616.32,0.7752,-1,-1,-1
378,119,946.95,411.46,154.72,523.52,0.7802,-1,-1,-1
378,134,731.45,482.37,46.64,115.43,0.3457,-1,-1,-1
378,159,493.27,394.77,149.85,376.45,0.7880,-1,-1,-1
378,170,286.80,440.37,145.22,311.01,0.6757,-1,-1,-1
378,178,162.28,440.87,198.02,376.32,0.8198,-1,-1,-1
378,188,13.81,433.77,113.13,375.77,0.8289,-1,-1,-1
379,2,1070.42,396.32,222.20,617.75,0.8307,-1,-1,-1
379,119,945.97,410.45,155.95,524.25,0.8144,-1,-1,-1
379,134,731.09,482.09,46.53,115.99,0.3895,-1,-1,-1
379,159,504.02,397.30,154.96,374.35,0.7933,-1,-1,-1
379,170,301.44,438.97,136.01,310.05,0.6841,-1,-1,-1
379,178,159.79,442.18,205.22,374.63,0.8247,-1,-1,-1
379,188,7.88,433.14,124.34,374.31,0.8210,-1,-1,-1
379,192,415.72,481.06,46.99,89.62,0.2153,-1,-1,-1
380,2,1071.05,394.92,221.61,619.11,0.8255,-1,-1,-1
380,119,947.19,406.17,158.31,527.57,0.8113,-1,-1,-1
380,134,729.87,480.38,46.39,116.94,0.3587,-1,-1,-1
380,159,509.98,399.77,156.03,371.58,0.6394,-1,-1,-1
380,170,309.40,446.31,126.39,305.86,0.6351,-1,-1,-1
380,178,162.31,444.01,211.53,370.64,0.8376,-1,-1,-1
380,188,13.08,431.81,136.84,374.84,0.7753,-1,-1,-1
380,189,1259.00,439.39,38.16,102.24,0.2208,-1,-1,-1
380,192,416.22,480.11,47.93,91.17,0.2190,-1,-1,-1
380,193,687.86,471.71,48.82,117.32,0.2482,-1,-1,-1
381,2,1070.16,393.35,219.71,621.12,0.7992,-1,-1,-1
381,119,953.49,413.20,156.30,525.93,0.7699,-1,-1,-1
381,134,730.37,479.52,47.25,119.00,0.3083,-1,-1,-1
381,159,514.26,408.30,150.99,363.37,0.5864,-1,-1,-1
381,170,312.52,441.32,119.40,311.44,0.7057,-1,-1,-1
381,178,157.70,444.76,218.08,365.74,0.8610,-1,-1,-1
381,188,14.17,440.83,145.30,365.71,0.7523,-1,-1,-1
381,193,688.33,470.66,49.65,120.63,0.2775,-1,-1,-1
382,2,1074.49,398.41,219.40,616.40,0.8144,-1,-1,-1
382,102,470.31,445.91,47.79,116.46,0.2429,-1,-1,-1
382,119,953.49,416.15,155.85,518.79,0.7518,-1,-1,-1
382,134,731.19,479.15,48.24,120.85,0.3573,-1,-1,-1
382,159,530.34,405.92,148.28,364.05,0.6057,-1,-1,-1
382,170,326.86,441.95,111.80,306.93,0.6878,-1,-1,-1
382,177,1835.02,464.49,69.52,181.64,0.2309,-1,-1,-1
382,178,162.45,442.29,217.37,368.12,0.8295,-1,-1,-1
382,188,9.57,440.20,159.00,365.37,0.8045,-1,-1,-1
382,193,689.15,470.82,48.74,119.29,0.3278,-1,-1,-1
383,2,1073.62,397.64,220.03,617.33,0.8288,-1,-1,-1
383,119,953.95,417.26,156.61,521.83,0.6962,-1,-1,-1
383,134,731.52,477.64,49.31,122.29,0.3670,-1,-1,-1
383,159,529.27,413.73,148.51,356.64,0.6916,-1,-1,-1
383,170,340.89,444.31,107.87,300.35,0.5557,-1,-1,-1
383,177,1833.26,465.59,69.69,181.24,0.2843,-1,-1,-1
383,178,179.21,442.08,208.36,367.62,0.7935,-1,-1,-1
383,188,6.86,439.29,177.07,365.69,0.8582,-1,-1,-1
383,189,1261.54,442.46,36.31,95.29,0.2028,-1,-1,-1
383,193,687.95,464.61,50.43,125.21,0.3417,-1,-1,-1
384,2,1073.82,397.08,220.14,617.92,0.8328,-1,-1,-1
384,119,954.01,416.58,155.62,523.27,0.7106,-1,-1,-1
384,134,730.11,475.36,50.55,125.58,0.4519,-1,-1,-1
384,159,530.58,407.19,153.31,363.02,0.7506,-1,-1,-1
384,170,359.37,456.24,100.90,287.52,0.6045,-1,-1,-1
384,177,1832.64,464.76,69.80,181.78,0.2180,-1,-1,-1
384,178,188.25,435.04,200.99,374.57,0.7938,-1,-1,-1
384,188,4.31,434.27,190.92,372.37,0.8756,-1,-1,-1
384,193,686.10,465.60,50.46,126.04,0.3557,-1,-1,-1
385,2,1073.67,397.18,219.62,617.82,0.7877,-1,-1,-1
385,119,955.88,416.45,153.90,524.15,0.7201,-1,-1,-1
385,134,729.71,472.37,51.20,128.65,0.5479,-1,-1,-1
385,159,534.83,407.86,153.63,362.59,0.7874,-1,-1,-1
385,170,360.74,439.50,104.02,304.01,0.7056,-1,-1,-1
385,177,1831.71,465.25,69.82,182.24,0.2595,-1,-1,-1
385,178,205.03,432.92,185.11,369.28,0.8060,-1,-1,-1
385,188,5.54,437.58,199.70,368.95,0.8629,-1,-1,-1
385,193,685.42,467.54,50.44,127.11,0.3845,-1,-1,-1
385,197,919.05,449.75,49.83,136.76,0.2356,-1,-1,-1
386,2,1074.19,397.51,219.64,617.05,0.7060,-1,-1,-1
386,102,466.30,446.80,44.02,108.73,0.2168,-1,-1,-1
386,119,958.80,414.27,152.98,527.56,0.7416,-1,-1,-1
386,134,729.79,470.44,51.10,130.11,0.5290,-1,-1,-1
386,159,539.50,405.43,154.18,364.21,0.8329,-1,-1,-1
386,170,370.85,437.87,109.38,307.61,0.7071,-1,-1,-1
386,177,1832.03,465.48,69.73,181.40,0.2132,-1,-1,-1
386,178,222.59,435.89,168.35,364.61,0.7921,-1,-1,-1
386,188,1.99,434.41,204.97,373.81,0.8359,-1,-1,-1
386,193,687.02,468.06,49.39,126.82,0.3452,-1,-1,-1
387,2,1073.71,397.73,219.82,616.50,0.7757,-1,-1,-1
387,102,468.40,448.71,45.27,108.70,0.3289,-1,-1,-1
387,119,958.40,416.87,150.78,523.57,0.7225,-1,-1,-1
387,131,932.39,433.55,55.27,152.90,0.3176,-1,-1,-1
387,134,730.31,470.96,50.37,129.54,0.5301,-1,-1,-1
387,159,540.95,407.38,151.34,359.98,0.8455,-1,-1,-1
387,170,375.33,438.22,128.77,309.14,0.8056,-1,-1,-1
387,177,1831.16,467.17,69.39,177.77,0.2540,-1,-1,-1
387,178,236.78,430.75,163.55,367.93,0.5758,-1,-1,-1
387,188,2.94,434.55,204.08,370.98,0.8367,-1,-1,-1
387,193,689.31,472.78,46.08,119.20,0.3117,-1,-1,-1
388,2,1067.89,397.03,230.64,618.30,0.7372,-1,-1,-1
388,102,468.10,448.52,46.42,106.29,0.2562,-1,-1,-1
388,119,958.34,417.88,148.58,522.44,0.7216,-1,-1,-1
388,131,923.05,444.99,51.41,141.00,0.2171,-1,-1,-1
388,134,729.29,468.97,51.25,133.40,0.4964,-1,-1,-1
388,159,544.33,405.26,148.94,358.25,0.8252,-1,-1,-1
388,170,376.26,440.52,140.55,308.26,0.7892,-1,-1,-1
388,177,1830.54,466.47,70.19,178.04,0.2285,-1,-1,-1
388,178,255.53,434.09,146.82,362.68,0.6753,-1,-1,-1
388,188,10.94,433.24,199.34,370.14,0.8071,-1,-1,-1
388,193,689.86,473.13,45.99,120.49,0.3500,-1,-1,-1
388,198,800.29,472.05,33.10,74.95,0.2079,-1,-1,-1
389,2,1082.08,397.50,253.87,617.41,0.7262,-1,-1,-1
389,102,467.10,447.68,47.46,109.30,0.2408,-1,-1,-1
389,119,959.42,418.20,145.64,522.00,0.7017,-1,-1,-1
389,131,923.81,444.88,54.38,143.61,0.2613,-1,-1,-1
389,134,729.88,471.91,49.81,130.15,0.5033,-1,-1,-1
389,159,547.49,408.83,146.51,354.52,0.8064,-1,-1,-1
389,170,372.51,441.92,152.12,302.81,0.8016,-1,-1,-1
389,177,1832.42,467.45,69.68,176.50,0.2033,-1,-1,-1
389,178,267.10,428.47,137.85,370.79,0.6786,-1,-1,-1
389,188,19.29,423.59,195.15,374.74,0.7874,-1,-1,-1
389,193,690.44,474.99,44.26,117.26,0.3357,-1,-1,-1
389,198,799.89,471.64,33.42,75.83,0.2188,-1,-1,-1
390,2,1075.20,397.14,275.07,618.70,0.7742,-1,-1,-1
390,119,961.68,417.99,143.23,523.64,0.6751,-1,-1,-1
390,131,922.76,437.63,60.10,151.48,0.4018,-1,-1,-1
390,134,729.90,473.78,49.88,130.06,0.4865,-1,-1,-1
390,159,553.27,410.04,142.93,351.52,0.8007,-1,-1,-1
390,170,373.87,441.01,160.71,302.77,0.8139,-1,-1,-1
390,178,272.47,434.80,132.52,363.92,0.5260,-1,-1,-1
390,188,32.02,429.11,185.32,368.20,0.7948,-1,-1,-1
390,193,689.61,477.59,42.47,113.21,0.2993,-1,-1,-1
390,198,800.50,470.70,33.78,76.74,0.2008,-1,-1,-1
391,2,1065.85,397.05,290.11,618.43,0.7778,-1,-1,-1
391,119,966.83,416.32,140.20,529.33,0.6590,-1,-1,-1
391,131,919.89,435.38,62.39,153.72,0.3720,-1,-1,-1
391,134,728.86,471.53,50.69,131.94,0.4435,-1,-1,-1
391,159,558.07,412.35,139.34,352.18,0.8018,-1,-1,-1
391,170,379.40,441.25,160.50,299.01,0.7847,-1,-1,-1
391,177,1830.84,467.74,68.91,175.72,0.2013,-1,-1,-1
391,178,288.57,438.40,126.99,361.12,0.5330,-1,-1,-1
391,188,37.86,429.94,180.24,368.03,0.7605,-1,-1,-1
391,193,689.75,477.82,41.72,111.34,0.3291,-1,-1,-1
391,200,521.68,437.38,29.49,84.59,0.2695,-1,-1,-1
392,2,1058.93,398.19,297.77,618.01,0.7845,-1,-1,-1
392,119,973.35,411.31,135.74,528.12,0.6500,-1,-1,-1
392,131,923.04,434.79,60.78,156.11,0.5648,-1,-1,-1
392,134,728.03,468.10,51.74,134.60,0.4473,-1,-1,-1
392,159,564.50,407.66,136.36,358.89,0.7869,-1,-1,-1
392,170,388.26,439.15,157.70,298.88,0.7245,-1,-1,-1
392,178,306.03,437.85,126.74,362.18,0.6567,-1,-1,-1
392,186,1856.48,392.05,53.80,260.32,0.2200,-1,-1,-1
392,188,49.91,434.45,170.87,361.01,0.7637,-1,-1,-1
392,193,686.76,471.52,44.65,119.60,0.2548,-1,-1,-1
392,198,800.88,470.14,34.18,77.51,0.2286,-1,-1,-1
392,200,524.27,439.10,29.08,83.93,0.3059,-1,-1,-1
393,2,1053.58,398.44,304.91,618.23,0.8134,-1,-1,-1
393,119,967.10,418.34,134.81,524.28,0.6501,-1,-1,-1
393,131,921.90,437.51,60.35,163.59,0.6499,-1,-1,-1
393,134,727.99,467.24,51.99,134.98,0.5302,-1,-1,-1
393,159,574.16,414.94,125.28,339.07,0.7914,-1,-1,-1
393,170,395.70,439.72,152.12,296.38,0.7274,-1,-1,-1
393,177,1831.88,468.14,68.50,175.59,0.2088,-1,-1,-1
393,178,315.31,441.40,138.17,358.81,0.7908,-1,-1,-1
393,188,69.69,429.68,165.92,365.58,0.6330,-1,-1,-1
393,193,684.36,470.80,44.86,120.64,0.3081,-1,-1,-1
393,198,800.28,469.83,34.11,77.43,0.2162,-1,-1,-1
393,200,522.40,443.50,27.61,80.07,0.2154,-1,-1,-1
394,2,1042.42,398.16,296.98,617.16,0.6771,-1,-1,-1
394,119,975.75,412.63,130.91,525.63,0.6298,-1,-1,-1
394,131,920.04,438.45,59.52,165.16,0.6389,-1,-1,-1
394,134,727.58,475.82,50.20,127.61,0.5980,-1,-1,-1
394,159,578.85,412.01,121.80,340.26,0.7606,-1,-1,-1
394,170,406.98,444.07,144.32,291.36,0.7292,-1,-1,-1
394,178,316.01,444.37,142.20,356.77,0.7241,-1,-1,-1
394,186,1854.74,396.35,57.27,255.26,0.2389,-1,-1,-1
394,188,65.68,429.28,166.17,366.95,0.7570,-1,-1,-1
394,198,800.57,467.92,34.86,79.88,0.2048,-1,-1,-1
394,200,521.43,440.92,28.36,82.40,0.2721,-1,-1,-1
395,2,1043.77,396.70,289.02,618.69,0.7000,-1,-1,-1
395,119,979.80,412.89,125.76,524.11,0.6579,-1,-1,-1
395,131,918.01,439.60,57.88,163.13,0.5962,-1,-1,-1
395,134,724.89,470.59,53.32,135.44,0.6130,-1,-1,-1
395,159,584.87,413.76,117.17,335.34,0.7668,-1,-1,-1
395,170,414.86,440.62,138.16,294.88,0.7396,-1,-1,-1
395,178,315.70,444.12,148.40,357.42,0.7475,-1,-1,-1
395,186,1853.06,391.53,61.15,260.11,0.2920,-1,-1,-1
395,188,70.34,431.64,165.23,365.08,0.7789,-1,-1,-1
395,200,522.24,448.72,25.92,74.66,0.2080,-1,-1,-1
396,2,1061.65,399.01,293.48,617.83,0.7612,-1,-1,-1
396,119,979.68,413.78,123.24,523.36,0.6218,-1,-1,-1
396,131,915.89,442.40,58.00,168.05,0.6768,-1,-1,-1
396,134,721.86,464.46,57.22,145.44,0.5792,-1,-1,-1
396,159,592.21,426.97,112.03,317.12,0.7561,-1,-1,-1
396,170,425.97,444.04,129.40,287.86,0.6563,-1,-1,-1
396,177,1830.32,466.94,69.57,179.28,0.2640,-1,-1,-1
396,178,316.99,442.24,158.21,356.63,0.7601,-1,-1,-1
396,188,96.98,445.56,154.05,349.66,0.5854,-1,-1,-1
396,193,677.55,460.67,52.03,141.59,0.2597,-1,-1,-1
396,201,1090.41,430.62,56.32,97.21,0.2536,-1,-1,-1
397,2,1048.77,398.58,272.91,618.92,0.7906,-1,-1,-1
397,119,981.17,413.80,120.74,524.36,0.6774,-1,-1,-1
397,131,914.33,442.72,57.24,166.91,0.6400,-1,-1,-1
397,134,720.34,463.76,57.55,145.67,0.5765,-1,-1,-1
397,159,595.06,417.68,115.18,327.29,0.7488,-1,-1,-1
397,170,440.71,473.19,112.04,256.62,0.5730,-1,-1,-1
397,178,312.56,430.53,167.19,367.96,0.7633,-1,-1,-1
397,186,1852.29,387.85,63.70,264.17,0.2723,-1,-1,-1
397,188,117.28,435.13,150.91,361.75,0.6219,-1,-1,-1
397,193,677.05,456.34,52.08,142.60,0.2284,-1,-1,-1
397,201,1094.10,430.82,56.14,96.32,0.2028,-1,-1,-1
398,2,1057.27,399.26,255.82,619.23,0.8380,-1,-1,-1
398,119,973.60,415.95,122.89,524.75,0.6354,-1,-1,-1
398,131,915.67,444.16,55.74,162.36,0.4854,-1,-1,-1
398,134,719.63,461.14,58.12,147.91,0.5430,-1,-1,-1
398,159,601.28,424.24,114.91,318.68,0.7559,-1,-1,-1
398,170,436.10,434.69,119.07,297.19,0.7328,-1,-1,-1
398,177,1831.72,467.59,68.50,177.35,0.2406,-1,-1,-1
398,178,315.36,437.65,171.23,358.46,0.8204,-1,-1,-1
398,188,129.62,436.33,141.55,360.14,0.7496,-1,-1,-1
398,198,801.33,470.13,33.67,77.00,0.2135,-1,-1,-1
398,201,1091.07,430.68,56.19,96.24,0.2112,-1,-1,-1
399,2,1062.11,400.80,247.61,617.31,0.8375,-1,-1,-1
399,119,971.49,415.54,125.58,525.24,0.6614,-1,-1,-1
399,131,912.92,437.11,59.05,173.46,0.5827,-1,-1,-1
399,134,719.18,464.01,56.59,144.96,0.5361,-1,-1,-1
399,159,609.14,429.04,117.97,311.03,0.7882,-1,-1,-1
399,170,452.10,440.47,109.62,291.70,0.6275,-1,-1,-1
399,177,1830.72,468.21,67.61,176.89,0.2415,-1,-1,-1
399,178,315.78,438.49,172.19,358.56,0.8309,-1,-1,-1
399,188,139.83,432.52,150.69,362.20,0.7641,-1,-1,-1
399,198,801.13,471.65,33.28,75.65,0.2198,-1,-1,-1
400,2,1065.59,400.30,242.12,618.62,0.8528,-1,-1,-1
400,119,969.97,413.73,127.41,527.18,0.6565,-1,-1,-1
400,131,910.12,438.12,57.69,170.40,0.5659,-1,-1,-1
400,134,716.93,469.67,53.48,138.18,0.4776,-1,-1,-1
400,159,610.76,421.57,126.64,319.30,0.7794,-1,-1,-1
400,170,462.08,438.81,100.01,290.85,0.7307,-1,-1,-1
400,178,314.24,434.87,174.74,360.88,0.8428,-1,-1,-1
400,188,146.15,433.16,161.53,360.54,0.7803,-1,-1,-1
400,202,1244.93,444.89,45.11,89.89,0.3265,-1,-1,-1
401,2,1067.61,399.44,239.04,619.69,0.8464,-1,-1,-1
401,119,978.48,410.50,123.76,527.25,0.6369,-1,-1,-1
401,131,909.95,437.97,57.31,166.34,0.5768,-1,-1,-1
401,134,713.93,465.88,56.00,146.09,0.4253,-1,-1,-1
401,159,616.35,423.45,134.55,316.89,0.7721,-1,-1,-1
401,170,474.36,445.31,93.41,286.74,0.7209,-1,-1,-1
401,178,321.73,437.14,170.24,355.31,0.8149,-1,-1,-1
401,188,142.08,433.51,167.82,360.89,0.8140,-1,-1,-1
401,202,1244.20,445.63,44.64,88.80,0.3022,-1,-1,-1
402,2,1069.54,399.18,235.41,620.18,0.8370,-1,-1,-1
402,119,980.81,410.56,120.93,527.21,0.6261,-1,-1,-1
402,131,907.78,438.26,60.66,170.39,0.5297,-1,-1,-1
402,134,714.49,462.95,56.12,147.47,0.4926,-1,-1,-1
402,159,620.59,413.61,145.37,327.02,0.8021,-1,-1,-1
402,170,482.45,451.79,90.45,277.01,0.7226,-1,-1,-1
402,178,334.92,445.36,159.46,345.19,0.8264,-1,-1,-1
402,186,1851.13,392.41,64.55,259.97,0.2054,-1,-1,-1
402,188,143.79,436.79,168.53,355.93,0.8097,-1,-1,-1
402,202,1242.35,446.55,43.43,87.04,0.2869,-1,-1,-1
403,2,1073.25,399.71,231.15,619.31,0.8374,-1,-1,-1
403,119,971.26,416.88,123.61,523.90,0.6182,-1,-1,-1
403,131,907.77,441.46,61.90,168.95,0.3596,-1,-1,-1
403,134,715.16,464.69,55.19,145.65,0.4663,-1,-1,-1
403,159,621.70,408.13,154.70,334.65,0.8362,-1,-1,-1
403,170,490.42,444.99,94.32,284.31,0.6044,-1,-1,-1
403,177,1829.12,464.54,68.89,181.85,0.2004,-1,-1,-1
403,178,345.97,451.36,150.22,330.70,0.7465,-1,-1,-1
403,186,1861.24,388.16,61.44,257.89,0.2021,-1,-1,-1
403,188,146.44,440.51,174.98,352.71,0.8039,-1,-1,-1
403,202,1240.68,445.47,43.71,89.23,0.2285,-1,-1,-1
404,2,1075.22,399.83,229.24,620.60,0.8293,-1,-1,-1
404,119,967.76,417.65,127.04,524.60,0.6687,-1,-1,-1
404,131,896.32,448.51,58.01,162.08,0.5255,-1,-1,-1
404,134,713.99,463.18,55.46,148.10,0.4497,-1,-1,-1
404,159,626.67,406.67,159.38,337.11,0.8022,-1,-1,-1
404,170,499.55,439.16,102.57,288.21,0.6404,-1,-1,-1
404,177,1829.43,464.25,69.50,182.88,0.2496,-1,-1,-1
404,178,352.35,441.59,150.48,342.01,0.7213,-1,-1,-1
404,188,152.34,438.54,177.37,350.58,0.8273,-1,-1,-1
404,202,1239.27,444.56,43.18,90.17,0.3165,-1,-1,-1
405,2,1073.39,400.55,220.06,618.50,0.8328,-1,-1,-1
405,119,966.51,416.43,129.64,525.48,0.6856,-1,-1,-1
405,131,893.61,453.81,55.53,156.58,0.4055,-1,-1,-1
405,134,715.24,467.70,53.64,144.13,0.3763,-1,-1,-1
405,159,631.22,417.64,158.85,326.93,0.7875,-1,-1,-1
405,170,504.13,445.50,107.93,282.53,0.6790,-1,-1,-1
405,177,1831.75,467.40,68.17,177.91,0.2318,-1,-1,-1
405,178,368.53,435.40,140.15,341.26,0.7012,-1,-1,-1
405,188,153.47,436.31,176.24,351.27,0.8182,-1,-1,-1
405,202,1239.45,445.22,42.17,89.82,0.2982,-1,-1,-1
406,2,1072.80,398.75,215.69,621.24,0.8325,-1,-1,-1
406,119,963.82,415.73,132.09,525.95,0.6971,-1,-1,-1
406,131,891.92,455.19,54.36,153.28,0.3649,-1,-1,-1
406,134,715.99,467.00,53.46,145.47,0.2251,-1,-1,-1
406,159,635.35,423.92,159.08,319.59,0.7930,-1,-1,-1
406,170,505.10,449.24,110.73,278.21,0.6744,-1,-1,-1
406,177,1830.93,465.46,68.90,179.01,0.2365,-1,-1,-1
406,178,384.59,433.43,127.79,337.82,0.7057,-1,-1,-1
406,188,156.66,435.64,173.83,353.31,0.8076,-1,-1,-1
406,202,1238.85,445.47,41.89,90.98,0.2226,-1,-1,-1
407,2,1072.12,396.03,210.29,622.82,0.8346,-1,-1,-1
407,119,960.42,418.25,134.09,522.92,0.7252,-1,-1,-1
407,131,889.37,458.52,53.43,149.61,0.3129,-1,-1,-1
407,159,634.97,414.41,161.94,329.70,0.8541,-1,-1,-1
407,170,501.18,445.78,121.90,286.07,0.7084,-1,-1,-1
407,177,1830.37,467.65,69.02,177.88,0.2954,-1,-1,-1
407,178,398.54,434.56,118.61,335.72,0.6730,-1,-1,-1
407,188,169.54,432.58,168.94,356.70,0.8026,-1,-1,-1
407,202,1239.04,444.55,42.16,94.31,0.3275,-1,-1,-1
408,2,1070.30,397.95,206.83,622.32,0.8385,-1,-1,-1
408,119,961.22,417.15,135.37,523.79,0.7100,-1,-1,-1
408,131,881.48,454.87,57.02,155.09,0.4983,-1,-1,-1
408,159,640.44,419.66,158.03,325.43,0.8466,-1,-1,-1
408,170,504.67,438.14,130.17,291.89,0.7524,-1,-1,-1
408,177,1829.90,463.86,72.54,184.94,0.3109,-1,-1,-1
408,178,399.33,433.62,116.46,336.92,0.6180,-1,-1,-1
408,188,182.86,433.48,158.91,350.78,0.7955,-1,-1,-1
408,202,1239.94,445.74,40.67,92.97,0.2568,-1,-1,-1
409,2,1071.56,399.56,202.68,619.42,0.8396,-1,-1,-1
409,119,961.40,416.81,136.75,523.48,0.7043,-1,-1,-1
409,131,876.23,444.63,62.18,166.17,0.6134,-1,-1,-1
409,159,641.97,417.69,157.33,326.91,0.8314,-1,-1,-1
409,170,501.22,435.19,135.98,295.18,0.7531,-1,-1,-1
409,177,1830.13,463.58,74.48,186.95,0.3068,-1,-1,-1
409,178,398.29,438.60,116.70,330.97,0.6158,-1,-1,-1
409,188,198.45,436.99,146.40,333.79,0.7232,-1,-1,-1
409,202,1238.98,446.02,40.67,95.56,0.3696,-1,-1,-1
410,2,1069.78,397.89,197.30,621.09,0.8459,-1,-1,-1
410,119,960.82,419.59,136.50,520.16,0.7095,-1,-1,-1
410,131,875.31,445.37,61.86,165.77,0.5701,-1,-1,-1
410,159,642.78,410.22,158.74,334.55,0.8197,-1,-1,-1
410,170,512.97,440.10,128.82,281.38,0.7308,-1,-1,-1
410,177,1831.13,462.96,74.52,187.39,0.2364,-1,-1,-1
410,178,419.33,439.30,116.55,331.36,0.5810,-1,-1,-1
410,188,215.23,435.49,141.35,335.92,0.6605,-1,-1,-1
410,202,1238.80,444.97,39.66,95.57,0.3120,-1,-1,-1
410,204,925.71,448.30,55.11,162.28,0.3888,-1,-1,-1
411,2,1068.46,398.28,191.46,620.63,0.8467,-1,-1,-1
411,119,959.91,421.58,137.21,517.63,0.7181,-1,-1,-1
411,131,874.70,441.29,63.04,169.84,0.5405,-1,-1,-1
411,159,644.65,418.62,154.14,323.18,0.8265,-1,-1,-1
411,170,518.86,441.47,125.80,281.71,0.6931,-1,-1,-1
411,177,1830.31,460.77,75.48,190.21,0.2020,-1,-1,-1
411,178,431.71,435.86,123.36,331.55,0.6693,-1,-1,-1
411,188,233.36,426.32,138.17,343.18,0.5464,-1,-1,-1
411,202,1239.07,444.66,37.13,89.97,0.3015,-1,-1,-1
411,204,925.33,447.33,55.31,162.50,0.2911,-1,-1,-1
412,2,1069.53,400.48,188.97,617.68,0.8433,-1,-1,-1
412,119,962.24,421.85,136.91,518.27,0.6861,-1,-1,-1
412,131,873.08,441.24,61.21,167.28,0.5160,-1,-1,-1
412,159,642.31,402.52,159.42,340.75,0.8270,-1,-1,-1
412,170,525.20,436.98,122.14,283.85,0.7386,-1,-1,-1
412,177,1830.30,462.43,74.59,188.10,0.2068,-1,-1,-1
412,178,427.70,436.02,132.08,331.93,0.6617,-1,-1,-1
412,188,252.06,426.54,125.84,343.66,0.7140,-1,-1,-1
412,202,1238.64,445.76,35.47,86.64,0.3086,-1,-1,-1
413,2,1070.41,402.09,187.76,616.59,0.8518,-1,-1,-1
413,119,960.12,421.45,138.52,518.51,0.7356,-1,-1,-1
413,131,873.18,440.10,60.09,167.43,0.4901,-1,-1,-1
413,159,646.52,409.37,154.27,331.62,0.8040,-1,-1,-1
413,170,541.61,436.19,116.97,283.24,0.6168,-1,-1,-1
413,177,1829.81,462.70,74.44,187.78,0.2474,-1,-1,-1
413,178,442.47,434.73,140.04,331.88,0.7118,-1,-1,-1
413,188,261.17,426.25,120.83,345.53,0.7255,-1,-1,-1
413,204,925.13,448.39,46.24,135.73,0.2106,-1,-1,-1
414,2,1065.95,405.26,189.57,613.91,0.8609,-1,-1,-1
414,119,961.89,421.31,137.53,516.54,0.6944,-1,-1,-1
414,131,869.55,440.22,58.46,167.76,0.5951,-1,-1,-1
414,159,653.69,425.69,145.95,314.95,0.8022,-1,-1,-1
414,170,550.97,438.01,111.03,282.16,0.6543,-1,-1,-1
414,177,1831.24,461.81,75.08,188.93,0.2241,-1,-1,-1
414,178,442.65,437.85,146.23,328.60,0.7424,-1,-1,-1
414,188,267.00,424.40,119.66,348.31,0.6973,-1,-1,-1
415,2,1064.50,409.00,191.15,610.37,0.8578,-1,-1,-1
415,119,962.37,419.06,136.19,519.47,0.7134,-1,-1,-1
415,131,869.58,441.36,54.97,166.61,0.7087,-1,-1,-1
415,159,657.00,426.60,144.15,314.70,0.8065,-1,-1,-1
415,170,552.73,433.52,109.11,288.19,0.6031,-1,-1,-1
415,177,1830.47,461.02,75.35,189.89,0.2728,-1,-1,-1
415,178,438.23,439.38,152.37,327.38,0.7651,-1,-1,-1
415,188,278.39,433.87,117.54,338.33,0.6670,-1,-1,-1
416,2,1062.40,412.14,194.46,607.63,0.8636,-1,-1,-1
416,119,962.70,418.89,134.71,519.73,0.7053,-1,-1,-1
416,131,868.41,440.44,54.09,165.96,0.6147,-1,-1,-1
416,159,666.64,432.89,136.42,304.96,0.7948,-1,-1,-1
416,170,563.83,433.91,100.36,286.49,0.7329,-1,-1,-1
416,177,1829.29,459.23,75.49,191.47,0.2519,-1,-1,-1
416,178,435.27,442.01,156.36,325.10,0.8113,-1,-1,-1
416,188,286.83,437.80,115.62,332.59,0.7308,-1,-1,-1
416,206,1170.53,407.82,114.29,255.84,0.2277,-1,-1,-1
417,2,1062.86,408.34,197.17,612.31,0.8532,-1,-1,-1
417,119,966.93,416.56,132.45,518.20,0.6690,-1,-1,-1
417,131,867.02,438.78,53.61,167.15,0.6314,-1,-1,-1
417,159,673.08,421.49,132.88,312.27,0.8033,-1,-1,-1
417,170,567.33,436.59,99.85,282.80,0.6753,-1,-1,-1
417,177,1828.31,458.93,74.24,191.60,0.2815,-1,-1,-1
417,178,437.31,453.62,155.51,313.75,0.7914,-1,-1,-1
417,188,294.14,439.02,118.27,329.53,0.5965,-1,-1,-1
417,207,1000.20,416.92,95.20,222.76,0.2041,-1,-1,-1
418,2,1059.92,403.64,200.17,616.82,0.8571,-1,-1,-1
418,119,966.10,418.26,131.29,520.07,0.6730,-1,-1,-1
418,131,865.99,439.84,52.12,164.67,0.5207,-1,-1,-1
418,159,677.54,408.38,131.54,322.81,0.7850,-1,-1,-1
418,170,582.05,436.60,97.68,281.83,0.7152,-1,-1,-1
418,177,1830.63,460.51,73.44,189.95,0.2814,-1,-1,-1
418,178,435.49,444.47,157.15,321.42,0.8079,-1,-1,-1
418,188,296.74,435.10,128.29,333.89,0.6845,-1,-1,-1
419,2,1058.32,408.25,202.79,612.11,0.8490,-1,-1,-1
419,119,968.72,420.14,129.03,516.26,0.6840,-1,-1,-1
419,131,863.13,441.10,50.61,163.64,0.5460,-1,-1,-1
419,159,685.05,404.18,128.32,327.08,0.8005,-1,-1,-1
419,170,586.48,437.53,94.88,279.62,0.7164,-1,-1,-1
419,177,1830.87,459.30,73.28,190.23,0.2532,-1,-1,-1
419,178,439.78,435.78,159.63,327.80,0.8021,-1,-1,-1
419,188,298.11,438.99,140.88,330.50,0.7582,-1,-1,-1
420,2,1057.19,409.70,208.84,611.12,0.8393,-1,-1,-1
420,119,967.92,414.18,129.41,523.32,0.5912,-1,-1,-1
420,131,859.70,443.77,49.77,161.82,0.2577,-1,-1,-1
420,159,692.25,407.84,123.03,322.74,0.7801,-1,-1,-1
420,170,585.69,437.04,96.11,277.47,0.7143,-1,-1,-1
420,177,1830.09,462.96,71.33,186.18,0.3119,-1,-1,-1
420,178,445.44,434.02,156.43,329.15,0.7692,-1,-1,-1
420,188,297.91,443.70,148.67,325.72,0.7818,-1,-1,-1
420,204,922.48,444.49,48.04,139.83,0.3275,-1,-1,-1
420,209,1138.81,414.70,190.49,456.26,0.2031,-1,-1,-1
421,2,1052.68,408.93,212.24,611.83,0.8238,-1,-1,-1
421,119,966.32,411.06,129.09,526.87,0.5960,-1,-1,-1
421,131,856.56,435.36,51.67,170.17,0.4989,-1,-1,-1
421,159,694.29,423.75,115.48,307.25,0.7099,-1,-1,-1
421,170,593.57,439.95,101.96,277.04,0.7297,-1,-1,-1
421,177,1833.23,464.99,71.11,184.48,0.2966,-1,-1,-1
421,178,444.38,433.85,153.68,327.01,0.7421,-1,-1,-1
421,188,294.16,438.21,157.47,330.46,0.7781,-1,-1,-1
421,204,922.17,444.33,48.64,140.51,0.2976,-1,-1,-1
421,209,1136.02,413.56,204.72,498.29,0.3378,-1,-1,-1
422,2,1046.85,405.83,214.41,615.82,0.8181,-1,-1,-1
422,119,966.72,412.67,128.08,525.11,0.5194,-1,-1,-1
422,131,859.39,440.18,48.19,159.01,0.4726,-1,-1,-1
422,159,701.11,436.78,109.13,290.45,0.6475,-1,-1,-1
422,170,600.90,441.18,106.03,276.19,0.7147,-1,-1,-1
422,177,1834.25,466.02,71.10,183.62,0.2930,-1,-1,-1
422,178,453.46,435.64,146.78,325.36,0.6973,-1,-1,-1
422,188,298.24,439.34,172.34,327.72,0.8232,-1,-1,-1
422,204,922.64,444.03,49.05,142.08,0.3061,-1,-1,-1
422,209,1138.04,410.31,202.43,508.16,0.5068,-1,-1,-1
423,2,1047.32,402.42,217.15,620.11,0.8158,-1,-1,-1
423,119,967.50,417.40,126.31,519.47,0.4224,-1,-1,-1
423,131,857.16,438.90,49.70,161.47,0.5986,-1,-1,-1
423,159,705.89,437.51,108.58,290.79,0.6213,-1,-1,-1
423,170,609.30,444.14,110.89,271.86,0.7249,-1,-1,-1
423,177,1833.53,466.36,71.08,183.65,0.3241,-1,-1,-1
423,178,463.94,438.33,136.34,318.26,0.7150,-1,-1,-1
423,188,293.61,435.56,178.45,330.85,0.7820,-1,-1,-1
423,204,923.24,444.45,49.26,142.26,0.4132,-1,-1,-1
423,209,1143.24,411.96,191.72,501.15,0.6562,-1,-1,-1
424,2,1048.02,397.99,218.50,627.11,0.7840,-1,-1,-1
424,119,972.64,473.14,113.84,461.83,0.4158,-1,-1,-1
424,131,851.87,438.80,50.96,163.73,0.5306,-1,-1,-1
424,159,708.24,429.03,110.77,301.17,0.6344,-1,-1,-1
424,170,614.68,443.15,120.14,272.37,0.7741,-1,-1,-1
424,177,1834.71,467.44,70.93,182.71,0.2764,-1,-1,-1
424,178,471.38,437.38,132.51,320.94,0.7190,-1,-1,-1
424,188,300.61,436.75,175.30,327.49,0.7752,-1,-1,-1
424,204,923.20,444.08,49.14,142.02,0.3048,-1,-1,-1
424,209,1141.61,411.96,192.60,510.46,0.5138,-1,-1,-1
425,2,1043.25,396.99,217.25,636.46,0.7193,-1,-1,-1
425,119,975.00,488.12,111.56,445.03,0.5232,-1,-1,-1
425,131,850.09,440.25,49.05,158.37,0.5430,-1,-1,-1
425,159,714.52,417.14,115.22,309.06,0.7297,-1,-1,-1
425,170,614.08,451.06,120.60,264.81,0.7356,-1,-1,-1
425,177,1835.89,464.21,73.10,186.32,0.2612,-1,-1,-1
425,178,481.49,439.39,127.27,318.73,0.6390,-1,-1,-1
425,188,309.20,438.43,170.24,325.15,0.7789,-1,-1,-1
425,204,922.84,446.71,48.75,140.10,0.2820,-1,-1,-1
425,209,1149.52,412.39,187.79,517.26,0.6051,-1,-1,-1
426,2,1044.14,397.52,213.17,640.01,0.7136,-1,-1,-1
426,119,974.43,490.77,112.07,440.54,0.5296,-1,-1,-1
426,131,847.46,438.88,48.71,159.03,0.5964,-1,-1,-1
426,159,714.01,409.54,117.69,316.25,0.7550,-1,-1,-1
426,170,613.53,448.80,125.46,268.85,0.7206,-1,-1,-1
426,177,1840.07,442.70,79.00,203.42,0.2888,-1,-1,-1
426,178,508.10,438.28,118.11,315.15,0.6455,-1,-1,-1
426,188,317.21,432.79,164.67,331.67,0.7909,-1,-1,-1
426,204,921.31,445.72,49.82,142.10,0.3918,-1,-1,-1
426,209,1152.89,411.12,184.43,523.10,0.5898,-1,-1,-1
427,2,1044.35,401.26,204.99,637.70,0.6815,-1,-1,-1
427,119,970.32,443.46,123.21,487.98,0.4410,-1,-1,-1
427,131,843.75,436.85,49.77,162.68,0.4927,-1,-1,-1
427,159,718.27,410.28,115.13,316.70,0.7452,-1,-1,-1
427,170,611.16,450.08,126.78,268.06,0.7150,-1,-1,-1
427,178,510.78,438.72,112.97,315.05,0.6316,-1,-1,-1
427,188,327.75,433.61,156.23,325.02,0.7857,-1,-1,-1
427,204,921.34,448.46,49.35,139.40,0.2646,-1,-1,-1
427,209,1152.19,408.90,185.29,529.75,0.4893,-1,-1,-1
428,2,1047.15,408.04,189.68,615.55,0.6651,-1,-1,-1
428,119,971.98,434.23,123.47,491.33,0.5751,-1,-1,-1
428,131,842.13,442.25,48.46,156.78,0.5171,-1,-1,-1
428,159,725.23,420.81,113.31,307.53,0.7234,-1,-1,-1
428,170,608.50,446.36,128.69,269.05,0.6943,-1,-1,-1
428,178,502.03,437.48,115.07,318.58,0.6649,-1,-1,-1
428,188,343.23,437.67,145.03,314.80,0.7381,-1,-1,-1
428,209,1132.12,411.82,210.96,616.83,0.4302,-1,-1,-1
428,214,1673.70,323.39,258.65,629.80,0.6095,-1,-1,-1
429,2,1050.27,401.97,184.04,617.52,0.6599,-1,-1,-1
429,119,973.95,454.68,119.69,476.77,0.5119,-1,-1,-1
429,159,730.76,436.91,110.16,290.67,0.7136,-1,-1,-1
429,170,615.79,440.13,126.66,273.42,0.7093,-1,-1,-1
429,178,504.64,438.75,117.96,316.48,0.6045,-1,-1,-1
429,188,359.62,438.70,135.86,313.20,0.7167,-1,-1,-1
429,209,1128.45,414.30,215.63,641.69,0.3503,-1,-1,-1
429,214,1648.60,313.46,262.17,629.34,0.4651,-1,-1,-1
429,215,1253.77,430.10,76.48,162.29,0.2332,-1,-1,-1
430,2,1055.35,403.29,180.24,625.54,0.6894,-1,-1,-1
430,119,974.37,444.05,121.03,484.23,0.5744,-1,-1,-1
430,131,838.97,438.81,47.57,155.17,0.3815,-1,-1,-1
430,159,732.19,432.17,114.24,295.21,0.6789,-1,-1,-1
430,170,628.22,441.41,121.48,271.40,0.6002,-1,-1,-1
430,178,520.65,438.02,123.07,317.87,0.5809,-1,-1,-1
430,188,369.09,437.75,125.73,309.31,0.7391,-1,-1,-1
430,209,1131.36,416.16,214.11,647.49,0.3089,-1,-1,-1
430,214,1616.17,311.12,273.92,632.61,0.4808,-1,-1,-1
430,215,1244.33,425.74,107.00,230.52,0.3141,-1,-1,-1
431,2,1059.73,404.73,177.17,632.15,0.6785,-1,-1,-1
431,119,975.74,437.86,121.95,488.91,0.5674,-1,-1,-1
431,131,838.49,440.65,45.82,153.53,0.5894,-1,-1,-1
431,159,729.40,429.38,117.88,298.50,0.6862,-1,-1,-1
431,170,634.18,441.87,115.25,265.04,0.5390,-1,-1,-1
431,178,542.56,442.34,123.04,312.69,0.6325,-1,-1,-1
431,188,377.75,438.12,119.17,306.44,0.7315,-1,-1,-1
431,209,1127.91,416.84,213.52,657.24,0.3020,-1,-1,-1
431,214,1561.43,302.89,334.26,711.73,0.7127,-1,-1,-1
431,215,1244.58,423.43,116.62,256.39,0.3473,-1,-1,-1
432,2,1068.70,408.16,175.34,630.71,0.7298,-1,-1,-1
432,119,977.33,444.41,121.04,484.65,0.5618,-1,-1,-1
432,131,836.90,442.76,45.31,150.66,0.6309,-1,-1,-1
432,159,728.98,422.18,121.14,304.13,0.6500,-1,-1,-1
432,170,644.55,447.76,106.97,255.55,0.4656,-1,-1,-1
432,178,550.59,441.46,126.97,314.26,0.6603,-1,-1,-1
432,188,382.88,440.28,117.32,309.37,0.7039,-1,-1,-1
432,209,1178.92,411.24,142.05,418.81,0.5699,-1,-1,-1
432,214,1511.85,300.48,388.77,718.83,0.8262,-1,-1,-1
432,215,1251.37,420.68,115.84,261.36,0.4260,-1,-1,-1
433,2,1073.76,409.68,168.69,610.52,0.7190,-1,-1,-1
433,119,979.96,425.30,126.09,503.09,0.5648,-1,-1,-1
433,131,834.89,438.65,47.00,155.84,0.6025,-1,-1,-1
433,159,733.92,428.00,118.91,296.81,0.6890,-1,-1,-1
433,170,655.00,446.59,104.35,256.66,0.4254,-1,-1,-1
433,178,549.22,442.95,132.55,314.15,0.6804,-1,-1,-1
433,188,392.64,441.34,114.72,306.36,0.6749,-1,-1,-1
433,209,1190.18,413.23,137.73,388.25,0.6475,-1,-1,-1
433,214,1472.48,304.57,419.14,713.84,0.7812,-1,-1,-1
433,215,1256.28,417.61,115.63,265.95,0.3078,-1,-1,-1
434,2,1079.69,402.39,151.25,543.37,0.4757,-1,-1,-1
434,119,984.19,422.56,131.68,518.35,0.6454,-1,-1,-1
434,131,833.50,438.30,45.89,151.98,0.2681,-1,-1,-1
434,159,736.09,417.07,121.40,308.85,0.6974,-1,-1,-1
434,170,661.41,449.19,101.11,253.78,0.4118,-1,-1,-1
434,177,1833.71,462.06,73.23,187.40,0.2091,-1,-1,-1
434,178,549.43,446.24,135.59,310.44,0.7808,-1,-1,-1
434,188,400.41,440.77,113.07,306.48,0.6780,-1,-1,-1
434,209,1194.83,407.36,119.51,332.53,0.4598,-1,-1,-1
434,214,1428.24,302.93,439.49,709.47,0.7402,-1,-1,-1
434,215,1256.78,418.26,123.93,296.08,0.3890,-1,-1,-1
435,2,1102.57,404.98,124.20,401.72,0.6218,-1,-1,-1
435,119,989.25,417.92,128.89,487.81,0.7034,-1,-1,-1
435,159,741.75,423.30,115.97,300.81,0.6921,-1,-1,-1
435,170,673.81,434.28,101.39,270.17,0.5281,-1,-1,-1
435,177,1833.52,466.59,72.16,183.01,0.2775,-1,-1,-1
435,178,549.11,444.65,140.40,311.89,0.7973,-1,-1,-1
435,188,411.75,436.47,111.84,312.32,0.7632,-1,-1,-1
435,209,1200.29,404.70,113.90,303.73,0.6141,-1,-1,-1
435,214,1377.32,302.19,439.89,707.45,0.4196,-1,-1,-1
435,215,1265.38,418.74,118.47,301.07,0.5583,-1,-1,-1
436,2,1102.52,411.60,136.66,411.72,0.6527,-1,-1,-1
436,119,1008.48,419.52,111.01,393.56,0.6308,-1,-1,-1
436,131,829.55,437.00,46.15,153.02,0.2431,-1,-1,-1
436,159,748.70,425.33,111.23,295.34,0.6587,-1,-1,-1
436,170,686.07,436.40,98.08,272.62,0.4706,-1,-1,-1
436,177,1833.65,465.05,72.19,183.21,0.2236,-1,-1,-1
436,178,546.47,440.79,144.61,315.54,0.7819,-1,-1,-1
436,188,415.28,436.84,111.85,311.84,0.7577,-1,-1,-1
436,209,1186.72,409.62,141.84,383.92,0.5846,-1,-1,-1
436,214,1307.18,312.68,442.10,697.45,0.8391,-1,-1,-1
437,2,1100.13,402.25,148.86,438.38,0.6934,-1,-1,-1
437,119,1007.38,420.94,118.76,397.93,0.6794,-1,-1,-1
437,159,751.45,414.59,111.81,304.43,0.5656,-1,-1,-1
437,170,697.04,431.25,95.77,278.44,0.4958,-1,-1,-1
437,177,1833.79,464.59,72.27,182.51,0.2828,-1,-1,-1
437,178,547.11,439.61,146.56,318.08,0.7817,-1,-1,-1
437,188,417.33,439.13,115.02,312.61,0.7785,-1,-1,-1
437,209,1205.55,405.27,121.58,318.80,0.5317,-1,-1,-1
437,214,1213.00,321.26,459.33,697.81,0.8074,-1,-1,-1
438,2,1100.47,393.46,156.66,458.92,0.8134,-1,-1,-1
438,119,1006.24,423.86,125.65,408.91,0.6851,-1,-1,-1
438,159,760.61,414.39,107.86,304.41,0.5399,-1,-1,-1
438,170,703.96,429.78,94.24,280.44,0.5464,-1,-1,-1
438,177,1834.60,464.57,72.05,181.50,0.2914,-1,-1,-1
438,178,549.18,442.28,145.27,310.72,0.7833,-1,-1,-1
438,188,420.46,432.52,119.03,318.34,0.8063,-1,-1,-1
438,214,1181.43,329.56,447.04,697.21,0.7261,-1,-1,-1
439,2,1104.65,425.32,148.11,431.45,0.5200,-1,-1,-1
439,119,1002.24,422.09,134.45,428.26,0.7031,-1,-1,-1
439,159,767.49,434.94,98.56,282.93,0.5399,-1,-1,-1
439,170,707.72,436.34,91.98,275.27,0.4631,-1,-1,-1
439,177,1832.01,465.65,71.31,181.20,0.3627,-1,-1,-1
439,178,550.25,439.08,147.15,315.01,0.7897,-1,-1,-1
439,188,426.40,440.26,118.40,306.76,0.7597,-1,-1,-1
439,214,1138.89,335.82,427.77,698.87,0.7738,-1,-1,-1
440,119,1000.42,424.60,143.41,444.36,0.7794,-1,-1,-1
440,159,770.07,442.34,94.21,274.34,0.5876,-1,-1,-1
440,170,708.42,438.81,90.07,272.36,0.5185,-1,-1,-1
440,177,1830.69,466.17,69.48,179.68,0.4016,-1,-1,-1
440,178,551.10,441.25,146.61,313.24,0.7787,-1,-1,-1
440,188,430.55,438.52,119.38,305.08,0.7012,-1,-1,-1
440,206,1106.14,492.18,114.52,257.95,0.2855,-1,-1,-1
440,214,1088.59,354.75,405.37,676.87,0.7385,-1,-1,-1
441,119,1002.99,433.74,131.46,404.88,0.4463,-1,-1,-1
441,159,772.88,435.11,93.28,276.62,0.5722,-1,-1,-1
441,170,715.54,447.54,90.42,263.99,0.5608,-1,-1,-1
441,177,1832.75,466.35,70.22,181.88,0.3999,-1,-1,-1
441,178,551.76,441.19,146.13,312.51,0.7495,-1,-1,-1
441,188,436.09,438.96,117.33,301.69,0.6945,-1,-1,-1
441,214,1034.63,359.43,389.60,669.23,0.7502,-1,-1,-1
442,119,1010.93,444.47,105.76,320.26,0.2675,-1,-1,-1
442,159,775.39,428.71,93.65,280.93,0.5486,-1,-1,-1
442,170,721.10,448.92,95.89,263.28,0.5509,-1,-1,-1
442,177,1832.64,465.99,69.67,182.05,0.3562,-1,-1,-1
442,178,559.65,439.23,141.87,309.73,0.7671,-1,-1,-1
442,188,438.93,436.98,116.87,309.92,0.6985,-1,-1,-1
442,214,994.83,365.89,368.77,653.22,0.7934,-1,-1,-1
443,159,779.94,427.20,90.92,283.74,0.6363,-1,-1,-1
443,170,717.92,443.40,101.36,267.96,0.5487,-1,-1,-1
443,177,1833.67,466.03,69.19,181.37,0.2923,-1,-1,-1
443,178,565.37,437.83,138.06,311.35,0.7965,-1,-1,-1
443,188,447.61,441.05,110.92,301.51,0.7198,-1,-1,-1
443,214,953.56,362.53,357.74,651.57,0.8090,-1,-1,-1
443,219,341.52,470.22,91.06,170.74,0.4138,-1,-1,-1
443,221,1314.06,431.97,143.83,326.74,0.6962,-1,-1,-1
444,159,785.23,431.21,89.13,279.80,0.5137,-1,-1,-1
444,170,721.14,443.15,109.04,267.80,0.5969,-1,-1,-1
444,177,1834.32,466.74,69.13,181.41,0.3260,-1,-1,-1
444,178,575.67,436.79,130.98,307.75,0.7457,-1,-1,-1
444,188,458.67,435.02,106.63,305.17,0.7627,-1,-1,-1
444,214,910.96,361.16,346.46,650.67,0.8144,-1,-1,-1
444,219,335.26,496.20,77.51,142.88,0.2431,-1,-1,-1
444,221,1314.37,432.75,145.06,330.03,0.6649,-1,-1,-1
445,159,785.73,437.99,88.61,275.21,0.5027,-1,-1,-1
445,170,708.75,445.91,105.27,262.70,0.4187,-1,-1,-1
445,177,1834.42,467.98,69.08,179.93,0.2896,-1,-1,-1
445,178,582.71,438.23,124.23,306.28,0.7545,-1,-1,-1
445,188,467.79,433.77,103.37,300.07,0.7620,-1,-1,-1
445,209,1233.20,429.76,137.52,367.26,0.4094,-1,-1,-1
445,214,872.72,348.66,347.44,660.64,0.7808,-1,-1,-1
445,221,1322.79,432.90,140.27,327.91,0.7329,-1,-1,-1
445,223,414.93,469.43,41.28,101.10,0.2939,-1,-1,-1
445,224,1170.51,411.02,158.74,503.02,0.5939,-1,-1,-1
446,159,789.77,427.68,90.61,284.05,0.5665,-1,-1,-1
446,170,714.32,452.07,104.01,256.82,0.4560,-1,-1,-1
446,177,1833.31,469.46,68.93,178.67,0.3498,-1,-1,-1
446,178,596.42,439.37,116.06,302.71,0.6878,-1,-1,-1
446,188,471.46,434.90,102.36,292.26,0.7215,-1,-1,-1
446,209,1232.68,429.33,143.55,402.71,0.4972,-1,-1,-1
446,214,840.89,340.96,337.49,654.17,0.7818,-1,-1,-1
446,221,1329.02,432.10,135.84,328.84,0.7050,-1,-1,-1
446,223,417.76,474.54,39.50,96.43,0.3099,-1,-1,-1
446,224,1134.03,427.83,198.54,634.15,0.7608,-1,-1,-1
447,159,790.31,430.98,86.64,273.26,0.2874,-1,-1,-1
447,170,716.87,451.85,103.64,255.76,0.3903,-1,-1,-1
447,177,1832.38,469.97,68.52,177.87,0.2773,-1,-1,-1
447,178,602.29,431.93,113.50,310.17,0.6748,-1,-1,-1
447,188,474.66,430.12,104.61,296.34,0.6842,-1,-1,-1
447,207,1059.86,420.44,132.85,355.23,0.4470,-1,-1,-1
447,209,1229.19,423.98,145.65,417.33,0.3010,-1,-1,-1
447,214,800.77,331.99,336.86,654.13,0.7791,-1,-1,-1
447,221,1335.07,430.82,131.99,329.46,0.6710,-1,-1,-1
447,223,415.51,474.81,39.93,97.87,0.2302,-1,-1,-1
447,224,1129.25,414.67,200.74,656.62,0.7876,-1,-1,-1
448,170,732.57,444.32,110.38,264.52,0.4134,-1,-1,-1
448,177,1833.02,469.38,69.38,178.78,0.2747,-1,-1,-1
448,178,601.40,434.85,112.49,309.33,0.6110,-1,-1,-1
448,188,484.72,435.14,100.16,282.32,0.5837,-1,-1,-1
448,207,1042.65,421.42,160.24,493.43,0.5333,-1,-1,-1
448,209,1242.06,422.78,129.12,368.69,0.3707,-1,-1,-1
448,214,770.46,331.87,332.68,642.96,0.7764,-1,-1,-1
448,221,1340.92,420.24,128.91,342.65,0.7803,-1,-1,-1
448,223,414.85,473.59,40.54,99.69,0.2388,-1,-1,-1
448,224,1136.24,421.10,198.49,651.07,0.7741,-1,-1,-1
448,231,285.40,509.27,111.14,134.25,0.3313,-1,-1,-1
449,177,1832.41,469.58,70.11,179.26,0.3385,-1,-1,-1
449,178,622.11,435.05,107.77,307.89,0.5933,-1,-1,-1
449,188,486.13,438.07,102.41,282.73,0.7027,-1,-1,-1
449,207,1029.23,420.65,161.34,534.28,0.8014,-1,-1,-1
449,209,1247.75,419.01,117.91,330.74,0.5114,-1,-1,-1
449,214,732.03,331.92,334.39,646.68,0.7325,-1,-1,-1
449,221,1345.41,420.79,123.72,340.60,0.7499,-1,-1,-1
449,223,414.69,473.11,40.25,99.47,0.2572,-1,-1,-1
449,224,1138.75,427.00,194.12,642.60,0.7308,-1,-1,-1
449,231,277.39,506.54,113.29,139.16,0.3287,-1,-1,-1
450,177,1833.66,468.40,71.18,180.27,0.3340,-1,-1,-1
450,178,629.59,435.04,100.62,301.75,0.6590,-1,-1,-1
450,188,486.22,435.52,104.93,287.03,0.6994,-1,-1,-1
450,207,1032.01,413.98,163.11,548.83,0.7720,-1,-1,-1
450,209,1253.65,424.85,116.79,328.96,0.2411,-1,-1,-1
450,214,700.07,337.31,327.77,631.17,0.7554,-1,-1,-1
450,221,1350.83,420.73,122.31,340.03,0.7539,-1,-1,-1
450,223,415.36,473.64,39.89,98.85,0.3013,-1,-1,-1
450,224,1148.43,419.67,206.27,644.63,0.8143,-1,-1,-1
450,231,276.62,519.52,102.17,127.10,0.3504,-1,-1,-1
451,177,1835.97,467.27,73.26,182.74,0.2801,-1,-1,-1
451,178,638.41,439.40,94.54,299.40,0.6660,-1,-1,-1
451,188,495.07,433.83,110.49,291.56,0.6379,-1,-1,-1
451,207,1034.96,411.98,162.04,551.15,0.7848,-1,-1,-1
451,209,1256.50,426.10,115.15,326.26,0.2700,-1,-1,-1
451,214,663.38,341.45,333.15,640.45,0.7167,-1,-1,-1
451,221,1352.26,417.57,125.31,346.51,0.7263,-1,-1,-1
451,223,415.06,473.28,40.09,99.52,0.2133,-1,-1,-1
451,224,1146.44,418.25,235.31,649.27,0.8218,-1,-1,-1
451,231,271.27,520.68,94.74,118.80,0.2216,-1,-1,-1
452,177,1834.79,466.07,72.59,182.27,0.2407,-1,-1,-1
452,178,643.48,460.07,78.91,250.42,0.2748,-1,-1,-1
452,188,494.96,433.46,117.35,290.92,0.7212,-1,-1,-1
452,207,1040.53,414.63,160.31,547.24,0.7996,-1,-1,-1
452,214,636.22,350.09,327.40,635.33,0.7140,-1,-1,-1
452,221,1359.92,417.46,126.38,346.75,0.7839,-1,-1,-1
452,223,415.06,470.95,40.78,101.76,0.2983,-1,-1,-1
452,224,1118.61,415.58,255.92,653.08,0.7161,-1,-1,-1
452,234,607.01,478.48,57.10,162.47,0.2733,-1,-1,-1
453,177,1833.09,463.76,73.13,185.04,0.2480,-1,-1,-1
453,188,499.70,437.43,117.80,285.64,0.7166,-1,-1,-1
453,207,1045.44,415.31,155.31,543.17,0.7940,-1,-1,-1
453,214,586.33,361.47,350.34,678.36,0.5391,-1,-1,-1
453,221,1366.13,418.00,124.83,345.46,0.8186,-1,-1,-1
453,223,415.98,470.29,40.43,101.16,0.2455,-1,-1,-1
453,224,1162.92,416.29,268.25,644.21,0.8064,-1,-1,-1
453,234,615.23,476.80,56.15,161.49,0.3523,-1,-1,-1
454,177,1836.46,464.90,74.31,185.21,0.2192,-1,-1,-1
454,188,502.55,438.23,111.51,284.06,0.7768,-1,-1,-1
454,207,1048.88,416.29,154.73,538.53,0.7732,-1,-1,-1
454,214,550.43,372.02,346.41,653.02,0.6761,-1,-1,-1
454,221,1369.57,417.87,126.35,349.58,0.8185,-1,-1,-1
454,223,417.23,467.82,40.64,102.33,0.3445,-1,-1,-1
454,224,1156.82,408.37,286.28,662.02,0.7958,-1,-1,-1
454,236,377.38,467.69,52.81,104.61,0.2482,-1,-1,-1
455,159,815.93,420.59,84.63,288.25,0.6186,-1,-1,-1
455,188,509.55,453.62,99.77,262.87,0.6617,-1,-1,-1
455,207,1058.22,419.16,161.97,542.41,0.7694,-1,-1,-1
455,214,514.00,389.60,339.74,621.50,0.6355,-1,-1,-1
455,221,1372.99,418.99,127.68,348.77,0.8235,-1,-1,-1
455,223,417.08,466.86,41.05,103.75,0.3154,-1,-1,-1
455,224,1155.88,420.57,287.82,656.53,0.7103,-1,-1,-1
455,236,377.34,464.58,54.32,108.12,0.2484,-1,-1,-1
456,159,812.92,419.97,87.30,289.82,0.5994,-1,-1,-1
456,207,1059.26,421.10,164.18,540.20,0.7770,-1,-1,-1
456,214,468.00,393.32,363.29,652.99,0.7101,-1,-1,-1
456,221,1376.34,420.16,130.60,354.06,0.8206,-1,-1,-1
456,223,416.44,467.99,41.16,103.85,0.3586,-1,-1,-1
456,224,1157.27,424.53,293.72,653.55,0.7526,-1,-1,-1
456,236,377.89,463.62,54.44,109.51,0.3278,-1,-1,-1
456,239,239.36,516.31,88.88,120.94,0.2716,-1,-1,-1
457,159,808.51,411.62,93.53,297.46,0.6822,-1,-1,-1
457,177,1834.17,467.17,74.97,184.79,0.2020,-1,-1,-1
457,207,1062.23,421.09,164.48,541.39,0.8057,-1,-1,-1
457,214,417.04,395.28,365.92,645.95,0.6782,-1,-1,-1
457,221,1379.15,420.78,134.16,358.24,0.8461,-1,-1,-1
457,223,416.82,470.69,40.51,101.11,0.3422,-1,-1,-1
457,224,1148.95,411.70,292.61,663.65,0.8215,-1,-1,-1
457,236,378.39,464.92,53.21,108.26,0.2874,-1,-1,-1
457,239,233.38,514.18,85.64,115.33,0.3940,-1,-1,-1
458,159,810.47,416.35,93.69,291.50,0.6733,-1,-1,-1
458,177,1832.97,453.76,81.04,198.35,0.2218,-1,-1,-1
458,178,685.16,442.07,89.39,287.75,0.4967,-1,-1,-1
458,207,1068.63,419.17,161.07,538.27,0.8052,-1,-1,-1
458,214,380.48,391.49,386.48,675.67,0.7577,-1,-1,-1
458,221,1387.35,422.17,134.18,359.14,0.8286,-1,-1,-1
458,223,415.96,471.58,40.32,100.42,0.2664,-1,-1,-1
458,224,1155.13,415.28,296.54,659.49,0.8403,-1,-1,-1
458,236,378.04,465.48,52.36,107.55,0.2636,-1,-1,-1
458,239,222.97,518.07,88.01,117.65,0.4046,-1,-1,-1
459,159,816.81,420.89,89.10,282.84,0.5964,-1,-1,-1
459,177,1831.39,444.13,84.84,207.17,0.2297,-1,-1,-1
459,178,693.09,443.07,96.00,290.57,0.4897,-1,-1,-1
459,207,1074.93,418.45,160.41,544.89,0.7695,-1,-1,-1
459,214,343.62,386.51,394.25,686.30,0.8429,-1,-1,-1
459,221,1395.73,424.23,141.23,361.32,0.8361,-1,-1,-1
459,224,1159.67,415.15,305.77,660.46,0.8347,-1,-1,-1
459,236,378.68,466.97,51.07,106.01,0.3061,-1,-1,-1
459,239,210.92,521.12,93.22,124.25,0.3796,-1,-1,-1
460,159,821.98,423.47,87.59,277.75,0.5387,-1,-1,-1
460,177,1832.26,446.02,84.31,205.17,0.2571,-1,-1,-1
460,178,679.21,440.75,112.40,294.67,0.6883,-1,-1,-1
460,207,1084.26,419.00,158.08,546.54,0.7160,-1,-1,-1
460,214,311.50,386.04,392.56,676.58,0.6813,-1,-1,-1
460,221,1403.42,424.07,151.77,363.39,0.8448,-1,-1,-1
460,224,1159.18,412.13,306.16,661.15,0.8424,-1,-1,-1
460,239,205.42,521.79,88.53,116.40,0.4020,-1,-1,-1
461,159,821.21,415.22,92.40,285.97,0.5822,-1,-1,-1
461,177,1833.06,448.03,83.74,203.04,0.2015,-1,-1,-1
461,178,661.80,439.49,130.58,298.29,0.7445,-1,-1,-1
461,207,1097.43,423.07,157.48,553.14,0.7144,-1,-1,-1
461,214,278.37,368.07,406.36,706.78,0.8020,-1,-1,-1
461,221,1404.58,425.76,159.35,364.56,0.8553,-1,-1,-1
461,224,1160.13,410.64,307.43,666.00,0.8619,-1,-1,-1
461,239,196.42,521.26,88.81,115.67,0.2783,-1,-1,-1
462,159,815.12,412.19,96.61,290.82,0.6093,-1,-1,-1
462,177,1834.96,459.91,79.73,190.51,0.2820,-1,-1,-1
462,178,666.77,439.98,130.76,297.40,0.6930,-1,-1,-1
462,188,559.05,434.37,99.39,276.03,0.5542,-1,-1,-1
462,207,1098.57,419.56,158.93,555.42,0.7319,-1,-1,-1
462,214,252.08,367.52,400.75,705.68,0.7669,-1,-1,-1
462,221,1405.15,425.99,162.70,365.84,0.8152,-1,-1,-1
462,224,1157.62,403.43,311.29,671.39,0.8665,-1,-1,-1
463,131,775.59,446.69,44.65,141.02,0.4060,-1,-1,-1
463,159,814.83,411.23,100.21,291.25,0.5966,-1,-1,-1
463,177,1834.98,459.60,80.11,189.41,0.2872,-1,-1,-1
463,178,670.66,439.21,126.52,295.82,0.6768,-1,-1,-1
463,188,564.79,432.69,96.85,276.71,0.7023,-1,-1,-1
463,207,1101.83,415.73,158.49,556.36,0.7728,-1,-1,-1
463,214,249.70,360.96,392.79,711.18,0.7795,-1,-1,-1
463,221,1406.84,431.57,166.76,366.32,0.8299,-1,-1,-1
463,224,1159.93,402.71,310.18,672.72,0.8028,-1,-1,-1
464,131,774.43,445.96,45.50,140.18,0.5096,-1,-1,-1
464,159,815.19,412.25,104.48,291.82,0.6319,-1,-1,-1
464,177,1834.31,464.48,78.63,183.67,0.2937,-1,-1,-1
464,178,679.29,438.62,120.95,291.53,0.6808,-1,-1,-1
464,188,571.31,432.61,94.53,274.39,0.6955,-1,-1,-1
464,207,1105.19,411.64,162.26,564.65,0.7788,-1,-1,-1
464,214,225.35,357.50,390.53,713.18,0.8127,-1,-1,-1
464,221,1413.34,425.45,165.82,374.23,0.8498,-1,-1,-1
464,224,1165.60,401.73,305.59,672.23,0.7970,-1,-1,-1
465,159,821.45,412.96,103.97,290.86,0.6263,-1,-1,-1
465,177,1832.38,455.74,82.98,193.10,0.2134,-1,-1,-1
465,178,683.60,439.06,118.86,291.61,0.6241,-1,-1,-1
465,188,567.67,430.90,97.78,276.36,0.6809,-1,-1,-1
465,207,1107.39,417.41,159.47,557.55,0.7699,-1,-1,-1
465,214,204.02,362.22,389.99,705.02,0.7816,-1,-1,-1
465,221,1419.74,422.45,161.17,379.44,0.8425,-1,-1,-1
465,224,1182.38,402.52,292.25,674.52,0.8342,-1,-1,-1
466,159,824.79,408.92,105.37,296.09,0.6718,-1,-1,-1
466,177,1832.57,456.29,83.13,192.47,0.2377,-1,-1,-1
466,178,705.57,438.49,115.40,291.44,0.6405,-1,-1,-1
466,188,565.26,430.28,101.50,278.02,0.6879,-1,-1,-1
466,207,1108.98,421.90,161.24,550.10,0.7764,-1,-1,-1
466,214,161.28,368.05,392.69,703.08,0.7489,-1,-1,-1
466,221,1430.07,419.65,152.29,383.31,0.8450,-1,-1,-1
466,224,1193.17,403.25,282.08,672.53,0.8168,-1,-1,-1
466,247,514.18,448.93,71.80,192.40,0.3988,-1,-1,-1
467,159,827.02,407.43,103.32,297.70,0.6768,-1,-1,-1
467,178,715.65,440.51,108.90,290.66,0.6692,-1,-1,-1
467,188,569.56,428.44,101.86,279.74,0.6872,-1,-1,-1
467,207,1112.80,428.01,163.87,545.51,0.7268,-1,-1,-1
467,214,136.21,371.79,397.33,699.21,0.8542,-1,-1,-1
467,221,1444.65,420.07,144.70,384.54,0.8018,-1,-1,-1
467,224,1214.00,405.52,271.19,661.16,0.7362,-1,-1,-1
467,247,506.89,457.12,68.77,181.42,0.3581,-1,-1,-1
468,159,829.12,406.89,101.19,297.71,0.6697,-1,-1,-1
468,177,1832.91,457.44,82.90,191.16,0.2015,-1,-1,-1
468,178,708.40,439.13,108.22,292.48,0.6049,-1,-1,-1
468,188,572.99,434.47,97.55,269.08,0.7035,-1,-1,-1
468,207,1115.66,422.43,172.95,565.52,0.7789,-1,-1,-1
468,214,119.15,373.88,391.87,699.29,0.8187,-1,-1,-1
468,221,1457.20,413.58,139.65,388.83,0.8166,-1,-1,-1
468,224,1233.92,406.16,261.00,648.11,0.6435,-1,-1,-1
468,247,502.82,456.43,63.17,164.75,0.2638,-1,-1,-1
469,159,831.50,407.44,98.51,297.84,0.6870,-1,-1,-1
469,177,1833.22,463.67,81.04,184.88,0.2404,-1,-1,-1
469,178,709.08,436.57,108.89,294.94,0.6250,-1,-1,-1
469,188,576.55,437.33,96.52,266.70,0.7115,-1,-1,-1
469,207,1115.53,421.48,174.67,577.58,0.7743,-1,-1,-1
469,214,80.59,383.30,383.61,682.66,0.7296,-1,-1,-1
469,221,1466.94,413.02,133.20,390.10,0.7872,-1,-1,-1
469,224,1248.57,402.40,258.33,669.14,0.7934,-1,-1,-1
469,247,496.65,457.79,73.12,188.53,0.3635,-1,-1,-1
469,248,417.62,493.93,68.78,121.29,0.3305,-1,-1,-1
470,159,830.78,408.69,96.76,298.36,0.7190,-1,-1,-1
470,177,1830.22,462.87,80.06,183.47,0.2074,-1,-1,-1
470,178,717.94,437.15,111.42,291.99,0.6064,-1,-1,-1
470,188,579.41,440.29,95.64,266.57,0.7093,-1,-1,-1
470,207,1125.21,421.61,177.91,585.49,0.7598,-1,-1,-1
470,214,55.94,393.24,384.38,673.48,0.7838,-1,-1,-1
470,221,1478.01,411.32,126.80,389.68,0.8234,-1,-1,-1
470,224,1264.07,406.85,253.51,667.25,0.6423,-1,-1,-1
470,247,492.39,471.71,68.07,173.47,0.3059,-1,-1,-1
470,248,415.88,493.55,63.56,111.35,0.3371,-1,-1,-1
471,159,836.86,415.43,92.30,289.53,0.7530,-1,-1,-1
471,177,1830.93,462.85,79.39,182.88,0.2324,-1,-1,-1
471,178,736.90,431.79,114.40,300.01,0.5846,-1,-1,-1
471,188,582.05,448.92,93.80,260.52,0.6993,-1,-1,-1
471,207,1128.74,421.57,175.29,587.14,0.7716,-1,-1,-1
471,214,29.28,398.14,399.08,670.42,0.8302,-1,-1,-1
471,221,1486.29,409.56,122.96,391.98,0.8152,-1,-1,-1
471,224,1271.60,400.51,248.52,673.82,0.5582,-1,-1,-1
471,247,485.09,477.71,68.92,174.55,0.2106,-1,-1,-1
471,248,406.98,492.63,73.60,130.44,0.3689,-1,-1,-1
471,250,1082.35,461.86,62.04,131.69,0.2864,-1,-1,-1
472,159,837.04,413.03,91.81,291.55,0.7328,-1,-1,-1
472,178,742.69,432.38,115.42,298.99,0.6446,-1,-1,-1
472,188,585.24,446.02,95.21,262.26,0.7330,-1,-1,-1
472,207,1134.80,416.76,178.82,593.13,0.8034,-1,-1,-1
472,214,3.38,403.66,393.02,661.07,0.7824,-1,-1,-1
472,221,1492.19,409.08,121.99,395.21,0.8316,-1,-1,-1
472,224,1271.63,397.99,238.80,673.69,0.6538,-1,-1,-1
472,247,483.27,473.58,65.93,168.15,0.3564,-1,-1,-1
472,248,402.07,487.00,75.92,138.12,0.3855,-1,-1,-1
472,250,1083.35,468.15,59.20,125.21,0.3534,-1,-1,-1
472,251,1269.43,395.47,114.35,523.00,0.2190,-1,-1,-1
473,159,840.15,417.46,90.53,287.87,0.6985,-1,-1,-1
473,177,1832.79,467.59,77.71,180.10,0.2325,-1,-1,-1
473,178,743.67,436.37,114.79,293.87,0.6691,-1,-1,-1
473,188,587.47,439.96,97.66,268.45,0.7316,-1,-1,-1
473,207,1136.13,423.05,173.09,586.18,0.7926,-1,-1,-1
473,214,-3.12,403.60,393.72,663.07,0.6331,-1,-1,-1
473,221,1499.23,410.76,120.37,390.46,0.8031,-1,-1,-1
473,224,1300.42,399.49,227.73,666.74,0.6615,-1,-1,-1
473,247,471.85,474.69,69.40,175.07,0.3428,-1,-1,-1
473,248,402.57,488.30,68.44,127.84,0.3497,-1,-1,-1
473,250,1079.31,452.19,67.08,142.30,0.2149,-1,-1,-1
473,251,1271.49,391.50,115.17,525.18,0.2450,-1,-1,-1
474,159,836.28,414.09,90.05,290.24,0.6222,-1,-1,-1
474,177,1833.12,467.33,78.01,181.30,0.2547,-1,-1,-1
474,178,742.13,439.15,114.83,290.15,0.6527,-1,-1,-1
474,188,590.00,439.44,98.02,268.57,0.7393,-1,-1,-1
474,207,1141.59,422.19,169.78,587.14,0.8007,-1,-1,-1
474,214,-21.37,400.67,391.03,672.25,0.5951,-1,-1,-1
474,221,1504.14,411.39,122.60,390.22,0.7797,-1,-1,-1
474,224,1316.95,400.15,219.68,664.28,0.7212,-1,-1,-1
474,247,458.69,475.22,76.36,183.15,0.4079,-1,-1,-1
474,250,1080.07,451.36,67.18,142.98,0.2322,-1,-1,-1
475,159,847.82,415.98,89.74,287.34,0.5109,-1,-1,-1
475,178,742.60,436.62,116.45,293.82,0.6513,-1,-1,-1
475,188,593.06,442.66,97.36,264.82,0.7416,-1,-1,-1
475,207,1146.24,422.05,168.95,588.04,0.8164,-1,-1,-1
475,214,-18.02,397.87,373.52,676.15,0.7482,-1,-1,-1
475,221,1510.80,410.22,127.19,392.63,0.7777,-1,-1,-1
475,224,1318.77,401.59,216.46,665.56,0.7507,-1,-1,-1
475,247,458.21,475.82,78.67,187.21,0.3744,-1,-1,-1
475,252,1307.05,414.46,86.43,193.85,0.2653,-1,-1,-1
476,159,843.30,417.03,87.97,287.35,0.5587,-1,-1,-1
476,177,1830.12,460.44,79.36,188.14,0.2350,-1,-1,-1
476,178,742.49,436.73,116.85,294.28,0.7015,-1,-1,-1
476,188,597.02,445.70,98.28,260.16,0.7923,-1,-1,-1
476,207,1148.26,421.23,168.47,588.83,0.8137,-1,-1,-1
476,214,-56.07,394.44,338.00,680.30,0.6779,-1,-1,-1
476,221,1521.19,412.17,135.67,392.66,0.7602,-1,-1,-1
476,224,1324.23,396.64,219.49,675.94,0.6737,-1,-1,-1
476,247,446.45,478.81,80.06,182.63,0.5479,-1,-1,-1
476,250,1085.81,450.32,65.80,141.73,0.2096,-1,-1,-1
476,251,1288.71,401.57,113.43,530.42,0.2341,-1,-1,-1
476,252,1309.51,410.30,87.27,195.52,0.2573,-1,-1,-1
477,159,841.96,417.02,84.92,284.89,0.5532,-1,-1,-1
477,170,898.74,439.46,95.67,244.81,0.3774,-1,-1,-1
477,177,1831.93,463.32,76.78,184.70,0.2348,-1,-1,-1
477,178,743.93,437.95,115.97,293.17,0.7029,-1,-1,-1
477,188,601.23,444.75,98.97,260.81,0.7704,-1,-1,-1
477,207,1151.59,421.03,170.38,589.55,0.8250,-1,-1,-1
477,214,-14.00,389.08,320.51,682.33,0.7838,-1,-1,-1
477,221,1524.55,411.01,157.55,401.09,0.8324,-1,-1,-1
477,224,1325.81,396.43,213.95,664.61,0.3966,-1,-1,-1
477,247,435.79,474.48,83.94,188.03,0.4177,-1,-1,-1
477,251,1295.62,406.89,108.35,524.83,0.4151,-1,-1,-1
477,252,1312.54,412.05,85.83,191.49,0.2333,-1,-1,-1
478,159,844.06,415.31,83.83,286.43,0.4892,-1,-1,-1
478,170,890.48,431.18,104.38,260.79,0.2614,-1,-1,-1
478,177,1835.41,464.66,76.00,182.63,0.2626,-1,-1,-1
478,178,744.69,437.48,115.62,295.06,0.6313,-1,-1,-1
478,188,611.32,445.63,96.26,258.01,0.6860,-1,-1,-1
478,207,1157.74,421.00,169.36,589.46,0.8187,-1,-1,-1
478,214,-56.30,383.90,309.22,688.57,0.4847,-1,-1,-1
478,221,1531.61,407.14,171.02,402.26,0.8257,-1,-1,-1
478,224,1333.00,398.82,210.26,658.43,0.6572,-1,-1,-1
478,247,426.69,474.49,87.31,190.37,0.4567,-1,-1,-1
478,250,1084.11,439.09,70.73,155.16,0.2305,-1,-1,-1
478,251,1300.65,418.24,102.56,511.10,0.4051,-1,-1,-1
478,252,1310.37,416.21,93.19,209.77,0.2109,-1,-1,-1
479,159,845.29,413.73,81.08,286.08,0.5193,-1,-1,-1
479,170,898.34,434.94,103.41,255.16,0.4879,-1,-1,-1
479,177,1834.59,464.63,76.07,182.93,0.2521,-1,-1,-1
479,178,752.40,438.89,112.53,293.40,0.6149,-1,-1,-1
479,188,609.87,443.85,98.36,259.22,0.6575,-1,-1,-1
479,207,1161.86,419.83,168.93,590.13,0.8015,-1,-1,-1
479,214,-19.08,382.41,292.04,687.74,0.7246,-1,-1,-1
479,221,1536.10,410.37,185.76,405.12,0.8492,-1,-1,-1
479,224,1344.47,398.43,216.44,673.50,0.7606,-1,-1,-1
479,247,419.76,476.12,85.17,185.03,0.2733,-1,-1,-1
479,250,1084.92,434.09,71.27,160.30,0.3193,-1,-1,-1
479,251,1312.65,413.42,104.59,530.08,0.4337,-1,-1,-1
480,159,846.97,412.40,78.99,287.33,0.5701,-1,-1,-1
480,170,901.27,437.25,103.05,248.42,0.5523,-1,-1,-1
480,177,1831.86,464.06,75.39,184.36,0.2442,-1,-1,-1
480,178,759.73,436.92,108.19,291.47,0.6541,-1,-1,-1
480,188,616.10,437.24,97.74,263.44,0.6056,-1,-1,-1
480,207,1167.45,420.67,166.97,588.55,0.8058,-1,-1,-1
480,214,-58.49,390.79,273.23,682.96,0.4759,-1,-1,-1
480,221,1539.26,414.69,193.99,409.54,0.8576,-1,-1,-1
480,224,1349.85,403.41,225.02,671.00,0.8130,-1,-1,-1
480,247,415.93,479.11,84.48,181.60,0.3089,-1,-1,-1
480,250,1084.92,434.07,68.97,158.49,0.2681,-1,-1,-1
480,251,1319.05,411.79,104.25,541.29,0.4464,-1,-1,-1
481,159,848.42,413.16,76.49,286.10,0.5480,-1,-1,-1
481,170,903.02,439.97,102.26,243.70,0.6320,-1,-1,-1
481,177,1832.58,462.61,76.30,185.99,0.2660,-1,-1,-1
481,178,770.28,439.99,103.22,284.00,0.6126,-1,-1,-1
481,188,624.33,434.76,96.99,264.43,0.6025,-1,-1,-1
481,207,1172.07,419.03,166.19,589.85,0.8081,-1,-1,-1
481,214,-14.11,414.11,244.84,658.59,0.7644,-1,-1,-1
481,221,1544.22,420.25,197.21,405.50,0.8476,-1,-1,-1
481,224,1351.73,397.93,240.27,680.26,0.8316,-1,-1,-1
481,247,406.62,478.78,85.24,184.61,0.5193,-1,-1,-1
481,248,355.07,480.99,71.85,138.39,0.3074,-1,-1,-1
481,250,1086.73,434.59,67.42,159.18,0.3563,-1,-1,-1
481,251,1321.80,408.17,103.96,553.19,0.3926,-1,-1,-1
482,159,850.26,413.28,74.21,283.73,0.5302,-1,-1,-1
482,170,905.53,443.32,101.34,239.66,0.6764,-1,-1,-1
482,177,1834.74,459.08,78.30,189.40,0.2706,-1,-1,-1
482,178,776.74,438.36,100.67,283.33,0.5799,-1,-1,-1
482,188,628.23,434.07,95.66,266.17,0.5771,-1,-1,-1
482,207,1175.56,418.97,165.78,593.32,0.7925,-1,-1,-1
482,214,-6.87,472.48,214.64,599.65,0.7683,-1,-1,-1
482,221,1548.22,418.86,201.29,409.82,0.8333,-1,-1,-1
482,224,1357.04,395.75,250.12,681.87,0.8511,-1,-1,-1
482,247,402.59,477.18,87.63,192.26,0.4562,-1,-1,-1
482,248,348.77,478.19,90.02,182.69,0.3016,-1,-1,-1
482,250,1087.27,437.05,65.24,157.48,0.3358,-1,-1,-1
482,251,1327.75,407.13,102.54,547.94,0.3443,-1,-1,-1
483,159,852.48,415.69,73.07,283.98,0.5265,-1,-1,-1
483,170,907.39,445.37,99.64,237.60,0.6632,-1,-1,-1
483,177,1836.11,458.91,79.22,190.67,0.2033,-1,-1,-1
483,178,785.81,436.33,96.83,289.41,0.6331,-1,-1,-1
483,188,629.58,433.31,95.66,264.08,0.6164,-1,-1,-1
483,207,1182.35,418.40,163.92,592.75,0.7927,-1,-1,-1
483,214,-5.02,517.67,193.46,552.99,0.7445,-1,-1,-1
483,221,1552.41,418.17,198.87,413.81,0.8255,-1,-1,-1
483,224,1361.43,393.85,256.93,682.25,0.8280,-1,-1,-1
483,247,399.28,475.80,88.57,193.44,0.4750,-1,-1,-1
483,248,352.23,475.73,79.35,162.63,0.2350,-1,-1,-1
483,250,1088.90,438.58,64.22,158.16,0.2686,-1,-1,-1
483,251,1331.27,401.31,104.37,557.62,0.4044,-1,-1,-1
484,159,857.82,432.17,68.25,267.42,0.5164,-1,-1,-1
484,170,909.32,445.09,98.83,238.97,0.6515,-1,-1,-1
484,177,1835.02,450.95,82.80,199.37,0.2221,-1,-1,-1
484,178,789.85,437.92,91.88,290.66,0.6599,-1,-1,-1
484,188,634.42,435.62,96.83,261.11,0.6555,-1,-1,-1
484,207,1187.79,417.32,163.29,594.79,0.7879,-1,-1,-1
484,214,3.39,552.33,154.59,437.76,0.3884,-1,-1,-1
484,221,1559.33,415.21,196.27,420.62,0.8215,-1,-1,-1
484,224,1361.05,393.78,267.65,684.00,0.8716,-1,-1,-1
484,247,387.97,475.25,92.61,195.52,0.4637,-1,-1,-1
484,250,1089.64,436.13,63.76,158.80,0.3123,-1,-1,-1
484,251,1334.43,407.49,103.06,554.36,0.4303,-1,-1,-1
484,257,561.03,443.60,35.16,88.14,0.3123,-1,-1,-1
485,159,858.15,424.86,67.63,270.93,0.4660,-1,-1,-1
485,170,910.40,440.50,98.73,241.77,0.6780,-1,-1,-1
485,177,1833.56,446.65,84.69,204.28,0.2504,-1,-1,-1
485,178,798.10,438.90,89.35,285.71,0.6580,-1,-1,-1
485,188,636.14,434.82,102.56,262.06,0.6877,-1,-1,-1
485,207,1194.13,420.60,163.04,592.28,0.7822,-1,-1,-1
485,214,-14.32,566.35,171.26,495.50,0.4235,-1,-1,-1
485,221,1569.65,409.37,190.06,428.32,0.8339,-1,-1,-1
485,224,1361.29,396.34,272.59,680.06,0.8565,-1,-1,-1
485,247,373.52,476.81,96.66,198.80,0.3483,-1,-1,-1
485,250,1089.80,435.65,62.65,157.36,0.2873,-1,-1,-1
485,251,1338.02,422.21,100.04,537.00,0.5508,-1,-1,-1
485,257,561.91,445.14,34.40,86.26,0.3391,-1,-1,-1
486,159,863.35,430.42,61.93,248.59,0.3565,-1,-1,-1
486,170,909.55,440.79,97.51,240.84,0.6939,-1,-1,-1
486,177,1835.37,410.64,95.57,240.90,0.2177,-1,-1,-1
486,178,804.25,438.54,91.67,285.83,0.5762,-1,-1,-1
486,188,637.58,434.49,108.93,262.75,0.7144,-1,-1,-1
486,207,1199.03,420.17,163.27,591.96,0.7762,-1,-1,-1
486,214,-11.46,579.83,137.96,414.39,0.5677,-1,-1,-1
486,221,1578.97,412.50,182.45,426.85,0.8356,-1,-1,-1
486,224,1360.47,397.32,277.33,678.60,0.8408,-1,-1,-1
486,247,360.92,478.70,95.18,192.62,0.3272,-1,-1,-1
486,250,1090.56,433.62,63.32,159.73,0.3657,-1,-1,-1
486,251,1339.75,415.15,103.37,549.02,0.6090,-1,-1,-1
486,257,563.08,447.05,33.75,84.75,0.3081,-1,-1,-1
487,159,861.75,428.96,64.95,262.65,0.4199,-1,-1,-1
487,170,914.78,441.46,95.87,240.98,0.6623,-1,-1,-1
487,178,803.40,437.57,91.65,285.43,0.4917,-1,-1,-1
487,188,639.27,435.66,113.27,261.19,0.6702,-1,-1,-1
487,207,1205.78,418.83,170.23,593.84,0.7764,-1,-1,-1
487,214,-23.08,545.79,138.20,438.45,0.4663,-1,-1,-1
487,221,1584.80,416.94,175.49,422.57,0.7892,-1,-1,-1
487,224,1360.18,396.47,279.15,679.14,0.8438,-1,-1,-1
487,247,357.57,477.95,98.90,197.74,0.4732,-1,-1,-1
487,250,1092.90,433.07,63.09,159.75,0.3218,-1,-1,-1
487,251,1347.64,412.60,100.26,527.49,0.5807,-1,-1,-1
487,257,564.12,446.44,33.59,84.58,0.3233,-1,-1,-1
488,170,918.70,448.96,92.12,233.05,0.5535,-1,-1,-1
488,178,815.16,433.08,100.86,292.34,0.5849,-1,-1,-1
488,188,639.87,435.45,116.42,261.14,0.6726,-1,-1,-1
488,207,1205.86,419.73,175.04,592.18,0.7843,-1,-1,-1
488,214,-12.03,645.26,94.43,316.83,0.5588,-1,-1,-1
488,221,1594.59,419.21,170.52,419.70,0.7659,-1,-1,-1
488,224,1362.21,401.08,281.83,675.02,0.8192,-1,-1,-1
488,247,350.86,475.01,102.03,203.06,0.4939,-1,-1,-1
488,251,1353.29,417.90,98.45,508.22,0.5103,-1,-1,-1
488,257,564.77,447.84,33.00,83.44,0.2908,-1,-1,-1
489,131,732.40,445.39,41.02,128.76,0.3433,-1,-1,-1
489,170,920.11,438.95,94.23,242.50,0.6098,-1,-1,-1
489,177,1839.32,398.50,95.24,252.64,0.2110,-1,-1,-1
489,178,817.61,431.55,107.81,293.29,0.5714,-1,-1,-1
489,188,643.92,436.29,117.96,259.85,0.6958,-1,-1,-1
489,207,1207.43,413.01,181.12,596.01,0.8260,-1,-1,-1
489,221,1601.01,412.80,168.31,429.79,0.7451,-1,-1,-1
489,224,1362.35,392.97,285.60,679.18,0.7879,-1,-1,-1
489,247,334.78,455.46,109.82,224.80,0.5008,-1,-1,-1
489,251,1357.91,422.93,96.23,475.34,0.5548,-1,-1,-1
489,257,565.12,448.49,32.84,83.08,0.2884,-1,-1,-1
490,170,928.65,438.99,89.88,241.15,0.6163,-1,-1,-1
490,178,816.80,436.36,112.54,288.47,0.5798,-1,-1,-1
490,188,643.69,435.16,120.95,263.12,0.7903,-1,-1,-1
490,207,1206.01,417.62,183.38,594.20,0.8008,-1,-1,-1
490,221,1608.05,411.60,162.92,432.54,0.7320,-1,-1,-1
490,224,1359.98,397.39,277.88,674.68,0.7455,-1,-1,-1
490,247,326.97,460.25,105.54,220.49,0.5011,-1,-1,-1
490,251,1361.55,419.85,100.62,475.99,0.6114,-1,-1,-1
490,257,564.69,444.16,33.75,85.81,0.2849,-1,-1,-1
490,260,-4.13,543.22,60.22,110.93,0.3632,-1,-1,-1
491,131,724.91,444.18,44.46,131.82,0.3697,-1,-1,-1
491,170,938.49,436.27,85.84,242.05,0.5934,-1,-1,-1
491,178,817.15,436.90,116.51,287.98,0.5244,-1,-1,-1
491,188,646.81,434.89,121.12,264.80,0.7890,-1,-1,-1
491,207,1205.99,417.99,184.99,594.29,0.8076,-1,-1,-1
491,221,1607.92,408.93,151.91,431.90,0.7350,-1,-1,-1
491,224,1359.93,400.38,270.88,668.84,0.6712,-1,-1,-1
491,247,323.90,488.63,95.05,193.38,0.4786,-1,-1,-1
491,250,1097.16,436.78,60.41,152.15,0.2425,-1,-1,-1
491,251,1367.87,418.42,102.80,474.18,0.5504,-1,-1,-1
491,257,564.32,441.60,34.47,88.18,0.3418,-1,-1,-1
491,260,-2.33,553.65,46.38,85.92,0.2451,-1,-1,-1
492,131,724.46,444.38,44.91,131.87,0.3467,-1,-1,-1
492,170,948.41,436.83,82.99,241.85,0.6237,-1,-1,-1
492,178,816.26,444.21,122.32,281.06,0.6688,-1,-1,-1
492,188,647.55,432.81,122.92,268.35,0.7641,-1,-1,-1
492,207,1207.34,413.02,190.12,596.78,0.8155,-1,-1,-1
492,221,1619.15,410.25,143.76,437.69,0.7096,-1,-1,-1
492,224,1387.15,394.40,274.51,667.62,0.4264,-1,-1,-1
492,247,315.01,483.00,97.63,199.96,0.5228,-1,-1,-1
492,251,1375.49,412.35,105.54,470.16,0.5253,-1,-1,-1
492,257,564.83,440.63,34.61,89.62,0.3620,-1,-1,-1
492,260,-5.62,560.48,45.57,86.77,0.3579,-1,-1,-1
492,263,411.86,475.49,56.47,94.75,0.4004,-1,-1,-1
493,131,726.77,444.22,43.47,129.94,0.3709,-1,-1,-1
493,170,954.77,440.22,79.97,239.60,0.7060,-1,-1,-1
493,177,1847.06,436.77,79.03,215.68,0.2240,-1,-1,-1
493,178,815.82,446.25,127.22,277.92,0.6876,-1,-1,-1
493,188,651.26,442.08,119.07,260.34,0.7730,-1,-1,-1
493,207,1207.97,417.68,193.36,592.53,0.8292,-1,-1,-1
493,221,1627.71,410.47,138.56,433.52,0.6395,-1,-1,-1
493,224,1361.68,389.38,270.93,671.26,0.4741,-1,-1,-1
493,247,309.24,487.52,95.50,192.11,0.4884,-1,-1,-1
493,251,1377.90,410.21,112.49,493.54,0.5386,-1,-1,-1
493,257,563.76,439.02,35.64,92.39,0.3300,-1,-1,-1
493,263,411.89,475.29,56.25,95.33,0.3276,-1,-1,-1
494,131,727.00,445.55,42.79,129.52,0.2631,-1,-1,-1
494,170,956.06,441.72,79.76,238.72,0.6561,-1,-1,-1
494,178,814.41,445.69,132.93,279.92,0.7109,-1,-1,-1
494,188,653.95,442.30,118.64,259.77,0.7826,-1,-1,-1
494,207,1209.62,421.40,198.87,588.90,0.8280,-1,-1,-1
494,221,1636.76,410.57,129.88,399.91,0.6716,-1,-1,-1
494,224,1385.73,388.23,271.37,661.56,0.4988,-1,-1,-1
494,247,303.28,477.74,100.61,201.57,0.3780,-1,-1,-1
494,251,1379.65,407.71,120.66,527.95,0.6169,-1,-1,-1
494,257,564.09,439.55,35.51,92.37,0.3095,-1,-1,-1
494,263,411.14,474.53,56.55,96.90,0.2642,-1,-1,-1
495,170,963.60,441.83,82.99,239.73,0.6628,-1,-1,-1
495,178,818.58,442.72,133.87,282.07,0.6824,-1,-1,-1
495,188,652.78,437.08,119.68,264.62,0.7627,-1,-1,-1
495,207,1211.01,421.63,205.26,589.87,0.8143,-1,-1,-1
495,221,1642.36,405.82,152.75,453.60,0.6932,-1,-1,-1
495,224,1383.56,383.89,274.10,664.77,0.4456,-1,-1,-1
495,247,291.65,472.80,107.11,217.31,0.3150,-1,-1,-1
495,251,1377.44,406.78,126.43,554.71,0.5717,-1,-1,-1
495,257,564.24,441.05,35.49,92.36,0.3225,-1,-1,-1
495,263,410.58,474.60,56.23,97.88,0.2821,-1,-1,-1
496,170,965.75,442.99,91.09,239.13,0.7291,-1,-1,-1
496,178,820.74,440.77,134.62,285.99,0.7016,-1,-1,-1
496,188,655.13,437.59,117.59,264.21,0.7865,-1,-1,-1
496,207,1210.93,419.93,212.79,591.92,0.8325,-1,-1,-1
496,221,1656.24,404.09,144.19,412.83,0.4881,-1,-1,-1
496,224,1387.26,375.28,282.87,691.78,0.5690,-1,-1,-1
496,247,283.12,460.54,108.41,226.49,0.3579,-1,-1,-1
496,251,1382.61,412.66,128.81,563.56,0.6477,-1,-1,-1
496,257,566.05,441.67,34.89,91.70,0.3872,-1,-1,-1
497,170,969.36,442.04,98.49,240.16,0.7283,-1,-1,-1
497,177,1846.70,428.51,79.10,224.11,0.2176,-1,-1,-1
497,178,826.90,442.71,130.81,285.77,0.7342,-1,-1,-1
497,188,660.05,433.60,114.72,268.58,0.7760,-1,-1,-1
497,207,1211.22,420.43,218.17,590.39,0.8528,-1,-1,-1
497,221,1643.20,406.23,158.84,470.83,0.8000,-1,-1,-1
497,224,1399.08,377.94,286.57,695.62,0.6532,-1,-1,-1
497,247,260.35,469.02,109.04,223.80,0.4463,-1,-1,-1
497,251,1398.73,418.38,114.18,469.63,0.6544,-1,-1,-1
497,257,566.57,442.17,34.36,91.00,0.3683,-1,-1,-1
497,265,542.23,442.60,29.91,89.31,0.2187,-1,-1,-1
498,170,972.47,439.69,104.42,242.56,0.7380,-1,-1,-1
498,177,1848.46,437.50,74.68,215.07,0.2198,-1,-1,-1
498,178,834.67,443.98,125.64,282.67,0.6808,-1,-1,-1
498,188,665.35,432.03,109.62,270.18,0.7722,-1,-1,-1
498,207,1214.19,417.16,220.16,594.08,0.8473,-1,-1,-1
498,221,1651.97,410.37,157.90,466.37,0.7419,-1,-1,-1
498,224,1410.11,377.35,282.66,693.94,0.6500,-1,-1,-1
498,247,257.93,476.99,109.22,222.93,0.4575,-1,-1,-1
498,251,1395.15,412.70,129.85,525.39,0.6514,-1,-1,-1
498,257,566.58,441.46,34.59,92.09,0.3906,-1,-1,-1
498,265,543.38,442.41,29.90,89.96,0.2488,-1,-1,-1
499,170,975.34,440.60,108.73,242.58,0.6975,-1,-1,-1
499,177,1848.00,435.87,74.18,216.98,0.2719,-1,-1,-1
499,178,845.75,443.01,119.25,285.29,0.6998,-1,-1,-1
499,188,670.04,436.50,103.72,264.25,0.7668,-1,-1,-1
499,207,1219.41,414.56,216.60,597.68,0.8361,-1,-1,-1
499,221,1662.51,406.24,186.72,470.09,0.8519,-1,-1,-1
499,224,1420.55,378.93,278.24,692.97,0.6668,-1,-1,-1
499,247,245.57,482.86,107.78,218.18,0.5501,-1,-1,-1
499,251,1396.90,405.99,135.94,536.52,0.6556,-1,-1,-1
499,257,566.52,442.20,34.07,91.52,0.3970,-1,-1,-1
499,263,409.86,473.73,55.14,98.72,0.2266,-1,-1,-1
499,265,544.36,443.57,29.19,89.19,0.2534,-1,-1,-1
499,266,1084.04,441.67,69.98,151.04,0.2347,-1,-1,-1
500,170,974.03,443.72,110.45,239.49,0.6806,-1,-1,-1
500,177,1849.08,437.43,72.85,215.91,0.2610,-1,-1,-1
500,178,849.17,438.66,115.95,287.58,0.6592,-1,-1,-1
500,188,672.58,433.41,102.07,267.36,0.7471,-1,-1,-1
500,207,1227.41,417.01,212.42,595.74,0.7887,-1,-1,-1
500,221,1668.11,412.80,199.65,472.95,0.8425,-1,-1,-1
500,224,1441.42,378.66,274.21,692.21,0.5812,-1,-1,-1
500,247,234.77,481.60,107.17,222.77,0.6089,-1,-1,-1
500,251,1394.28,409.60,144.57,549.50,0.6763,-1,-1,-1
500,257,567.63,442.58,33.58,90.95,0.3358,-1,-1,-1
500,263,410.38,472.74,54.14,99.65,0.2386,-1,-1,-1
500,265,542.84,443.34,29.36,90.14,0.2538,-1,-1,-1
500,266,1089.48,448.02,66.82,145.20,0.2004,-1,-1,-1
501,170,972.83,454.28,109.48,228.58,0.7068,-1,-1,-1
501,177,1851.88,432.49,72.45,220.27,0.2122,-1,-1,-1
501,178,853.67,437.55,112.34,287.93,0.6992,-1,-1,-1
501,188,678.58,433.72,98.84,266.03,0.6852,-1,-1,-1
501,207,1238.44,414.36,207.92,599.18,0.7918,-1,-1,-1
501,221,1680.63,417.72,210.71,469.74,0.8533,-1,-1,-1
501,224,1482.74,374.68,228.98,582.26,0.6101,-1,-1,-1
501,247,226.29,481.05,107.08,221.46,0.6273,-1,-1,-1
501,251,1397.50,413.10,145.20,542.36,0.6842,-1,-1,-1
501,257,569.75,445.23,32.25,88.55,0.3178,-1,-1,-1
501,263,410.38,471.03,53.53,100.88,0.2263,-1,-1,-1
501,265,542.48,443.30,29.24,90.08,0.2633,-1,-1,-1
502,170,973.21,450.97,112.04,231.84,0.7335,-1,-1,-1
502,178,858.15,440.24,110.04,286.03,0.6557,-1,-1,-1
502,188,687.30,436.13,93.61,262.50,0.6774,-1,-1,-1
502,207,1252.21,415.21,202.05,599.82,0.7968,-1,-1,-1
502,221,1686.67,415.16,213.00,473.92,0.8443,-1,-1,-1
502,224,1483.35,377.11,255.94,677.38,0.6182,-1,-1,-1
502,247,221.36,483.99,107.65,217.75,0.6017,-1,-1,-1
502,251,1392.31,405.94,154.15,558.13,0.7131,-1,-1,-1
502,257,571.30,449.56,30.22,83.63,0.3033,-1,-1,-1
502,263,410.43,469.65,52.95,101.94,0.2095,-1,-1,-1
502,265,544.84,445.01,28.34,87.86,0.2227,-1,-1,-1
503,170,978.49,446.64,111.67,236.14,0.7195,-1,-1,-1
503,178,865.62,440.42,108.74,285.32,0.6732,-1,-1,-1
503,188,688.05,434.44,93.07,265.64,0.6960,-1,-1,-1
503,207,1273.16,410.21,193.55,607.58,0.7671,-1,-1,-1
503,221,1692.02,412.12,214.45,482.90,0.8553,-1,-1,-1
503,224,1495.03,374.01,244.74,691.60,0.7258,-1,-1,-1
503,247,206.73,480.96,115.88,232.78,0.5348,-1,-1,-1
503,251,1390.58,411.08,157.15,555.29,0.6208,-1,-1,-1
503,257,570.84,447.39,30.93,86.80,0.3504,-1,-1,-1
503,265,543.87,445.54,28.53,88.19,0.2417,-1,-1,-1
503,268,-10.57,915.76,130.95,164.12,0.4087,-1,-1,-1
504,170,984.82,447.56,107.26,235.26,0.6596,-1,-1,-1
504,178,872.70,440.62,108.12,284.35,0.5696,-1,-1,-1
504,188,690.87,435.59,91.58,265.14,0.6867,-1,-1,-1
504,207,1288.08,412.53,181.58,607.34,0.8042,-1,-1,-1
504,221,1697.70,410.16,218.86,496.74,0.8657,-1,-1,-1
504,224,1507.40,372.86,237.60,694.58,0.7005,-1,-1,-1
504,247,190.89,481.77,117.81,236.35,0.6457,-1,-1,-1
504,251,1394.77,411.07,160.32,554.93,0.6971,-1,-1,-1
504,257,570.64,446.90,30.87,87.90,0.4045,-1,-1,-1
504,265,545.30,447.36,27.98,86.90,0.2285,-1,-1,-1
504,268,-11.92,931.99,114.66,146.46,0.3491,-1,-1,-1
505,170,994.37,455.85,98.91,227.38,0.6442,-1,-1,-1
505,178,887.34,443.66,108.73,279.97,0.5831,-1,-1,-1
505,188,692.81,437.35,91.54,264.19,0.7825,-1,-1,-1
505,207,1297.86,410.39,175.21,615.75,0.8282,-1,-1,-1
505,221,1707.47,406.97,212.48,502.61,0.8850,-1,-1,-1
505,224,1517.85,373.62,232.98,700.79,0.7682,-1,-1,-1
505,247,179.42,482.26,116.07,235.65,0.6028,-1,-1,-1
505,251,1405.89,425.18,157.41,543.29,0.6621,-1,-1,-1
505,257,571.00,449.07,29.87,85.66,0.4049,-1,-1,-1
505,265,544.35,449.60,27.47,84.79,0.2476,-1,-1,-1
505,270,1061.17,441.96,66.94,147.71,0.2504,-1,-1,-1
506,170,1004.50,460.84,92.01,221.62,0.6264,-1,-1,-1
506,178,901.61,451.41,109.16,270.91,0.6529,-1,-1,-1
506,188,698.91,434.85,92.07,267.27,0.7433,-1,-1,-1
506,207,1304.05,411.98,173.48,626.80,0.7937,-1,-1,-1
506,221,1716.41,401.54,205.51,508.08,0.8853,-1,-1,-1
506,224,1522.20,372.37,228.36,701.73,0.7571,-1,-1,-1
506,247,166.32,484.38,114.41,232.73,0.6548,-1,-1,-1
506,251,1433.06,423.85,143.75,528.01,0.7062,-1,-1,-1
506,257,571.17,448.10,29.85,85.92,0.4106,-1,-1,-1
506,265,542.63,448.42,28.07,85.59,0.2577,-1,-1,-1
506,266,1101.49,440.82,65.97,145.88,0.2106,-1,-1,-1
506,270,1060.01,442.01,64.94,146.27,0.2260,-1,-1,-1
506,272,872.90,413.82,61.84,288.70,0.5857,-1,-1,-1
507,170,1010.82,450.86,93.28,230.57,0.5338,-1,-1,-1
507,178,904.60,451.30,112.44,270.14,0.6701,-1,-1,-1
507,188,704.25,435.45,93.56,266.09,0.7236,-1,-1,-1
507,207,1309.68,412.79,170.25,635.30,0.8118,-1,-1,-1
507,221,1730.73,398.81,193.72,513.14,0.8764,-1,-1,-1
507,224,1527.23,375.94,226.18,699.90,0.7413,-1,-1,-1
507,247,149.72,481.64,119.22,244.90,0.6778,-1,-1,-1
507,250,1101.63,437.10,60.04,152.66,0.2916,-1,-1,-1
507,251,1438.83,417.20,140.61,543.92,0.6955,-1,-1,-1
507,257,571.46,446.95,30.04,87.24,0.3941,-1,-1,-1
507,265,542.47,446.57,28.94,87.57,0.2872,-1,-1,-1
507,270,1061.98,446.50,61.07,140.83,0.2157,-1,-1,-1
507,272,872.50,413.27,63.23,289.29,0.6050,-1,-1,-1
508,170,1018.05,448.81,89.84,231.10,0.5329,-1,-1,-1
508,178,907.88,452.59,120.85,269.06,0.7100,-1,-1,-1
508,188,714.25,435.86,92.19,263.82,0.6847,-1,-1,-1
508,207,1322.77,416.38,176.75,639.08,0.7756,-1,-1,-1
508,221,1738.86,397.45,184.79,513.18,0.8458,-1,-1,-1
508,224,1529.72,374.17,227.54,697.50,0.7468,-1,-1,-1
508,247,138.69,483.48,119.93,244.76,0.6708,-1,-1,-1
508,250,1101.41,438.10,59.54,151.78,0.2459,-1,-1,-1
508,251,1448.07,411.45,133.76,536.06,0.6743,-1,-1,-1
508,257,570.45,446.64,30.33,88.59,0.4386,-1,-1,-1
508,265,543.92,447.01,28.86,87.27,0.2538,-1,-1,-1
508,272,872.05,412.52,63.84,285.80,0.6063,-1,-1,-1
509,170,1025.20,463.61,81.22,215.15,0.4928,-1,-1,-1
509,178,905.15,447.12,130.05,277.11,0.7371,-1,-1,-1
509,188,717.92,438.91,93.07,261.29,0.6718,-1,-1,-1
509,207,1331.73,413.15,193.51,645.25,0.8279,-1,-1,-1
509,221,1745.96,396.05,178.59,511.80,0.7910,-1,-1,-1
509,224,1529.61,374.26,225.87,692.49,0.7009,-1,-1,-1
509,247,127.09,477.58,120.03,244.84,0.6710,-1,-1,-1
509,250,1101.89,436.82,59.73,152.81,0.2597,-1,-1,-1
509,251,1453.90,405.66,137.29,564.97,0.5879,-1,-1,-1
509,257,570.31,446.18,30.54,89.37,0.4298,-1,-1,-1
509,265,543.44,447.32,28.85,86.97,0.2656,-1,-1,-1
509,272,874.71,422.10,62.53,277.90,0.5880,-1,-1,-1
510,170,1032.73,466.63,77.61,208.43,0.4966,-1,-1,-1
510,178,901.93,445.50,134.08,280.02,0.7510,-1,-1,-1
510,188,720.57,435.56,100.55,264.56,0.7043,-1,-1,-1
510,207,1332.30,413.26,209.53,643.80,0.8407,-1,-1,-1
510,221,1763.93,392.93,161.90,496.58,0.8243,-1,-1,-1
510,224,1552.42,376.75,230.79,698.19,0.6134,-1,-1,-1
510,247,109.40,476.57,123.07,247.80,0.6633,-1,-1,-1
510,250,1102.18,438.20,59.02,151.18,0.2565,-1,-1,-1
510,251,1462.45,404.54,133.94,574.76,0.7085,-1,-1,-1
510,257,569.84,445.40,30.32,88.91,0.4345,-1,-1,-1
510,265,541.57,446.66,29.43,87.19,0.3074,-1,-1,-1
510,272,875.98,412.42,64.68,285.38,0.5884,-1,-1,-1
511,170,1034.95,460.44,79.75,214.65,0.5460,-1,-1,-1
511,178,904.73,446.24,141.44,279.49,0.7626,-1,-1,-1
511,188,720.00,439.09,104.65,260.73,0.7250,-1,-1,-1
511,207,1330.17,415.38,223.84,644.04,0.8386,-1,-1,-1
511,221,1773.41,394.52,152.42,492.84,0.8075,-1,-1,-1
511,224,1555.37,369.45,246.60,705.87,0.7176,-1,-1,-1
511,247,98.52,476.94,125.40,251.91,0.5584,-1,-1,-1
511,250,1100.47,438.18,59.16,149.81,0.3006,-1,-1,-1
511,251,1471.47,405.58,126.86,553.71,0.6678,-1,-1,-1
511,257,570.00,446.10,29.93,87.83,0.4676,-1,-1,-1
511,265,541.76,447.51,29.30,85.89,0.2776,-1,-1,-1
511,272,877.54,423.25,62.75,272.25,0.4940,-1,-1,-1
512,170,1039.82,453.80,84.12,223.71,0.6049,-1,-1,-1
512,178,902.53,443.42,146.39,282.43,0.7578,-1,-1,-1
512,188,720.51,436.68,107.65,262.24,0.7390,-1,-1,-1
512,207,1325.43,419.24,233.03,642.66,0.8451,-1,-1,-1
512,221,1779.66,394.36,145.73,497.21,0.8067,-1,-1,-1
512,224,1545.11,374.56,239.69,691.41,0.5767,-1,-1,-1
512,247,90.14,494.83,120.04,237.62,0.2128,-1,-1,-1
512,250,1097.30,433.97,62.05,155.31,0.4029,-1,-1,-1
512,251,1474.60,408.95,122.07,534.48,0.6393,-1,-1,-1
512,257,570.36,447.00,29.53,86.91,0.4568,-1,-1,-1
512,265,540.65,447.90,29.75,85.94,0.2853,-1,-1,-1
512,272,878.07,413.00,66.99,282.66,0.5612,-1,-1,-1
512,276,671.76,456.30,29.47,81.89,0.2459,-1,-1,-1
512,277,636.09,457.59,29.85,87.98,0.2394,-1,-1,-1
513,131,696.43,453.98,39.51,120.17,0.2637,-1,-1,-1
513,170,1043.35,444.71,88.87,232.96,0.6050,-1,-1,-1
513,178,902.19,443.76,149.03,282.05,0.7505,-1,-1,-1
513,188,722.21,436.11,111.46,263.47,0.7424,-1,-1,-1
513,207,1323.79,418.89,241.63,647.27,0.8471,-1,-1,-1
513,221,1793.68,390.03,136.46,511.67,0.7982,-1,-1,-1
513,224,1559.75,372.66,212.66,603.18,0.4819,-1,-1,-1
513,247,69.05,478.11,132.16,256.16,0.6036,-1,-1,-1
513,251,1477.06,414.00,124.93,553.52,0.6536,-1,-1,-1
513,257,570.30,446.09,29.76,87.91,0.4768,-1,-1,-1
513,265,540.82,447.34,30.01,86.41,0.2761,-1,-1,-1
513,266,1096.69,446.44,62.89,145.47,0.3365,-1,-1,-1
513,272,879.30,412.42,68.86,284.44,0.5143,-1,-1,-1
513,276,671.75,456.01,30.12,83.98,0.2310,-1,-1,-1
513,277,638.00,457.40,29.72,86.51,0.2248,-1,-1,-1
514,131,694.19,453.97,39.97,120.29,0.3466,-1,-1,-1
514,170,1046.96,444.68,92.41,232.44,0.6223,-1,-1,-1
514,178,903.11,444.52,149.77,280.29,0.7014,-1,-1,-1
514,188,723.33,440.12,110.33,257.37,0.7477,-1,-1,-1
514,207,1322.70,418.64,245.94,647.65,0.8435,-1,-1,-1
514,221,1800.59,390.79,126.72,513.13,0.8036,-1,-1,-1
514,224,1564.60,371.61,209.03,583.14,0.5672,-1,-1,-1
514,247,52.92,476.46,136.36,258.33,0.6568,-1,-1,-1
514,251,1484.34,416.87,120.67,534.37,0.5940,-1,-1,-1
514,257,570.00,445.92,29.67,87.45,0.5265,-1,-1,-1
514,265,542.81,447.31,29.58,85.70,0.2571,-1,-1,-1
514,266,1097.71,444.84,61.57,145.98,0.3044,-1,-1,-1
514,272,881.15,412.87,70.29,284.82,0.5091,-1,-1,-1
514,277,638.79,457.61,29.99,85.86,0.2393,-1,-1,-1
515,131,692.68,451.66,40.38,124.64,0.4616,-1,-1,-1
515,170,1050.12,450.85,94.90,226.64,0.6780,-1,-1,-1
515,178,904.13,443.15,151.90,280.82,0.7431,-1,-1,-1
515,188,726.14,439.17,110.32,256.79,0.7253,-1,-1,-1
515,207,1323.25,417.63,249.00,649.60,0.8440,-1,-1,-1
515,221,1810.85,388.77,117.55,518.61,0.7929,-1,-1,-1
515,224,1565.19,372.27,244.25,680.62,0.5283,-1,-1,-1
515,247,40.11,477.53,139.88,259.51,0.6997,-1,-1,-1
515,251,1492.50,415.57,119.23,520.64,0.5201,-1,-1,-1
515,257,569.81,446.14,29.92,87.73,0.4837,-1,-1,-1
515,265,546.02,446.94,29.07,85.91,0.2283,-1,-1,-1
515,266,1098.14,449.80,58.92,141.01,0.2805,-1,-1,-1
515,272,878.46,419.86,69.91,278.11,0.5766,-1,-1,-1
515,277,638.49,456.75,31.10,87.83,0.2367,-1,-1,-1
516,131,691.36,449.83,40.17,126.49,0.4896,-1,-1,-1
516,170,1050.61,450.36,94.91,225.18,0.5775,-1,-1,-1
516,178,905.90,437.64,152.70,283.51,0.7598,-1,-1,-1
516,188,730.02,435.01,110.18,260.34,0.7483,-1,-1,-1
516,207,1324.04,423.01,251.53,646.51,0.8307,-1,-1,-1
516,221,1814.66,387.70,112.49,527.43,0.7578,-1,-1,-1
516,224,1574.18,375.01,254.41,684.27,0.6064,-1,-1,-1
516,247,24.62,478.75,142.97,259.74,0.7054,-1,-1,-1
516,251,1500.33,414.94,119.11,513.79,0.4165,-1,-1,-1
516,257,569.36,445.56,30.77,89.67,0.5029,-1,-1,-1
516,266,1101.19,452.97,57.24,139.95,0.2907,-1,-1,-1
516,272,880.67,418.33,73.03,283.03,0.5690,-1,-1,-1
517,131,686.19,446.21,42.00,129.92,0.4908,-1,-1,-1
517,170,1051.48,450.16,96.34,226.16,0.5534,-1,-1,-1
517,178,908.09,437.35,150.74,284.78,0.7689,-1,-1,-1
517,188,734.41,439.88,107.08,254.56,0.7290,-1,-1,-1
517,207,1325.03,424.59,255.01,644.88,0.8205,-1,-1,-1
517,221,1824.89,392.40,103.70,512.64,0.6981,-1,-1,-1
517,224,1581.54,377.81,259.21,690.72,0.4329,-1,-1,-1
517,247,20.29,493.12,137.27,245.01,0.5800,-1,-1,-1
517,251,1507.36,410.24,119.28,507.01,0.3990,-1,-1,-1
517,257,568.26,444.43,31.49,91.49,0.4722,-1,-1,-1
517,265,545.44,446.62,29.13,86.88,0.2087,-1,-1,-1
517,266,1101.88,443.57,59.53,149.27,0.3435,-1,-1,-1
517,272,883.75,424.21,74.96,280.26,0.5797,-1,-1,-1
518,131,683.56,448.34,41.46,125.41,0.4472,-1,-1,-1
518,159,880.07,415.90,77.27,288.74,0.6177,-1,-1,-1
518,170,1052.96,459.84,95.11,217.65,0.5708,-1,-1,-1
518,178,911.19,434.87,148.82,288.05,0.7866,-1,-1,-1
518,188,737.85,431.55,105.97,261.71,0.7799,-1,-1,-1
518,207,1328.73,417.62,259.30,650.33,0.8205,-1,-1,-1
518,221,1832.02,394.74,97.78,511.53,0.6629,-1,-1,-1
518,224,1583.68,378.22,261.76,692.25,0.4235,-1,-1,-1
518,247,5.21,480.86,146.31,258.61,0.6834,-1,-1,-1
518,251,1503.96,411.17,142.21,613.96,0.3616,-1,-1,-1
518,257,569.82,446.53,30.48,88.53,0.4537,-1,-1,-1
518,266,1105.49,440.06,59.72,151.93,0.2129,-1,-1,-1
519,131,680.11,447.90,42.59,125.79,0.5497,-1,-1,-1
519,170,1051.02,449.97,99.80,227.86,0.5336,-1,-1,-1
519,178,915.70,440.80,143.62,279.31,0.6556,-1,-1,-1
519,188,741.99,432.20,103.47,260.40,0.7721,-1,-1,-1
519,207,1330.55,420.61,258.93,646.78,0.7951,-1,-1,-1
519,221,1840.85,394.13,90.44,491.81,0.5247,-1,-1,-1
519,224,1592.23,381.33,277.48,689.00,0.6568,-1,-1,-1
519,247,1.67,489.83,142.52,249.95,0.6142,-1,-1,-1
519,251,1507.09,412.97,144.12,641.16,0.4692,-1,-1,-1
519,257,570.75,449.76,29.56,85.74,0.4616,-1,-1,-1
519,266,1104.69,441.18,58.21,151.50,0.2876,-1,-1,-1
519,272,882.51,433.03,73.26,267.13,0.5925,-1,-1,-1
519,277,640.33,455.18,32.83,92.42,0.2629,-1,-1,-1
520,131,680.85,448.43,42.43,124.25,0.5479,-1,-1,-1
520,170,1051.64,455.48,98.07,221.89,0.5671,-1,-1,-1
520,178,927.39,446.03,139.03,273.84,0.6576,-1,-1,-1
520,188,746.52,430.19,100.49,260.52,0.7279,-1,-1,-1
520,207,1332.76,417.83,257.72,649.76,0.7827,-1,-1,-1
520,221,1852.50,396.48,82.10,478.49,0.5434,-1,-1,-1
520,224,1571.75,380.35,272.49,691.34,0.5518,-1,-1,-1
520,247,-1.41,480.85,149.83,263.01,0.5351,-1,-1,-1
520,251,1525.07,418.45,124.50,542.20,0.4470,-1,-1,-1
520,257,570.87,449.57,29.72,86.35,0.4256,-1,-1,-1
520,265,542.52,450.09,28.71,84.28,0.2201,-1,-1,-1
520,272,883.44,435.31,74.04,263.68,0.6392,-1,-1,-1
520,277,642.18,456.14,32.72,91.67,0.2624,-1,-1,-1
521,131,680.20,450.82,41.84,122.54,0.5131,-1,-1,-1
521,159,883.69,431.12,76.51,269.49,0.6335,-1,-1,-1
521,170,1049.47,439.47,103.28,238.34,0.6208,-1,-1,-1
521,178,933.56,445.20,137.05,274.65,0.6325,-1,-1,-1
521,188,753.07,431.17,96.00,259.41,0.7424,-1,-1,-1
521,207,1336.33,414.69,252.20,651.95,0.8273,-1,-1,-1
521,221,1856.60,391.01,75.46,453.66,0.3687,-1,-1,-1
521,224,1598.59,381.04,285.45,684.30,0.6124,-1,-1,-1
521,247,-10.49,480.08,149.18,268.72,0.4948,-1,-1,-1
521,251,1533.42,419.73,123.77,523.07,0.4988,-1,-1,-1
521,257,571.77,453.03,28.31,81.77,0.4259,-1,-1,-1
521,265,543.63,452.64,27.84,81.07,0.2273,-1,-1,-1
521,277,646.82,457.96,31.94,88.49,0.2366,-1,-1,-1
522,131,678.28,448.91,42.87,124.58,0.5587,-1,-1,-1
522,159,882.40,431.21,80.21,270.31,0.6422,-1,-1,-1
522,170,1052.13,443.08,100.59,234.79,0.6234,-1,-1,-1
522,178,943.31,441.13,133.53,278.32,0.6701,-1,-1,-1
522,188,761.72,433.46,89.65,254.68,0.7153,-1,-1,-1
522,207,1344.30,412.04,251.12,653.99,0.8022,-1,-1,-1
522,224,1631.68,377.46,256.11,576.26,0.6272,-1,-1,-1
522,247,-18.19,477.28,142.38,269.13,0.4966,-1,-1,-1
522,251,1538.57,416.50,130.24,536.21,0.4881,-1,-1,-1
522,257,572.68,454.50,27.82,80.12,0.3794,-1,-1,-1
522,265,543.33,455.60,27.34,78.37,0.2284,-1,-1,-1
522,277,648.03,458.29,32.59,90.66,0.2331,-1,-1,-1
523,131,676.11,448.32,43.99,126.14,0.5927,-1,-1,-1
523,159,883.08,419.19,86.59,284.26,0.6479,-1,-1,-1
523,170,1055.69,456.70,95.82,221.23,0.6440,-1,-1,-1
523,178,945.28,442.31,128.31,278.91,0.6811,-1,-1,-1
523,188,763.37,433.22,89.81,256.71,0.7168,-1,-1,-1
523,207,1350.50,412.13,249.67,655.02,0.7309,-1,-1,-1
523,224,1596.14,379.35,309.54,680.21,0.6031,-1,-1,-1
523,247,-13.40,506.92,128.65,247.70,0.3591,-1,-1,-1
523,251,1546.98,412.19,136.88,545.00,0.5178,-1,-1,-1
523,257,572.83,454.00,28.24,81.09,0.4010,-1,-1,-1
523,265,544.19,456.16,27.21,77.62,0.2175,-1,-1,-1
523,277,647.73,458.94,32.20,89.72,0.3083,-1,-1,-1
524,131,675.17,448.83,44.14,124.53,0.6099,-1,-1,-1
524,159,882.66,417.95,89.64,285.01,0.6635,-1,-1,-1
524,170,1059.01,457.37,95.08,219.99,0.6078,-1,-1,-1
524,178,956.86,443.36,121.62,276.14,0.6237,-1,-1,-1
524,188,766.68,430.82,90.42,259.54,0.7391,-1,-1,-1
524,207,1360.15,411.30,245.50,654.91,0.7126,-1,-1,-1
524,224,1590.65,373.73,325.18,694.57,0.7973,-1,-1,-1
524,247,-20.75,522.25,119.79,238.22,0.2299,-1,-1,-1
524,251,1551.29,411.76,142.05,560.34,0.4785,-1,-1,-1
524,257,573.67,453.77,28.81,82.41,0.4091,-1,-1,-1
524,265,544.35,456.37,27.43,77.35,0.2431,-1,-1,-1
524,277,648.52,458.85,31.96,88.21,0.2505,-1,-1,-1
525,131,674.92,452.25,42.97,120.45,0.6313,-1,-1,-1
525,159,887.30,411.15,92.38,294.02,0.6531,-1,-1,-1
525,170,1061.98,460.91,94.98,217.53,0.6283,-1,-1,-1
525,178,962.48,444.42,114.82,275.44,0.6575,-1,-1,-1
525,188,766.69,430.18,91.59,260.01,0.7484,-1,-1,-1
525,207,1375.26,411.43,238.10,656.68,0.7219,-1,-1,-1
525,224,1593.32,369.28,328.02,703.00,0.6822,-1,-1,-1
525,247,-18.04,513.55,113.11,233.81,0.3240,-1,-1,-1
525,251,1547.59,408.53,151.60,588.52,0.5920,-1,-1,-1
525,257,574.02,451.94,29.00,82.69,0.4429,-1,-1,-1
525,265,543.60,456.40,27.70,77.09,0.2480,-1,-1,-1
525,277,644.14,455.99,33.89,93.49,0.2574,-1,-1,-1
525,279,714.16,450.38,35.50,89.25,0.3856,-1,-1,-1
526,131,672.55,451.25,44.06,120.82,0.5834,-1,-1,-1
526,159,894.04,411.29,90.51,295.32,0.6753,-1,-1,-1
526,170,1065.90,462.64,94.63,214.32,0.6342,-1,-1,-1
526,178,973.82,445.24,105.98,277.78,0.6581,-1,-1,-1
526,188,769.09,436.05,91.82,253.43,0.7174,-1,-1,-1
526,207,1394.08,410.67,228.24,652.69,0.6749,-1,-1,-1
526,224,1596.09,360.38,325.76,710.90,0.8162,-1,-1,-1
526,247,-8.41,521.55,85.27,178.56,0.2949,-1,-1,-1
526,251,1551.30,409.07,154.02,589.49,0.5765,-1,-1,-1
526,257,574.13,451.29,29.19,82.71,0.4097,-1,-1,-1
526,265,543.22,455.60,28.24,77.66,0.2426,-1,-1,-1
526,279,714.20,450.32,35.26,89.06,0.4110,-1,-1,-1
527,131,671.03,455.06,43.90,116.97,0.5882,-1,-1,-1
527,159,897.19,407.63,88.83,298.42,0.7362,-1,-1,-1
527,170,1070.67,459.16,95.92,216.24,0.6215,-1,-1,-1
527,178,985.33,449.27,96.16,273.69,0.7052,-1,-1,-1
527,188,776.17,436.49,96.02,253.10,0.6895,-1,-1,-1
527,207,1415.80,414.36,216.14,653.23,0.7507,-1,-1,-1
527,224,1598.45,367.52,321.89,704.34,0.6965,-1,-1,-1
527,247,-1.89,541.35,65.86,137.85,0.3601,-1,-1,-1
527,251,1563.76,409.10,153.73,589.67,0.6799,-1,-1,-1
527,257,573.91,451.02,29.18,82.55,0.4247,-1,-1,-1
527,265,542.34,455.47,28.62,77.61,0.3010,-1,-1,-1
527,279,714.11,449.89,35.07,89.26,0.4911,-1,-1,-1
528,131,670.68,456.45,43.88,114.32,0.6127,-1,-1,-1
528,159,901.88,412.51,84.69,293.90,0.7279,-1,-1,-1
528,170,1072.99,452.38,95.41,222.49,0.6411,-1,-1,-1
528,178,991.17,445.21,94.52,279.89,0.7121,-1,-1,-1
528,188,787.76,437.53,94.37,249.95,0.5981,-1,-1,-1
528,207,1425.40,412.00,207.06,653.28,0.6916,-1,-1,-1
528,224,1604.81,391.14,313.31,680.82,0.7342,-1,-1,-1
528,247,0.39,547.49,53.71,111.63,0.3471,-1,-1,-1
528,251,1573.79,410.90,157.41,589.11,0.7151,-1,-1,-1
528,257,574.04,450.50,29.90,84.03,0.4263,-1,-1,-1
528,279,714.34,451.29,34.46,87.55,0.4950,-1,-1,-1
529,131,668.94,453.63,46.96,117.68,0.5692,-1,-1,-1
529,159,910.05,405.96,81.70,300.13,0.7331,-1,-1,-1
529,170,1077.33,450.45,92.04,223.32,0.5326,-1,-1,-1
529,178,999.09,442.30,94.68,279.54,0.7067,-1,-1,-1
529,188,792.24,435.85,102.62,252.52,0.6294,-1,-1,-1
529,207,1436.78,413.08,197.27,654.84,0.7813,-1,-1,-1
529,224,1671.16,385.44,259.97,576.31,0.5806,-1,-1,-1
529,247,-4.68,546.38,51.19,110.05,0.3693,-1,-1,-1
529,251,1580.42,412.73,160.11,590.87,0.7308,-1,-1,-1
529,257,573.85,450.01,30.33,84.76,0.4569,-1,-1,-1
529,263,411.01,465.56,51.21,107.12,0.2085,-1,-1,-1
529,265,541.98,451.13,30.67,83.38,0.2399,-1,-1,-1
529,279,709.96,450.73,33.59,88.24,0.4923,-1,-1,-1
530,131,666.01,454.74,47.34,115.87,0.5688,-1,-1,-1
530,159,914.20,404.10,78.44,302.18,0.7550,-1,-1,-1
530,170,1083.40,447.85,88.71,226.73,0.5649,-1,-1,-1
530,178,1003.56,439.39,95.74,279.28,0.7164,-1,-1,-1
530,188,795.22,434.75,105.08,252.34,0.6852,-1,-1,-1
530,207,1443.90,414.62,190.90,654.15,0.7930,-1,-1,-1
530,224,1684.39,367.29,252.79,578.40,0.5903,-1,-1,-1
530,251,1580.80,412.14,162.01,595.97,0.6780,-1,-1,-1
530,257,573.51,448.92,31.00,86.62,0.4600,-1,-1,-1
530,263,412.43,464.20,48.53,107.36,0.2071,-1,-1,-1
530,265,542.23,453.89,29.76,80.99,0.2143,-1,-1,-1
530,279,709.52,450.09,33.09,88.44,0.4386,-1,-1,-1
531,131,664.43,454.49,46.93,113.99,0.5485,-1,-1,-1
531,159,917.33,402.80,76.76,304.10,0.7637,-1,-1,-1
531,170,1086.34,451.26,84.97,225.44,0.5846,-1,-1,-1
531,178,1008.54,443.63,97.55,274.52,0.7753,-1,-1,-1
531,188,788.08,434.09,109.84,253.48,0.7534,-1,-1,-1
531,207,1450.18,413.31,192.04,653.30,0.8098,-1,-1,-1
531,224,1688.28,364.77,246.41,574.15,0.5021,-1,-1,-1
531,251,1586.05,414.09,161.85,598.68,0.7199,-1,-1,-1
531,257,572.90,448.41,31.60,88.37,0.4674,-1,-1,-1
531,265,542.60,452.95,30.03,82.24,0.2547,-1,-1,-1
531,279,710.98,450.22,33.00,89.23,0.3999,-1,-1,-1
532,131,663.07,451.92,47.50,117.62,0.5465,-1,-1,-1
532,159,921.86,401.95,76.15,302.69,0.7301,-1,-1,-1
532,170,1087.18,452.51,80.52,224.00,0.5167,-1,-1,-1
532,178,1010.53,443.94,103.20,274.92,0.8030,-1,-1,-1
532,188,790.22,435.53,112.22,252.22,0.7539,-1,-1,-1
532,207,1455.94,412.10,197.78,654.62,0.7968,-1,-1,-1
532,224,1637.30,366.31,289.33,703.38,0.7801,-1,-1,-1
532,251,1589.18,409.37,167.23,616.48,0.7540,-1,-1,-1
532,257,571.93,448.01,32.00,89.26,0.4836,-1,-1,-1
532,279,712.83,450.71,32.76,89.53,0.4135,-1,-1,-1
533,131,661.36,452.00,46.32,118.31,0.5588,-1,-1,-1
533,159,923.52,404.21,77.57,300.69,0.7076,-1,-1,-1
533,170,1091.71,445.84,80.40,232.79,0.5587,-1,-1,-1
533,178,1008.11,445.64,107.23,272.13,0.7601,-1,-1,-1
533,188,793.75,435.60,112.00,251.84,0.7409,-1,-1,-1
533,207,1457.95,411.19,205.24,654.74,0.8244,-1,-1,-1
533,224,1654.21,367.12,273.70,710.84,0.8252,-1,-1,-1
533,251,1598.84,406.82,173.19,625.88,0.7712,-1,-1,-1
533,257,573.05,446.88,32.54,90.41,0.3922,-1,-1,-1
533,265,541.91,454.40,29.57,80.86,0.2110,-1,-1,-1
533,279,714.35,452.49,31.67,88.20,0.3789,-1,-1,-1
534,131,659.59,450.61,45.42,118.88,0.6098,-1,-1,-1
534,159,923.00,408.06,80.53,298.87,0.7235,-1,-1,-1
534,170,1090.33,447.70,77.60,230.32,0.5673,-1,-1,-1
534,178,1014.29,450.31,112.37,269.03,0.7155,-1,-1,-1
534,188,801.74,436.18,112.85,251.39,0.7641,-1,-1,-1
534,207,1456.62,410.85,209.70,655.57,0.8335,-1,-1,-1
534,224,1701.25,369.55,235.53,633.24,0.6663,-1,-1,-1
534,251,1604.49,412.44,177.65,613.58,0.7506,-1,-1,-1
534,257,575.86,447.37,32.84,90.14,0.4190,-1,-1,-1
534,265,542.81,452.73,29.93,82.56,0.2482,-1,-1,-1
534,279,714.15,452.35,31.21,88.51,0.4161,-1,-1,-1
535,131,658.85,449.62,44.79,119.93,0.6462,-1,-1,-1
535,159,925.57,428.58,82.14,278.63,0.7378,-1,-1,-1
535,170,1097.61,444.39,77.74,232.00,0.4566,-1,-1,-1
535,178,1013.04,443.32,120.94,279.70,0.6861,-1,-1,-1
535,188,800.47,438.60,115.05,248.78,0.7656,-1,-1,-1
535,207,1455.46,412.49,211.04,654.32,0.8322,-1,-1,-1
535,224,1694.18,373.41,248.35,694.73,0.6249,-1,-1,-1
535,251,1608.13,409.16,178.25,612.32,0.7676,-1,-1,-1
535,257,575.91,445.44,33.83,92.00,0.4702,-1,-1,-1
535,265,542.69,450.33,30.78,85.52,0.2756,-1,-1,-1
535,279,713.79,451.69,30.88,88.87,0.4227,-1,-1,-1
536,131,658.15,449.60,43.90,118.99,0.5695,-1,-1,-1
536,159,920.28,428.93,88.96,278.27,0.7407,-1,-1,-1
536,170,1101.16,445.26,75.82,228.60,0.3848,-1,-1,-1
536,178,1012.79,449.78,123.95,271.14,0.7138,-1,-1,-1
536,188,801.48,436.53,115.62,249.51,0.7335,-1,-1,-1
536,207,1457.23,413.67,213.83,653.80,0.8186,-1,-1,-1
536,224,1725.04,367.85,214.66,706.92,0.8056,-1,-1,-1
536,251,1609.35,408.13,180.52,620.49,0.7377,-1,-1,-1
536,257,576.89,451.21,32.37,87.37,0.3894,-1,-1,-1
536,263,415.93,466.64,46.16,104.49,0.2210,-1,-1,-1
536,265,544.02,456.32,28.87,79.85,0.2383,-1,-1,-1
536,279,712.83,449.75,31.14,90.73,0.4320,-1,-1,-1
536,285,381.61,467.45,48.20,107.18,0.2928,-1,-1,-1
537,131,657.92,449.79,43.49,119.17,0.6080,-1,-1,-1
537,159,921.69,435.89,90.83,269.29,0.7106,-1,-1,-1
537,170,1106.42,456.34,70.99,217.77,0.4645,-1,-1,-1
537,178,1013.00,454.74,126.46,266.23,0.6610,-1,-1,-1
537,188,803.37,436.24,115.57,250.44,0.7348,-1,-1,-1
537,207,1463.06,414.78,219.56,651.41,0.7854,-1,-1,-1
537,224,1745.15,370.47,190.12,705.54,0.8078,-1,-1,-1
537,251,1614.90,407.15,182.65,627.37,0.5622,-1,-1,-1
537,257,579.34,456.96,30.35,81.58,0.3423,-1,-1,-1
537,263,413.99,461.55,47.21,111.00,0.2040,-1,-1,-1
537,265,546.11,461.14,27.61,75.27,0.2603,-1,-1,-1
537,279,711.50,449.35,31.19,91.29,0.4630,-1,-1,-1
537,285,381.29,466.27,48.68,108.52,0.2889,-1,-1,-1
537,286,698.54,453.46,28.65,84.89,0.2302,-1,-1,-1
538,131,657.05,451.24,42.99,118.31,0.5810,-1,-1,-1
538,159,920.52,425.26,98.09,282.75,0.7378,-1,-1,-1
538,170,1103.64,450.00,72.83,226.75,0.4766,-1,-1,-1
538,178,1012.18,449.96,130.71,271.31,0.7037,-1,-1,-1
538,188,804.49,434.67,116.68,251.66,0.7536,-1,-1,-1
538,207,1461.30,413.59,224.05,653.23,0.7970,-1,-1,-1
538,224,1756.48,370.71,173.92,706.21,0.8156,-1,-1,-1
538,251,1622.34,409.18,183.24,621.59,0.6291,-1,-1,-1
538,257,580.40,458.25,30.13,80.43,0.3853,-1,-1,-1
538,263,414.55,462.06,46.04,110.68,0.2369,-1,-1,-1
538,265,546.09,462.04,27.65,74.27,0.2711,-1,-1,-1
538,279,711.60,448.92,31.32,90.99,0.4798,-1,-1,-1
538,285,380.39,466.20,48.90,109.26,0.2869,-1,-1,-1
538,286,698.04,454.28,28.15,83.28,0.2204,-1,-1,-1
539,131,656.05,452.07,42.49,117.59,0.5734,-1,-1,-1
539,159,921.67,423.17,99.90,284.96,0.7460,-1,-1,-1
539,170,1109.46,446.32,72.63,230.78,0.4291,-1,-1,-1
539,178,1010.31,440.25,135.23,281.09,0.7102,-1,-1,-1
539,188,806.96,433.94,117.05,254.46,0.7495,-1,-1,-1
539,207,1462.91,412.97,227.98,654.28,0.7980,-1,-1,-1
539,224,1767.97,383.11,160.89,694.61,0.7907,-1,-1,-1
539,251,1628.90,408.78,186.00,614.28,0.6961,-1,-1,-1
539,257,580.59,458.58,30.12,79.82,0.3891,-1,-1,-1
539,263,414.41,461.68,45.70,111.38,0.2049,-1,-1,-1
539,265,546.16,461.96,28.12,74.25,0.2603,-1,-1,-1
539,279,712.29,449.39,30.88,91.22,0.4762,-1,-1,-1
539,285,380.40,467.36,48.26,108.16,0.2554,-1,-1,-1
540,131,653.69,453.39,40.78,115.98,0.6163,-1,-1,-1
540,159,922.62,424.16,102.74,284.20,0.7698,-1,-1,-1
540,170,1108.73,447.78,71.50,230.24,0.3886,-1,-1,-1
540,178,1010.90,439.04,135.74,283.21,0.6798,-1,-1,-1
540,188,811.81,433.33,114.41,252.90,0.7279,-1,-1,-1
540,207,1465.70,414.50,229.39,653.95,0.7923,-1,-1,-1
540,224,1777.62,415.87,147.01,659.04,0.7930,-1,-1,-1
540,251,1635.69,408.50,186.01,608.65,0.7275,-1,-1,-1
540,257,579.38,458.41,30.81,80.09,0.4299,-1,-1,-1
540,265,545.36,461.58,28.77,74.37,0.2312,-1,-1,-1
540,279,711.22,449.06,30.28,91.82,0.4969,-1,-1,-1
540,285,381.00,469.76,46.98,104.68,0.2240,-1,-1,-1
541,131,653.66,453.97,40.11,116.13,0.5564,-1,-1,-1
541,159,927.87,419.08,109.63,289.17,0.7208,-1,-1,-1
541,170,1112.15,447.78,69.72,230.14,0.4595,-1,-1,-1
541,178,1017.07,436.37,133.57,286.48,0.6585,-1,-1,-1
541,188,814.03,432.23,113.96,254.58,0.7385,-1,-1,-1
541,207,1471.04,411.75,234.81,660.22,0.7713,-1,-1,-1
541,224,1780.36,387.62,146.82,690.87,0.7728,-1,-1,-1
541,251,1641.39,406.66,188.17,613.27,0.7708,-1,-1,-1
541,257,578.73,458.57,31.21,80.21,0.3895,-1,-1,-1
541,265,544.68,460.98,29.51,75.05,0.2737,-1,-1,-1
541,279,711.40,449.41,30.08,93.45,0.5286,-1,-1,-1
542,131,654.32,454.68,39.20,115.09,0.5637,-1,-1,-1
542,159,925.63,413.66,115.41,295.63,0.7281,-1,-1,-1
542,170,1115.93,452.97,66.12,222.72,0.5022,-1,-1,-1
542,178,1022.31,433.11,129.66,288.87,0.6439,-1,-1,-1
542,188,818.46,434.33,111.43,252.69,0.7248,-1,-1,-1
542,207,1482.81,410.95,245.55,659.98,0.7628,-1,-1,-1
542,224,1788.51,385.13,140.34,693.88,0.7392,-1,-1,-1
542,251,1645.28,405.48,189.35,615.88,0.6296,-1,-1,-1
542,257,579.28,459.17,31.45,79.79,0.4262,-1,-1,-1
542,265,545.62,461.38,29.62,74.71,0.2910,-1,-1,-1
542,279,711.53,449.46,30.34,96.02,0.5136,-1,-1,-1
543,131,655.20,455.65,38.86,114.72,0.5968,-1,-1,-1
543,159,924.28,424.37,113.21,282.34,0.7433,-1,-1,-1
543,170,1117.98,449.12,65.76,226.00,0.3822,-1,-1,-1
543,178,1034.79,436.93,122.34,283.81,0.5750,-1,-1,-1
543,188,822.43,432.34,109.59,253.71,0.6637,-1,-1,-1
543,207,1486.68,410.96,245.96,657.59,0.6021,-1,-1,-1
543,224,1795.69,387.80,134.38,692.39,0.6776,-1,-1,-1
543,251,1650.04,404.08,189.66,614.06,0.5379,-1,-1,-1
543,257,578.05,458.26,31.97,80.60,0.3943,-1,-1,-1
543,265,545.29,460.59,29.94,75.56,0.2853,-1,-1,-1
543,279,711.50,449.14,30.25,96.43,0.5185,-1,-1,-1
544,131,655.10,455.02,39.01,115.04,0.6255,-1,-1,-1
544,159,926.64,435.22,112.99,271.01,0.7076,-1,-1,-1
544,170,1120.31,450.33,65.29,226.67,0.3416,-1,-1,-1
544,178,1041.58,436.71,117.25,282.99,0.5858,-1,-1,-1
544,188,830.79,433.72,104.70,251.56,0.6829,-1,-1,-1
544,207,1529.34,411.23,258.33,657.81,0.5409,-1,-1,-1
544,224,1817.66,383.65,108.16,576.23,0.6721,-1,-1,-1
544,257,577.91,456.44,32.57,81.75,0.4465,-1,-1,-1
544,265,544.84,459.38,30.61,77.19,0.3085,-1,-1,-1
544,279,711.82,448.61,29.91,95.92,0.5113,-1,-1,-1
545,131,656.27,452.54,40.04,116.19,0.5942,-1,-1,-1
545,159,929.41,432.95,117.55,274.12,0.6997,-1,-1,-1
545,170,1121.51,457.10,65.02,222.63,0.2942,-1,-1,-1
545,178,1054.84,434.87,115.04,286.22,0.4626,-1,-1,-1
545,188,841.32,436.00,98.54,245.71,0.6678,-1,-1,-1
545,207,1509.13,410.90,253.15,657.23,0.5354,-1,-1,-1
545,224,1832.88,462.75,91.50,494.24,0.5115,-1,-1,-1
545,251,1653.02,406.99,192.27,622.20,0.5733,-1,-1,-1
545,257,578.82,454.77,33.24,83.43,0.3947,-1,-1,-1
545,265,543.65,456.47,31.59,80.21,0.3372,-1,-1,-1
545,279,712.12,447.98,30.48,96.96,0.5503,-1,-1,-1
546,131,655.54,453.08,39.61,115.03,0.5905,-1,-1,-1
546,159,932.37,433.02,117.79,272.15,0.7098,-1,-1,-1
546,170,1123.97,455.21,66.15,226.34,0.3774,-1,-1,-1
546,178,1063.65,436.08,107.43,280.85,0.5182,-1,-1,-1
546,188,855.46,433.51,91.66,246.50,0.7014,-1,-1,-1
546,207,1516.15,409.85,244.96,656.35,0.5447,-1,-1,-1
546,224,1817.66,477.87,106.78,588.86,0.5891,-1,-1,-1
546,251,1656.93,406.09,193.00,627.07,0.5453,-1,-1,-1
546,257,579.02,451.84,33.90,85.42,0.4180,-1,-1,-1
546,265,542.51,450.52,33.21,85.97,0.3972,-1,-1,-1
546,279,712.94,448.07,30.53,97.47,0.5189,-1,-1,-1
547,131,654.54,454.65,39.02,112.46,0.6225,-1,-1,-1
547,159,934.93,427.36,119.31,279.08,0.6844,-1,-1,-1
547,178,1084.49,435.17,101.18,270.29,0.4562,-1,-1,-1
547,188,861.14,436.05,85.94,243.82,0.6615,-1,-1,-1
547,207,1528.48,407.85,233.17,655.04,0.6398,-1,-1,-1
547,224,1818.41,494.04,104.07,584.39,0.6469,-1,-1,-1
547,251,1665.74,412.60,185.84,600.63,0.6545,-1,-1,-1
547,257,579.27,452.26,33.87,85.35,0.4720,-1,-1,-1
547,265,543.13,449.29,33.14,87.06,0.3811,-1,-1,-1
547,279,713.03,448.41,30.13,96.71,0.5016,-1,-1,-1
548,131,653.14,453.96,38.34,112.23,0.6777,-1,-1,-1
548,159,936.77,426.70,118.58,278.66,0.6609,-1,-1,-1
548,178,1087.84,433.43,101.58,274.87,0.4714,-1,-1,-1
548,188,865.03,435.02,82.36,242.43,0.6323,-1,-1,-1
548,207,1534.88,408.65,220.27,661.77,0.7210,-1,-1,-1
548,224,1820.29,453.65,108.18,627.96,0.5214,-1,-1,-1
548,251,1670.12,411.94,187.97,599.99,0.7370,-1,-1,-1
548,257,580.30,454.11,33.10,82.97,0.4930,-1,-1,-1
548,265,544.62,449.58,32.76,86.75,0.4366,-1,-1,-1
548,279,713.54,448.54,29.81,96.56,0.4947,-1,-1,-1
549,131,652.62,454.61,37.97,110.03,0.6687,-1,-1,-1
549,159,942.07,425.12,115.95,278.62,0.6543,-1,-1,-1
549,170,1122.40,440.34,72.22,247.48,0.2664,-1,-1,-1
549,178,1077.98,437.96,101.42,280.69,0.4019,-1,-1,-1
549,188,870.03,437.43,80.78,243.80,0.6219,-1,-1,-1
549,207,1543.13,408.67,210.14,654.90,0.7540,-1,-1,-1
549,224,1821.29,428.67,110.22,653.83,0.3137,-1,-1,-1
549,251,1676.75,413.52,187.66,600.41,0.7193,-1,-1,-1
549,257,580.08,451.94,34.02,85.46,0.4403,-1,-1,-1
549,265,545.19,447.64,33.00,88.13,0.4116,-1,-1,-1
549,279,714.39,448.45,29.72,96.70,0.5574,-1,-1,-1
550,131,652.83,455.19,37.45,108.78,0.6711,-1,-1,-1
550,159,950.85,417.67,115.22,284.49,0.6229,-1,-1,-1
550,178,1080.56,436.02,104.04,282.01,0.4614,-1,-1,-1
550,188,874.46,437.92,80.59,244.08,0.6219,-1,-1,-1
550,207,1546.92,409.54,204.68,655.38,0.7731,-1,-1,-1
550,251,1685.45,405.55,192.24,614.20,0.7342,-1,-1,-1
550,257,580.54,453.39,33.34,83.91,0.4525,-1,-1,-1
550,265,546.09,447.98,32.60,87.57,0.4038,-1,-1,-1
550,279,715.78,450.36,29.96,95.64,0.5144,-1,-1,-1
551,131,652.37,455.80,37.41,107.85,0.6459,-1,-1,-1
551,159,956.07,412.98,112.35,287.70,0.6150,-1,-1,-1
551,178,1076.28,438.08,108.19,279.28,0.5119,-1,-1,-1
551,188,876.22,434.96,80.69,248.00,0.6446,-1,-1,-1
551,207,1552.91,410.16,204.66,660.00,0.7703,-1,-1,-1
551,251,1691.65,403.67,191.67,611.06,0.7085,-1,-1,-1
551,257,580.69,454.01,33.07,83.29,0.5141,-1,-1,-1
551,265,546.89,447.76,32.39,87.73,0.4035,-1,-1,-1
551,279,715.22,449.84,30.55,95.89,0.5347,-1,-1,-1
552,131,651.92,455.40,38.86,109.61,0.6135,-1,-1,-1
552,159,963.29,416.85,104.35,281.05,0.6092,-1,-1,-1
552,178,1084.40,436.80,111.61,283.85,0.5009,-1,-1,-1
552,188,882.52,432.34,80.06,251.63,0.6798,-1,-1,-1
552,207,1557.73,410.02,209.51,668.16,0.8020,-1,-1,-1
552,251,1696.60,404.16,190.61,609.17,0.7359,-1,-1,-1
552,257,580.39,452.63,33.57,84.62,0.5238,-1,-1,-1
552,265,546.77,445.60,32.73,89.46,0.4415,-1,-1,-1
552,279,715.76,449.62,31.20,96.27,0.5943,-1,-1,-1
553,131,650.82,455.08,39.83,110.35,0.5778,-1,-1,-1
553,159,978.23,420.21,93.35,274.38,0.6988,-1,-1,-1
553,178,1083.77,436.75,110.74,284.67,0.4999,-1,-1,-1
553,188,887.48,433.00,81.30,249.93,0.7234,-1,-1,-1
553,207,1561.23,409.20,211.29,666.84,0.7906,-1,-1,-1
553,251,1703.80,403.35,194.41,616.68,0.6789,-1,-1,-1
553,257,580.16,452.56,33.80,85.07,0.5205,-1,-1,-1
553,265,546.28,445.49,32.63,90.23,0.4172,-1,-1,-1
553,279,716.87,448.82,31.91,96.15,0.5777,-1,-1,-1
554,131,647.85,455.22,39.78,109.62,0.4870,-1,-1,-1
554,159,981.78,413.89,93.31,287.63,0.6596,-1,-1,-1
554,178,1083.25,435.49,114.06,285.65,0.5785,-1,-1,-1
554,188,888.69,431.49,84.55,251.78,0.7365,-1,-1,-1
554,207,1595.49,409.71,220.02,660.92,0.5402,-1,-1,-1
554,251,1721.11,402.09,191.79,607.53,0.2519,-1,-1,-1
554,257,580.00,449.18,34.65,88.20,0.5267,-1,-1,-1
554,263,420.52,477.42,39.81,90.79,0.2344,-1,-1,-1
554,265,545.52,444.37,32.60,91.55,0.4496,-1,-1,-1
554,279,715.91,448.20,32.03,95.51,0.5863,-1,-1,-1
555,131,646.65,456.58,39.32,107.39,0.4911,-1,-1,-1
555,159,988.20,411.09,89.74,288.91,0.6794,-1,-1,-1
555,178,1082.33,434.06,117.59,287.21,0.5958,-1,-1,-1
555,188,887.89,432.04,86.02,251.43,0.7327,-1,-1,-1
555,207,1576.61,408.65,226.55,661.43,0.6169,-1,-1,-1
555,251,1715.12,401.80,199.86,633.45,0.4120,-1,-1,-1
555,257,580.25,446.91,35.14,90.49,0.5427,-1,-1,-1
555,265,545.89,444.05,32.67,92.01,0.4765,-1,-1,-1
555,279,714.37,446.05,33.23,98.89,0.5749,-1,-1,-1
556,131,645.19,457.19,39.80,107.11,0.5157,-1,-1,-1
556,159,997.51,411.31,87.06,288.19,0.7244,-1,-1,-1
556,178,1088.75,436.19,117.51,284.31,0.7182,-1,-1,-1
556,188,888.36,433.50,86.42,250.90,0.7682,-1,-1,-1
556,207,1578.10,406.68,233.71,660.33,0.5703,-1,-1,-1
556,251,1753.96,403.30,139.42,416.17,0.2880,-1,-1,-1
556,257,580.65,446.09,35.00,91.15,0.5004,-1,-1,-1
556,265,546.12,442.06,33.30,93.87,0.4542,-1,-1,-1
556,279,714.59,446.19,33.60,100.16,0.5956,-1,-1,-1
557,131,644.48,457.79,39.92,106.56,0.5426,-1,-1,-1
557,159,997.45,424.82,84.60,270.78,0.6697,-1,-1,-1
557,178,1089.30,437.99,116.71,282.19,0.7477,-1,-1,-1
557,188,891.51,435.65,87.08,248.62,0.7572,-1,-1,-1
557,207,1567.08,407.36,240.72,662.07,0.6842,-1,-1,-1
557,251,1714.62,399.76,204.85,616.98,0.3285,-1,-1,-1
557,257,580.53,446.62,34.87,91.21,0.5239,-1,-1,-1
557,263,418.85,474.88,41.95,93.60,0.2180,-1,-1,-1
557,265,545.80,440.77,34.12,96.34,0.4757,-1,-1,-1
557,279,713.93,445.97,34.19,101.80,0.6254,-1,-1,-1
558,131,643.73,459.85,39.51,104.78,0.5470,-1,-1,-1
558,159,994.45,435.00,88.67,261.38,0.7064,-1,-1,-1
558,178,1092.06,437.35,115.97,281.47,0.8019,-1,-1,-1
558,188,891.45,436.27,87.08,247.71,0.7479,-1,-1,-1
558,207,1572.16,404.51,272.05,670.50,0.8042,-1,-1,-1
558,251,1754.12,403.60,146.46,411.98,0.3369,-1,-1,-1
558,257,582.90,451.83,33.26,87.74,0.5485,-1,-1,-1
558,263,418.28,473.18,43.22,95.08,0.2102,-1,-1,-1
558,265,546.97,442.68,33.72,94.27,0.5029,-1,-1,-1
558,279,712.95,445.20,34.96,102.56,0.6491,-1,-1,-1
558,292,676.22,457.22,25.15,104.01,0.2747,-1,-1,-1
559,131,644.39,461.95,38.44,101.24,0.5366,-1,-1,-1
559,159,997.02,431.06,93.22,266.23,0.6417,-1,-1,-1
559,178,1092.97,433.93,118.31,283.84,0.8025,-1,-1,-1
559,188,891.39,437.23,88.28,246.91,0.7447,-1,-1,-1
559,207,1567.90,405.54,280.48,664.62,0.8006,-1,-1,-1
559,251,1738.26,400.35,190.41,548.20,0.3954,-1,-1,-1
559,257,583.62,453.28,32.53,86.30,0.5584,-1,-1,-1
559,263,417.95,471.77,44.19,96.58,0.2329,-1,-1,-1
559,265,546.63,442.98,33.71,94.19,0.5180,-1,-1,-1
559,279,712.95,444.88,35.11,101.86,0.6463,-1,-1,-1
559,292,675.44,458.08,24.74,100.76,0.2661,-1,-1,-1
559,293,1198.13,438.89,44.80,115.49,0.3162,-1,-1,-1
560,131,643.00,460.68,38.01,101.07,0.5576,-1,-1,-1
560,159,1001.23,422.15,98.44,274.60,0.6791,-1,-1,-1
560,178,1096.76,435.86,116.45,281.48,0.7140,-1,-1,-1
560,188,891.01,435.27,90.05,247.15,0.7593,-1,-1,-1
560,207,1565.78,403.99,297.35,672.38,0.8598,-1,-1,-1
560,251,1763.94,402.67,145.35,398.56,0.3130,-1,-1,-1
560,257,584.02,453.98,32.10,85.56,0.5232,-1,-1,-1
560,263,417.72,471.46,44.39,96.69,0.2433,-1,-1,-1
560,265,547.58,445.76,32.68,91.66,0.5057,-1,-1,-1
560,279,713.36,445.13,35.18,101.56,0.6332,-1,-1,-1
560,293,1198.74,434.99,46.84,120.92,0.2923,-1,-1,-1
561,131,641.21,457.93,38.32,103.65,0.5440,-1,-1,-1
561,159,1004.99,422.74,102.47,274.07,0.6978,-1,-1,-1
561,178,1100.06,437.38,113.44,277.29,0.6595,-1,-1,-1
561,188,901.31,435.36,89.10,246.47,0.6552,-1,-1,-1
561,207,1559.55,402.81,291.77,669.17,0.7235,-1,-1,-1
561,251,1738.89,398.78,188.69,527.43,0.3752,-1,-1,-1
561,257,584.21,452.98,32.15,85.79,0.4893,-1,-1,-1
561,263,417.54,471.46,45.07,97.72,0.2578,-1,-1,-1
561,265,547.96,442.17,33.42,94.97,0.5230,-1,-1,-1
561,279,712.80,446.17,35.70,101.47,0.6255,-1,-1,-1
561,293,1202.05,437.36,46.56,120.41,0.3268,-1,-1,-1
562,131,641.81,458.27,37.56,102.90,0.5041,-1,-1,-1
562,159,1003.15,417.98,106.22,278.34,0.6644,-1,-1,-1
562,178,1106.01,438.89,113.61,277.43,0.7008,-1,-1,-1
562,188,908.32,434.80,87.04,245.86,0.6979,-1,-1,-1
562,207,1573.00,405.95,297.48,669.04,0.8116,-1,-1,-1
562,251,1739.05,397.15,199.07,572.77,0.3085,-1,-1,-1
562,257,583.91,452.23,32.57,87.34,0.4991,-1,-1,-1
562,263,417.26,471.94,45.41,98.06,0.2614,-1,-1,-1
562,265,548.56,440.89,33.89,96.32,0.4871,-1,-1,-1
562,279,714.67,449.18,34.64,98.05,0.5754,-1,-1,-1
562,292,678.63,457.56,24.23,97.31,0.2000,-1,-1,-1
562,293,1205.21,437.10,46.69,121.51,0.2369,-1,-1,-1
563,131,640.77,457.72,36.98,103.06,0.5257,-1,-1,-1
563,159,1003.17,419.12,109.24,277.40,0.6618,-1,-1,-1
563,178,1110.03,440.08,111.74,274.25,0.6919,-1,-1,-1
563,188,909.86,433.83,87.00,249.85,0.7010,-1,-1,-1
563,207,1581.24,405.43,307.19,669.54,0.8046,-1,-1,-1
563,251,1749.13,393.07,187.55,553.86,0.3412,-1,-1,-1
563,257,584.38,453.03,32.38,86.53,0.4495,-1,-1,-1
563,265,549.04,441.08,33.77,95.26,0.4631,-1,-1,-1
563,279,715.53,449.30,35.17,98.38,0.5300,-1,-1,-1
564,131,641.06,457.14,36.92,103.98,0.4948,-1,-1,-1
564,159,1006.72,427.84,107.95,267.23,0.6407,-1,-1,-1
564,178,1112.87,434.02,113.24,278.53,0.7000,-1,-1,-1
564,188,913.06,430.70,86.35,250.92,0.6331,-1,-1,-1
564,207,1587.24,401.62,318.79,668.94,0.8681,-1,-1,-1
564,251,1770.52,398.96,160.80,486.30,0.4053,-1,-1,-1
564,257,584.94,454.50,31.45,83.68,0.3949,-1,-1,-1
564,265,549.03,441.72,33.66,94.41,0.3788,-1,-1,-1
564,279,716.08,448.95,35.18,98.28,0.5201,-1,-1,-1
565,131,641.37,456.18,36.95,104.92,0.5472,-1,-1,-1
565,159,1005.65,431.36,110.37,263.35,0.6365,-1,-1,-1
565,178,1116.70,432.19,112.98,279.92,0.6433,-1,-1,-1
565,188,918.65,433.74,82.92,244.22,0.6347,-1,-1,-1
565,207,1584.18,399.63,315.50,667.65,0.7043,-1,-1,-1
565,251,1755.69,392.13,190.41,656.23,0.6218,-1,-1,-1
565,257,585.26,455.46,31.28,82.73,0.3999,-1,-1,-1
565,265,548.64,441.93,33.62,94.08,0.4273,-1,-1,-1
565,279,716.77,449.11,34.90,97.13,0.5560,-1,-1,-1
566,131,640.80,454.26,37.38,107.23,0.5223,-1,-1,-1
566,159,1008.94,437.03,112.27,260.04,0.6645,-1,-1,-1
566,178,1122.01,433.00,112.64,282.16,0.5412,-1,-1,-1
566,188,929.79,431.90,82.80,241.58,0.5389,-1,-1,-1
566,207,1600.06,398.98,312.49,671.30,0.7352,-1,-1,-1
566,251,1768.29,391.58,173.65,664.55,0.6383,-1,-1,-1
566,257,585.55,455.65,31.59,83.07,0.4359,-1,-1,-1
566,265,548.83,442.43,33.53,93.63,0.4304,-1,-1,-1
566,279,717.42,449.58,34.92,96.93,0.5434,-1,-1,-1
567,131,640.15,454.55,36.67,106.58,0.4866,-1,-1,-1
567,159,1011.08,442.27,115.48,256.01,0.6879,-1,-1,-1
567,178,1122.08,431.07,112.68,284.29,0.6356,-1,-1,-1
567,188,933.09,429.89,83.22,242.38,0.5113,-1,-1,-1
567,207,1620.81,400.40,294.09,668.29,0.8360,-1,-1,-1
567,251,1780.58,398.31,155.91,641.46,0.6306,-1,-1,-1
567,257,585.80,455.75,31.58,82.72,0.4656,-1,-1,-1
567,265,548.89,442.47,33.58,93.81,0.4389,-1,-1,-1
567,279,717.99,449.11,35.28,97.95,0.5409,-1,-1,-1
568,131,639.88,455.96,35.36,104.60,0.4814,-1,-1,-1
568,159,1009.94,428.57,127.41,271.51,0.6905,-1,-1,-1
568,178,1128.47,430.44,111.00,282.03,0.6102,-1,-1,-1
568,188,939.94,431.95,81.54,241.21,0.5359,-1,-1,-1
568,207,1639.97,400.90,278.05,668.51,0.8227,-1,-1,-1
568,251,1785.05,403.15,150.34,657.40,0.6098,-1,-1,-1
568,257,585.99,456.06,32.23,84.62,0.4905,-1,-1,-1
568,263,417.57,474.17,44.40,96.90,0.2894,-1,-1,-1
568,265,548.83,440.80,34.65,96.27,0.4368,-1,-1,-1
568,279,718.89,448.36,36.17,99.59,0.5148,-1,-1,-1
569,131,640.66,455.53,34.98,104.39,0.5251,-1,-1,-1
569,159,1010.57,432.52,130.02,267.98,0.7158,-1,-1,-1
569,178,1131.91,431.68,110.53,280.79,0.5296,-1,-1,-1
569,188,942.75,436.11,78.91,231.69,0.6689,-1,-1,-1
569,207,1644.08,400.89,260.88,672.92,0.8118,-1,-1,-1
569,251,1786.77,409.46,145.61,651.96,0.4544,-1,-1,-1
569,257,586.14,455.74,32.57,85.70,0.5302,-1,-1,-1
569,263,418.04,474.48,44.02,96.87,0.2704,-1,-1,-1
569,265,549.02,442.54,34.53,95.37,0.4213,-1,-1,-1
569,279,718.74,448.36,36.50,100.10,0.5254,-1,-1,-1
569,293,1228.16,444.31,41.11,111.41,0.2943,-1,-1,-1
570,131,638.80,455.26,34.47,104.44,0.5122,-1,-1,-1
570,159,1009.35,432.96,132.03,267.54,0.7111,-1,-1,-1
570,178,1138.33,434.30,112.63,279.70,0.6418,-1,-1,-1
570,188,944.03,434.79,80.92,234.54,0.7109,-1,-1,-1
570,207,1654.08,402.86,251.46,669.38,0.7783,-1,-1,-1
570,251,1804.22,414.90,117.27,520.92,0.2610,-1,-1,-1
570,257,586.34,455.78,32.38,85.76,0.5241,-1,-1,-1
570,265,549.38,442.95,34.83,95.83,0.4404,-1,-1,-1
570,279,718.16,446.59,37.55,102.78,0.5572,-1,-1,-1
570,293,1229.99,443.00,40.25,111.91,0.2246,-1,-1,-1
571,131,637.22,456.54,33.68,104.21,0.4926,-1,-1,-1
571,159,1010.23,426.11,133.39,272.47,0.7014,-1,-1,-1
571,178,1151.25,432.19,117.39,281.85,0.5983,-1,-1,-1
571,188,945.64,435.16,82.35,241.88,0.6899,-1,-1,-1
571,207,1666.72,401.51,252.92,671.78,0.8660,-1,-1,-1
571,251,1813.39,412.54,106.76,473.67,0.2266,-1,-1,-1
571,257,586.51,455.82,32.31,86.06,0.5260,-1,-1,-1
571,263,417.65,473.51,44.24,96.84,0.2104,-1,-1,-1
571,265,550.87,448.41,33.56,90.81,0.4300,-1,-1,-1
571,279,718.09,445.55,38.11,102.97,0.6076,-1,-1,-1
571,295,669.69,454.34,31.48,99.71,0.2637,-1,-1,-1
572,131,637.14,456.90,33.10,102.67,0.5211,-1,-1,-1
572,159,1011.73,431.62,130.27,267.02,0.6873,-1,-1,-1
572,178,1149.52,433.51,125.60,281.90,0.7602,-1,-1,-1
572,188,947.53,435.94,81.54,240.44,0.6853,-1,-1,-1
572,207,1669.30,402.25,250.15,670.42,0.8702,-1,-1,-1
572,251,1820.76,421.46,99.43,441.29,0.3001,-1,-1,-1
572,257,586.15,451.86,33.46,89.99,0.4950,-1,-1,-1
572,263,418.03,472.47,44.35,96.84,0.2055,-1,-1,-1
572,265,549.84,441.06,36.55,98.63,0.4581,-1,-1,-1
572,279,717.95,444.51,39.21,104.96,0.6255,-1,-1,-1
572,295,668.94,453.67,31.66,99.99,0.2741,-1,-1,-1
572,296,1111.47,434.40,46.30,142.26,0.3938,-1,-1,-1
573,131,635.74,456.78,32.49,102.55,0.5580,-1,-1,-1
573,159,1014.45,430.39,128.05,265.19,0.6439,-1,-1,-1
573,178,1155.29,437.10,127.91,278.17,0.7012,-1,-1,-1
573,188,947.04,434.42,85.17,243.60,0.6388,-1,-1,-1
573,207,1673.56,402.72,246.51,667.79,0.8860,-1,-1,-1
573,251,1841.94,427.59,67.10,272.75,0.3978,-1,-1,-1
573,257,585.20,453.36,32.95,88.90,0.4890,-1,-1,-1
573,263,417.47,474.27,43.79,95.97,0.2230,-1,-1,-1
573,265,551.35,450.45,33.53,89.63,0.4047,-1,-1,-1
573,279,718.65,445.26,39.36,104.80,0.5686,-1,-1,-1
573,295,669.17,455.01,31.33,98.70,0.2620,-1,-1,-1
573,296,1110.18,430.16,47.61,146.43,0.3499,-1,-1,-1
574,131,635.58,457.17,31.77,101.41,0.5468,-1,-1,-1
574,159,1024.74,433.00,123.69,262.85,0.5430,-1,-1,-1
574,178,1154.42,438.14,132.35,277.53,0.7346,-1,-1,-1
574,188,959.47,434.80,91.54,249.69,0.6141,-1,-1,-1
574,207,1673.06,398.40,247.12,676.40,0.9004,-1,-1,-1
574,251,1846.16,430.30,64.48,251.54,0.3398,-1,-1,-1
574,257,584.98,454.86,32.72,87.97,0.3413,-1,-1,-1
574,263,416.19,472.19,45.83,100.72,0.2505,-1,-1,-1
574,265,551.23,450.65,33.52,88.57,0.3877,-1,-1,-1
574,279,718.39,445.12,39.74,105.20,0.5536,-1,-1,-1
574,295,665.54,455.63,32.25,101.52,0.2576,-1,-1,-1
574,296,1110.65,428.02,48.21,149.32,0.3587,-1,-1,-1
575,131,634.98,456.05,31.83,102.49,0.5661,-1,-1,-1
575,159,1027.87,426.42,123.18,269.95,0.5015,-1,-1,-1
575,178,1156.78,439.25,133.47,276.48,0.7003,-1,-1,-1
575,188,962.20,434.39,94.25,248.61,0.5751,-1,-1,-1
575,207,1673.70,397.66,246.08,677.04,0.9046,-1,-1,-1
575,251,1851.62,431.40,61.57,233.82,0.3095,-1,-1,-1
575,257,584.88,454.25,33.12,88.71,0.4290,-1,-1,-1
575,263,416.09,473.96,45.38,99.22,0.2416,-1,-1,-1
575,265,551.14,450.10,33.70,88.60,0.3543,-1,-1,-1
575,279,718.27,445.52,39.65,104.44,0.5796,-1,-1,-1
575,295,664.50,455.59,32.55,102.54,0.2641,-1,-1,-1
575,296,1110.82,425.52,48.54,151.64,0.2360,-1,-1,-1
576,131,634.83,456.00,32.10,102.10,0.5207,-1,-1,-1
576,159,1032.47,426.52,117.11,269.56,0.6160,-1,-1,-1
576,178,1158.33,437.66,134.78,277.92,0.7313,-1,-1,-1
576,188,962.76,434.01,98.49,248.15,0.6239,-1,-1,-1
576,207,1673.18,397.22,246.18,677.20,0.8990,-1,-1,-1
576,251,1858.60,431.69,58.05,215.86,0.4447,-1,-1,-1
576,257,585.46,454.18,33.10,88.74,0.4261,-1,-1,-1
576,263,416.46,473.79,45.27,98.97,0.2852,-1,-1,-1
576,265,550.47,449.31,33.67,88.69,0.2933,-1,-1,-1
576,279,719.27,446.25,39.46,104.49,0.6061,-1,-1,-1
576,295,665.15,457.62,31.76,100.02,0.2167,-1,-1,-1
577,131,633.45,452.83,33.42,106.29,0.5256,-1,-1,-1
577,159,1039.07,423.61,111.10,271.28,0.6266,-1,-1,-1
577,178,1156.94,436.20,136.14,279.31,0.7444,-1,-1,-1
577,188,962.09,434.00,101.58,246.58,0.6654,-1,-1,-1
577,207,1672.91,399.17,246.26,676.05,0.9090,-1,-1,-1
577,251,1860.70,429.61,55.93,205.09,0.2280,-1,-1,-1
577,257,585.10,452.85,33.76,90.62,0.3979,-1,-1,-1
577,263,416.59,476.05,44.46,96.66,0.2411,-1,-1,-1
577,265,550.45,446.68,34.97,91.79,0.2892,-1,-1,-1
577,279,719.59,447.28,39.13,104.03,0.5852,-1,-1,-1
577,295,666.89,454.51,32.44,102.44,0.2183,-1,-1,-1
578,131,632.75,448.82,34.08,109.59,0.6221,-1,-1,-1
578,159,1043.65,427.57,104.12,265.51,0.6184,-1,-1,-1
578,178,1156.65,433.38,135.21,281.22,0.7290,-1,-1,-1
578,188,959.19,440.56,97.02,233.16,0.7225,-1,-1,-1
578,207,1671.62,399.62,247.35,676.24,0.9062,-1,-1,-1
578,257,584.39,451.47,34.44,92.43,0.3750,-1,-1,-1
578,263,415.34,474.13,45.57,99.14,0.2296,-1,-1,-1
578,265,551.15,449.92,34.14,88.36,0.3216,-1,-1,-1
578,279,719.69,445.54,39.02,104.04,0.6297,-1,-1,-1
578,295,668.43,452.44,32.73,103.96,0.2413,-1,-1,-1
579,131,632.00,447.96,34.09,110.61,0.5782,-1,-1,-1
579,159,1049.66,433.71,98.02,261.28,0.6589,-1,-1,-1
579,178,1157.84,435.04,133.28,278.73,0.6914,-1,-1,-1
579,188,959.09,439.71,98.41,233.19,0.7530,-1,-1,-1
579,207,1671.56,401.14,247.57,675.47,0.8991,-1,-1,-1
579,257,582.79,448.79,34.33,93.21,0.3513,-1,-1,-1
579,263,415.46,473.39,45.48,99.09,0.2385,-1,-1,-1
579,265,549.69,444.23,36.43,93.87,0.3126,-1,-1,-1
579,279,720.28,447.08,38.91,104.10,0.5932,-1,-1,-1
579,295,668.68,451.26,32.84,104.91,0.2508,-1,-1,-1
579,300,1679.85,424.81,92.41,165.23,0.2278,-1,-1,-1
580,131,631.95,449.81,34.21,108.74,0.5583,-1,-1,-1
580,159,1050.42,438.86,94.65,255.91,0.6679,-1,-1,-1
580,178,1158.17,442.46,131.86,273.26,0.7501,-1,-1,-1
580,188,959.04,436.39,100.77,238.14,0.7574,-1,-1,-1
580,207,1671.67,402.75,247.38,674.22,0.9084,-1,-1,-1
580,257,583.33,448.68,33.69,92.57,0.3529,-1,-1,-1
580,263,415.15,471.03,46.52,101.39,0.2302,-1,-1,-1
580,265,549.87,441.22,37.69,96.80,0.3505,-1,-1,-1
580,279,720.44,447.05,38.98,104.85,0.5719,-1,-1,-1
580,295,669.97,451.93,32.24,103.09,0.2382,-1,-1,-1
581,131,632.34,453.98,33.60,104.23,0.5508,-1,-1,-1
581,159,1054.97,439.35,94.86,255.85,0.6864,-1,-1,-1
581,178,1159.61,440.55,133.72,276.36,0.6988,-1,-1,-1
581,188,959.16,434.71,101.49,238.22,0.7612,-1,-1,-1
581,207,1671.73,402.68,247.44,674.59,0.9082,-1,-1,-1
581,257,584.00,447.30,34.76,95.86,0.3913,-1,-1,-1
581,263,414.43,470.55,46.58,101.54,0.2261,-1,-1,-1
581,265,549.20,435.81,40.03,102.56,0.3654,-1,-1,-1
581,279,720.83,447.25,38.64,104.04,0.5028,-1,-1,-1
581,295,667.84,453.78,30.85,98.97,0.2006,-1,-1,-1
581,302,380.69,469.27,44.19,103.79,0.2245,-1,-1,-1
582,131,631.79,453.41,33.71,104.72,0.5112,-1,-1,-1
582,159,1063.29,437.65,94.56,262.46,0.6228,-1,-1,-1
582,178,1179.65,439.14,126.51,275.46,0.6911,-1,-1,-1
582,188,960.00,435.74,104.82,236.79,0.7487,-1,-1,-1
582,207,1671.95,401.87,247.35,676.54,0.9087,-1,-1,-1
582,257,584.08,446.84,34.82,96.35,0.4204,-1,-1,-1
582,263,414.32,469.31,47.13,102.72,0.2897,-1,-1,-1
582,265,548.39,435.45,39.96,102.48,0.3791,-1,-1,-1
582,279,721.29,448.02,38.20,103.13,0.4972,-1,-1,-1
582,295,667.37,452.82,31.69,102.60,0.2530,-1,-1,-1
582,302,379.91,469.01,44.53,104.48,0.2070,-1,-1,-1
582,303,918.85,483.16,61.36,105.41,0.2333,-1,-1,-1
583,131,631.48,453.91,33.61,104.23,0.4543,-1,-1,-1
583,159,1072.06,432.83,90.99,265.14,0.6306,-1,-1,-1
583,178,1188.69,439.65,118.85,273.96,0.7224,-1,-1,-1
583,188,964.97,436.17,105.16,235.60,0.7284,-1,-1,-1
583,207,1673.20,398.13,246.45,680.32,0.9097,-1,-1,-1
583,257,584.34,448.39,34.22,94.88,0.4676,-1,-1,-1
583,263,413.84,468.14,47.38,103.57,0.2352,-1,-1,-1
583,265,549.42,439.04,38.48,98.65,0.4179,-1,-1,-1
583,279,721.37,446.29,38.53,103.63,0.5281,-1,-1,-1
583,295,668.10,452.86,32.07,104.27,0.2631,-1,-1,-1
583,302,379.94,468.20,45.14,105.59,0.2117,-1,-1,-1
584,131,631.40,455.31,33.56,103.03,0.4317,-1,-1,-1
584,159,1079.60,435.58,85.84,261.12,0.6622,-1,-1,-1
584,178,1196.50,440.86,111.57,271.07,0.7219,-1,-1,-1
584,188,967.24,437.07,105.60,236.23,0.7421,-1,-1,-1
584,207,1675.18,393.95,244.68,683.18,0.9116,-1,-1,-1
584,257,584.52,447.96,34.27,95.60,0.4721,-1,-1,-1
584,263,413.95,468.75,46.92,102.59,0.2292,-1,-1,-1
584,265,550.00,439.14,38.34,98.77,0.3975,-1,-1,-1
584,279,721.74,447.30,38.54,104.31,0.5301,-1,-1,-1
584,295,666.58,452.73,31.72,103.07,0.2847,-1,-1,-1
584,302,380.01,468.54,44.93,104.70,0.2021,-1,-1,-1
584,303,918.22,479.98,63.30,108.56,0.2464,-1,-1,-1
584,304,1161.19,430.68,75.34,257.98,0.2377,-1,-1,-1
585,131,629.01,451.55,34.97,106.40,0.3952,-1,-1,-1
585,159,1084.05,440.06,82.14,255.62,0.6347,-1,-1,-1
585,178,1201.20,441.16,106.73,265.67,0.7487,-1,-1,-1
585,188,969.46,436.45,104.97,235.70,0.7611,-1,-1,-1
585,207,1676.97,394.30,242.83,682.76,0.8981,-1,-1,-1
585,257,585.24,448.16,33.83,94.80,0.4598,-1,-1,-1
585,263,413.74,468.32,47.52,103.63,0.2115,-1,-1,-1
585,265,550.20,438.83,38.50,99.15,0.4328,-1,-1,-1
585,279,722.73,447.14,38.06,103.25,0.5278,-1,-1,-1
585,295,666.24,453.00,31.69,101.63,0.3036,-1,-1,-1
585,302,379.22,467.42,45.55,106.11,0.2112,-1,-1,-1
585,303,917.88,479.79,63.16,108.26,0.2238,-1,-1,-1
586,131,627.84,452.43,35.07,105.30,0.4276,-1,-1,-1
586,159,1084.51,435.51,80.86,261.94,0.6900,-1,-1,-1
586,178,1210.06,436.83,107.27,274.60,0.7543,-1,-1,-1
586,188,976.42,442.23,101.50,232.37,0.7689,-1,-1,-1
586,207,1680.85,392.88,239.79,682.76,0.8962,-1,-1,-1
586,257,584.69,444.90,35.19,98.69,0.4496,-1,-1,-1
586,265,549.48,440.50,38.02,98.19,0.4359,-1,-1,-1
586,279,723.43,444.67,38.15,103.75,0.5444,-1,-1,-1
586,295,666.22,453.48,31.75,100.72,0.3474,-1,-1,-1
586,302,378.44,463.76,46.93,109.99,0.2663,-1,-1,-1
586,303,917.51,479.94,62.76,107.58,0.2010,-1,-1,-1
587,131,626.55,452.33,35.77,105.55,0.4832,-1,-1,-1
587,159,1086.22,426.88,80.51,270.53,0.7207,-1,-1,-1
587,178,1212.48,433.08,107.15,278.09,0.6133,-1,-1,-1
587,188,981.02,444.63,97.54,225.97,0.7384,-1,-1,-1
587,207,1683.85,388.89,237.56,686.30,0.8696,-1,-1,-1
587,257,584.42,444.48,35.24,98.76,0.4203,-1,-1,-1
587,263,406.88,453.80,54.61,120.08,0.2441,-1,-1,-1
587,265,549.68,441.51,37.73,97.85,0.4675,-1,-1,-1
587,279,723.87,444.10,38.35,105.01,0.5521,-1,-1,-1
587,295,665.52,452.68,32.05,101.26,0.3700,-1,-1,-1
587,302,377.22,459.73,47.56,113.64,0.3110,-1,-1,-1
587,304,1165.06,439.09,74.18,250.34,0.2916,-1,-1,-1
588,131,625.71,453.31,35.37,104.20,0.5081,-1,-1,-1
588,159,1090.36,420.71,81.78,276.17,0.7357,-1,-1,-1
588,178,1211.82,434.66,106.18,278.39,0.7923,-1,-1,-1
588,188,986.64,446.07,94.18,222.55,0.7007,-1,-1,-1
588,207,1691.23,386.92,231.93,688.50,0.8556,-1,-1,-1
588,257,584.19,445.77,35.28,98.47,0.4148,-1,-1,-1
588,263,405.92,453.79,54.53,120.18,0.2641,-1,-1,-1
588,265,551.32,447.11,35.85,92.87,0.4327,-1,-1,-1
588,279,724.75,442.51,37.90,106.87,0.5565,-1,-1,-1
588,295,663.19,451.99,32.76,105.04,0.3581,-1,-1,-1
588,302,376.97,462.78,45.74,110.90,0.2892,-1,-1,-1
588,303,918.24,480.91,62.61,106.75,0.2200,-1,-1,-1
588,304,1173.09,438.01,70.09,238.66,0.4282,-1,-1,-1
588,307,697.11,455.42,31.54,86.14,0.2301,-1,-1,-1
589,131,624.82,451.74,35.84,106.01,0.5817,-1,-1,-1
589,159,1094.71,419.52,84.64,277.28,0.7102,-1,-1,-1
589,178,1215.55,434.82,103.55,275.04,0.7782,-1,-1,-1
589,188,993.69,446.03,91.17,223.03,0.7049,-1,-1,-1
589,207,1698.21,391.90,226.33,681.32,0.7506,-1,-1,-1
589,257,583.97,447.05,35.56,98.54,0.3784,-1,-1,-1
589,265,551.35,447.49,36.12,93.22,0.4279,-1,-1,-1
589,279,724.37,443.43,37.60,106.22,0.5503,-1,-1,-1
589,295,662.69,450.74,33.16,108.03,0.4620,-1,-1,-1
589,302,377.46,464.87,44.65,108.98,0.2319,-1,-1,-1
589,304,1179.62,438.85,67.25,234.13,0.3395,-1,-1,-1
589,307,696.11,455.43,32.42,89.15,0.2508,-1,-1,-1
590,131,623.92,450.65,35.83,106.66,0.5152,-1,-1,-1
590,159,1094.01,429.46,83.48,267.84,0.6569,-1,-1,-1
590,178,1218.72,433.69,103.44,277.51,0.7844,-1,-1,-1
590,188,1003.10,446.98,86.15,221.39,0.7378,-1,-1,-1
590,207,1710.42,419.30,213.89,654.60,0.7422,-1,-1,-1
590,257,584.40,448.38,35.29,97.66,0.3171,-1,-1,-1
590,265,551.71,447.75,36.13,92.73,0.3681,-1,-1,-1
590,279,725.39,442.71,37.16,106.90,0.5678,-1,-1,-1
590,295,663.00,451.76,32.74,107.37,0.4669,-1,-1,-1
590,302,377.85,466.10,45.06,109.21,0.2416,-1,-1,-1
590,304,1181.42,437.86,67.07,238.26,0.3696,-1,-1,-1
590,307,696.50,456.28,31.78,87.73,0.2389,-1,-1,-1
591,131,623.10,449.31,35.78,108.36,0.5367,-1,-1,-1
591,159,1092.30,416.14,88.91,280.42,0.6515,-1,-1,-1
591,178,1223.30,434.73,103.79,276.60,0.7447,-1,-1,-1
591,188,1008.52,443.48,84.72,223.80,0.7133,-1,-1,-1
591,207,1730.87,477.61,193.63,596.99,0.5609,-1,-1,-1
591,257,584.89,449.86,33.75,94.06,0.3405,-1,-1,-1
591,263,407.53,460.49,51.46,113.04,0.2115,-1,-1,-1
591,265,550.95,444.54,37.28,95.63,0.3394,-1,-1,-1
591,279,726.04,442.61,36.32,107.19,0.5753,-1,-1,-1
591,295,663.19,451.84,32.76,107.67,0.5348,-1,-1,-1
591,302,377.64,468.61,44.64,107.25,0.2598,-1,-1,-1
591,304,1186.03,435.49,66.65,240.02,0.3281,-1,-1,-1
591,307,696.83,456.58,31.34,86.93,0.2696,-1,-1,-1
592,131,623.62,448.91,35.81,109.19,0.5156,-1,-1,-1
592,159,1096.54,416.37,93.75,280.16,0.6756,-1,-1,-1
592,178,1229.24,438.04,104.94,273.42,0.7289,-1,-1,-1
592,188,1010.06,443.27,82.25,222.40,0.7367,-1,-1,-1
592,207,1749.49,499.26,179.33,573.13,0.6787,-1,-1,-1
592,257,585.03,450.39,33.19,93.04,0.3124,-1,-1,-1
592,265,550.51,444.08,37.46,95.50,0.3230,-1,-1,-1
592,279,726.58,443.44,35.32,106.87,0.5668,-1,-1,-1
592,295,662.72,452.16,32.93,107.65,0.5616,-1,-1,-1
592,302,376.39,468.30,45.47,107.96,0.2322,-1,-1,-1
592,303,917.06,482.18,61.29,104.40,0.2229,-1,-1,-1
592,304,1188.38,434.28,65.39,238.00,0.2717,-1,-1,-1
592,307,697.73,456.65,31.24,87.02,0.2150,-1,-1,-1
593,131,623.48,449.41,35.75,108.44,0.4957,-1,-1,-1
593,159,1093.48,412.57,96.38,283.80,0.6912,-1,-1,-1
593,178,1233.55,440.36,107.22,273.37,0.7524,-1,-1,-1
593,188,1011.98,438.11,83.62,228.27,0.6586,-1,-1,-1
593,207,1762.30,502.55,174.79,570.68,0.3909,-1,-1,-1
593,257,584.19,451.05,32.44,90.84,0.3167,-1,-1,-1
593,263,410.15,464.44,49.97,109.00,0.2016,-1,-1,-1
593,265,550.24,446.67,36.15,92.76,0.3099,-1,-1,-1
593,279,727.18,443.61,35.07,107.43,0.5411,-1,-1,-1
593,295,661.92,451.86,33.24,107.81,0.5483,-1,-1,-1
593,302,376.87,466.66,46.50,109.29,0.2453,-1,-1,-1
593,303,916.13,484.86,59.37,101.71,0.2300,-1,-1,-1
593,304,1195.37,438.92,66.31,238.56,0.2465,-1,-1,-1
593,307,698.03,456.86,31.01,86.63,0.2331,-1,-1,-1
594,131,623.32,448.79,35.66,107.69,0.5039,-1,-1,-1
594,159,1092.86,412.81,98.28,285.74,0.7000,-1,-1,-1
594,178,1236.60,442.99,108.99,269.65,0.7830,-1,-1,-1
594,188,1018.19,435.42,82.74,230.41,0.6276,-1,-1,-1
594,207,1783.23,522.57,164.53,555.85,0.3168,-1,-1,-1
594,257,584.06,451.47,32.30,90.35,0.3227,-1,-1,-1
594,265,550.06,448.31,35.73,91.01,0.3513,-1,-1,-1
594,279,727.20,445.04,35.22,106.48,0.5131,-1,-1,-1
594,295,660.95,451.50,33.95,108.86,0.5311,-1,-1,-1
594,302,377.63,467.66,46.56,108.15,0.2895,-1,-1,-1
594,304,1195.79,438.50,68.30,240.07,0.3636,-1,-1,-1
594,307,698.09,457.35,30.69,85.71,0.2325,-1,-1,-1
595,131,623.37,449.46,35.69,106.39,0.5529,-1,-1,-1
595,159,1095.44,414.83,97.94,281.63,0.7179,-1,-1,-1
595,178,1240.27,437.74,111.30,274.66,0.8186,-1,-1,-1
595,188,1020.34,436.12,80.69,228.92,0.6711,-1,-1,-1
595,257,582.37,451.01,32.72,90.49,0.2790,-1,-1,-1
595,265,550.55,452.00,34.21,87.60,0.2716,-1,-1,-1
595,279,727.95,444.02,34.66,106.60,0.5406,-1,-1,-1
595,295,661.16,452.54,33.93,108.15,0.4744,-1,-1,-1
595,302,377.60,467.22,47.20,108.66,0.2643,-1,-1,-1
595,304,1192.16,441.45,69.02,238.01,0.4689,-1,-1,-1
595,307,698.28,457.64,30.17,84.37,0.2281,-1,-1,-1
596,131,624.17,450.53,35.39,104.21,0.5696,-1,-1,-1
596,159,1096.76,421.86,97.31,276.46,0.7370,-1,-1,-1
596,178,1242.49,436.49,112.47,276.46,0.8099,-1,-1,-1
596,188,1023.44,441.96,78.31,223.07,0.7104,-1,-1,-1
596,257,582.26,450.21,33.16,91.43,0.3121,-1,-1,-1
596,265,550.54,451.43,34.31,88.67,0.2988,-1,-1,-1
596,279,727.43,445.51,34.82,105.12,0.5618,-1,-1,-1
596,295,661.59,454.15,33.69,106.51,0.4557,-1,-1,-1
596,302,378.27,468.41,46.88,107.27,0.2869,-1,-1,-1
596,303,916.10,485.52,58.81,101.01,0.2510,-1,-1,-1
596,304,1193.17,442.39,70.64,238.34,0.5263,-1,-1,-1
596,307,698.59,457.70,30.07,84.03,0.2284,-1,-1,-1
597,131,624.17,452.27,34.85,102.72,0.5131,-1,-1,-1
597,159,1097.66,423.87,96.68,274.22,0.7587,-1,-1,-1
597,178,1243.94,437.71,112.57,275.89,0.8036,-1,-1,-1
597,188,1024.89,442.60,78.07,223.69,0.7388,-1,-1,-1
597,257,582.57,451.69,32.56,89.87,0.2987,-1,-1,-1
597,265,550.89,452.42,34.26,87.82,0.3090,-1,-1,-1
597,279,726.87,445.11,36.11,106.75,0.6071,-1,-1,-1
597,295,661.59,454.04,34.48,106.67,0.4247,-1,-1,-1
597,302,377.51,468.86,46.98,106.87,0.3291,-1,-1,-1
597,303,916.24,484.52,59.23,102.03,0.2460,-1,-1,-1
597,304,1195.19,458.53,68.66,223.70,0.5307,-1,-1,-1
598,131,624.29,453.61,34.14,101.37,0.4819,-1,-1,-1
598,159,1100.07,429.80,95.31,267.66,0.7210,-1,-1,-1
598,178,1247.36,437.73,111.43,275.50,0.8137,-1,-1,-1
598,188,1025.88,441.69,79.39,224.91,0.7390,-1,-1,-1
598,257,583.74,451.71,32.32,89.25,0.3397,-1,-1,-1
598,263,412.94,469.84,47.78,104.07,0.2023,-1,-1,-1
598,265,550.31,450.24,34.89,89.65,0.3669,-1,-1,-1
598,279,726.64,445.50,36.98,107.72,0.5877,-1,-1,-1
598,295,660.24,456.06,34.24,104.62,0.4312,-1,-1,-1
598,302,378.13,468.19,47.31,107.44,0.3425,-1,-1,-1
598,303,916.02,482.67,59.91,103.89,0.2299,-1,-1,-1
598,304,1195.42,451.40,71.84,231.26,0.5214,-1,-1,-1
598,307,697.59,458.54,29.55,82.37,0.2136,-1,-1,-1
599,131,624.61,454.57,33.83,100.68,0.4795,-1,-1,-1
599,159,1103.00,431.84,94.63,263.72,0.6999,-1,-1,-1
599,178,1250.88,437.08,109.66,275.90,0.7813,-1,-1,-1
599,188,1029.41,442.39,82.29,225.04,0.7388,-1,-1,-1
599,257,584.03,452.75,32.99,90.54,0.3290,-1,-1,-1
599,265,550.50,449.20,34.95,90.76,0.3362,-1,-1,-1
599,279,726.99,446.06,36.62,106.22,0.5701,-1,-1,-1
599,295,659.72,454.94,35.47,105.89,0.4076,-1,-1,-1
599,302,378.13,467.37,47.96,109.09,0.3767,-1,-1,-1
599,304,1192.13,440.70,76.05,241.88,0.5721,-1,-1,-1
599,307,697.55,458.31,30.09,83.42,0.2178,-1,-1,-1
600,131,624.70,455.14,33.76,100.95,0.5053,-1,-1,-1
600,159,1107.52,431.05,93.81,262.96,0.7021,-1,-1,-1
600,178,1254.80,437.19,106.98,275.80,0.8175,-1,-1,-1
600,188,1030.08,441.65,84.56,223.80,0.7547,-1,-1,-1
600,257,584.07,456.55,31.23,85.02,0.3146,-1,-1,-1
600,263,414.31,475.20,45.44,98.25,0.2096,-1,-1,-1
600,265,551.68,452.01,34.46,88.24,0.3194,-1,-1,-1
600,279,726.33,444.24,37.27,108.55,0.5857,-1,-1,-1
600,295,658.96,455.62,35.79,105.20,0.3591,-1,-1,-1
600,302,377.77,465.12,48.59,111.70,0.3493,-1,-1,-1
600,303,917.37,485.69,57.89,100.16,0.2139,-1,-1,-1
600,304,1198.84,448.11,70.70,225.34,0.6017,-1,-1,-1
600,307,697.60,458.58,30.25,83.05,0.2113,-1,-1,-1
